Dive Shop,Address,Website,City,State,Country,Region,Phone Number,Email,Dive Courses,Rental Gear,Gases,Type,Dive Sites,Helper,Notes,
Aaron's Dive Shop,"307 Hahani St, Kailua 96734",https://aaronsdiveshop.com/,Kailua,Hawaii,United States,North America, +1 808-262-2333 , info@aaronsdiveshop.com ,"Scuba Diver, Discover Scuba Diving, Open Water Diver, Advanced Open Water Diver, Rescue Diver, Junior Open Water Diver, Deep Diver, Enriched Air Nitrox, Wreck Diver, Night Diver, Underwater Navigator, Marine Ecology, Divemaster, Divemaster / Assistant Instructor, Open Water Scuba Instructor, Master Scuba Diver Trainer, Course Director","BCD, Regulator, Snorkel","Hydrox, Nitrox",Dive Shop,"Sea Tiger, Navy Tug, YO - 257 & San Pedro, Oahu - Nautilus, EWA Pinnacles, Kewalo Pipe, Horseshoe Reef",,,
Abbeville Plongée Scub'Abb,"4 Clemenceau, 80100 Abbeville",https://www.scubabb.fr/,Abbeville,Hauts-de-France,France,Europe, +33 6 10 67 28 30 , abbevilleplongee@gmail.com ,Discover Scuba Diving,None listed,,Dive Shop,,,,
Absolute Scuba Bali,"Jl. Pantai Silayukti Padangabai, Bali 80872, Indonesia",https://absolutescubabali.com/,Padangbai,Bali,Indonesia,Southeast Asia,+62 363 42088, info@absolutescubabali.com ,"Scuba Diver, Open Water Diver, Enriched Air Nitrox, Advanced Open Water Diver, Rescue Diver, Divemaster, Try Scuba / Intro Scuba, Advanced Adventurer","BCD, Regulator, Fins, Mask, Boots, Snorkel, Wetsuit",Nitrox,Dive Resort,"USAT Liberty, Padang Bai, Amed, Mimpang, Tepekong, Gili Biaja, Manta Point, Crystal Bay, Nusa Penida, Kubu",,,
Abyss Plongée,"21 Imp. du Globe, 34300 le Cap d Agde, France",https://www.abyssplongee.com,Cap d'Agde,Hérault,France,Europe, +33 (0)4 67 01 50 54 , abyssplongee34@gmail.com ,"Open Water Diver, Open Water Scuba Diver, Scuba Diver, Discover Scuba Diving, Try Scuba / Intro Scuba, Introductory Scuba, Advanced Open Water Diver, Advanced Adventurer, Rescue Diver, Stress & Rescue Diver, Deep Diver, Enriched Air Nitrox, Wreck Diver, Night Diver, Underwater Navigator, Dry Suit Diver, Divemaster, Divemaster / Assistant Instructor, Open Water Scuba Instructor","Wetsuit, BCD, Regulator",Nitrox,Dive Shop,"Les 3 Pics, La Muraillette, Le Vivier, Le Casier Maya, Le Cable, Cap d'Agde",,,
Acquatica Scuba ASD,"Via Musone, 5/5, 65129 Pescara PE, Italy",https://www.acquaticascuba.it,Pescara,PE,Italy,Europe, +39 328 441 0287 , info@acquaticascuba.it ,"Open Water Diver, Scuba Diver, Discover Scuba Diving, Try Scuba / Intro Scuba, Introductory Scuba, Advanced Open Water Diver, Advanced Adventurer, Rescue Diver, Deep Diver, Enriched Air Nitrox, Wreck Diver, Night Diver, Underwater Navigator, Dry Suit Diver, Divemaster",Drysuit,Nitrox,Dive Shop,"Job's Shelter, Acquabella Point, Fossacesia Vaporetto, 1000 Steps",,,
Action Adventure Divers,"Hummingbird Beach Resort, Anse Chastanet Road, Soufriere, LC",http://www.aadivers.net,Soufriere,Soufrière,Saint Lucia,Caribbean, +1 758-485-1317 , info@aadivers.net ,"Open Water Diver, Open Water Scuba Diver, Discover Scuba Diving, Try Scuba / Intro Scuba, Advanced Open Water Diver, Advanced Adventurer, Rescue Diver, Deep Diver, Night Diver, Underwater Navigator, Divemaster",,Nitrox,"Dive Resort, Dive Shop","Superman’s Flight, Keyhole Pinnacles, Turtle, The Pitons Wall, Malgretoute, Tou Diable, Grand Caille, Fairyland",,,
Actisub Plongee,"Quai de l Aliso, 20217 Saint-Florent, France",https://www.actisub.com,Saint-Florent,Corsica,France,Europe, +33 6 12 10 29 71 , actisub@yahoo.fr ,"Discover Scuba Diving, Try Scuba / Intro Scuba, Advanced Open Water Diver, Advanced Adventurer, Rescue Diver","Wetsuit, Regulator, Drysuit, Dive Computer, Mask, Fins, BCD, Snorkel",,Dive Shop,Gulf of Saint Florent,,,
Adang Sea Divers,"Ko Tarutao, Koh Lipe, Satun 91110, Thailand",https://www.adangseadivers.com/,Koh Lipe,Satun,Thailand,Southeast Asia, +66 (0) 900 700 233 , adangseadivers@gmail.com ,"Try Scuba / Intro Scuba, Open Water Diver, Scuba Diver, Wreck Diver, Advanced Adventurer, Stress & Rescue Diver, Deep Diver, Enriched Air Nitrox, Divemaster, Discover Scuba Diving, Introductory Scuba","Wetsuit, Regulator, Fins, Mask, BCD, Snorkel, Dive Computer",Nitrox,Dive Resort,"Tarutao National Marine Park, 8 Mile Rock, Stonehenge, Talang Bay, Honeycomb Reef",,,
Adora,"Maldives Boat Club Pvt Ltd, Lot 10105, Ground Floor, Dhigga Magu, Malé 20292, Maldives",https://www.Maldivesboatclub.com/adora/,Malé,Kaafu Atoll,Maldives,South Asia, +960 755-4811 , nfo@Maldivesboatclub.com ,,,Nitrox,Liveaboard,"North Male, South Male, Vaavu, Meemu, South Ari, Shaviyani, Noonu, Baa, Raa, Lhaviyani, Addu, Fuvahmulah, Gaafu Dhaalu, Gaafu Alif, Laamu, Thaa, North Ari",,,
Adventure Divers Bali,"JI, Amed, Jl. I Ketut Natih, Purwakerti, Kabupaten Karangasem, Bali 80852, Indonesia",http://www.adventurediversbali.com/,Amed,Bali,Indonesia,Southeast Asia, +62 (0)81 353 136 113 , adventurediversbali@gmail.com ,"Open Water Diver, Open Water Scuba Diver, Discover Scuba Diving, Try Scuba / Intro Scuba, Advanced Open Water Diver, Advanced Adventurer, Rescue Diver, Divemaster, Wreck Diver, Deep Diver","Wetsuit, Regulator, Fins, Mask, BCD, Boots, Snorkel",Nitrox,Dive Shop,"Amed, USAT Liberty Wreck, Tulamben Drop - Off, Nusa Penida, Lembongan",,,
Adventure Scuba,"1737 York Ave, New York, NY 10128",https://adventurescubany.com/,New York City,New York,United States,North America, 212-876-3483 , info@adventurescubany.com ,"Open Water Diver, Enriched Air Nitrox, Advanced Adventurer, Rescue Diver, Discover Scuba Diving, Dry Suit Diver, Advanced Open Water Diver, Divemaster","Wetsuit, Regulator, Gloves, BCD, Drysuit, Hood, Fins, Mask, Snorkel, Boots",Nitrox,Liveaboard,Lake Hydra,,,
Diventures,"5225 S Campbell Ave Springfield, MO 65810",https://www.scubava.com/,Springfield,Missouri,United States,North America, 417 883 5151 , springfield@diventures.com ,"Open Water Diver, Advanced Adventurer, Advanced Open Water Diver, Wreck Diver, Deep Diver, Enriched Air Nitrox, Night Diver, Underwater Navigator, Dry Suit Diver, Marine Ecology, Divemaster, Divemaster / Assistant Instructor, Open Water Scuba Instructor, Try Scuba / Intro Scuba","BCD, Drysuit, Mask, Regulator",Nitrox,Dive Shop,,,,
Air Down There Scuba,"9 Little Canada Road East St. Paul, Minnesota 55117",https://www.airdownthere.com/,St Paul,Minnesota,United States,North America, +1 651-482-0977 , info@airdownthere.com ,"Open Water Diver, Discover Scuba Diving, Advanced Open Water Diver, Rescue Diver, Deep Diver, Enriched Air Nitrox, Wreck Diver, Night Diver, Underwater Navigator, Dry Suit Diver, Divemaster","Wetsuit, Regulator, BCD, Hood, Mask, Drysuit",Nitrox,Dive Shop,"Lake Superior, Lake Ore-Be-Gone, Lake Mine, Curana Iron Mining Area, Square Lake, Perch Lake, Lake Phalen",,,
AkuMal Dive Center,"Carretera Cancun - Chetumal km 104, Akumal, Tulum",https://www.akuMaldivecenter.com/,AkuMal,Quintana Roo,Mexico,North America, +52 984 151 8775 , dive@akuMaldivecenter.com ,"Open Water Diver, Scuba Diver, Open Water Scuba Diver, Discover Scuba Diving, Try Scuba / Intro Scuba, Introductory Scuba, Advanced Open Water Diver, Advanced Adventurer, Rescue Diver, Open Water 20, Deep Diver, Enriched Air Nitrox, Night Diver, Wreck Diver, Underwater Navigator, Divemaster, Advanced Nitrox, Trimix Diver","Snorkel, Regulator, BCD, Fins, Wetsuit, Mask",Nitrox,Dive Resort,"Puerto Morelos, Cenotes",,,
AkuMal Dive Shop,"AkuMal, Riviera Maya, Quintana Roo, Mexico",https://akuMaldiveshop.com/,AkuMal,Quintana Roo,Mexico,North America, (52) 984 875 9031 , sales@akuMaldiveshop.com ,"Open Water Diver, Scuba Diver, Open Water Scuba Diver, Discover Scuba Diving, Try Scuba / Intro Scuba, Introductory Scuba, Advanced Open Water Diver, Advanced Adventurer, Rescue Diver, Deep Diver, Enriched Air Nitrox, Night Diver, Underwater Navigator, Divemaster, Divemaster / Assistant Instructor","Wetsuit, Regulator, Fins, Mask, BCD, Snorkel",Nitrox,Dive Resort,"Xa-Ak, Gonzalo's Reef, Trigger Fish, Tzimin-Ha, Yal-Ku, Motorcycle Reef, Dick's Reef, Las Redes, Cenotes",,,
Alami Alor,"Desa Wolwal, Wolwal, Kec. Alor Barat Daya, Kabupaten Alor, Nusa Tenggara Tim., Indonesia",https://www.alamialor.com/,Desa Wolwal,East Nusa Tenggara,Indonesia,Southeast Asia, +62 823-4021-8379 , info@alamialor.com ,,"Wetsuit, Regulator, Fins, Mask, BCD, Dive Computer, Snorkel, Boots",Nitrox,Dive Resort,"Alami Alor House Reef, Wolang Caves, Wishing Well, Secret Bay, School’s Out, Pussy Galore, Pool Party, Pleasant Surprise, Pertamina Pier, Mucky Mosque, Mini Wall, Max’s Point (Big Blue), Matap, Maria’s Coral Garden, Lothar’s Place, Ghost Town, The Edge, Current Alley, Clown Valley (Apuri), Xisha Island - Yongle, Board Room, Blue House (Rumah Biru), Black Rhino, Barry’s Bay, Bakalang Pier, The Arch, Apuri Bay, Anemone Fields",,,
Aldora Divers,"Calle 5 Sur #37, Centro, 77600 Cozumel, Quintana Roo, Mexico",https://aldora.com/,Cozumel,Quintana Roo,Mexico,North America, +52 987 872 3397 , frontdesk@aldora.com ,"Open Water Diver, Advanced Open Water Diver, Rescue Diver, Deep Diver, Wreck Diver, Night Diver, Underwater Navigator, Divemaster, Open Water Scuba Instructor, Master Scuba Diver Trainer, Discover Scuba Diving, Junior Open Water Diver","Wetsuit, Regulator, Fins, Mask, BCD, Snorkel, Dive Computer",Nitrox,Dive Shop,,,,
Aldora Villas Dive Center,"Av. Rafael E. Melgar, Zona Hotelera Nte., 77600 Cozumel, Quintana Roo, Mexico",https://www.aldoravilla.com/,Cozumel,Quintana Roo,Mexico,North America,+529871015220, frontdesk@aldora.com ,"Open Water Diver, Discover Scuba Diving","Snorkel, Mask, Fins",,Dive Resort,,,,
Alihuras Rasdhoo Dive & Excursions Center,"96 Main Road, Strand, 7140",https://alihurasrasdhoodive.com/,Rasdhoo,Alif Alif Atoll,Maldives,South Asia, +960 970-9006 , alihuras.rasdhoo@gmail.com ,"Open Water Diver, Advanced Open Water Diver, Rescue Diver, Night Diver, Divemaster, Discover Scuba Diving, Junior Open Water Diver","Wetsuit, Regulator, Mask, BCD, Snorkel",,Liveaboard,"Madivaru Corner, Queen Explorer Wreck, Reef Explorer Wreck, Veligandu East, Veligandu North, Madi Gaa, North Channel, Miyaru Faru, Caves, Bodu Gaa, Three Palm, Holhi Faru, Rasdhoo Channel, Rasdhoo Beyru, Madivaru Channel, Hammerhead Shark Point",,,
Aliwal Dive Centre & Lodge,"No. 2 Moodie Street, Umkomaas, KwaZulu-Natal, South Africa",https://aliwalshoal.co.za/,Umkomaas,KwaZulu-Natal,South Africa,Southern Africa, +27 71 522 4244 , dive@aliwalshoal.co.za ,"Open Water Diver, Advanced Open Water Diver, Rescue Diver, Deep Diver, Wreck Diver, Night Diver, Underwater Navigator, Dry Suit Diver, Divemaster, Open Water 20, Open Water Scuba Instructor, Master Scuba Diver Trainer, Course Director, Discover Scuba Diving, Junior Open Water Diver","Wetsuit, Regulator, Fins, Mask, BCD, Snorkel, Dive Computer",Nitrox,Dive Resort,"Cathedral, Raggies Cave, Castle, Inside Edge, Outside Edge, Eelskins, North Eastern Pinnacles, North Sands & South Sands, Channel Cave, Shark Dive",,,
Aloha Ocean Adventures / Aloha Diving,"87/18 Moo 2, T. Rawai, A. Muang, Phuket 83130, Thailand",https://alohadiving.com/,Phuket,Phuket,Thailand,Southeast Asia, +66 97 924 3483 , info@alohadiving.com ,"Try Scuba / Intro Scuba, Open Water Diver, Advanced Open Water Diver, Rescue Diver, Junior Open Water Diver, Deep Diver, Enriched Air Nitrox, Wreck Diver, Night Diver, Underwater Navigator, Dry Suit Diver","Wetsuit, Regulator, Fins, Mask, BCD, Snorkel, Dive Computer",Nitrox,Liveaboard,"Shark Point, Anemone, King Cruiser Wreck, Buddha Islan, Anemone Reef, Racha Noi Island, Racha Yai Island, Mai Thon Island, Doc Mai Island, Green Island",,,
Alpha Dive Centre,"96 Main Road, Strand, 7140, South Africa",https://www.alphadivecentre.co.za/,Strand,Western Cape,South Africa,Southern Africa, +27 21 854 3151 , scuba@alphadivecentre.co.za ,"Open Water Diver, Advanced Open Water Diver, Rescue Diver, Deep Diver, Wreck Diver, Night Diver, Underwater Navigator, Dry Suit Diver, Divemaster, Discover Scuba Diving, Junior Open Water Diver",,,Dive Shop,"Gordon's Bay, Rooiels, Simonstown, Rooi Els",,,
Alton's Dive Center,"Alton's Dive Center, Bay Islands, Utila, Honduras C.A, 34201",https://diveinutila.com/,Utila,Bay Islands,Honduras,Central America, +504 8880-4466 , info@diveinutila.com ,"Open Water Diver, Advanced Open Water Diver, Rescue Diver, Deep Diver, Enriched Air Nitrox, Wreck Diver, Night Diver, Divemaster, Discover Scuba Diving, Junior Open Water Diver","Wetsuit, Regulator, Fins, Mask, BCD, Snorkel",Nitrox,Dive Resort,"Duppy Waters, CJ's Drop Off, Spotted Bay, Raggedy Cay, Blackish Point",,,
Amigos Del Mar,"Beachfront Dock, San Pedro, Ambergris Caye, Belize",https://www.amigosdivebelize.com/,San Pedro,Ambergris Caye,Belize,Central America, +501-627-0667 , reservations@amigosdivebelize.com ,"Open Water Diver, Open Water Scuba Diver, Advanced Adventurer, Rescue Diver, Stress & Rescue Diver, Enriched Air Nitrox, Night Diver, Discover Scuba Diving, Junior Open Water Diver","Wetsuit, Regulator, Fins, Mask, BCD, Snorkel, Dive Computer",Nitrox,Dive Resort,"Great Blue Hole, Turneffe Atoll, Lighthouse Reef Atoll, Barrier Reef, Hol Chan Night Dive",,,
Amigos Dive Center,"5472 SW Elim Church Rd, Fort White, FL 32038, United States",https://www.amigosdivecenter.com/,Fort White,Florida,United States,North America, +1 386-261-2030 , wayne@amigosdivecenter.com. ,"Advanced Nitrox, Deco Procedures, Trimix Diver, Tech 1, Cave 1","Regulator, BCD, Dive Computer","Nitrox, Trimix",Dive Shop,,,,
ANS Diving Ischia,"Via Girolamo Rocca 13, 80077 Ischia, Italy",https://ansdivingischia.it/,Ischia,Naples,Italy,Europe,+39 081 0484074, ansdivingischia@gmail.com ,"Open Water Diver, Open Water Scuba Diver, One Star Diver (★), Open Water 20, Advanced Adventurer, Two Star Diver (★★), Advanced 35, Stress & Rescue Diver, Three Star Diver (★★★), Enriched Air Nitrox, Divemaster, Advanced Nitrox, Deco Procedures, Trimix Diver, Junior Open Water Diver, Try Scuba / Intro Scuba, Introductory Scuba","Wetsuit, Regulator, Fins, Mask, BCD, Snorkel","Nitrox, Trimix",Dive Shop,"Formiche Reef, Pizzaco, Procida, Reign of Neptune",,,
Anthony's Key Resort Dive Center,"Sandy Bay, Roatán, Bay Islands, Honduras",https://anthonyskey.com/dive-shop/,Sandy Bay,Bay Islands,Honduras,Central America, +504 2407-2244 , info@anthonyskey.com ,"Open Water Diver, Scuba Diver, Advanced Open Water Diver, Rescue Diver, Deep Diver, Enriched Air Nitrox, Wreck Diver, Night Diver, Underwater Navigator, Divemaster, Open Water Scuba Instructor, Master Scuba Diver Trainer, Course Director, Discover Scuba Diving, Junior Open Water Diver","Wetsuit, Regulator, Fins, Mask, BCD, Snorkel",Nitrox,Dive Resort,"Front Porch Reef Shore Dive, El Aquila Wreck Dive, The Odyssey Wreck Dive, Shark",,,
Any Water Sports,"1344 Saratoga Avenue, San Jose, CA 95129",https://www.anywater.com/,San Jose,California,United States,North America, +1 408-244-4433 , awsdive@anywater.com ,"Open Water Diver, Advanced Open Water Diver, Rescue Diver, Deep Diver, Wreck Diver, Enriched Air Nitrox, Night Diver, Underwater Navigator, Dry Suit Diver, Divemaster, Divemaster / Assistant Instructor, Open Water Scuba Instructor, Master Scuba Diver Trainer, Course Director, Discover Scuba Diving, Junior Open Water Diver","Regulator, Wetsuit, BCD, Hood, Drysuit, Dive Computer",Nitrox,Dive Resort,Monastery Beach,,,
Aqua Excursions,"Aqua Excursions S. de R.L. de C.V Plaza Playacar, Fraccionamiento Playacar Office 5 and 6 Playa del Carmen, Riviera Maya Mexico",https://aquaexcursions.com.mx/,Playa del Carmen,Quintana Roo,Mexico,North America,+52 984 802 8325, info@aquaexcursions.com.mx ,"Discover Scuba Diving, Scuba Diver, Open Water Diver, Advanced Open Water Diver, Rescue Diver, Enriched Air Nitrox, Divemaster, Open Water Scuba Instructor","Snorkel, Fins, Mask, BCD",Nitrox,Dive Resort,"Cenotes, Riviera Maya, Cozumel",,,
Aqua Safari Cozumel,"Avenida. Rafael E. Meglar Km 1.5, Zona Hotelera, 77600 Cozumel Quintana Roo, Mexico.",https://www.aquasafari.com/,Cozumel,Quintana Roo,Mexico,North America, +52 (987) 872 9439 , booking@aquasafari.com ,"Open Water Diver, Scuba Diver, Advanced Open Water Diver, Rescue Diver, Deep Diver, Enriched Air Nitrox, Wreck Diver, Night Diver, Underwater Navigator, Divemaster, Divemaster / Assistant Instructor, Open Water Scuba Instructor, Master Scuba Diver Trainer, Course Director, Discover Scuba Diving, Junior Open Water Diver, Try Scuba / Intro Scuba","Wetsuit, Regulator, Fins, Mask, BCD, Snorkel, Dive Computer",Nitrox,Dive Shop,Cozumel,,,
Aqua Sports Center Mazatlán,"Cap. Joel Montes Camarena 6, Cerro del Vigía, 82000 Mazatlán, Sin., Mexico",https://www.aquasports.mx/,Mazatlán,Sinaloa,Mexico,North America, +52 (669) 1010462 , aquasportscenter@gmail.com ,Discover Scuba Diving,"Wetsuit, Regulator, Fins, Mask, BCD, Snorkel",,Dive Shop,"Lobos, Venados, Pajaros Islands",,,
Aqua Sports of Central California,"1616 E Shields Ave, Fresno, CA 93704",https://aquasports.com/,Fresno,California,United States,North America, +1 559-224-0744 , diveinfo@aquasports.com ,"Open Water Diver, Scuba Diver, Advanced Open Water Diver, Advanced Scuba Diver, Rescue Diver, Enriched Air Nitrox, Divemaster, Divemaster / Assistant Instructor, Discover Scuba Diving, Junior Open Water Diver, Try Scuba / Intro Scuba","Wetsuit, Regulator, Fins, Mask, BCD, Drysuit, Hood, Boots, Snorkel, Dive Computer","Nitrox, Trimix",Dive Resort,,,,
Aqua TCI,"Harbour Club Villas & Marina, Venetian Rd, Providenciales TKCA 1ZZ",https://www.aquatci.com/,Turks & Caicos,Islands,Turks and Caicos Islands,Caribbean, +1 649-432-2782 , aquatci@live.com ,"Scuba Diver, Discover Scuba Diving, Open Water Diver, Advanced Open Water Diver, Rescue Diver, Junior Open Water Diver, Deep Diver, Enriched Air Nitrox, Wreck Diver, Night Diver, Underwater Navigator, Marine Ecology, Divemaster, Divemaster / Assistant Instructor, Open Water Scuba Instructor, Master Scuba Diver Trainer, Course Director","BCD, Regulator, Snorkel","Hydrox, Nitrox",Dive Shop,"Northwest Point, Coral Stairway, The Crack, Chimney, Eel Garden, Amphitheatre, Shark Hotel, Two Steps",,,
Aqua Windie's,"Dr. Horacio E. Oduber Blvd 4, Oranjestad, Aruba",https://www.aquawindies.com/,Oranjestad,Capital,Aruba,Caribbean, +297 583 5669 , activities@aquawindies.com ,,,,Dive Shop,"Hole in the Wall, Antilla Wreck, Pedernales Wreck, Jane Sea Wreck, Mangel Halto, Arashi Reef, Malmok Reef, Santo Largo Reef, Airplan Wreck, Baby Beach Reef, Harbour Reef, Finger Reef",,,
Aqua-Trek Beqa,"Queens Hwy, Pacific Harbour; Alt: 1 Atoll Place",https://www.aquatrek.com/,Pacific Harbour,Central Division,Fiji,Pacific Islands, +679 702 9896 , info@aquatrek.com ,"Scuba Diver, Open Water Diver, Enriched Air Nitrox, Advanced Open Water Diver, Rescue Diver, Divemaster, Try Scuba / Intro Scuba, Advanced Adventurer","BCD, Regulator, Fins, Mask, Boots, Snorkel, Wetsuit",Nitrox,"Dive Resort, Dive Shop","The Bistro, Ceasars, ET/Cyclops, Tasu II Wreck, Joe’s Best, Pearl Rock, Glory Hole, Carpet Cove, Seven Sisters, Frogs Leap, Soft Coral Plateau, John’s Tunnel",,,
Aquadomia,"Base DUNE Marseille, 7 Port de la Pointe Rouge, 13008 Marseille, France",https://www.aquadomia.com,Marseille,Provence-Alpes-Côte d'Azur,France,Europe, +33 4 13 33 38 00 , contact@aquadomia.com ,"Open Water Diver, Open Water Scuba Diver, Scuba Diver, Discover Scuba Diving, Try Scuba / Intro Scuba, Introductory Scuba, Advanced Open Water Diver, Advanced Adventurer, Rescue Diver, Stress & Rescue Diver, Deep Diver, Enriched Air Nitrox, Wreck Diver, Night Diver, Underwater Navigator, Dry Suit Diver, Divemaster, Divemaster / Assistant Instructor, Open Water Scuba Instructor","Wetsuit, BCD, Regulator",Nitrox,Dive Shop,Calanques National Park,,,
Aqualonde Plongee," 22 Place de l'Hélice, Carré du Port Miramar, 83250 La Londe-les-Maures, France",https://aqualonde-plongee.com,La Londe-les-Maures,Provence-Alpes-Côte d'Azur,France,Europe, +06 09 88 45 55 , contact@aqualonde-plongee.com ,"Open Water Diver, Scuba Diver, Discover Scuba Diving, Try Scuba / Intro Scuba, Introductory Scuba, Advanced Open Water Diver, Advanced Adventurer, Rescue Diver, Deep Diver, Enriched Air Nitrox, Wreck Diver, Night Diver, Underwater Navigator, Dry Suit Diver, Divemaster",Drysuit,Nitrox,Dive Shop,"The Donator, The Greek (Sagona), The Hellcat, Marcel, The Ferrando, The Spahis, The Espingole, The City of Grasse, The Wildcat, The Ruby, The Cement Maker, Togo, The Congress Barge, The Mighty, Michel C, The Arroyo, The Mustang P51, The Slabs of Bagaud, The tip of the Cross, Maupertuis Point, The Galere Point, Point de Montremian, Ant Island, The Gabiniere, The Ship's Tip, Cape Medes",,,
Aquanautic Elba,"Loc. Morcone 33, 57031 Capoliveri, Italy",https://aquanautic-elba.de/,Capoliveri,Livorno,Italy,Europe, +39 339 638 5979 , info@aquanautic-elba.de ,"Open Water Diver, Open Water Scuba Diver, Discover Scuba Diving, Try Scuba / Intro Scuba, Advanced Open Water Diver, Advanced Adventurer, Rescue Diver, Deep Diver, Night Diver, Underwater Navigator, Divemaster, Wreck Diver, Rescue Scuba Diver",,Nitrox,Dive Resort,"La Jolla Cove, La Jolla Shores, La Jolla Pinnacles, Scripps Canyon (La Jolla), HMC Yukon (Wreck Alley), Ruby E. (Wreck Alley), El Rey (Wreck Alley), 6 Fathoms (Point Loma), New Hope Rock (Point Loma), Horsehead Reef (Point Loma), Dino Head (Point Loma), Train Wheels (Point Loma), Lobster Shack (Coronado Islands), Keyhole (Coronado Islands), Middle Grounds (Coronado Islands)",,,
Aquanauts Grenada,"True Blue Bay Resort, Old Mill Road, True Blue, St. George's, Grenada",https://www.aquanautsgrenada.com/,St. George's,Saint George,Grenada,Caribbean, +1 473-444-1126 , info@aquanautsgrenada.com ,"Discover Scuba Diving, Try Scuba / Intro Scuba, Advanced Open Water Diver, Advanced Adventurer, Rescue Diver","Wetsuit, Regulator, Drysuit, Dive Computer, Mask, Fins, BCD, Snorkel",,Liveaboard,,,,
Aquarius Dive Shop,"2040 Del Monte Ave, Monterey, CA 93940",https://aquariusdivers.com/,Monterey,California,United States,North America, +1 831-375-1933 , info@aquariusdivers.com ,"Try Scuba / Intro Scuba, Open Water Diver, Scuba Diver, Wreck Diver, Advanced Adventurer, Stress & Rescue Diver, Deep Diver, Enriched Air Nitrox, Divemaster, Discover Scuba Diving, Introductory Scuba","Wetsuit, Regulator, Fins, Mask, BCD, Snorkel, Dive Computer",Nitrox,Dive Shop,,,,
Aquatic Adventures Ohio,"2050 Crown Plaza Dr, Columbus, OH 43235, United States",https://www.aquaticadventuresohio.com/,Twinsburg,Ohio,United States,North America, +1 614-545-3483 , training@aquaticadventuresohio.com ,"Open Water Diver, Open Water Scuba Diver, Discover Scuba Diving, Try Scuba / Intro Scuba, Advanced Open Water Diver, Advanced Adventurer, Rescue Diver, Divemaster, Wreck Diver, Deep Diver","Wetsuit, Regulator, Fins, Mask, BCD, Boots, Snorkel",Nitrox,Liveaboard,,,,
"Aquatic Adventures, Inc.","13830 W Greenfield Ave, Brookfield, WI 53005, United States",https://diveaai.com/,Pewaukee,Wisconsin,United States,North America, +1 262-938-6827 , staff@diveaai.com ,"Open Water Diver, Enriched Air Nitrox, Advanced Adventurer, Rescue Diver, Discover Scuba Diving, Dry Suit Diver, Advanced Open Water Diver, Divemaster","Wetsuit, Regulator, Gloves, BCD, Drysuit, Hood, Fins, Mask, Snorkel, Boots",Nitrox,Dive Resort,"Bonne Terre Mine, Devil's Lake State Park, Fox Brook County Park, Lannon Quarry, Lower Genesee, Moose Lake, Nagawicka Lake, Pearl Lake, Pleasant Prairie RecPlex, Wazee Lake
, Lumberman (Lake Michigan), Lake Shore State Park - Milwaukee (Lake Michigan), Racine Quarry, SS Wisconsin (Lake Michigan), Barge Transfer (Lake Michigan, Prins Willem V (Lake Michigan), Northerner  (Lake Michigan), Niagra (Lake Michigan), Milwaukee Car Ferry (Lake Michigan), Gillen Tug (Lake Michigan), Dredge No.6 (Lake Michigan), SS Appomattox (Lake Michigan)",,,
Aquatic Realm Scuba Center,"1807 S Metro Pkwy, Dayton, OH 45459, United States",https://www.aquaticrealmscuba.com/,Centerville,Ohio,United States,North America, +1 937-428-9836 , st@ic.ctctcdn.com ,"Open Water Diver, Advanced Adventurer, Advanced Open Water Diver, Wreck Diver, Deep Diver, Enriched Air Nitrox, Night Diver, Underwater Navigator, Dry Suit Diver, Marine Ecology, Divemaster, Divemaster / Assistant Instructor, Open Water Scuba Instructor, Try Scuba / Intro Scuba","BCD, Drysuit, Mask, Regulator",Nitrox,Liveaboard,,,,
Aquatic Safaris,"7041 Wrightsville Ave, Wrightsville Beach, NC 28403, United States",https://www.aquaticsafaris.com/,Wilmington,North Carolina,United States,North America, +1 910-392-4386 , diver@aquaticsafaris.com ,"Open Water Diver, Discover Scuba Diving, Advanced Open Water Diver, Rescue Diver, Deep Diver, Enriched Air Nitrox, Wreck Diver, Night Diver, Underwater Navigator, Dry Suit Diver, Divemaster","Wetsuit, Regulator, BCD, Hood, Mask, Drysuit",Nitrox,Dive Resort,"Alexander Ramsey (Liberty Ship), Socony, Dredge Wreck, Stone Tug, Pocahontas Tug, School House Barge, Hyde, Markham, Brian Davis Wreck, John D. Gill (WR-4), 23 Mile Ledge, Sue’s Ledge, Lobster Ledge, Esso Nashville, Stacey’s Ledge/Anna’s Ledge/Dew’s Ledge, Normannia, Rosin Wreck, Cassimir, Fossil Ledge (wreck reel and SMT required), Ed’s Lobster Wreck, Frying Pan Tower, Greg MicKey Wreck, City of Houston, 18 Fathom Wreck",,,
Aquatic Sports,"10803 SW Barbur Blvd, Portland, OR 97219, United States",https://www.aquaticsports.com/,Portland,Oregon,United States,North America, +1 503-245-4991 , talktous@aquaticsports.com ,"Open Water Diver, Scuba Diver, Open Water Scuba Diver, Discover Scuba Diving, Try Scuba / Intro Scuba, Introductory Scuba, Advanced Open Water Diver, Advanced Adventurer, Rescue Diver, Open Water 20, Deep Diver, Enriched Air Nitrox, Night Diver, Wreck Diver, Underwater Navigator, Divemaster, Advanced Nitrox, Trimix Diver","Snorkel, Regulator, BCD, Fins, Wetsuit, Mask",Nitrox,Liveaboard,Hood Canal,,,
Arborek Dive Shop,"Arborek, Raja Ampat Regency, West Papua 98412, Indonesia",https://arborekdiveshop.com/,Waigeo,West Papua,Indonesia,Southeast Asia, +62 822-3873-4552 , arborekdiveshop@gmail.com ,"Open Water Diver, Scuba Diver, Open Water Scuba Diver, Discover Scuba Diving, Try Scuba / Intro Scuba, Introductory Scuba, Advanced Open Water Diver, Advanced Adventurer, Rescue Diver, Deep Diver, Enriched Air Nitrox, Night Diver, Underwater Navigator, Divemaster, Divemaster / Assistant Instructor","Wetsuit, Regulator, Fins, Mask, BCD, Snorkel",Nitrox,Dive Shop,Raja Ampat,,,
Arenui Liveaboard,"Komplek Perkantoran Kuta Poleng, Jl. Setia Budi No.D3, Kuta, Kec. Kuta, Kabupaten Badung, Bali 80361, Indonesia",https://www.thearenui.com/,Komodo,Various,Indonesia,Southeast Asia, +62-361-750034 , info@thearenui.com ,,"Wetsuit, Regulator, Fins, Mask, BCD, Dive Computer, Snorkel, Boots",Nitrox,Liveaboard,"Batanta Island, Penemu Area, Dampier Strait, Misool",,,
Arimair Plongée,"8 Rue de Kerfautras, 29200 Brest, France",https://arimair.fr,Brest,Brittany,France,Europe, +02 56 02 73 66 , ecole.plongee@arimair.fr ,"Open Water Diver, Advanced Open Water Diver, Rescue Diver, Deep Diver, Wreck Diver, Night Diver, Underwater Navigator, Divemaster, Open Water Scuba Instructor, Master Scuba Diver Trainer, Discover Scuba Diving, Junior Open Water Diver","Wetsuit, Regulator, Fins, Mask, BCD, Snorkel, Dive Computer",Nitrox,Dive Shop,,,,
Armor Plongée,"Terre plein du nouveau Port, 22410 Saint-Quay-Portrieux, France",https://www.armorplongee.com,Saint-Quay Portrieux,Brittany,France,Europe, +06 09 21 09 90 , contact@armorplongee.com ,,"Snorkel, Mask, Fins",,Dive Shop,"The Great Lower, Kein Greis, The people of Pordic, Low Coneu, Little Lejon, Low SE, Gran Lejon, Madeux, Basse Bléhé, Small SE, Caffa, The birds, Plateau des Hors, Falling from the Outside, Large foundation, Petite Parfonde, The Luron, The Mallow, Harbour, Bass of the smoky, The long, The round, The apple tree, St Kilda, Wreck of the Hors (Sea Spray), As you can, Le Molène, The Forwards, The Heldge",,,
Aruba Premier Boat & Dive,"Varadero Marina - Bucutiweg 34, Oranjestad, Aruba",https://arubapremierboatanddive.com/,Oranjestad,Capital,Aruba,Caribbean, +297 744 5406 , arubapremiere@gmail.com ,"Open Water Diver, Advanced Open Water Diver, Rescue Diver, Night Diver, Divemaster, Discover Scuba Diving, Junior Open Water Diver","Wetsuit, Regulator, Mask, BCD, Snorkel",,Dive Shop,Aruba,,,
ASD Scuba School,"785 Pinefalls Ave, Diamond Bar, CA 91789",http://www.asdscuba.com/,Diamond Bar,California,United States,North America, +1 626-988-7007 , user@domain.com ,"Open Water Diver, Advanced Open Water Diver, Rescue Diver, Deep Diver, Wreck Diver, Night Diver, Underwater Navigator, Dry Suit Diver, Divemaster, Open Water 20, Open Water Scuba Instructor, Master Scuba Diver Trainer, Course Director, Discover Scuba Diving, Junior Open Water Diver","Wetsuit, Regulator, Fins, Mask, BCD, Snorkel, Dive Computer",Nitrox,Dive Shop,,,,
Atlantic Divers,"795 NJ-109, Cape May, NJ 08204, United States",https://atlanticdivers.com/,Northfield,New Jersey,United States,North America, +1 (609) 8840330 , atlanticdivers@seagearmarine.com ,"Try Scuba / Intro Scuba, Open Water Diver, Advanced Open Water Diver, Rescue Diver, Junior Open Water Diver, Deep Diver, Enriched Air Nitrox, Wreck Diver, Night Diver, Underwater Navigator, Dry Suit Diver","Wetsuit, Regulator, Fins, Mask, BCD, Snorkel, Dive Computer",Nitrox,Dive Shop,Wreck Diving,,,
Atlantic Edge Scuba,"7672 Airpark Rd, Gaithersburg, MD 20879, United States",https://www.atlanticedge.com/,Gaithersburg,Maryland,United States,North America, +1 301-519-9283 , diving@atlanticedge.com ,"Open Water Diver, Advanced Open Water Diver, Rescue Diver, Deep Diver, Wreck Diver, Night Diver, Underwater Navigator, Dry Suit Diver, Divemaster, Discover Scuba Diving, Junior Open Water Diver",,,Dive Shop,"Aquarium Dive, Destiniation Diving",,,
Atlantis Bali Diving,"Jl. By Pass Ngurah Rai No.96E, Sanur, Bali 80228, Indonesia",https://atlantis-bali-diving.com/,Sanur,Bali,Indonesia,Southeast Asia, +62 812-3805-767 , info@dune-bali.com ,"Open Water Diver, Advanced Open Water Diver, Rescue Diver, Deep Diver, Enriched Air Nitrox, Wreck Diver, Night Diver, Divemaster, Discover Scuba Diving, Junior Open Water Diver","Wetsuit, Regulator, Fins, Mask, BCD, Snorkel",Nitrox,Liveaboard,"Secret Bay (Gilimanuk), Tulamben, Sanur, Gilis, Amed, Padang Bai, Nusa Penida, Menjangan Island - POS II",,,
Atoll Plongée,"31 Traverse Prat, 13008 Marseille, France",https://www.atollplongee.com,Marseille,Provence-Alpes-Côte d'Azur,France,Europe, +33 4 91 72 18 14 , marseilleplongee@gmail.com ,"Open Water Diver, Open Water Scuba Diver, Advanced Adventurer, Rescue Diver, Stress & Rescue Diver, Enriched Air Nitrox, Night Diver, Discover Scuba Diving, Junior Open Water Diver","Wetsuit, Regulator, Fins, Mask, BCD, Snorkel, Dive Computer",Nitrox,Dive Shop,Marseille,,,
BAB Subaquatique,"11 Rue des Pêcheurs, Port Camille Rayon, 06220 Golfe-Juan, France",https://www.babsubaquatique.fr,Biarritz,Nouvelle-Aquitaine,France,Europe, +33 6 09 26 22 65 , contact@babsubaquatique.fr ,"Advanced Nitrox, Deco Procedures, Trimix Diver, Tech 1, Cave 1","Regulator, BCD, Dive Computer","Nitrox, Trimix",Dive Shop,"Biarritz, Basque Country",,,
Baja Diving & Service,"Carretera a Pichilingue KM 5. La Paz, BCS, 23040.",https://bajadiving.com/,La Paz,Baja California Sur,Mexico,North America, +52 612 121 6120 , info@bajadiving.com ,"Open Water Diver, Open Water Scuba Diver, One Star Diver (★), Open Water 20, Advanced Adventurer, Two Star Diver (★★), Advanced 35, Stress & Rescue Diver, Three Star Diver (★★★), Enriched Air Nitrox, Divemaster, Advanced Nitrox, Deco Procedures, Trimix Diver, Junior Open Water Diver, Try Scuba / Intro Scuba, Introductory Scuba","Wetsuit, Regulator, Fins, Mask, BCD, Snorkel","Nitrox, Trimix",Dive Resort,"Los Cabos, La Paz, Loreto, Isla Espíritu Santo, Isla Cerralvo, Cabo Pulmo",,,
Baja Expeditions,"Calle Sonora #585 entre Abasolo y, Topete, Barrio Manglito, 23060 La Paz, B.C.S.",https://bajaex.com/,La Paz,Baja California Sur,Mexico,North America, 1 (800) 843-6967 , info@bajaex.com ,"Open Water Diver, Scuba Diver, Advanced Open Water Diver, Rescue Diver, Deep Diver, Enriched Air Nitrox, Wreck Diver, Night Diver, Underwater Navigator, Divemaster, Open Water Scuba Instructor, Master Scuba Diver Trainer, Course Director, Discover Scuba Diving, Junior Open Water Diver","Wetsuit, Regulator, Fins, Mask, BCD, Snorkel",Nitrox,Liveaboard,"La Paz, Isla Espíritu Santo, Isla Cerralvo, Cabo Pulmo, San Ignacio, Isla Espiritu Santo, Sea of Cortex",,,
Bali Dive Trek,"Amed Br dinas Biaslantang, Desa Purwakerti, Kelod, Amed - Abang - Karangasem 80852, Bali, Indonesia",https://www.balidivetrek.com/,Tulamben,Bali,Indonesia,Southeast Asia, +62 852-3838-9529 , balidivetrek@gmail.com ,"Open Water Diver, Advanced Open Water Diver, Rescue Diver, Deep Diver, Wreck Diver, Enriched Air Nitrox, Night Diver, Underwater Navigator, Dry Suit Diver, Divemaster, Divemaster / Assistant Instructor, Open Water Scuba Instructor, Master Scuba Diver Trainer, Course Director, Discover Scuba Diving, Junior Open Water Diver","Regulator, Wetsuit, BCD, Hood, Drysuit, Dive Computer",Nitrox,Dive Shop,"USAT Liberty, Batu Kelebit, Dropoff, Batu Belah, Sidem, Embral, Palung, Alamanda, Boga, Mutiara, Batu Nitu",,,
Bali Hai Diving Adventures,"Jl. Wahana Tirta No.1, Benoa, Denpasar Selatan, Kota Denpasar, Bali 80222",https://www.balihaidiving.com/,Nusa Lembongan,Bali,Indonesia,Southeast Asia,62361720331, reservations@balihaidiving.com ,"Open Water Diver, Advanced Open Water Diver, Advanced Adventurer, Rescue Diver, Stress & Rescue Diver, Deep Diver, Enriched Air Nitrox, Night Diver, Underwater Navigator, Discover Scuba Diving, Junior Open Water Diver","Wetsuit, Regulator, Fins, BCD, Dive Computer",Nitrox,Dive Resort,"Nusa Lembongan, Nisa Penida, Gili Islands, Tulamben, Amed, Padang Bai, Shark Point",,,
Bali Reef Divers,"Puri Wirata Dive Resort and Spa, Jalan raya bunutan, Bunutan, Amed, Karangasem Regency, Bali 80852, Indonesia",https://www.balireefdivers.com/,Amed,Bali,Indonesia,Southeast Asia, +62 857-3703-9830 , jquery.m@chHeight-min.js ,"Discover Scuba Diving, Scuba Diver, Open Water Diver, Advanced Open Water Diver, Rescue Diver, Enriched Air Nitrox, Divemaster, Open Water Scuba Instructor","Snorkel, Fins, Mask, BCD",Nitrox,Dive Resort,"Amed, Tulamben, South Bali, North Bali",,,
Bali Scuba,"Jl. Danau Poso No.46, Sanur Kauh, Denpasar Selatan, Kota Denpasar, Bali 80228, Indonesia",https://www.baliscuba.com/,Sanur,Bali,Indonesia,Southeast Asia, +62 818-0504-3888 , letsdive@baliscuba.com ,,"Wetsuit, Regulator, Fins, Mask, BCD, Snorkel, Dive Computer",Nitrox,Dive Shop,"Nusa Penida, Tulamben, Padang Bai, Tepekong, Mimpang, Amed, Sanur",,,
Banda Dive,"Edificio Bay Point, Local 9, San Andrés Islas",https://bandadive.com/,San Andrés,San Andrés & Providencia,Colombia,South America, +57 315 3035428 , info@bandadive.com ,"Scuba Diver, Discover Scuba Diving, Open Water Diver, Advanced Open Water Diver, Rescue Diver, Junior Open Water Diver, Deep Diver, Enriched Air Nitrox, Wreck Diver, Night Diver, Underwater Navigator, Marine Ecology, Divemaster, Divemaster / Assistant Instructor, Open Water Scuba Instructor, Master Scuba Diver Trainer, Course Director","BCD, Regulator, Snorkel","Hydrox, Nitrox",Dive Resort,San Andres Islands,,,
Bandito Charters,"1616 E D St #1-4, Tacoma, WA 98421, United States",https://www.banditocharters.com/,Tacoma,Washington,United States,North America, +1 253-973-0370 , Banditocharters@gmail.com ,,,,Dive Shop,"KVI Tower, Barges at Maury Island, Dalco Wall, Sunrise County Park, Point Richmond Minesweeper, Point Defiance North Wall, Point Defiance West Wall, East Side Tacoma Narrows, West Stanchion Tacoma Narrows, Day Island Wall, Z's Reef, Fox Island East Wall",,,
Barakuda Diving Center,"Lahami Bay Beach Resort & Gardens, Marsa Alam‚ÄìBerenice Rd, South Red Sea, Egypt",https://barakuda-diving.com/,Lahami Bay,Red Sea,Egypt,Northern Africa, (+2) 010 000 91 292 , lahamibay@barakuda-diving.com ,"Scuba Diver, Open Water Diver, Enriched Air Nitrox, Advanced Open Water Diver, Rescue Diver, Divemaster, Try Scuba / Intro Scuba, Advanced Adventurer","BCD, Regulator, Fins, Mask, Boots, Snorkel, Wetsuit",Nitrox,Dive Shop,Lahami Bay,,,
Barefoot Divers,"Barefoot Cay Resort, Brick Bay, Roatán, Bay Islands, Honduras",https://www.barefootcay.com/,Brick Bay,Bay Islands,Honduras,Central America, +1 866-246-3706 , info@barefootcay.com ,"Open Water Diver, Scuba Diver, Discover Scuba Diving, Try Scuba / Intro Scuba, Introductory Scuba, Advanced Open Water Diver, Advanced Adventurer, Rescue Diver, Deep Diver, Enriched Air Nitrox, Wreck Diver, Night Diver, Underwater Navigator, Dry Suit Diver, Divemaster",Drysuit,Nitrox,Dive Resort,Roatan South Shore,,,
Batavia Coast Dive & Watersports,"148 Chapman Road, Geraldton WA 6530, Australia",https://bataviacoastdive.com.au/,Geraldton,Western Australia,Australia,Oceania, +61 8 9921 4229 , info@bcda.com.au ,"Open Water Diver, Open Water Scuba Diver, Discover Scuba Diving, Try Scuba / Intro Scuba, Advanced Open Water Diver, Advanced Adventurer, Rescue Diver, Deep Diver, Night Diver, Underwater Navigator, Divemaster",,Nitrox,Dive Shop,Abrolhos Islands,,,
BB Divers,"16/2 หมู่ 1 Koh Chang Tai, Ko Chang District, Trat 23170, Thailand",https://www.bbdivers.com/,Koh Chang,Trat,Thailand,Southeast Asia, +66 96 841 5951 , info@bbdivers.com ,"Discover Scuba Diving, Try Scuba / Intro Scuba, Advanced Open Water Diver, Advanced Adventurer, Rescue Diver","Wetsuit, Regulator, Drysuit, Dive Computer, Mask, Fins, BCD, Snorkel",,Dive Resort,"HTMS Chang, Koh Chang, Koh Rang National Park, Koh Kood",,,
Beach Cities Scuba,"19036 Brookhurst Street Huntington Beach, CA 92646",https://beachcitiescuba.com/,Huntington Beach,California,United States,North America, +1-714-378-2611 , info@beachcitiescuba.com ,,,Nitrox,"Liveaboard, Dive Resort","Anaheim Bay Breakwater, Izor's Reef, Frontier, P38 Lightning, Margaret F., HB Barge, HB Trawler, Barge Rock, Elsie I, Savino's, Gary's Barge, Sunset Wreck, San Clemente Rocks, A.C.E. Wreck, Three Arch Bay, Riviera Favorite!, Monarch Point, Thousand Steps (Salt Creek), Aliso Beach, Riviera Accessible!, Treasure Island, Victoria Street, Bolsa Chica, Huntington Beach, Newport Pier, Moss Point, Riviera takes you to deep reefs!, Wood's Cove, Cress Street, A Riviera favorite!, The Wedge, Corona Del Mar, Broadway Reef, Cleo Street Barge, Little Corona, Horse Ranch, Crystal Cove Underwater Park, Main Beach, ""Kelp, kelp, kelp."", Heisler Park, Rocky Beach, Diver's Cove, Reef Point/Scotchman's Cove, Picnic Beach, Fisherman's Cove, Shaw's Cove, Corsair, Historic Anchor, Irvine Cove, Emerald Bay, Crescent Bay (Seal Rock), Deadman's Reef, Great Riviera Boat Dive!",,,
Beach Hopper II Charters,"K-Dock 250 Figueroa Street Monterey, Ca. 93940",https://www.beachhopper2.com/,Monterey,California,United States,North America,+1 8005678899, captmaryjo@gmail.com ,"Open Water Diver, Enriched Air Nitrox, Advanced Adventurer, Rescue Diver, Discover Scuba Diving, Dry Suit Diver, Advanced Open Water Diver, Divemaster","Wetsuit, Regulator, Gloves, BCD, Drysuit, Hood, Fins, Mask, Snorkel, Boots",Nitrox,Dive Shop,Monterey Bay,,,
Belize Pro Dive Center,"Mar de Tumbo Area, Beachfront, San Pedro, Ambergris Caye, Belize",https://belizeprodivecenter.com/,San Pedro,Ambergris Caye,Belize,Central America, +1 501-226-2092 , info@belizeprodivecenter.com ,"Open Water Diver, Advanced Adventurer, Advanced Open Water Diver, Wreck Diver, Deep Diver, Enriched Air Nitrox, Night Diver, Underwater Navigator, Dry Suit Diver, Marine Ecology, Divemaster, Divemaster / Assistant Instructor, Open Water Scuba Instructor, Try Scuba / Intro Scuba","BCD, Drysuit, Mask, Regulator",Nitrox,Dive Shop,"Great Blue Hole, Ambergris Caye, Hol Chan Marine Reserve, Belize Barrier Reef",,,
Belize Underwater,"Hopkins, Stann Creek District, Belize",https://www.belizeunderwater.com/,Hopkins,Stann Creek,Belize,Central America, +501 670-6668 , info@belizeunderwater.com ,"Open Water Diver, Discover Scuba Diving, Advanced Open Water Diver, Rescue Diver, Deep Diver, Enriched Air Nitrox, Wreck Diver, Night Diver, Underwater Navigator, Dry Suit Diver, Divemaster","Wetsuit, Regulator, BCD, Hood, Mask, Drysuit",Nitrox,Dive Resort,Belize Barrier Reef,,,
Benthos Bali Dive Resort,"Jl. Raya Candidasa, Sengkidu, Kec. Manggis, Kabupaten Karangasem, Bali 80851, Indonesia",https://www.benthosbali.com/,Candidasa,Bali,Indonesia,Southeast Asia, +62 822-4721-5443 , diving@benthosbali.com ,"Open Water Diver, Scuba Diver, Open Water Scuba Diver, Discover Scuba Diving, Try Scuba / Intro Scuba, Introductory Scuba, Advanced Open Water Diver, Advanced Adventurer, Rescue Diver, Open Water 20, Deep Diver, Enriched Air Nitrox, Night Diver, Wreck Diver, Underwater Navigator, Divemaster, Advanced Nitrox, Trimix Diver","Snorkel, Regulator, BCD, Fins, Wetsuit, Mask",Nitrox,Dive Resort,"Amed, North Bali, Nusa Penida, Padang Bai, Tulamben",,,
Beqa Adventure Divers,"Fairway Place, Pacific Harbour, Fiji",https://www.fijisharkdive.com/,Pacific Harbour,Central Division,Fiji,Pacific Islands, +679 998 8006 , adventuredivers@connect.com.fj ,"Open Water Diver, Scuba Diver, Open Water Scuba Diver, Discover Scuba Diving, Try Scuba / Intro Scuba, Introductory Scuba, Advanced Open Water Diver, Advanced Adventurer, Rescue Diver, Deep Diver, Enriched Air Nitrox, Night Diver, Underwater Navigator, Divemaster, Divemaster / Assistant Instructor","Wetsuit, Regulator, Fins, Mask, BCD, Snorkel",Nitrox,Dive Shop,"Fiji Shark Dives, Carpet Cove, ET/Cyclops, Ceasar's Rock, 7 Sisters, Swim-Through City / Bird Island, Turtle Head, 3 Nuns, Tasu II Wreck, Tasu II",,,
Beyond Land Adventures,"3445 Midway Drive, Suite G",https://beyondlandadventures.com/,San Diego,California,United States,North America, +1 619-366-6266 , info@beyondlandadventures.com ,,"Wetsuit, Regulator, Fins, Mask, BCD, Dive Computer, Snorkel, Boots",Nitrox,Dive Shop,"La Jolla Shores, La Jolla Cove",,,
Big Blue Collective,"Leeward Marina, Providenciales TKCA 1ZZ",https://bigbluecollective.com/,Turks & Caicos,Islands,Turks and Caicos Islands,Caribbean,16499465034, info@bigbluecollective.com ,"Open Water Diver, Advanced Open Water Diver, Rescue Diver, Deep Diver, Wreck Diver, Night Diver, Underwater Navigator, Divemaster, Open Water Scuba Instructor, Master Scuba Diver Trainer, Discover Scuba Diving, Junior Open Water Diver","Wetsuit, Regulator, Fins, Mask, BCD, Snorkel, Dive Computer",Nitrox,Dive Shop,"South Caicos, Pine Cay, North West Point, French Cay, West Sand Spit",,,
Big Blue Dahab,"P.O. Box 98, Dahab, South Sinai, Egypt",https://bigbluedahab.com/,Dahab,South Sinai,Egypt,Northern Africa, +20 10 00539002 , dive@bigbluedahab.com ,,"Snorkel, Mask, Fins",,Dive Shop,"Lighthouse, Eel Garden, The Canyon, Blue Hole, Caves, Underwater Museum, The Bells, Tiger Reef, The Islands, Abu Galum, Moray Garden, Three Pools",,,
Big Blue Diving Khao Lak,"4/53 Moo 7, Khuk Kak, Takua Pa 82190, Phang Nga, Thailand",https://www.bigbluedivingkhaolak.com/,Khao Lak,Phang Nga,Thailand,Southeast Asia, +66 65 393 2289 , info@bigbluedivingkhaolak.com ,"Open Water Diver, Advanced Open Water Diver, Rescue Diver, Night Diver, Divemaster, Discover Scuba Diving, Junior Open Water Diver","Wetsuit, Regulator, Mask, BCD, Snorkel",,"Dive Shop, Liveaboard","Similan National Park, Surin Islands, Christmas Point, Koh Bon West Ridge, Koh Tachai Pinnacle, Three Trees, Tuna Wreck, West of Eden, AOW Pakkad",,,
Big Blue Diving Koh Tao,"14/148 Moo 1, Koh Tao, Surat Thani 84360, Thailand",https://www.bigbluediving.com/,Koh Tao,Surat Thani,Thailand,Southeast Asia, +66 77 456 415 , info@bigbluediving.com ,"Open Water Diver, Advanced Open Water Diver, Rescue Diver, Deep Diver, Wreck Diver, Night Diver, Underwater Navigator, Dry Suit Diver, Divemaster, Open Water 20, Open Water Scuba Instructor, Master Scuba Diver Trainer, Course Director, Discover Scuba Diving, Junior Open Water Diver","Wetsuit, Regulator, Fins, Mask, BCD, Snorkel, Dive Computer",Nitrox,Dive Shop,"Christmas Point, Koh Bon West Ridge, Koh Tachai Pinnacle, North Point, Three Trees, Tuna Wreck, West of Eden, Surin Islands, AOW Pakkad",,,
Big Fish Diving,"Secret Garden Bungalows, Jungutbatu Village, Nusa Lembongan, Indonesia",https://www.bigfishdiving.com/,Nusa Lembongan,Bali,Indonesia,Southeast Asia, +62 813-5313-6861 , info@bigfishdiving.com ,"Try Scuba / Intro Scuba, Open Water Diver, Advanced Open Water Diver, Rescue Diver, Junior Open Water Diver, Deep Diver, Enriched Air Nitrox, Wreck Diver, Night Diver, Underwater Navigator, Dry Suit Diver","Wetsuit, Regulator, Fins, Mask, BCD, Snorkel, Dive Computer",Nitrox,Dive Resort,Nusa Penida,,***,
Big Island Divers,"74-5467 Kaiwi St, Kailua-Kona, HI 96740, United States",https://bigislanddivers.com/,Kailua-Kona,Hawaii,United States,North America, +1 808-329-6068 , fonts.gst@ic.com ,"Open Water Diver, Advanced Open Water Diver, Rescue Diver, Deep Diver, Wreck Diver, Night Diver, Underwater Navigator, Dry Suit Diver, Divemaster, Discover Scuba Diving, Junior Open Water Diver",,,Dive Shop,Kona,,,
Black Sand Dive Retreat,"F6WQ+PJ7, Kel. Kasawari, Lembeh Strait, Makawidey, Aertembaga, Kota Bitung, Sulawesi Utara, Indonesia",https://www.blacksanddive.com/,Lembeh,North Sulawesi,Indonesia,Southeast Asia, +62 (0)821-9969-5992 , info@blacksanddive.com ,"Open Water Diver, Advanced Open Water Diver, Rescue Diver, Deep Diver, Enriched Air Nitrox, Wreck Diver, Night Diver, Divemaster, Discover Scuba Diving, Junior Open Water Diver","Wetsuit, Regulator, Fins, Mask, BCD, Snorkel",Nitrox,Dive Resort,"Hairball, TK, Lembeh Strait, Bunaken",,,
Black Turtle Dive,"8, Mae Haad, Koh Tao, Surat Thani 84360, Thailand",https://www.blackturtledive.com/,Koh Tao,Surat Thani,Thailand,Southeast Asia, +66 89 592 2134 , info@blackturtledive.com ,"Open Water Diver, Open Water Scuba Diver, Advanced Adventurer, Rescue Diver, Stress & Rescue Diver, Enriched Air Nitrox, Night Diver, Discover Scuba Diving, Junior Open Water Diver","Wetsuit, Regulator, Fins, Mask, BCD, Snorkel, Dive Computer",Nitrox,Dive Shop,"Aow Leuk, Buoyancy World, Chumphon Pinnacle, Green Rock, Hin Pee Wee, Hin Wong Bay, Hin Wong Pinnacle, HTMS Sattakut, Japanese Gardens, Junkyard Reef, Laem Thian, Lighthouse Bay, Mango Bay, No Name Pinnacle, Pottery Pinnacle, Red Rock Pinnacle, Sail Rock, Samran Pinnacle, Shark Island, South West Pinnacle, Tanote Bay, Twins Pinnacle, White Rock",,,
All Star Blackbeard's Cruises,"204 Hospital Dr NE, Fort Walton Beach, FL 32548, USA",https://allstarliveaboards.com/blackbeards-liveaboard-diving/,Exuma Cays,Exuma,Bahamas,Caribbean,800.327.9600, info@allstarliveaboards.com ,"Advanced Nitrox, Deco Procedures, Trimix Diver, Tech 1, Cave 1","Regulator, BCD, Dive Computer","Nitrox, Trimix",Liveaboard,"Monolith, Jake’s Hole, Hole in the Wall, Whale Tail Wall, Pilar Wall, Jeep Reef, Parrotfish Reef, Amberjack Reef, Danger Reef, Hammerhead Gulch, Blacktip Wall, Austin Smith, Barracuda Shoals, Lobster No Lobster, Close Mon, Madison Avenue, Up Jumped the Devil, Dog Rocks, Blue Hole, Perriwinkle Reef",,,
All Star Blackbeard's Cruises,,https://allstarliveaboards.com/blackbeards-liveaboard-diving/,,,British Virgin Islands,Caribbean,800.327.9600, info@allstarliveaboards.com ,"Advanced Nitrox, Deco Procedures, Trimix Diver, Tech 1, Cave 1","Regulator, BCD, Dive Computer","Nitrox, Trimix",Liveaboard,"Monolith, Jake’s Hole, Hole in the Wall, Whale Tail Wall, Pilar Wall, Jeep Reef, Parrotfish Reef, Amberjack Reef, Danger Reef, Hammerhead Gulch, Blacktip Wall, Austin Smith, Barracuda Shoals, Lobster No Lobster, Close Mon, Madison Avenue, Up Jumped the Devil, Dog Rocks, Blue Hole, Perriwinkle Reef",,,
All Star Blackbeard's Cruises,,https://allstarliveaboards.com/blackbeards-liveaboard-diving/,,,Cuba,Caribbean,800.327.9600, info@allstarliveaboards.com ,"Advanced Nitrox, Deco Procedures, Trimix Diver, Tech 1, Cave 1","Regulator, BCD, Dive Computer","Nitrox, Trimix",Liveaboard,"Monolith, Jake’s Hole, Hole in the Wall, Whale Tail Wall, Pilar Wall, Jeep Reef, Parrotfish Reef, Amberjack Reef, Danger Reef, Hammerhead Gulch, Blacktip Wall, Austin Smith, Barracuda Shoals, Lobster No Lobster, Close Mon, Madison Avenue, Up Jumped the Devil, Dog Rocks, Blue Hole, Perriwinkle Reef",,,
All Star Blackbeard's Cruises,,https://allstarliveaboards.com/blackbeards-liveaboard-diving/,,,Indonesia,Southeast Asia,800.327.9600, info@allstarliveaboards.com ,"Advanced Nitrox, Deco Procedures, Trimix Diver, Tech 1, Cave 1","Regulator, BCD, Dive Computer","Nitrox, Trimix",Liveaboard,"Monolith, Jake’s Hole, Hole in the Wall, Whale Tail Wall, Pilar Wall, Jeep Reef, Parrotfish Reef, Amberjack Reef, Danger Reef, Hammerhead Gulch, Blacktip Wall, Austin Smith, Barracuda Shoals, Lobster No Lobster, Close Mon, Madison Avenue, Up Jumped the Devil, Dog Rocks, Blue Hole, Perriwinkle Reef",,,
All Star Blackbeard's Cruises,,https://allstarliveaboards.com/blackbeards-liveaboard-diving/,,,Egypt,Northern Africa,800.327.9600, info@allstarliveaboards.com ,"Advanced Nitrox, Deco Procedures, Trimix Diver, Tech 1, Cave 1","Regulator, BCD, Dive Computer","Nitrox, Trimix",Liveaboard,"Monolith, Jake’s Hole, Hole in the Wall, Whale Tail Wall, Pilar Wall, Jeep Reef, Parrotfish Reef, Amberjack Reef, Danger Reef, Hammerhead Gulch, Blacktip Wall, Austin Smith, Barracuda Shoals, Lobster No Lobster, Close Mon, Madison Avenue, Up Jumped the Devil, Dog Rocks, Blue Hole, Perriwinkle Reef",,,
Blue Bay Dive & Watersports,"Blue Bay Beach z/n, Willemstad, Curaçao",https://www.diveshopcuracao.com/,Curaçao,Island,Curaçao,Caribbean, +599 9 888 5450 , Dive@BlueBay-Curacao.com ,"Open Water Diver, Scuba Diver, Advanced Open Water Diver, Rescue Diver, Deep Diver, Enriched Air Nitrox, Wreck Diver, Night Diver, Underwater Navigator, Divemaster, Open Water Scuba Instructor, Master Scuba Diver Trainer, Course Director, Discover Scuba Diving, Junior Open Water Diver","Wetsuit, Regulator, Fins, Mask, BCD, Snorkel",Nitrox,Dive Shop,Bluebay,,,
Blue Corner Dive,"Jungut Batu, Nusa Lembongan, Bali 80771, Indonesia",https://bluecornerdive.com/,Nusa Lembongan,Bali,Indonesia,Southeast Asia, +62 812-3761-8151 , info@bluecornerdive.com ,"Open Water Diver, Advanced Open Water Diver, Rescue Diver, Deep Diver, Wreck Diver, Enriched Air Nitrox, Night Diver, Underwater Navigator, Dry Suit Diver, Divemaster, Divemaster / Assistant Instructor, Open Water Scuba Instructor, Master Scuba Diver Trainer, Course Director, Discover Scuba Diving, Junior Open Water Diver","Regulator, Wetsuit, BCD, Hood, Drysuit, Dive Computer",Nitrox,"Dive Resort, Dive Shop","Blue Corner, Lighthouse, Mangrove, Sekolah Dasar, PED, Sental, Buyuk, Sampalan, Batu Nunggul, Karang Sari, Malibu Point, Atuh Bay, Batu Abah, South Manta Point, Batman Island, Manta Bays, Crystal Bay, Gamat Bay, Ceningan Wall, Engine Reef, Double Rainbow",,,
Blue Destiny Boat Charters,"Fremantle Fishing Boat Harbour, Fremantle WA 6160, Australia",https://bluedestiny.com.au/,Fremantle,Western Australia,Australia,Oceania, +61 8 9335 9969 , info@bluedestiny.com.au ,"Open Water Diver, Advanced Open Water Diver, Advanced Adventurer, Rescue Diver, Stress & Rescue Diver, Deep Diver, Enriched Air Nitrox, Night Diver, Underwater Navigator, Discover Scuba Diving, Junior Open Water Diver","Wetsuit, Regulator, Fins, BCD, Dive Computer",Nitrox,Dive Shop,Rottnest Island,,,
Blue Diving Ustica,"Piazza Vito Longo 4, 90051 Ustica, Italy",https://www.bluedivingustica.it/,Ustica,Sicily,Italy,Europe, +39 331 243 1222 , info@bluedivingustica.it ,"Discover Scuba Diving, Scuba Diver, Open Water Diver, Advanced Open Water Diver, Rescue Diver, Enriched Air Nitrox, Divemaster, Open Water Scuba Instructor","Snorkel, Fins, Mask, BCD",Nitrox,Dive Shop,"Secca della Colombara, Scoglio del Colombaro, Cala del Camposanto, Cala Giacone, Punta Falconiera, Grotta della Pastizza, Grotta delle Barche, Punta San Paolo, Punta Galera, Grotta Gamberi II, Punta dell’Arpa, Secca d’Africa, Piramidi, Caletta Santoro, Grotta Segreta, Cala Sidoti, Scogli Piatti, Scoglio del Medico, Cala della Madonna",,,
Blue Experience Diving,"Plaza Xaac, Carretera Cancun - Tulum KM 258 Sirenis, Supermanzana Complex Local 5, 77780 AkuMal, Quintana Roo, Mexico",https://blueexperiencediving.com/,AkuMal,Quintana Roo,Mexico,North America,+529842496264, info@blueexperiencediving.com ,"Open Water Diver, Scuba Diver, Advanced Open Water Diver, Rescue Diver, Deep Diver, Enriched Air Nitrox, Wreck Diver, Night Diver, Underwater Navigator, Divemaster, Divemaster / Assistant Instructor, Open Water Scuba Instructor, Master Scuba Diver Trainer, Course Director, Discover Scuba Diving, Junior Open Water Diver, Try Scuba / Intro Scuba","Wetsuit, Regulator, Fins, Mask, BCD, Snorkel, Dive Computer",Nitrox,Dive Shop,"Akumal, El Eden (Ponderosa) Cenote, Chikin Ha Cenote, Dos Ojos Cenote, Cenote Manati, Carwash (Aktun Ha) Cenote, The Pit (El Pit) Cenote, Dreamgate Cenote, Angelita Cenote, Taak Bi Ha, Cozumel, Puerto Morelos",,,
Blue Holic Scuba,"3636 W Olympic Blvd, Ste A",https://blueholicscuba.com/,Los Angeles,California,United States,North America, +1 323-641-7416 , blueholicscuba@yahoo.com ,"Open Water Diver, Discover Scuba Diving, Junior Open Water Diver","Wetsuit, Regulator, Fins, Mask, BCD, Snorkel",,Dive Shop,"Catalina Island - Casino Point Dive Park, HMC Yukon (Wreck Alley), 1000 Steps",,,
Blue Life,"Calle 54 entre Av. 5ta y 1ra, Playa del Carmen, Quintana Roo, Mexico",https://bluelife.com/,Playa del Carmen,Quintana Roo,Mexico,North America,+1-707-726-1122, info@bluelife.com ,"Open Water Diver, Scuba Diver, Advanced Open Water Diver, Advanced Scuba Diver, Rescue Diver, Enriched Air Nitrox, Divemaster, Divemaster / Assistant Instructor, Discover Scuba Diving, Junior Open Water Diver, Try Scuba / Intro Scuba","Wetsuit, Regulator, Fins, Mask, BCD, Drysuit, Hood, Boots, Snorkel, Dive Computer","Nitrox, Trimix",Dive Shop,"The Pit (El Pit) Cenote, Cenotes Hells Bells, Maravilla, Cozumel, Playa del Carmen, Chikin Ha Cenote, Dos Ojos Cenote, Angelita Cenote",,,
Blue Life Centro de Buceo,"Av. Newball Local L-112, Hotel Sunrise Beach, San Andrés",https://bluelifedive.com/,San Andr√és,San Andrés & Providencia,Colombia,South America, +57 317 4344015 , info@bluelifedive.com ,"Scuba Diver, Discover Scuba Diving, Open Water Diver, Advanced Open Water Diver, Rescue Diver, Junior Open Water Diver, Deep Diver, Enriched Air Nitrox, Wreck Diver, Night Diver, Underwater Navigator, Marine Ecology, Divemaster, Divemaster / Assistant Instructor, Open Water Scuba Instructor, Master Scuba Diver Trainer, Course Director","BCD, Regulator, Snorkel","Hydrox, Nitrox",Dive Shop,San Andres Islands,,,
Blue Magic Scuba,"Calle 4 Norte #71, Entre Rafael E. Melgar y 5a Av., 77600 Cozumel, Quintana Roo, Mexico",https://bluemagicscuba.com/,Cozumel,Quintana Roo,Mexico,North America, +52 987 105 4418 , godive@bluemagicscuba.com ,,,,"Dive Resort, Dive Shop",Cozumel,,,
Blue Marine Dive,"Jl. Pantai, gili air, Kec. Pemenang, Kabupaten Lombok Utara, Nusa Tenggara Bar. 83352, Indonesia",https://bluemarine-divers.com/,Gili Air,West Nusa Tenggara,Indonesia,Southeast Asia, +62 819-0790-7283 , mail@bluemarine-divers.com ,"Scuba Diver, Open Water Diver, Enriched Air Nitrox, Advanced Open Water Diver, Rescue Diver, Divemaster, Try Scuba / Intro Scuba, Advanced Adventurer","BCD, Regulator, Fins, Mask, Boots, Snorkel, Wetsuit",Nitrox,"Liveaboard, Dive Shop","Racha Yai Island, Racha Noi Island, Phi Phi Islands, King Cruiser, Marine Park, Similan Islands, Koh Bon, Tachai Island, Richelieu Rock, Around Khao Lak",,,
Blue Marlin Dive,"Jalan Gili Trawangan, Gili Indah, Pemenang, North Lombok Regency, West Nusa Tenggara 83352, Indonesia",https://www.bluemarlindive.com/,Gili Trawangan,West Nusa Tenggara,Indonesia,Southeast Asia, +62 877-5936-7889 , info@bluemarlindivetech.com ,"Open Water Diver, Open Water Scuba Diver, Scuba Diver, Discover Scuba Diving, Try Scuba / Intro Scuba, Introductory Scuba, Advanced Open Water Diver, Advanced Adventurer, Rescue Diver, Stress & Rescue Diver, Deep Diver, Enriched Air Nitrox, Wreck Diver, Night Diver, Underwater Navigator, Dry Suit Diver, Divemaster, Divemaster / Assistant Instructor, Open Water Scuba Instructor","Wetsuit, BCD, Regulator",Nitrox,"Liveaboard, Dive Shop","Glenn Nusa Wreck, Halik, Shallow Turbo, Deep Turbo, Turtle Heaven, Simon's Reef, Umeeds, Taket Malang, Don Yeng, Tunang Wall, Nudibranch City, Hans Reef, Secret Reef, Good-heart Reef, Meno Wall, Meno Slope, Bounty Wreck, Biorocks, Bongkas Reef, Air Wall, Air Slope, Mandarin Reef, Japanese Wreck, Teluk Nare, Jammin’ Reef, Sunset Reef, Shark Point, Coral Garden, Halfway House, Gamechanger, Macro Bay, Dave's Place, Cumi Cumi, Nusa Tiga, Jimmy's Walls, Pokki Wall, Eagle Rock, Gili Batu, Marsha Wall, Marsha Reef, Mantahari, Topolicious, Les Arches, Black Sands Bay, Castle Rock, Crystal Bommy, The Cauldron, Golden Passage, China Shop, Lighthouse, Tatawa Besar, Tatawa Kecil, Makassar, Manta Point, Batu Bolong, Siaba Besar, Siaba Kecil, Current City, Mauan, Batu Tiga, Pink Beach, Secret Garden, The Beach, 3 Sisters, Pillarsteen, Mini Wall, Kanawa, Sabayon Kecil, Sabayon Besar, Police Corner, Pengah, Bonsai, Wainilu, Loh Buaya, Ranger Station, Manta Alley, German Flag, Cape Sie, Torpedo Point, Boulders, Kode, Yellow Wall, Cannibal Rock",,,
Blue Marlin Komodo,"Jalan Soekarno-Hatta, Labuan Bajo, Flores, NTT, Indonesia",https://www.bluemarlinkomodo.com/,Labuan Bajo,East Nusa Tenggara,Indonesia,Southeast Asia, +62 385 41789 , info@bluemarlinkomodo.com ,"Open Water Diver, Scuba Diver, Discover Scuba Diving, Try Scuba / Intro Scuba, Introductory Scuba, Advanced Open Water Diver, Advanced Adventurer, Rescue Diver, Deep Diver, Enriched Air Nitrox, Wreck Diver, Night Diver, Underwater Navigator, Dry Suit Diver, Divemaster",Drysuit,Nitrox,"Liveaboard, Dive Shop",Komodo,,This site is similar to above but broken,
Blue Nation Baja,"Av. Miguel Hidalgo, Centro, 23880 Loreto, B.C.S., Mexico",https://www.bluenationbaja.com/,Loreto,Baja California Sur,Mexico,North America, 521-613-124-0607 , info@bluenationbaja.com ,"Open Water Diver, Open Water Scuba Diver, Discover Scuba Diving, Try Scuba / Intro Scuba, Advanced Open Water Diver, Advanced Adventurer, Rescue Diver, Deep Diver, Night Diver, Underwater Navigator, Divemaster",,Nitrox,Dive Shop,"Coronados Island, Carmen Island, Danzante Island, Las Galeras",,,
Blue Ocean Dive Centers and Resorts,"Abu Dabbab, ~30km North of Marsa Alam, Red Sea, Egypt",https://www.blueocean-eg.com/,Abu Dabbab,Red Sea,Egypt,Northern Africa,+201207535555, reservation@blueocean-eg.com ,"Discover Scuba Diving, Try Scuba / Intro Scuba, Advanced Open Water Diver, Advanced Adventurer, Rescue Diver","Wetsuit, Regulator, Drysuit, Dive Computer, Mask, Fins, BCD, Snorkel",,"Liveaboard, Dive Resort","Shaab Samadai, Shaab El Erg, Brothers Islands, Abu Galawa Soghayar, Zabargad Island, Shaab Claude, Shaab Ruhr Umm Gamar, Numidia, Abu Galawa Kebir, Rocky Island, Shaab Umm Gamar, Shaab Claudio, Daedalus Reef, Habili Ali, Carless Reef, Shaab Maksur, Habili Gafaar, St. John’s, Gota Kebir, El Fanadir, Gota Soraya, El Fanous, El Mina Wreck, Giftun Islands, Shaab Sabina, Erg Somaya, Turft El Shahed, Shaab Alam, Gota Abu Ramada, Abu Ramada Island, Ras Disha, Abu Hashish, Marsa Mubarak, Coral Garden, Marsa Shuni, Abu Sail, Marsa Murain, Marsa Abu Dabbab, Shalaniat, Shaab Abu Dabbab 1, Shaab Abu Dabbab 2, Habili Ghadir, Shaab Abu Dabbab 3, Om Halhalla, Shaab Abu Dabbab 4, Elphinstone, Shaab Abu Galawa, Shaab Dahara, Marsa Egla, Shaab Ishtaa, Abu Ghusun Wreck, Shaab Sataya, St. John’s Cave",,,
Blue Paradise Diving Center,"14 El Korneesh Street, Hurghada, Red Sea, Egypt",https://www.blueparadise.be/,Hurghada,Red Sea,Egypt,Northern Africa, +20 11 13508400 , info@blueparadise.be ,,,Nitrox,"Dive Shop, Liveaboard","Turtle Bay, Fanous East, Fanous West, Ras Disha, Hamda, Ben El Gebel, Shaab Sabina, Erg Somaya, North Abu Ramada, Erg Abu Ramada, Small Giftun, Abu Ramada South, Fanadir North, Marsa Abu Galawa, Hebat Allah Wreck, Shaab Abu Nugar, Erg Sabina, Umm Gamar, Carless Reef, Shabruhr Umm Gamar",,,
Blue Planet Divers,"150/1 Moo Ban, Sala Dan, Ko Lanta District, 81150, Thailand",https://www.blueplanetdivers.net/,Koh Lanta,Krabi,Thailand,Southeast Asia,+66 85 472 3450, blueplanetdivers@gmail.com ,"Open Water Diver, Open Water Scuba Diver, Discover Scuba Diving, Try Scuba / Intro Scuba, Advanced Open Water Diver, Advanced Adventurer, Rescue Diver, Divemaster, Wreck Diver, Deep Diver","Wetsuit, Regulator, Fins, Mask, BCD, Boots, Snorkel",Nitrox,Dive Shop,"Koh Haa - Cathedral, Koh Bida Nok, Koh Phi Phi Ley, Hin Bida, Hin Klai, Hin Deang, HTMS Kled Kaew, King Cruiser Wreck, Anemone Reef, Shark Point",,,
Blue Planet Divers,"150/1 Moo 1, Baan Saladan, Koh Lanta, Krabi 81150, Thailand",https://www.blueplanetdivers.net/,Koh Lanta,Krabi,Thailand,Southeast Asia, +66 85 472 3450 , blueplanetdivers@gmail.com ,"Open Water Diver, Enriched Air Nitrox, Advanced Adventurer, Rescue Diver, Discover Scuba Diving, Dry Suit Diver, Advanced Open Water Diver, Divemaster","Wetsuit, Regulator, Gloves, BCD, Drysuit, Hood, Fins, Mask, Snorkel, Boots",Nitrox,Dive Shop,"Koh Haa - Cathedral, Koh Bida Nok, Koh Phi Phi Ley, Hin Bida, Hin Klai, Hin Deang, HTMS Kled Kaew, King Cruiser Wreck, Anemone Reef, Shark Point",,,
Blue Project Cozumel,"La Marina Fonatur, 77600 Cozumel, Quintana Roo, Mexico",https://www.blueprojectcozumel.com/,Cozumel,Quintana Roo,Mexico,North America,+5219871053027, dive@blueprojectcozumel.com ,"Open Water Diver, Advanced Adventurer, Advanced Open Water Diver, Wreck Diver, Deep Diver, Enriched Air Nitrox, Night Diver, Underwater Navigator, Dry Suit Diver, Marine Ecology, Divemaster, Divemaster / Assistant Instructor, Open Water Scuba Instructor, Try Scuba / Intro Scuba","BCD, Drysuit, Mask, Regulator",Nitrox,Dive Shop,Cozumel,,,
Blue Salt Divers,"1000 King St #6, Christiansted, VI 00820",https://bluesaltdivers.com,St. Croix,St. Croix,U.S. Virgin Islands,Caribbean,340-773-3307, info@bluesaltdivers.com ,"Open Water Diver, Discover Scuba Diving, Advanced Open Water Diver, Rescue Diver, Deep Diver, Enriched Air Nitrox, Wreck Diver, Night Diver, Underwater Navigator, Dry Suit Diver, Divemaster","Wetsuit, Regulator, BCD, Hood, Mask, Drysuit",Nitrox,Dive Shop,"Butler Bay, The Frederiksted Pier, North Star, Cane Bay, Pavilions, Pinnacle, Gentle Winds, Salt River, White Horse, Little Cozumel, Twin Anchors, Knobby Knoll, Love Shack, Turquoise Bay, WAPA, Sugar Beach, Sleeping Shark Hole, Blue Chute/Chez Barge, Eagle Ray, Stingraysted, Scotch Bank",,75Cent per row ends here,
Blue View Divers,"107 Moo 7, Phi Phi Island, Ao Nang, Amphur Muang, Krabi 81210, Thailand",https://blueviewdivers.com/,Koh Phi Phi,Krabi,Thailand,Southeast Asia, +66 92 512 5584 , blueviewdivers@gmail.com ,"Open Water Diver, Scuba Diver, Open Water Scuba Diver, Discover Scuba Diving, Try Scuba / Intro Scuba, Introductory Scuba, Advanced Open Water Diver, Advanced Adventurer, Rescue Diver, Open Water 20, Deep Diver, Enriched Air Nitrox, Night Diver, Wreck Diver, Underwater Navigator, Divemaster, Advanced Nitrox, Trimix Diver","Snorkel, Regulator, BCD, Fins, Wetsuit, Mask",Nitrox,Dive Shop,"Coral City, HTMS Kled Kaew, Hin Daeng, Hin Muang, Koh Bida Nai, Koh Bida Nok, Koh Phi Phi Ley, Loh Samah Bay, Malong Bay, Maya Corner, Mushroom Rock, Palong Bay, Palong Wall, Pileh Wall, Viking Cave, Whaleshark Wall",,,
Blue Water Divers,"Front Street, Cockburn Town, Grand Turk TKCA 1ZZ",http://www.grandturkscuba.com/,Turks & Caicos,Islands,Turks and Caicos Islands,Caribbean, +1 201-843-3340 , info@grandturkscuba.com ,"Open Water Diver, Scuba Diver, Open Water Scuba Diver, Discover Scuba Diving, Try Scuba / Intro Scuba, Introductory Scuba, Advanced Open Water Diver, Advanced Adventurer, Rescue Diver, Deep Diver, Enriched Air Nitrox, Night Diver, Underwater Navigator, Divemaster, Divemaster / Assistant Instructor","Wetsuit, Regulator, Fins, Mask, BCD, Snorkel",Nitrox,Dive Shop,"Blacksmith Rock, Approach Landing, Aquarium, Black Forest, Chief Ministers North, Chief Ministers South, Connies Reef, Coral Canyons, Coral Gardens, Coral Lakes, English Point, Cables, Finbars Reef, Fish Pond, Gorgonian Wall, Lamar's Reef, McDonald's, Middle Reef, Pelican Point, Pillories, Pirate's Beach, The Chair, Smitty's Reef, The Library, The Pits, Tunnels/Sand River Canyon, Twin Ledges, Windmills, The Abyss, Blue Water Divers, Alien Nation, Alpine Meadows (The Annex), Amphitheater, Anchor",,,
Blue Water Divers,"201 NJ-17, Rochelle Park, NJ 07662, United States",https://www.bluewaterdivers.com/,Rochelle Park,New Jersey,United States,North America, +1 201-843-3340 , info@bluewaterdivers.com ,,"Wetsuit, Regulator, Fins, Mask, BCD, Dive Computer, Snorkel, Boots",Nitrox,Dive Shop,"Cozumel, Curaçao, Destination Diving, Jardines, Lembeh, Maldives, San Saba, Wakatobi",,,
Blue Wave Divers,"Playa Asuncion, Caye Caulker, Belize",https://www.bluewavedivers.bz/,Caye Caulker,Belize District,Belize,Central America, +501 636-3366 , bluewavediversbz@gmail.com ,"Open Water Diver, Advanced Open Water Diver, Rescue Diver, Deep Diver, Wreck Diver, Night Diver, Underwater Navigator, Divemaster, Open Water Scuba Instructor, Master Scuba Diver Trainer, Discover Scuba Diving, Junior Open Water Diver","Wetsuit, Regulator, Fins, Mask, BCD, Snorkel, Dive Computer",Nitrox,Dive Shop,"Belize Barrier Reef, Blue Hole, Esmeralda, Front Porch, Half Moon Caye Wall, Lighthouse Reef Atoll - Cathedral, Lighthouse Reef Atoll - Long Caye Aquarium, Turneffe Atoll, Turneffe Atoll - Black Coral Wall, Turneffe Atoll - The Elbow, Sandy Lane, Tackle Box, Esmeralda Wall, Spanish Bay, Ski Slope, Middway Canyon, Gallows Point, Caye Chapel Reef, Cathedral Canyons",,,
Bob's Dive Shop,"4374 N Blackstone Ave, Fresno, CA 93726",https://bobsdiveshop.com/,Fresno,California,United States,North America, +1 559-225-3483 , fonts.gst@ic.com ,,"Snorkel, Mask, Fins",,Dive Shop,,,Review - Has some dive sites but they are a part of an expired dive schedule,
Boston Scuba,"256 Marginal St, East Boston, MA 02128, United States",https://www.bostonscuba.com/,Boston,Massachusetts,United States,North America, +1 617-418-5555 , info@bostonscuba.com ,"Open Water Diver, Advanced Open Water Diver, Rescue Diver, Night Diver, Divemaster, Discover Scuba Diving, Junior Open Water Diver","Wetsuit, Regulator, Mask, BCD, Snorkel",,Dive Shop,"Nahant, Tewksbury Rock, Martin’s Ledge, Devil’s Back Ledge, Middle Brewster Island, Boston Ledge, Lovell’s Island, Shag Rocks, Calf Island, Broad Sound, Green Island, 3 1/2 Fathoms Ledge, Harding’s Ledge, Roaring Bulls, Outer Brewster Island, Halftide Rock, The City of Salisbury, YMS- 14, Sweet Sue, The Wooden Schooner, The beam trawler",,,
Brac Scuba Shack,"17 Channel Road, Cayman Brac KY2-2001, Cayman Islands",https://www.bracscubashack.com/,Cayman Brac,Sister Islands,Cayman Islands,Caribbean, +1 345-948-8472 , info@bracscubashack.com ,"Open Water Diver, Advanced Open Water Diver, Rescue Diver, Deep Diver, Wreck Diver, Night Diver, Underwater Navigator, Dry Suit Diver, Divemaster, Open Water 20, Open Water Scuba Instructor, Master Scuba Diver Trainer, Course Director, Discover Scuba Diving, Junior Open Water Diver","Wetsuit, Regulator, Fins, Mask, BCD, Snorkel, Dive Computer",Nitrox,Dive Shop,"Captain Keith Tibbetts (356), Cayman Brac, Anchor Wall, Wilderness Wall, Angel Reef, Greenhouse Wall, Middle Chute and West Chute, Airport Wall, Sea Feather Wall, Bluff Wall, School House Wall, Manta Canyon, East Chute",,,
Brendal's Dive Center,"Brendal's Dive Center, Green Turtle Cay, Abaco, Bahamas",https://www.brendal.com/,Green Turtle Cay,Abaco,Bahamas,Caribbean, +1 242-365-4411 , brendal@brendal.com ,"Try Scuba / Intro Scuba, Open Water Diver, Advanced Open Water Diver, Rescue Diver, Junior Open Water Diver, Deep Diver, Enriched Air Nitrox, Wreck Diver, Night Diver, Underwater Navigator, Dry Suit Diver","Wetsuit, Regulator, Fins, Mask, BCD, Snorkel, Dive Computer",Nitrox,Dive Shop,"The Original Tarpon Dive, Coral Caverns, Coral Condos, Wreck Of The San Jacinto, The Catacombs, Horse Shoe Reef, Elkhorn Coral Reef, Valley Of The Sponges, Grouper Alley, The Ledge, Hole in the Wall, The Craters, Coral Canyons, Sea Gypsy Reef, The Coral Gardens, The Wreck Violet Mitchell, The Pillars",,,
Bubbles Below Scuba Charters,"Port Allen, Eleele, HI 96705, United States",https://bubblesbelowkauai.com/,Eleele,Hawaii,United States,North America, +1 808-332-7333 , aloha@bubblesbelowkauai.com ,"Open Water Diver, Advanced Open Water Diver, Rescue Diver, Deep Diver, Wreck Diver, Night Diver, Underwater Navigator, Dry Suit Diver, Divemaster, Discover Scuba Diving, Junior Open Water Diver",,,Dive Shop,,,This site is just a splash page - Coming Soon,
Bucaneros Dive Centre,"C. Sierra S/N, Hotel, 77976 Mahahual, Quintana Roo, Mexico",https://bucanerosdivecenter.com/,Mahahual,Quintana Roo,Mexico,North America,+52 9983051806, bucanerosdelcaribe@gmail.com ,"Open Water Diver, Advanced Open Water Diver, Rescue Diver, Deep Diver, Enriched Air Nitrox, Wreck Diver, Night Diver, Divemaster, Discover Scuba Diving, Junior Open Water Diver","Wetsuit, Regulator, Fins, Mask, BCD, Snorkel",Nitrox,Dive Shop,"Costa Maya, Playa Mahahual, Chinchorro Reefs",,,
Buceo Scuba Huatulco,"C. Ocotillo 206, H, 70987 Crucecita, Oax., Mexico",https://buceohuatulco.com/,Bahías de Huatulco,Oaxaca,Mexico,North America, 15 767023 , hoy.bucea@gmail.com ,"Open Water Diver, Open Water Scuba Diver, Advanced Adventurer, Rescue Diver, Stress & Rescue Diver, Enriched Air Nitrox, Night Diver, Discover Scuba Diving, Junior Open Water Diver","Wetsuit, Regulator, Fins, Mask, BCD, Snorkel, Dive Computer",Nitrox,Dive Shop,"Huatulco Bays, Costa Maya, Playa Mahahual, Chinchorro Reefs",,Has a dive map with..... no dive site on there,
Bucket List Diver,"21 Beach Street, Fremantle WA 6160, Australia",https://www.bucketlistdiver.com/,Fremantle,Western Australia,Australia,Oceania,+61439954468, info@bucketlistdiver.com ,"Advanced Nitrox, Deco Procedures, Trimix Diver, Tech 1, Cave 1","Regulator, BCD, Dive Computer","Nitrox, Trimix",Dive Shop,"Shark Cave, 3 Wrecks, Roe Reef, Crystal Palace, Swirl Reef, Ammo Jetty, Bulk Jetty, Robbs Jetty, Kwinana Grain Terminal, Hall Bank",,,
Buddy Dive,"Kaya Gob. N. Debrot 85, Kralendijk",https://www.buddydive.com/,Kralendijk,Bonaire,Bonaire,Caribbean, +599 717 5080 , info@buddydive.com ,"Open Water Diver, Scuba Diver, Advanced Open Water Diver, Rescue Diver, Deep Diver, Enriched Air Nitrox, Wreck Diver, Night Diver, Underwater Navigator, Divemaster, Open Water Scuba Instructor, Master Scuba Diver Trainer, Course Director, Discover Scuba Diving, Junior Open Water Diver","Wetsuit, Regulator, Fins, Mask, BCD, Snorkel",Nitrox,Dive Shop,"1000 Steps, Bonaire Island, Buddy’s Reef, Hilma Hooker",,,
Bulles Plongée Palavas,"23 Route de Maguelone, 34250 Palavas-les-Flots",https://www.bullesplongee.com,Palavas-les-Flots,Occitanie,France,Europe, +33 6 63 09 99 72 , info@bullesplongee.com ,"Open Water Diver, Advanced Open Water Diver, Rescue Diver, Deep Diver, Wreck Diver, Enriched Air Nitrox, Night Diver, Underwater Navigator, Dry Suit Diver, Divemaster, Divemaster / Assistant Instructor, Open Water Scuba Instructor, Master Scuba Diver Trainer, Course Director, Discover Scuba Diving, Junior Open Water Diver","Regulator, Wetsuit, BCD, Hood, Drysuit, Dive Computer",Nitrox,Dive Shop,,,Review - Offers dives but not listed dive sites,
Bunaken Oasis Dive Resort,"Liang Beach, Bunaken, Kec. Bunaken Kepulauan, Kota Manado, Sulawesi Utara, Indonesia",https://www.bunakenoasis.com/,Bunaken,North Sulawesi,Indonesia,Southeast Asia, +44 1926 421100 , user@domain.com ,"Open Water Diver, Advanced Open Water Diver, Advanced Adventurer, Rescue Diver, Stress & Rescue Diver, Deep Diver, Enriched Air Nitrox, Night Diver, Underwater Navigator, Discover Scuba Diving, Junior Open Water Diver","Wetsuit, Regulator, Fins, BCD, Dive Computer",Nitrox,"Dive Resort, Dive Shop","Bunaken, Bunaken National Marine Park North, Bunaken National Marine Park South",,,
Bunbury Dive,"8 Old Coast Road, Australind WA 6233, Australia",https://bunburydive.com.au/about/,Australind,Western Australia,Australia,Oceania,+61 0468 44 55 22, goodtimes@exclusivecruises.com.au ,"Discover Scuba Diving, Scuba Diver, Open Water Diver, Advanced Open Water Diver, Rescue Diver, Enriched Air Nitrox, Divemaster, Open Water Scuba Instructor","Snorkel, Fins, Mask, BCD",Nitrox,Dive Shop,,,Related to row 172 - Coastal Water Dive - Maybe - Site is broken though,
Cabañas on Clark's Cay,"Clark's Cay, Guanaja 34301, Bay Islands, Honduras",https://www.clarkscay.com/,Clark's Cay,Bay Islands,Honduras,Central America,+1 800-353-8953, reservations@clarkscay.com ,"Open Water Diver, Scuba Diver, Advanced Open Water Diver, Rescue Diver, Deep Diver, Enriched Air Nitrox, Wreck Diver, Night Diver, Underwater Navigator, Divemaster, Divemaster / Assistant Instructor, Open Water Scuba Instructor, Master Scuba Diver Trainer, Course Director, Discover Scuba Diving, Junior Open Water Diver, Try Scuba / Intro Scuba","Wetsuit, Regulator, Fins, Mask, BCD, Snorkel, Dive Computer",Nitrox,"Dive Shop, Dive Resort","Guanaja Bay Island, Black Rock Canyon, Tito’s Labyrinth, Black Rock Point, North East Bight, East End Cliff, Caldera del Diablo, George’s Cay, Hector’s Cay, Josh’s Cay, Brick Point, Black Rock, Guanaja Channel, Michael’s Rock, Sandbar Reef, Paradise Reef, Diana’s Wall, Bayman Drop, Eel Garden, Fantasy Reef, Thomas Reef, Tortuga Reef, Spayer Reef, Columbus Landing, Pure Ridge, Pine Ridge, Freshwater Bay, Indian Hill, Blue Hole, Blue Rock, West Peak, Caribbean Harbor, Denis’ Playground, Daniel’s Reef, Rainbow Reef, Jim’s Pleasure, Verde Reef, Gorgonian Wall, Captain’s Crack, Southwest Wall, Blacktip Shark Reef, Blacktip Slumberland",,Dive resort? - Review - Seems like another site like row 707,
Cabo Private Guide,"Plaza Nautica, Blvd. Paseo de la Marina 1, Centro, Marina, 23450 Cabo San Lucas, B.C.S., Mexico",https://caboprivateguide.com/,Cabo San Lucas,Baja California Sur,Mexico,North America,+52 624 160 9925, info@caboprivateguide.com ,"Open Water Diver, Discover Scuba Diving, Junior Open Water Diver","Wetsuit, Regulator, Fins, Mask, BCD, Snorkel",,Dive Shop,"Cabo Pulmo, Cabo Pulmo National Park, Cabo San Lucas Marine Reserve, Isla Cerralvo, La Paz",,,
Cabo Pulmo Beach Resort,"Camino Cabo Este, 23574 Cabo Pulmo, B.C.S., Mexico",https://www.cabopulmo.com/,Cabo Pulmo,Baja California Sur,Mexico,North America,1 16312 0, info@cabopulmo.com ,"Open Water Diver, Scuba Diver, Advanced Open Water Diver, Advanced Scuba Diver, Rescue Diver, Enriched Air Nitrox, Divemaster, Divemaster / Assistant Instructor, Discover Scuba Diving, Junior Open Water Diver, Try Scuba / Intro Scuba","Wetsuit, Regulator, Fins, Mask, BCD, Drysuit, Hood, Boots, Snorkel, Dive Computer","Nitrox, Trimix","Dive Resort, Dive Shop","El Vencedor Wreck, Elcantil, La Esperanza, El Islote, Outer Pulmo Cabo Reef, Lascasitas, Mermaid Beach, Lalobera, Losmorros, Elbajo",,,
Cabo Pulmo Diving,"RaMal a Cabo Pulmo, 23574 Cabo Pulmo, B.C.S., Mexico",https://cabopulmodiving.com/,Cabo Pulmo,Baja California Sur,Mexico,North America, +52 612 288 3890 , henri@cabopulmodiving.com ,"Scuba Diver, Discover Scuba Diving, Open Water Diver, Advanced Open Water Diver, Rescue Diver, Junior Open Water Diver, Deep Diver, Enriched Air Nitrox, Wreck Diver, Night Diver, Underwater Navigator, Marine Ecology, Divemaster, Divemaster / Assistant Instructor, Open Water Scuba Instructor, Master Scuba Diver Trainer, Course Director","BCD, Regulator, Snorkel","Hydrox, Nitrox",Dive Shop,"Cabo Pulmo, Cabo Pulmo National Park, El Bajo Seamount, El Islote, Los Islotes (Sea Lions), Los Morros, Sea of Cortez, Turks & Caicos, El Cantil, Mario's Reef, La Esperaza",,,
Cabo Pulmo Sport Center,"Acceso principal a la playa, 23570 Cabo Pulmo, B.C.S., Mexico",https://www.cabopulmosportcenter.com/,Cabo Pulmo,Baja California Sur,Mexico,North America,+52 624 157 9795, cabopulmosportcenter@gmail.com ,,,,Dive Shop,,,Only offers snorkeling,
Caen-Ouistreham Plongée,"Av. Albert Sorel, 14000 Caen, France",http://www.caen-ouistreham-plongee.org/,Ouistreham,Normandy,France,Europe, +33 2 31 50 10 25 , infos@caen-ouistreham-plongee.org ,"Open Water Diver, Open Water Scuba Diver, Scuba Diver, Discover Scuba Diving, Try Scuba / Intro Scuba, Introductory Scuba, Advanced Open Water Diver, Advanced Adventurer, Rescue Diver, Stress & Rescue Diver, Deep Diver, Enriched Air Nitrox, Wreck Diver, Night Diver, Underwater Navigator, Dry Suit Diver, Divemaster, Divemaster / Assistant Instructor, Open Water Scuba Instructor","Wetsuit, BCD, Regulator",Nitrox,Dive Shop,Baie de Seine,,Weird and Vague,
Caicos Adventures,"Providenciales, Turks & Caicos TKCA 1ZZ",https://www.caicosadventures.com/,Turks & Caicos,Islands,Turks and Caicos Islands,Caribbean, +1 649-941-3346 , divucrzy@tciway.tc ,"Open Water Diver, Scuba Diver, Discover Scuba Diving, Try Scuba / Intro Scuba, Introductory Scuba, Advanced Open Water Diver, Advanced Adventurer, Rescue Diver, Deep Diver, Enriched Air Nitrox, Wreck Diver, Night Diver, Underwater Navigator, Dry Suit Diver, Divemaster",Drysuit,Nitrox,Dive Shop,"Grace Bay, Grace Bay Reef, Turks & Caicos",,,
Calico Jack Liveaboard,Jalan Lebak Bulus 1 N 39,https://www.calicojackcharters.com/,,,Indonesia,Southeast Asia,+62 813-3932-5544, calicojackbookings@gmail.com ,"Open Water Diver, Open Water Scuba Diver, Discover Scuba Diving, Try Scuba / Intro Scuba, Advanced Open Water Diver, Advanced Adventurer, Rescue Diver, Deep Diver, Night Diver, Underwater Navigator, Divemaster","Tanks, Regulator, BCD, Wetsuit, Flashlight, Dive Computer, Fins, Mask",Nitrox,Liveaboard,"Komodo, Raja Ampat, Cenderawasih Bay, Banda Sea",,***,
California Scuba Center,"510 Shaw Ave, Clovis, CA 93612",https://www.cascubacenter.com/,Clovis,California,United States,North America, +1 559-512-8727 , info@cascubacenter.com ,"Discover Scuba Diving, Try Scuba / Intro Scuba, Advanced Open Water Diver, Advanced Adventurer, Rescue Diver","Wetsuit, Regulator, Drysuit, Dive Computer, Mask, Fins, BCD, Snorkel",,Dive Shop,"Destination Diving, North Bali, Saba Coral Nursery, South Bali, Sulawesi",,,
Camel Dive Club & Hotel,"Centre of Na'ama Bay, Sharm El Sheikh, South Sinai, Egypt",https://www.cameldive.com/,Naama Bay,South Sinai,Egypt,Northern Africa, +20 69 3600700 , info@cameldive.com ,"Try Scuba / Intro Scuba, Open Water Diver, Scuba Diver, Wreck Diver, Advanced Adventurer, Stress & Rescue Diver, Deep Diver, Enriched Air Nitrox, Divemaster, Discover Scuba Diving, Introductory Scuba","Wetsuit, Regulator, Fins, Mask, BCD, Snorkel, Dive Computer",Nitrox,"Dive Shop, Dive Resort","Ras Ghozlani, Marsa Bareika, Ras Zaatar, Jackfish Alley, Eel Garden, Shark Observatory, Anemone City, Shark Reef, Yolanda Reef and Wreck, Ras Nasrani, Ras Ghamila, Gordon Reef, Thomas Reef, Woodhouse Reef, Laguna Reef, Jackson Reef, Ras Katy, Temple, Ras Umm Sid, Paradise, Turtle Bay, Amphoras, Pinky’s Wall, Tower, Near Garden, Middle Garden, Far Garden, Eagle Ray Bay, Sharks Bay, White Knight, Ras Bob, Dunraven, Thistlegorm, Kormoran, Million Hope, Canyon, Blue Hole",,,
Cancun Diving Adventures,"Centro across from Javi's Cantina, Av Juárez 13, Centro, 77400 Isla Mujeres, Quintana Roo, Mexico",https://www.cancundivingadventures.com/,Cancún,Quintana Roo,Mexico,North America, +1 352-825-8040 , info@cancundivingadventures.com ,,,Nitrox,Dive Shop,"C-55 Mine Sweeper Shipwreck, Cancun, Cozumel, Isla Mujeres, MUSA Underwater Museum, Riviera Maya Cenotes, Yucab Reef (Cozumel)",,,
Cancun Scuba Center,"Quetzal 77510, Punta Cancun, Zona Hotelera, 77500 Cancún, Quintana Roo, Mexico",https://cancunscubacenter.com/,Cancún,Quintana Roo,Mexico,North America, +52 998 845 0977 , operations@cancunscubacenter.com ,"Open Water Diver, Open Water Scuba Diver, Discover Scuba Diving, Try Scuba / Intro Scuba, Advanced Open Water Diver, Advanced Adventurer, Rescue Diver, Divemaster, Wreck Diver, Deep Diver","Wetsuit, Regulator, Fins, Mask, BCD, Boots, Snorkel",Nitrox,Dive Shop,"Punta Negra, La Herradura, El Túnel, Chintales, La Boya de los Locos, Cañonero C-58, El Grampin, Cueva de los Tiburones Dormidos, Manchones Grande, Bandera, Santo Remedio, Aristos, El Meco, La Iglesia, San Toribio, Las Cuevas de Afuera, Cuevones, Punta Sur, MUSA (Underwater museum), Manchones Chico, Ultra Freeze, San Martín, El Bajito, Ginas",,,
Cane Bay Dive Shop,"2 Strand Street, Frederiksted, VI 00840",https://canebayscuba.com,St. Croix,St. Croix,U.S. Virgin Islands,Caribbean, +1 340-718-9913 , info@canebayscuba.com ,"Open Water Diver, Enriched Air Nitrox, Advanced Adventurer, Rescue Diver, Discover Scuba Diving, Dry Suit Diver, Advanced Open Water Diver, Divemaster","Wetsuit, Regulator, Gloves, BCD, Drysuit, Hood, Fins, Mask, Snorkel, Boots",Nitrox,Dive Shop,"Butler Bay, Butler Bay Deep Wrecks, Butler Bay Shallow Wrecks, The Frederiksted Pier, St. Croix Wall, St. Croix",,,
Cap Cerbère,"Route d'Espagne, 66290 Cerbère, France",https://www.plongee-cap-cerbere.com,Cerbère,Pyrénées-Orientales,France,Europe,+33 4.68.88.41.00, capcerbere@gmail.com ,"Open Water Diver, Advanced Adventurer, Advanced Open Water Diver, Wreck Diver, Deep Diver, Enriched Air Nitrox, Night Diver, Underwater Navigator, Dry Suit Diver, Marine Ecology, Divemaster, Divemaster / Assistant Instructor, Open Water Scuba Instructor, Try Scuba / Intro Scuba","BCD, Drysuit, Mask, Regulator",Nitrox,Dive Shop,"The Pyrenees, the Cerbère-Banyuls marine reserve, the Canadells, Cerbère capes, Cape Falco, Cape l'Ocell, Cape Creus, Catalan Mediterranean seabed",,,
CAP Trébeurden,"54 Corniche de Goas Treiz, 22560 Trébeurden",https://cap-trebeurden.com,Trébeurden,Côtes-d'Armor,France,Europe,+33 2 96 23 66 71, infocap@cap-trebeurden.com ,"Open Water Diver, Discover Scuba Diving, Advanced Open Water Diver, Rescue Diver, Deep Diver, Enriched Air Nitrox, Wreck Diver, Night Diver, Underwater Navigator, Dry Suit Diver, Divemaster","Wetsuit, Regulator, BCD, Hood, Mask, Drysuit",Nitrox,Dive Shop,"Anse De Millau, Ar Goredec, Grotte A Tacauds, Cale De Millau, Anse Des Pirates, Roche Aux Serpents, La Grange, Basse Anamer, Le Pic Nord, Les Peignes, Le Four, Plateau Des Triagoz, Bar Ar Gall, Ar Veskleg, Molène Quest, Dialette Sud, Dialette Nord",,,
Capo Galera Diving Center,"Loc. Capo Galera, 07041 Alghero, Italy",https://www.capogalera.com/,Alghero,Sassari,Italy,Europe, +39 347 700 0052 , capogalera@capogalera.com ,"Open Water Diver, Scuba Diver, Open Water Scuba Diver, Discover Scuba Diving, Try Scuba / Intro Scuba, Introductory Scuba, Advanced Open Water Diver, Advanced Adventurer, Rescue Diver, Open Water 20, Deep Diver, Enriched Air Nitrox, Night Diver, Wreck Diver, Underwater Navigator, Divemaster, Advanced Nitrox, Trimix Diver","Snorkel, Regulator, BCD, Fins, Wetsuit, Mask",Nitrox,Dive Shop,"Grotta delle Spigole, Grotta di Falco, Grotta delle Stalattiti, Grotta dei Fantasmi, Grotta dei Cervi, Grotta del Pozzo, La Bramassa, Grotta della Madonnina, Le Gorgonie, Grotta di Nereo, Il Canyon delle Gorgonie, Il Tunnel, Grotta del Cabirol, Punta Timone, Dolmen, Il Porticato, Scoglio d’Inferno, Belvedere, Cala Puntetta, Cala Barca, Grotta della Luce",,,
Captain Hook's Dive Center,"11833 Overseas Hwy, Marathon, FL 33050",https://captainhooks.com/,Marathon,Florida,United States,North America,+1 305-743-2444, bookhooks@captainhooks.com ,Medical Training In Austere Conditions,"Wetsuit, Regulator, Fins, Mask, BCD, Dive Computer, Snorkel, Boots",Nitrox,Dive Shop,"Adolphus Busch Sr., Bloody Bay Wall, Cayman Salvage, Fiji Islands, Jackson’s Bight, Little Cayman Beach, Looe Key, Maldives, Thunderbolt, USNS General Hoyt S. Vandenberg",,,
Captain Mike Diving Services,"530 City Island Ave, Bronx, NY 10464, United States",https://www.captainmikesdiving.com/,Riverhead,New York,United States,North America,+1 (718) 885-1588, mike@captainmikesdiving.com ,"Open Water Diver, Advanced Open Water Diver, Rescue Diver, Deep Diver, Wreck Diver, Night Diver, Underwater Navigator, Divemaster, Open Water Scuba Instructor, Master Scuba Diver Trainer, Discover Scuba Diving, Junior Open Water Diver","Wetsuit, Regulator, Fins, Mask, BCD, Snorkel, Dive Computer",Nitrox,Dive Shop,,,Site offers Certs and Equipment Services ,
Captain Slate's Scuba Adventures,"90791 Old Hwy, Tavernier, FL 33070, United States",https://captainslate.com/,Key Largo,Florida,United States,North America,+1 305-451-3020, captainslate@captainslate.com ,,"Snorkel, Mask, Fins",,Dive Shop,"Eagle Wreck, USCGC Duane, USS Spiegel Grove",,,
Captain Corner Dive Center,"125 Ann St, Key West, FL 33040, United States",https://www.captainscorner.com/,Key West,Florida,United States,North America,+1 305-296-8865, info@captainscorner.com ,"Open Water Diver, Advanced Open Water Diver, Rescue Diver, Night Diver, Divemaster, Discover Scuba Diving, Junior Open Water Diver","Wetsuit, Regulator, Mask, BCD, Snorkel",,Dive Shop,"Cayman Salvage, Florida Keys, USNS General Hoyt S. Vandenberg",,,
Explorer Ventures Diving Fleet,"Explorer Ventures, PO Box 310, Mills, WY 82644, USA",https://www.explorerventures.com/,Saba,Caribbean Netherlands,Saba,Caribbean,+1 307-235-0683, info@explorerventures.com ,"Open Water Diver, Advanced Open Water Diver, Rescue Diver, Deep Diver, Wreck Diver, Night Diver, Underwater Navigator, Dry Suit Diver, Divemaster, Open Water 20, Open Water Scuba Instructor, Master Scuba Diver Trainer, Course Director, Discover Scuba Diving, Junior Open Water Diver","Wetsuit, Regulator, Fins, Mask, BCD, Snorkel, Dive Computer",Nitrox,Liveaboard,"Abu Nuhas / Carnatic, Abu Nuhas / Chrisoula K, Abu Nuhas / Giannis D, Addu, Addu Kandu, Alor, Banda Sea, Blue Corner, Blue Holes, Brothers Islands, Chandelier Cave, Daedalus Reef, Dahab, Dhigurah Beyru, Dhonfanu Thila, East of Flores, Elphinstone, Fotteyo Kandu, French Cay, Fury Shoals - Abu Galawa Soraya, Fury Shoals - Malahi, Fury Shoals - Sataya, Fury Shoals - Sha’ab Claudio, Fuvahmulah, Fuvahmulah Atoll, Galapagos Islands, German, Grand Turk, Halmahera, Hanifaru, Hanifaru Bay, Huvadhoo, Huvhadoo, Kakaban Jellyfish Lake, Kandooma Thila, Komodo, Kudarah Thila, Kuredu Express, Maaya Thila, Maratua, Misool, Miyaru Kandu, Mulaku Kandu, Ngemelis Drop-Off, Palau, Peleliu Express, Raja Ampat, Ras Mohammed with Yolanda Reef, Rocky Island, SS Thistlegorm, Saba Coral Nursery, Sangalaki Manta Point, Siaes Tunnel, Sint Eustatius, South Caicos, St. John’s, St. Kitts, St. Maarten, Straits of Tiran - Gordon, Straits of Tiran - Jackson, Straits of Tiran - Thomas, Straits of Tiran - Woodhouse, Sulawesi, Triton Bay, Turtle Cove, Ulong, West Sand Spit, Zabargad Island, Dhonfanu Thila, Mulaku Kandu",,This one has Liveaboards around the world. Need to modify locations.,
Explorer Ventures Diving Fleet,"Explorer Ventures, PO Box 310, Mills, WY 82644, USA",https://www.explorerventures.com/,St. Kitts,Saint George Basseterre,Saint Kitts and Nevis,Caribbean,+1 307-235-0683, info@explorerventures.com ,"Open Water Diver, Advanced Open Water Diver, Rescue Diver, Deep Diver, Wreck Diver, Night Diver, Underwater Navigator, Dry Suit Diver, Divemaster, Open Water 20, Open Water Scuba Instructor, Master Scuba Diver Trainer, Course Director, Discover Scuba Diving, Junior Open Water Diver","Wetsuit, Regulator, Fins, Mask, BCD, Snorkel, Dive Computer",Nitrox,Liveaboard,"Abu Nuhas / Carnatic, Abu Nuhas / Chrisoula K, Abu Nuhas / Giannis D, Addu, Addu Kandu, Alor, Banda Sea, Blue Corner, Blue Holes, Brothers Islands, Chandelier Cave, Daedalus Reef, Dahab, Dhigurah Beyru, Dhonfanu Thila, East of Flores, Elphinstone, Fotteyo Kandu, French Cay, Fury Shoals - Abu Galawa Soraya, Fury Shoals - Malahi, Fury Shoals - Sataya, Fury Shoals - Sha’ab Claudio, Fuvahmulah, Fuvahmulah Atoll, Galapagos Islands, German, Grand Turk, Halmahera, Hanifaru, Hanifaru Bay, Huvadhoo, Huvhadoo, Kakaban Jellyfish Lake, Kandooma Thila, Komodo, Kudarah Thila, Kuredu Express, Maaya Thila, Maratua, Misool, Miyaru Kandu, Mulaku Kandu, Ngemelis Drop-Off, Palau, Peleliu Express, Raja Ampat, Ras Mohammed with Yolanda Reef, Rocky Island, SS Thistlegorm, Saba Coral Nursery, Sangalaki Manta Point, Siaes Tunnel, Sint Eustatius, South Caicos, St. John’s, St. Kitts, St. Maarten, Straits of Tiran - Gordon, Straits of Tiran - Jackson, Straits of Tiran - Thomas, Straits of Tiran - Woodhouse, Sulawesi, Triton Bay, Turtle Cove, Ulong, West Sand Spit, Zabargad Island, Dhonfanu Thila, Mulaku Kandu",,,
Explorer Ventures Diving Fleet,"Explorer Ventures, PO Box 310, Mills, WY 82644, USA",https://www.explorerventures.com/,Turks & Caicos,Providenciales,Turks and Caicos Islands,Caribbean,+1 307-235-0683, info@explorerventures.com ,"Open Water Diver, Advanced Open Water Diver, Rescue Diver, Deep Diver, Wreck Diver, Night Diver, Underwater Navigator, Dry Suit Diver, Divemaster, Open Water 20, Open Water Scuba Instructor, Master Scuba Diver Trainer, Course Director, Discover Scuba Diving, Junior Open Water Diver","Wetsuit, Regulator, Fins, Mask, BCD, Snorkel, Dive Computer",Nitrox,Liveaboard,"Abu Nuhas / Carnatic, Abu Nuhas / Chrisoula K, Abu Nuhas / Giannis D, Addu, Addu Kandu, Alor, Banda Sea, Blue Corner, Blue Holes, Brothers Islands, Chandelier Cave, Daedalus Reef, Dahab, Dhigurah Beyru, Dhonfanu Thila, East of Flores, Elphinstone, Fotteyo Kandu, French Cay, Fury Shoals - Abu Galawa Soraya, Fury Shoals - Malahi, Fury Shoals - Sataya, Fury Shoals - Sha’ab Claudio, Fuvahmulah, Fuvahmulah Atoll, Galapagos Islands, German, Grand Turk, Halmahera, Hanifaru, Hanifaru Bay, Huvadhoo, Huvhadoo, Kakaban Jellyfish Lake, Kandooma Thila, Komodo, Kudarah Thila, Kuredu Express, Maaya Thila, Maratua, Misool, Miyaru Kandu, Mulaku Kandu, Ngemelis Drop-Off, Palau, Peleliu Express, Raja Ampat, Ras Mohammed with Yolanda Reef, Rocky Island, SS Thistlegorm, Saba Coral Nursery, Sangalaki Manta Point, Siaes Tunnel, Sint Eustatius, South Caicos, St. John’s, St. Kitts, St. Maarten, Straits of Tiran - Gordon, Straits of Tiran - Jackson, Straits of Tiran - Thomas, Straits of Tiran - Woodhouse, Sulawesi, Triton Bay, Turtle Cove, Ulong, West Sand Spit, Zabargad Island, Dhonfanu Thila, Mulaku Kandu",,,
Explorer Ventures Diving Fleet,"Explorer Ventures, PO Box 310, Mills, WY 82644, USA",https://www.explorerventures.com/,Palau,Koror,Micronesia,Pacific Islands,+1 307-235-0683, info@explorerventures.com ,"Open Water Diver, Advanced Open Water Diver, Rescue Diver, Deep Diver, Wreck Diver, Night Diver, Underwater Navigator, Dry Suit Diver, Divemaster, Open Water 20, Open Water Scuba Instructor, Master Scuba Diver Trainer, Course Director, Discover Scuba Diving, Junior Open Water Diver","Wetsuit, Regulator, Fins, Mask, BCD, Snorkel, Dive Computer",Nitrox,Liveaboard,"Abu Nuhas / Carnatic, Abu Nuhas / Chrisoula K, Abu Nuhas / Giannis D, Addu, Addu Kandu, Alor, Banda Sea, Blue Corner, Blue Holes, Brothers Islands, Chandelier Cave, Daedalus Reef, Dahab, Dhigurah Beyru, Dhonfanu Thila, East of Flores, Elphinstone, Fotteyo Kandu, French Cay, Fury Shoals - Abu Galawa Soraya, Fury Shoals - Malahi, Fury Shoals - Sataya, Fury Shoals - Sha’ab Claudio, Fuvahmulah, Fuvahmulah Atoll, Galapagos Islands, German, Grand Turk, Halmahera, Hanifaru, Hanifaru Bay, Huvadhoo, Huvhadoo, Kakaban Jellyfish Lake, Kandooma Thila, Komodo, Kudarah Thila, Kuredu Express, Maaya Thila, Maratua, Misool, Miyaru Kandu, Mulaku Kandu, Ngemelis Drop-Off, Palau, Peleliu Express, Raja Ampat, Ras Mohammed with Yolanda Reef, Rocky Island, SS Thistlegorm, Saba Coral Nursery, Sangalaki Manta Point, Siaes Tunnel, Sint Eustatius, South Caicos, St. John’s, St. Kitts, St. Maarten, Straits of Tiran - Gordon, Straits of Tiran - Jackson, Straits of Tiran - Thomas, Straits of Tiran - Woodhouse, Sulawesi, Triton Bay, Turtle Cove, Ulong, West Sand Spit, Zabargad Island, Dhonfanu Thila, Mulaku Kandu",,,
Explorer Ventures Diving Fleet,"Explorer Ventures, PO Box 310, Mills, WY 82644, USA",https://www.explorerventures.com/,Galapagos,Galapagos Province,Ecuador,South America,+1 307-235-0683, info@explorerventures.com ,"Open Water Diver, Advanced Open Water Diver, Rescue Diver, Deep Diver, Wreck Diver, Night Diver, Underwater Navigator, Dry Suit Diver, Divemaster, Open Water 20, Open Water Scuba Instructor, Master Scuba Diver Trainer, Course Director, Discover Scuba Diving, Junior Open Water Diver","Wetsuit, Regulator, Fins, Mask, BCD, Snorkel, Dive Computer",Nitrox,Liveaboard,"Abu Nuhas / Carnatic, Abu Nuhas / Chrisoula K, Abu Nuhas / Giannis D, Addu, Addu Kandu, Alor, Banda Sea, Blue Corner, Blue Holes, Brothers Islands, Chandelier Cave, Daedalus Reef, Dahab, Dhigurah Beyru, Dhonfanu Thila, East of Flores, Elphinstone, Fotteyo Kandu, French Cay, Fury Shoals - Abu Galawa Soraya, Fury Shoals - Malahi, Fury Shoals - Sataya, Fury Shoals - Sha’ab Claudio, Fuvahmulah, Fuvahmulah Atoll, Galapagos Islands, German, Grand Turk, Halmahera, Hanifaru, Hanifaru Bay, Huvadhoo, Huvhadoo, Kakaban Jellyfish Lake, Kandooma Thila, Komodo, Kudarah Thila, Kuredu Express, Maaya Thila, Maratua, Misool, Miyaru Kandu, Mulaku Kandu, Ngemelis Drop-Off, Palau, Peleliu Express, Raja Ampat, Ras Mohammed with Yolanda Reef, Rocky Island, SS Thistlegorm, Saba Coral Nursery, Sangalaki Manta Point, Siaes Tunnel, Sint Eustatius, South Caicos, St. John’s, St. Kitts, St. Maarten, Straits of Tiran - Gordon, Straits of Tiran - Jackson, Straits of Tiran - Thomas, Straits of Tiran - Woodhouse, Sulawesi, Triton Bay, Turtle Cove, Ulong, West Sand Spit, Zabargad Island, Dhonfanu Thila, Mulaku Kandu",,,
Explorer Ventures Diving Fleet,"Explorer Ventures, PO Box 310, Mills, WY 82644, USA",https://www.explorerventures.com/,Maldives,Kaafu Atoll,Maldives,South Asia,+1 307-235-0683, info@explorerventures.com ,"Open Water Diver, Advanced Open Water Diver, Rescue Diver, Deep Diver, Wreck Diver, Night Diver, Underwater Navigator, Dry Suit Diver, Divemaster, Open Water 20, Open Water Scuba Instructor, Master Scuba Diver Trainer, Course Director, Discover Scuba Diving, Junior Open Water Diver","Wetsuit, Regulator, Fins, Mask, BCD, Snorkel, Dive Computer",Nitrox,Liveaboard,"Abu Nuhas / Carnatic, Abu Nuhas / Chrisoula K, Abu Nuhas / Giannis D, Addu, Addu Kandu, Alor, Banda Sea, Blue Corner, Blue Holes, Brothers Islands, Chandelier Cave, Daedalus Reef, Dahab, Dhigurah Beyru, Dhonfanu Thila, East of Flores, Elphinstone, Fotteyo Kandu, French Cay, Fury Shoals - Abu Galawa Soraya, Fury Shoals - Malahi, Fury Shoals - Sataya, Fury Shoals - Sha’ab Claudio, Fuvahmulah, Fuvahmulah Atoll, Galapagos Islands, German, Grand Turk, Halmahera, Hanifaru, Hanifaru Bay, Huvadhoo, Huvhadoo, Kakaban Jellyfish Lake, Kandooma Thila, Komodo, Kudarah Thila, Kuredu Express, Maaya Thila, Maratua, Misool, Miyaru Kandu, Mulaku Kandu, Ngemelis Drop-Off, Palau, Peleliu Express, Raja Ampat, Ras Mohammed with Yolanda Reef, Rocky Island, SS Thistlegorm, Saba Coral Nursery, Sangalaki Manta Point, Siaes Tunnel, Sint Eustatius, South Caicos, St. John’s, St. Kitts, St. Maarten, Straits of Tiran - Gordon, Straits of Tiran - Jackson, Straits of Tiran - Thomas, Straits of Tiran - Woodhouse, Sulawesi, Triton Bay, Turtle Cove, Ulong, West Sand Spit, Zabargad Island, Dhonfanu Thila, Mulaku Kandu",,,
Explorer Ventures Diving Fleet,"Explorer Ventures, PO Box 310, Mills, WY 82644, USA",https://www.explorerventures.com/,Red Sea,South Sinai,Egypt,Northern Africa,+1 307-235-0683, info@explorerventures.com ,"Open Water Diver, Advanced Open Water Diver, Rescue Diver, Deep Diver, Wreck Diver, Night Diver, Underwater Navigator, Dry Suit Diver, Divemaster, Open Water 20, Open Water Scuba Instructor, Master Scuba Diver Trainer, Course Director, Discover Scuba Diving, Junior Open Water Diver","Wetsuit, Regulator, Fins, Mask, BCD, Snorkel, Dive Computer",Nitrox,Liveaboard,"Abu Nuhas / Carnatic, Abu Nuhas / Chrisoula K, Abu Nuhas / Giannis D, Addu, Addu Kandu, Alor, Banda Sea, Blue Corner, Blue Holes, Brothers Islands, Chandelier Cave, Daedalus Reef, Dahab, Dhigurah Beyru, Dhonfanu Thila, East of Flores, Elphinstone, Fotteyo Kandu, French Cay, Fury Shoals - Abu Galawa Soraya, Fury Shoals - Malahi, Fury Shoals - Sataya, Fury Shoals - Sha’ab Claudio, Fuvahmulah, Fuvahmulah Atoll, Galapagos Islands, German, Grand Turk, Halmahera, Hanifaru, Hanifaru Bay, Huvadhoo, Huvhadoo, Kakaban Jellyfish Lake, Kandooma Thila, Komodo, Kudarah Thila, Kuredu Express, Maaya Thila, Maratua, Misool, Miyaru Kandu, Mulaku Kandu, Ngemelis Drop-Off, Palau, Peleliu Express, Raja Ampat, Ras Mohammed with Yolanda Reef, Rocky Island, SS Thistlegorm, Saba Coral Nursery, Sangalaki Manta Point, Siaes Tunnel, Sint Eustatius, South Caicos, St. John’s, St. Kitts, St. Maarten, Straits of Tiran - Gordon, Straits of Tiran - Jackson, Straits of Tiran - Thomas, Straits of Tiran - Woodhouse, Sulawesi, Triton Bay, Turtle Cove, Ulong, West Sand Spit, Zabargad Island, Dhonfanu Thila, Mulaku Kandu",,,
Explorer Ventures Diving Fleet,"Explorer Ventures, PO Box 310, Mills, WY 82644, USA",https://www.explorerventures.com/,Indonesia,Bali,Indonesia,Southeast Asia,+1 307-235-0683, info@explorerventures.com ,"Open Water Diver, Advanced Open Water Diver, Rescue Diver, Deep Diver, Wreck Diver, Night Diver, Underwater Navigator, Dry Suit Diver, Divemaster, Open Water 20, Open Water Scuba Instructor, Master Scuba Diver Trainer, Course Director, Discover Scuba Diving, Junior Open Water Diver","Wetsuit, Regulator, Fins, Mask, BCD, Snorkel, Dive Computer",Nitrox,Liveaboard,"Abu Nuhas / Carnatic, Abu Nuhas / Chrisoula K, Abu Nuhas / Giannis D, Addu, Addu Kandu, Alor, Banda Sea, Blue Corner, Blue Holes, Brothers Islands, Chandelier Cave, Daedalus Reef, Dahab, Dhigurah Beyru, Dhonfanu Thila, East of Flores, Elphinstone, Fotteyo Kandu, French Cay, Fury Shoals - Abu Galawa Soraya, Fury Shoals - Malahi, Fury Shoals - Sataya, Fury Shoals - Sha’ab Claudio, Fuvahmulah, Fuvahmulah Atoll, Galapagos Islands, German, Grand Turk, Halmahera, Hanifaru, Hanifaru Bay, Huvadhoo, Huvhadoo, Kakaban Jellyfish Lake, Kandooma Thila, Komodo, Kudarah Thila, Kuredu Express, Maaya Thila, Maratua, Misool, Miyaru Kandu, Mulaku Kandu, Ngemelis Drop-Off, Palau, Peleliu Express, Raja Ampat, Ras Mohammed with Yolanda Reef, Rocky Island, SS Thistlegorm, Saba Coral Nursery, Sangalaki Manta Point, Siaes Tunnel, Sint Eustatius, South Caicos, St. John’s, St. Kitts, St. Maarten, Straits of Tiran - Gordon, Straits of Tiran - Jackson, Straits of Tiran - Thomas, Straits of Tiran - Woodhouse, Sulawesi, Triton Bay, Turtle Cove, Ulong, West Sand Spit, Zabargad Island, Dhonfanu Thila, Mulaku Kandu",,,
Explorer Ventures Diving Fleet,"Explorer Ventures, PO Box 310, Mills, WY 82644, USA",https://www.explorerventures.com/,Silver Bank,Puerto Plata,,Caribbean,+1 307-235-0683, info@explorerventures.com ,"Open Water Diver, Advanced Open Water Diver, Rescue Diver, Deep Diver, Wreck Diver, Night Diver, Underwater Navigator, Dry Suit Diver, Divemaster, Open Water 20, Open Water Scuba Instructor, Master Scuba Diver Trainer, Course Director, Discover Scuba Diving, Junior Open Water Diver","Wetsuit, Regulator, Fins, Mask, BCD, Snorkel, Dive Computer",Nitrox,Liveaboard,"Abu Nuhas / Carnatic, Abu Nuhas / Chrisoula K, Abu Nuhas / Giannis D, Addu, Addu Kandu, Alor, Banda Sea, Blue Corner, Blue Holes, Brothers Islands, Chandelier Cave, Daedalus Reef, Dahab, Dhigurah Beyru, Dhonfanu Thila, East of Flores, Elphinstone, Fotteyo Kandu, French Cay, Fury Shoals - Abu Galawa Soraya, Fury Shoals - Malahi, Fury Shoals - Sataya, Fury Shoals - Sha’ab Claudio, Fuvahmulah, Fuvahmulah Atoll, Galapagos Islands, German, Grand Turk, Halmahera, Hanifaru, Hanifaru Bay, Huvadhoo, Huvhadoo, Kakaban Jellyfish Lake, Kandooma Thila, Komodo, Kudarah Thila, Kuredu Express, Maaya Thila, Maratua, Misool, Miyaru Kandu, Mulaku Kandu, Ngemelis Drop-Off, Palau, Peleliu Express, Raja Ampat, Ras Mohammed with Yolanda Reef, Rocky Island, SS Thistlegorm, Saba Coral Nursery, Sangalaki Manta Point, Siaes Tunnel, Sint Eustatius, South Caicos, St. John’s, St. Kitts, St. Maarten, Straits of Tiran - Gordon, Straits of Tiran - Jackson, Straits of Tiran - Thomas, Straits of Tiran - Woodhouse, Sulawesi, Triton Bay, Turtle Cove, Ulong, West Sand Spit, Zabargad Island, Dhonfanu Thila, Mulaku Kandu",,,
Carlo Scuba Diving Center,"Cam. Escenico a Playa Las Gatas, Playa las Gatas, 40895 Zihuatanejo, Gro., Mexico",https://www.carloscuba.com/,Playa las Gatas,Zihuatanejo,Mexico,North America, +52 755 115 1779 , carloscuba@yahoo.com ,"Open Water Diver, Advanced Open Water Diver, Rescue Diver, Deep Diver, Wreck Diver, Night Diver, Underwater Navigator, Dry Suit Diver, Divemaster, Discover Scuba Diving, Junior Open Water Diver",,,Dive Shop,"El Pretil, El Pango, El Faro, La Caleta del Chon, La Piedra Solitaria, El Yunque, Manzanillo, Godornia, San Esteban, El Tigre, Sacramento (shallow), Sacramento (deep), El Chato, Zacatoso, Torrecillas, Los Morros de Potosí",,,
Carpe Diem Maldives Cruises,"Carpe Diem Maldives Pvt. Ltd., H. Coalfield 1st Floor/B, Kalhuhuraa Magu, Malé 20085, Maldives",https://www.carpediemmaldives-cruises.com/,Malé,NJ,Maldives,South Asia, +1 732-288-6721 , info@carpediemMaldives-cruises.com ,"Advanced Nitrox, Deco Procedures, Trimix Diver, Tech 1, Cave 1","Regulator, BCD, Dive Computer","Nitrox, Trimix",Liveaboard,"Addu, Baa, Fuvahmulah, Gaafu Dhaalu, Hanifaru, Huvhadoo, Laamu, Lhaviyani, Meemu, Noonu, North Ari, North Male, Raa, Rasdhoo, Salmedina Underwater Island and Light Tower, Shaviyani, South Ari, South Male, Thaa, Vaavu",,,
Cartagena Divers,"Carrera 20A #24A-16, Barrio Manga, Cartagena",http://www.cartagenadivers.com/,Cartagena,Bolívar,Colombia,South America, +57 312 6199370 , diverscartagena@gmail.com ,"Open Water Diver, Open Water Scuba Diver, One Star Diver (★), Open Water 20, Advanced Adventurer, Two Star Diver (★★), Advanced 35, Stress & Rescue Diver, Three Star Diver (★★★), Enriched Air Nitrox, Divemaster, Advanced Nitrox, Deco Procedures, Trimix Diver, Junior Open Water Diver, Try Scuba / Intro Scuba, Introductory Scuba","Wetsuit, Regulator, Fins, Mask, BCD, Snorkel","Nitrox, Trimix",Dive Shop,"Baru Island, Salmedina Underwater Island and Light Tower",,,
Catalina Divers Supply,"1 Casino Way, Avalon, CA 90704",https://www.catalinadiverssupply.com/,Avalon,California,United States,North America, +1 310-510-0330 , info@CatalinaDiversSupply.com ,"Open Water Diver, Advanced Open Water Diver, Rescue Diver, Deep Diver, Wreck Diver, Enriched Air Nitrox, Night Diver, Underwater Navigator, Dry Suit Diver, Divemaster, Divemaster / Assistant Instructor, Open Water Scuba Instructor, Master Scuba Diver Trainer, Course Director, Discover Scuba Diving, Junior Open Water Diver","Regulator, Wetsuit, BCD, Hood, Drysuit, Dive Computer",Nitrox,Dive Shop,,,Same site as below,
Catalina Divers Supply,"1 Casino Way, Avalon, CA 90704, United States",https://catalinadiveshop.com/,Avalon,California,United States,North America, +1 310-510-0330 , info@CatalinaDiversSupply.com ,"Open Water Diver, Advanced Open Water Diver, Advanced Adventurer, Rescue Diver, Stress & Rescue Diver, Deep Diver, Enriched Air Nitrox, Night Diver, Underwater Navigator, Discover Scuba Diving, Junior Open Water Diver","Wetsuit, Regulator, Fins, BCD, Dive Computer",Nitrox,Dive Shop,"Catalina Island, Catalina Island - Casino Point Dive Park",,,
Cave Country Dive Shop,"19808 NW US Hwy 441, High Springs, FL 32643, United States",https://www.cavecountrydiving.com/,High Springs,Florida,United States,North America, +1 386-454-4444 , user@domain.com ,"Discover Scuba Diving, Scuba Diver, Open Water Diver, Advanced Open Water Diver, Rescue Diver, Enriched Air Nitrox, Divemaster, Open Water Scuba Instructor","Snorkel, Fins, Mask, BCD",Nitrox,Dive Shop,"Blue Grotto, Devil’s Den, Ginnie Springs - Devil’s Eye/Devil’s Ear, Wes Skiles Peacock Springs, Little River, Cow Springs, Madison, Manatee, Leon Sinks, Hart Springs, Emerald Sink, Telford, Eagles Nest, Buford, Royal Spring, Troy Spring",,,
Cayman Turtle Divers,"1428A West Bay Road, Trafalgar #C2, KY1-1207, Cayman Islands",https://www.caymanturtledivers.com/,Grand Cayman,Grand Cayman,Cayman Islands,Caribbean, +1 345-938-0184 , info@caymanturtledivers.com ,"Open Water Diver, Scuba Diver, Advanced Open Water Diver, Rescue Diver, Deep Diver, Enriched Air Nitrox, Wreck Diver, Night Diver, Underwater Navigator, Divemaster, Divemaster / Assistant Instructor, Open Water Scuba Instructor, Master Scuba Diver Trainer, Course Director, Discover Scuba Diving, Junior Open Water Diver, Try Scuba / Intro Scuba","Wetsuit, Regulator, Fins, Mask, BCD, Snorkel, Dive Computer",Nitrox,Dive Shop,"Great Wall East, Great Wall West, Kittiwake, Stingray City Sandbar, Great Wall North, Great Wall South, Grand Cayman North Reef, Grand Cayman South Reef, Grand Cayman East Reef, Grand Cayman West Reef",,,
Ceningan Divers,"Ceningan Resort, Nusa Ceningan, 80228, Indonesia",https://ceningandivers.com/,Nusa Ceningan,Bali,Indonesia,Southeast Asia, +62 811-3907-703 , david@ceningandivers.com ,"Open Water Diver, Discover Scuba Diving, Junior Open Water Diver","Wetsuit, Regulator, Fins, Mask, BCD, Snorkel",,"Dive Resort, Dive Shop","Addu, Baa, Fuvahmulah, Gaafu Dhaalu, Hanifaru, Huvhadoo, Laamu, Lhaviyani, Meemu, Noonu, North Ari, North Male, Raa, Rasdhoo, Salmedina Underwater Island and Light Tower, Shaviyani, South Ari, South Male, Thaa, Vaavu",,,
CenoteXperience,"Calle 60 Nte entre calles 36 y 38 casa 4, Ejidal, 77712 Playa del Carmen, Quintana Roo, Mexico",https://www.cenotexperience.com/,Tulum,Quintana Roo,Mexico,North America, +52 984 806 4700 , navig@or.userAgent.match ,"Open Water Diver, Scuba Diver, Advanced Open Water Diver, Advanced Scuba Diver, Rescue Diver, Enriched Air Nitrox, Divemaster, Divemaster / Assistant Instructor, Discover Scuba Diving, Junior Open Water Diver, Try Scuba / Intro Scuba","Wetsuit, Regulator, Fins, Mask, BCD, Drysuit, Hood, Boots, Snorkel, Dive Computer","Nitrox, Trimix",Dive Shop,"Angelita Cenote, Cenote Chac Mool, Cenote Maravilla, Cenote Zapote (Hell’s Bells), Cenotes, Chikin Ha Cenote, Cozumel, Dos Ojos Cenote, El Eden (Ponderosa) Cenote, Kukulkan Cenote, Molas Shallow, Playa del Carmen, Tajma Ha (Taj - Mahal) Cenote, The Pit (El Pit) Cenote, Kin Ha, Shallow Cenotes",,Site under construction,
Centro Sub Campi Flegrei,"Via Miliscola 165, 80078 Pozzuoli, Italy",https://www.centrosubcampiflegrei.it/,Pozzuoli,Campania,Italy,Europe, +39 329 215 5239 , info@centrosubcampiflegrei.it ,,,,Dive Shop,"Submerged Park of Baia, Submerged Nymphaeum, Lacus Spa, Villa in Protiro, Dry Smoky Rocks, Portus Julius, Villa in front of the Aragonese Castle, Maritime Villa of Marina Grande, Miseno Lighthouse Tower and Nativity Scene, Villa of the Pisoni, Ischia, Chain Reef, Ship's Rock, Elephant Rock, Punta San Pancrazio, Ant Shoal II, Cave of the Ants, Procida, Solchiaro Point, Vivara, Punta Pizzaco, Walled Land, Gulf of Naples, Wreck of the Ashanti Palm, Wreck of the Doris, Cavallara Shoal, Gaiola Park, Mamutones Shoal, Nisida Shoal, Porto Paone, Pentapalumbo Shoal, Miseno Shoal",,,
Centro Sub Monte Conero,"Via del Porto, 48 - 60026 Numana, Italy",https://www.centrosubmonteconero.com,Numana,Marche,Italy,Europe, +39 335 662 5339 , info@centrosubmonteconero.com ,"Scuba Diver, Open Water Diver, Enriched Air Nitrox, Advanced Open Water Diver, Rescue Diver, Divemaster, Try Scuba / Intro Scuba, Advanced Adventurer","BCD, Regulator, Fins, Mask, Boots, Snorkel, Wetsuit",Nitrox,Dive Shop,"The Two Sisters, Potho, The Black Stones, The Beam, Scoglio Del Trave, The Hospital Shore, The Quarry Sills, The Molo Davanzali, The Nicole, Wreck Of The Nudibranchs",,,
Centro Sub Tigullio,"Via Luigi Cibrario 47/e, 16154 Genova, Italy",https://www.cstigullio.com/,Genova,Liguria,Italy,Europe, +39 339 318 1620 , centrosubtigullio.ge@gmail.com ,"Open Water Diver, Open Water Scuba Diver, Scuba Diver, Discover Scuba Diving, Try Scuba / Intro Scuba, Introductory Scuba, Advanced Open Water Diver, Advanced Adventurer, Rescue Diver, Stress & Rescue Diver, Deep Diver, Enriched Air Nitrox, Wreck Diver, Night Diver, Underwater Navigator, Dry Suit Diver, Divemaster, Divemaster / Assistant Instructor, Open Water Scuba Instructor","Wetsuit, BCD, Regulator",Nitrox,Dive Shop,"Calabria Wreck, Dry Of The Two Balconies, Fossacesia Vaporetto, Haven Wreck, SEA, U-455 Submarine Wreck, Pelagosa, Vas",,,
Chaloklum Diving,"106, 48 Moo 7, Tambon Ko Pha-ngan, Koh Phangan, Surat Thani 84280, Thailand",https://www.chaloklum-diving.com/,Koh Phangan,Surat Thani,Thailand,Southeast Asia, +66 94 695 6305 , info@chaloklum-diving.com ,"Open Water Diver, Scuba Diver, Discover Scuba Diving, Try Scuba / Intro Scuba, Introductory Scuba, Advanced Open Water Diver, Advanced Adventurer, Rescue Diver, Deep Diver, Enriched Air Nitrox, Wreck Diver, Night Diver, Underwater Navigator, Dry Suit Diver, Divemaster",Drysuit,Nitrox,Dive Shop,"Koh Kong, Koh Ma, Koh Tao, Sail Rock, Mae Haad, Haad Salat, Haad Yao, Ao Tong Lang, Koh Kong Kliang, Koh Tae Nok, Angthong National Marine Park, Koh Phangan",,,
Channel Islands Scuba,"1348 N Moorpark Rd, Unit B Thousand Oaks, CA 91360",https://ciscuba.com/,Thousand Oaks,California,United States,North America, +1 805-230-9995 , [email not found] ,"Open Water Diver, Open Water Scuba Diver, Discover Scuba Diving, Try Scuba / Intro Scuba, Advanced Open Water Diver, Advanced Adventurer, Rescue Diver, Deep Diver, Night Diver, Underwater Navigator, Divemaster",,Nitrox,Dive Shop,"6 Fathoms (Point Loma), Anacapa Island, Coronados Island, Dino Head (Point Loma), Horsehead Reef (Point Loma), Monterey Bay, New Hope Rock (Point Loma), Oil Rigs, Santa Cruz Island, Scripps Canyon (La Jolla), Train Wheels (Point Loma)",,,
Chuck & Robbie's,"San Pedro, Ambergris Caye, Belize",https://ambergriscayediving.com/,San Pedro,Corozal District,Belize,Central America, +501 226-4425 , shop@ambergriscayediving.com ,"Discover Scuba Diving, Try Scuba / Intro Scuba, Advanced Open Water Diver, Advanced Adventurer, Rescue Diver","Wetsuit, Regulator, Drysuit, Dive Computer, Mask, Fins, BCD, Snorkel",,Dive Shop,"Belize Barrier Reef, Hol Chan Cut, Hol Chan Marine Reserve, Hol Chan Night Dive",,,
CIP Nice,"2 Ruelle des Moulins, 06000 Nice, France",https://www.cip-nice.com,Nice,Provence-Alpes-Côte d'Azur,France,Europe, +33 6 09 52 55 57 , info@cip-nice.com ,"Try Scuba / Intro Scuba, Open Water Diver, Scuba Diver, Wreck Diver, Advanced Adventurer, Stress & Rescue Diver, Deep Diver, Enriched Air Nitrox, Divemaster, Discover Scuba Diving, Introductory Scuba","Wetsuit, Regulator, Fins, Mask, BCD, Snorkel, Dive Computer",Nitrox,Dive Shop,,,Dive shop in France but no dive sites listed,
Clearwater Paradise Resort,"Mangrove Bight, Guanaja, Bay Islands, Honduras",https://www.clearwaterparadise.com/,Mangrove Bight,Bay Islands Department,Honduras,Central America, +1 816-665-3627 , clearwaterparadiseresort@gmail.com ,,,Nitrox,"Dive Resort, Dive Shop","Tortuga Reel, Fantasy Reef, The Pinnacle, Eel's Garden, Basket Star Reef, Bayman Drop, Diane's Reel, Wonderful Reel, Paradise Reel, Michael's Rock Reef, The Pavillions, Aldenon Outside, Alderson Inside, Sandi's Reef, Black Rock Canyon, Tito's Labrynths, Sand Canyon, Blacktip Slumberland, Southwest Wall, Captain's Crack, Vertigo, Gorgonian's Wall, Jim's Silver Lode, Afternoon Delight, Lee's Pleasure, Rainbow Reel, Jado Trader, Bridgit's Reef, Lisa's Reef, Katron's Cay Reef, Shot Stop, Half Moon Cay Reef, Stephan's Reef, Windmill Reef, Mt. Elusive, Hector's Run, George's Reef, Caldera del Diablo",,,
Club Cantamar,"Manzana F Lote 1 Puerto De, Av. Pichilingue, 23208 La Paz, B.C.S., Mexico",https://clubcantamar.com/,La Paz,B.C.S.,Mexico,North America,(612) 122-7010, [email not found] ,"Open Water Diver, Open Water Scuba Diver, Discover Scuba Diving, Try Scuba / Intro Scuba, Advanced Open Water Diver, Advanced Adventurer, Rescue Diver, Divemaster, Wreck Diver, Deep Diver","Wetsuit, Regulator, Fins, Mask, BCD, Boots, Snorkel",Nitrox,"Dive Resort, Liveaboard, Dive Shop","Isla Espiritu Santo, La Paz, Punta Balandra",,Url of site changed for sites and tours - Review,
Club Sous l'Eau,"101 Rue du Commandant le Prieur quai du, 83700 Saint-Raphaël, France",https://clubsousleau.fr,Saint-Raphaël,Provence-Alpes-Côte d'Azur,France,Europe,+33 (0)4 94 95 90 33, contact@clubsousleau.fr ,"Open Water Diver, Scuba Diver, Open Water Scuba Diver, Discover Scuba Diving, Try Scuba / Intro Scuba, Introductory Scuba, Advanced Open Water Diver, Advanced Adventurer, Rescue Diver, Open Water 20, Deep Diver, Enriched Air Nitrox, Night Diver, Wreck Diver, Underwater Navigator, Divemaster, Advanced Nitrox, Trimix Diver","Snorkel, Regulator, BCD, Fins, Wetsuit, Mask",Nitrox,Dive Shop,"The Golden Island, The Sea Lion",,,
CNT Plongée,"Capitainerie, Quai Sevine Bustamente, 44420 La Turballe, France",https://cntplongee.fr,La Turballe,Pays de la Loire,France,Europe,+06.75.92.22.34, cnt.laturballe@gmail.com ,"Open Water Diver, Scuba Diver, Open Water Scuba Diver, Discover Scuba Diving, Try Scuba / Intro Scuba, Introductory Scuba, Advanced Open Water Diver, Advanced Adventurer, Rescue Diver, Deep Diver, Enriched Air Nitrox, Night Diver, Underwater Navigator, Divemaster, Divemaster / Assistant Instructor","Wetsuit, Regulator, Fins, Mask, BCD, Snorkel",Nitrox,Dive Shop,The Four Plateau,,Closed until Spring 2026,
Coastal Scuba,"1901 Hwy 17 S, North Myrtle Beach, SC 29582, United States",https://coastalscuba.com/,North Myrtle Beach,South Carolina,United States,North America, +1 843-361-3323 , info@coastalscuba.com ,,"Wetsuit, Regulator, Fins, Mask, BCD, Dive Computer, Snorkel, Boots",Nitrox,Dive Shop,"BP-25, Barracuda Alley, Bonaire Island, Charleston Tug, Cozumel, Dive Bahamas, JELL II, Megalodon Ledge, Pinnacle Reef, St. Cathan, The Bill Perry, The Hebe, The Sherman, The Suwanee(The Governor)",,,
Coastal Water Dive,"6 Mummery Crescent, East Bunbury WA 6230, Australia",https://www.coastalwaterdive.com.au/,East Bunbury,WA,Australia,Oceania, +61 8 9721 7786 , info@coastalwaterdive.com.au ,"Open Water Diver, Advanced Open Water Diver, Rescue Diver, Deep Diver, Wreck Diver, Night Diver, Underwater Navigator, Divemaster, Open Water Scuba Instructor, Master Scuba Diver Trainer, Discover Scuba Diving, Junior Open Water Diver","Wetsuit, Regulator, Fins, Mask, BCD, Snorkel, Dive Computer",Nitrox,Dive Shop,,,"Review - (row 121)This site is for equipment sales, servicing and Training. There us a travel page but only to Phillipines. There is a dive charter but it is another site - https://bunburyexclusivecruises.rezdy.com/?agentCode=COASTALWATERDIVE",
Coconut Tree Divers,"West End, Roatán, Bay Islands, Honduras",https://coconuttreedivers.com/,West End,Roatan,Honduras,Central America, +504 3346-6512 , coconuttreedivers@gmail.com ,"Open Water Diver, Advanced Open Water Diver, Rescue Diver, Night Diver, Divemaster, Discover Scuba Diving, Junior Open Water Diver","Wetsuit, Regulator, Mask, BCD, Snorkel",,Dive Shop,"Blue Channel, Blue Rock Channel, Canyon Reef, Dixie’s, Gibson Bight, Green Outhouse, Half Moon Bay Wall, Lighthouse Reef, Moonlight Reef, Overheat Reef, Pete’s Place, Pillar Coral, Roatán, Roatán - El Aguila, Roatán - Pablo’s Place, Spooky Channel, Texas, West End Wall",,,
Columbus Scuba,"4680 Indianola Ave, Columbus, OH 43214, United States",https://columbusscuba.com/,Columbus,Ohio,United States,North America, +1 614-500-7234 , info@columbusscuba.com ,"Open Water Diver, Advanced Open Water Diver, Rescue Diver, Deep Diver, Wreck Diver, Night Diver, Underwater Navigator, Dry Suit Diver, Divemaster, Open Water 20, Open Water Scuba Instructor, Master Scuba Diver Trainer, Course Director, Discover Scuba Diving, Junior Open Water Diver","Wetsuit, Regulator, Fins, Mask, BCD, Snorkel, Dive Computer",Nitrox,Dive Shop,"Belize Barrier Reef, Cozumel, Destination Diving, Fiji Islands, Ginnie Springs - Devil’s Eye/Devil’s Ear, Klein Bonaire, Red Sea, Roatán, South & Central Atolls",,,
Conch Republic Divers,"90800 Overseas Hwy Ste 9, Tavernier, FL 33070, United States",https://conchrepublicdivers.com/,Key Largo,Florida,United States,North America, +1 305-852-1655 , https://conchrepublicdivers.com/contact/ ,"Try Scuba / Intro Scuba, Open Water Diver, Advanced Open Water Diver, Rescue Diver, Junior Open Water Diver, Deep Diver, Enriched Air Nitrox, Wreck Diver, Night Diver, Underwater Navigator, Dry Suit Diver","Wetsuit, Regulator, Fins, Mask, BCD, Snorkel, Dive Computer",Nitrox,Dive Shop,"Alligator, Benwood Wreck, Eagle Wreck, John Pennekamp Coral Reef State Park, Molasses, Spiegel Grove Wreck, USCGC Duane",,,
Cooleur Plongée,"du Lehn, 44420 Piriac-sur-Mer",https://www.cooleurplongee-bateauecole.com,Piriac-sur-Mer,Pays de la Loire,France,Europe,+06 06 70 46 70, cooleur-plongee@orange.fr ,"Open Water Diver, Advanced Open Water Diver, Rescue Diver, Deep Diver, Wreck Diver, Night Diver, Underwater Navigator, Dry Suit Diver, Divemaster, Discover Scuba Diving, Junior Open Water Diver",,,Dive Shop,"Dumet Island, The Four Plateau, Houat Island, Hoëdic Island, The Plateau of Piriac",,,
Coral Divers,"Sodwana Bay, KwaZulu-Natal, 3974, South Africa",https://coraldivers.co.za/,Sodwana Bay,KZN,South Africa,Southern Africa, +27 33 345 6531 , bookings@coraldivers.co.za ,"Open Water Diver, Advanced Open Water Diver, Rescue Diver, Deep Diver, Enriched Air Nitrox, Wreck Diver, Night Diver, Divemaster, Discover Scuba Diving, Junior Open Water Diver","Wetsuit, Regulator, Fins, Mask, BCD, Snorkel",Nitrox,"Dive Resort, Dive Shop","4 Bouy, 7 Mile, Antons, Arches, Cat's reef, Caves & Overhangs, Chain, Coral Gardens, Deep Sponge, Gotham Five Mile, Hopscotch, Lettuce, Mellow Yellow, Pinnacles, Pothole Five Mile, Ribbon, Ribbon Five Mile, Rooi Els - Coral Gardens, Roonies, Simon's Cave, Six Mile Reef, Sodwana Bay, Sodwana Bay - Two Mile, Stringer, The Bikini Reef System, Wayne's World, Northern Wall, Mushroom Rocks, 8 Mile Reef (Ramseys), 9 Mile Reef",,,
Coral Eye Bangka,"Lihunu, Likupang Timur, North Minahasa Regency, North Sulawesi, Indonesia",https://www.coral-eye.com/,Bangka Island,North Sulawesi,Indonesia,Southeast Asia, +62 811-430-558 , info@coral-eye.com ,"Open Water Diver, Open Water Scuba Diver, Advanced Adventurer, Rescue Diver, Stress & Rescue Diver, Enriched Air Nitrox, Night Diver, Discover Scuba Diving, Junior Open Water Diver","Wetsuit, Regulator, Fins, Mask, BCD, Snorkel, Dive Computer",Nitrox,Dive Shop,"Tanjung Harus, Batu Cahaya, Goa Paniki, Sawang, Talisei, Talisei Pool, Kinabutan, Air Banua, Air Banua Kampung, The Channel, Pearl Farm, Sea Souls, House Reef, Kahuku, Napo Sipi, Sipi Sipi, Linggua, Mangrove Forest I, Mangrove Forest II, Buluh Kuning, Tanjung Bode, Busa Bora Barat, Busa Bora Kampung, Busa Bora Timur, Demak, Murex House Reef, Tanjung Husi I, Tanjung Husi II, Sahaung II, Sahaung I, Sahaung Bay, Tanjung Lihunu, Lihunu's Garden, Batu Tiga, Areng Kambing Wall, Areng Kambing Pasir, Batu Belah, Batu Toto, Batu Angus, Batu Tartaruga, Batu Gosoh, Batu Gosoh Towers, Batu Pendeta, Batu Putih, Batu Puteng, Batu Mandi, Efrata, Sempini I, Sempini II, Yellow Koko II, Yellow Koko I, Tanjung Paradise, Tambah, Tarabitan I, Tarabitan II, Gangga Jetty, Lihaga Jetty, Lihaga Corner, Gangga Village 1, Tanjung Busa Bora",,https://www.coral-eye.com/s/Dive-Site-Map.pdf,
Coral Point Diving,"Calle Bahia, Edificio 'Barco Bar', Bayahibe, Dominican Republic",https://www.coralpointdiving.com/,Bayahibe,La Altagracia,Dominican Republic,Caribbean, +1 829-213-5823 , info@coralpointdiving.com ,"Open Water Diver, Open Water Scuba Diver, One Star Diver (★), Open Water 20, Advanced Adventurer, Two Star Diver (★★), Advanced 35, Stress & Rescue Diver, Three Star Diver (★★★), Enriched Air Nitrox, Divemaster, Advanced Nitrox, Deco Procedures, Trimix Diver, Junior Open Water Diver, Try Scuba / Intro Scuba, Introductory Scuba","Wetsuit, Regulator, Fins, Mask, BCD, Snorkel","Nitrox, Trimix",Dive Shop,"Catalina Aquarium, Catalina Wall, Bajo de la Mina, Dreams Shallow, Atlantic Princess, Magallanes, Viva Shallow, Dominicus Reef, Coca Wreck, St. George Wreck, Luca's Reef, Guaraguao 1, Guaraguao II, Dos Cocos, La Tortuga, Peñon, Peñon Profundo, Casa Estrella, El Canal, La Parguera, El Faro, Shark Point",,https://www.coralpointdiving.com/img/map1.jpg,
Coral Sea Dreaming,"Unit 5, 78‚Äì80 Cunningham St, Yorkeys Knob QLD 4878, Australia",https://www.coralseadreaming.com.au/,Yorkeys Knob,QLD,Australia,Oceania,+61 4 74 727 777, hello@coralseadreaming.com.au ,"Open Water Diver, Scuba Diver, Advanced Open Water Diver, Rescue Diver, Deep Diver, Enriched Air Nitrox, Wreck Diver, Night Diver, Underwater Navigator, Divemaster, Open Water Scuba Instructor, Master Scuba Diver Trainer, Course Director, Discover Scuba Diving, Junior Open Water Diver","Wetsuit, Regulator, Fins, Mask, BCD, Snorkel",Nitrox,Liveaboard,"Coral Bay - Outer, Hastings Reef, The Whale, Hoffs Deep, Milln, Flynn, Little Tracy, Point Break, Split bommie, Middle Hastings, Michaelmas, Wild dreams, Upolu, Extacy, Blue Oceanz, Dreamtime, Moore, 5 ways, West Timor, East Timor, Wild side, Devils, Thetford, Lagoon 360, East meets west, Breaking Patches, Long bommie, Paradise reef, Norman, Shark mountain, Alan's wall",,,LIVEABOARD
Coral View Beach Resort & Dive Center,"Blue Bayou / Sandy Bay area, Utila, Honduras",https://coralviewutila.com/,Utila,Islas de la Bahía,Honduras,Central America, +504 8951-2618 , dive@coralviewutila.com ,"Open Water Diver, Advanced Open Water Diver, Rescue Diver, Deep Diver, Wreck Diver, Enriched Air Nitrox, Night Diver, Underwater Navigator, Dry Suit Diver, Divemaster, Divemaster / Assistant Instructor, Open Water Scuba Instructor, Master Scuba Diver Trainer, Course Director, Discover Scuba Diving, Junior Open Water Diver","Regulator, Wetsuit, BCD, Hood, Drysuit, Dive Computer",Nitrox,"Dive Resort, Dive Shop",Utila,,Dive resort?? - Review,
Coraya Divers,"Brayka Resorts, KM17 North Marsa Alam Road, Marsa Alam, Red Sea, Egypt",https://www.coraya-divers.com/,Brayka Bay,Red Sea Governorate,Egypt,Northern Africa,+20 10 00085396, brayka@coraya-divers.com ,"Open Water Diver, Advanced Open Water Diver, Advanced Adventurer, Rescue Diver, Stress & Rescue Diver, Deep Diver, Enriched Air Nitrox, Night Diver, Underwater Navigator, Discover Scuba Diving, Junior Open Water Diver","Wetsuit, Regulator, Fins, BCD, Dive Computer",Nitrox,Dive Shop,"Zerib Kebir, Youseff, Umm Elros Habili, Umm Elros, Trombi, Sharm Trombi, Sharm Salman, Shaab Marsa Alam, Ras Trombi, Rakana, Marsa Masdoda, Marsa Shunne, Marsa Shouna, Marsa Murain, Marsa Egla, Koraffi, House Reef Marsa Umm Gerifat, Hamra, Halg El Shunee, Habily Marsa Alam, Gota Abu Dabab 2+3, Gamila, Erg Trombi, Elphinstone, Dolphinhouse, Sharm Coraya, Abu Saile, Abu Dabab, White Island, Mantigue Island, Sunken Cemetery, Old Volcano",,,
Corsica Sub,"Quai de la Madonetta, 20200 Bastia",https://www.corsica-sub.fr/,Bastia,Corse,France,Europe, +33 7 67 89 71 41 , contact@corsica-sub.fr ,"Discover Scuba Diving, Scuba Diver, Open Water Diver, Advanced Open Water Diver, Rescue Diver, Enriched Air Nitrox, Divemaster, Open Water Scuba Instructor","Snorkel, Fins, Mask, BCD",Nitrox,Dive Shop,"P-47 Thunderbolt, The Insuma, U Scogliu, Louise, A Strega, Gorgona, The Moonfish, At Squalliare(The Canyon), In Cagnaccia, A Scorpina",,,
Dive Boutique Cozumel,"Local #1, Exterior Palmar Condominios Carretera Costera Sur Km 3.8 San Miguel De Cozumel, QUINTANA ROO 77600",https://cozumeldiveacademy.com/,Cozumel,Quintana Roo,Mexico,North America,1-800-543-6974, info@diveboutiquecozumel.com ,"Open Water Diver, Discover Scuba Diving, Junior Open Water Diver","Wetsuit, Regulator, Fins, Mask, BCD, Snorkel",,Dive Shop,"Beqe Lagoon, Cozumel, Destination Diving, Maldives, Sea of Cortez",,Liveboard?,
Cozumel H2O,"Marina ASIPONA, Carr. Costera Sur km. 6.5, Zona Hotelera Nte, 77688 Cozumel, Quintana Roo, Mexico",https://www.cozumelh2o.com/,Cozumel,Quintana Roo,Mexico,North America, +52 987 111 2170 , info@cozumelh2o.com ,"Open Water Diver, Scuba Diver, Advanced Open Water Diver, Advanced Scuba Diver, Rescue Diver, Enriched Air Nitrox, Divemaster, Divemaster / Assistant Instructor, Discover Scuba Diving, Junior Open Water Diver, Try Scuba / Intro Scuba","Wetsuit, Regulator, Fins, Mask, BCD, Drysuit, Hood, Boots, Snorkel, Dive Computer","Nitrox, Trimix",Dive Shop,"Cozumel, Devil’s Throat, Maracaibo",,,
CPESMDE,"2567 route de l'Écluse Wattier, 59140 Dunkerque",https://www.dunkerque-plongee.fr/,Dunkerque,Hauts-de-France,France,Europe, +33 3 28 66 28 66 , dunkerque.plongee@laposte.net ,"Scuba Diver, Discover Scuba Diving, Open Water Diver, Advanced Open Water Diver, Rescue Diver, Junior Open Water Diver, Deep Diver, Enriched Air Nitrox, Wreck Diver, Night Diver, Underwater Navigator, Marine Ecology, Divemaster, Divemaster / Assistant Instructor, Open Water Scuba Instructor, Master Scuba Diver Trainer, Course Director","BCD, Regulator, Snorkel","Hydrox, Nitrox",Dive Shop,,,Review - No dive sites listed,
Crystal Dive Koh Tao,"7 1 Koh Phangan - Koh Tao, Tambon Ko Tao, Ko Pha-ngan District, Surat Thani 84360, Thailand",https://www.crystaldive.com/,Koh Tao,Surat Thani ,Thailand,Southeast Asia, +66 77 456 107 , contact@crystaldive.com ,,,,Dive Shop,"3 Rocks & Pottery, Aow Leuk, Chumphon Pinnacle, Green Rock, Hin Wong Bay, Hin Wong Pinnacle, Japanese Gardens, Laem Thian, Mango Bay, Red Rock Pinnacle, Sail Rock, Shark Island, Southwest Pinnacle, Tanote Bay, Twins Pinnacle, White Rock",,,
Crystal Divers Bali,"Jl By Pass Ngurah Rai, Gang Griya no 6, Sanur, Bali, Indonesia",https://www.crystal-divers.com/,Sanur,Bali,Indonesia,Southeast Asia, +62 361 286737 , info@crystal-divers.com ,"Scuba Diver, Open Water Diver, Enriched Air Nitrox, Advanced Open Water Diver, Rescue Diver, Divemaster, Try Scuba / Intro Scuba, Advanced Adventurer","BCD, Regulator, Fins, Mask, Boots, Snorkel, Wetsuit",Nitrox,Dive Shop,"Amed, Candidasa, Padang Bai, Sanur, Tulamben, USAT Liberty Wreck",,,
CSH Granville-Chausey,"478 avenue de l'Europe, 50400 Yquelon",https://granville.jeplonge.org/,Granville,Normandie,France,Europe,NOTFOUND, communication-granville@jeplonge.org ,"Open Water Diver, Open Water Scuba Diver, Scuba Diver, Discover Scuba Diving, Try Scuba / Intro Scuba, Introductory Scuba, Advanced Open Water Diver, Advanced Adventurer, Rescue Diver, Stress & Rescue Diver, Deep Diver, Enriched Air Nitrox, Wreck Diver, Night Diver, Underwater Navigator, Dry Suit Diver, Divemaster, Divemaster / Assistant Instructor, Open Water Scuba Instructor","Wetsuit, BCD, Regulator",Nitrox,Dive Shop,"Videcoq, Heinrich Hey, Fiscou, Basse Longue Île, Walter",,,
CSSMD,"43 avenue Vauban, 76200 Dieppe",https://www.cssmd.fr/,Dieppe,Normandie,France,Europe,NOTFOUND, cssmd76@hotmail.fr ,"Open Water Diver, Open Water Scuba Diver, Discover Scuba Diving, Try Scuba / Intro Scuba, Advanced Open Water Diver, Advanced Adventurer, Rescue Diver, Deep Diver, Night Diver, Underwater Navigator, Divemaster",,Nitrox,Dive Shop,Dieppe,,Underwater Sports Club,
CURious2DIVE,"Jan Thiel, Curaçao",https://www.curious2dive.com/en/,Curaçao,Curaçao,Curaçao,Caribbean, +599 9 513 2265 , info@curious2dive.com ,"Discover Scuba Diving, Try Scuba / Intro Scuba, Advanced Open Water Diver, Advanced Adventurer, Rescue Diver","Wetsuit, Regulator, Drysuit, Dive Computer, Mask, Fins, BCD, Snorkel",,Dive Shop,"Car Pile at Marie Pampoen, Director’s, Klein Curaçao, Kokomo Beach, Lost Anchor, Playa Lagun, Playa Piskado / Playa Grandi, Porto Marie, Superior Producer, Triton Bay, Tugboat",,,
Damai Liveaboards,"JL. Bypass Ngurah Rai 149, Pertokoan Niaga 6, Sanur Kauh, Bali 80228, Indonesia",https://www.dive-damai.com/,Komodo,Bali,Indonesia,Southeast Asia,(+62) 361 283123, info@dive-damai.com ,"Try Scuba / Intro Scuba, Open Water Diver, Scuba Diver, Wreck Diver, Advanced Adventurer, Stress & Rescue Diver, Deep Diver, Enriched Air Nitrox, Divemaster, Discover Scuba Diving, Introductory Scuba","Wetsuit, Regulator, Fins, Mask, BCD, Snorkel, Dive Computer",Nitrox,Liveaboard,"Alor, Banda Sea, Cenderawasih Bay, Halmahera, Komodo, Manado, North Bali, Raja Ampat, South Bali, Sumbawa, The Forgotten islands, Triton Bay, Gorontalo, Kalimantan, Mapia",,,
Deefer Diving Carriacou,"Main Street, Hillsborough, Carriacou, Grenada",https://deeferdiving.com/,Hillsborough,Carriacou and Petite Martinique,Grenada,Caribbean, +1 473-417-3992 , info@deeferdiving.com ,,,Nitrox,Dive Shop,Carriacou,,,
Deep Andaman Queen,"43/21 Moo 5, Sunrise Road, Chalong Pier T. Rawai, A. Muang Mueang Phuket District, Phuket 83130, Thailand",https://www.deepandamanqueen.com/,Mueang Phuket,Phuket Province,Thailand,Southeast Asia, +66 91 041 4565 , info@deepandamanqueen.com ,"Open Water Diver, Open Water Scuba Diver, Discover Scuba Diving, Try Scuba / Intro Scuba, Advanced Open Water Diver, Advanced Adventurer, Rescue Diver, Divemaster, Wreck Diver, Deep Diver","Wetsuit, Regulator, Fins, Mask, BCD, Boots, Snorkel",Nitrox,Liveaboard,"Adang N/W Corner, Around Khao Lak, Boonsung wreck, Hin Daeng, Hin Muang, King Cruiser Wreck, Koh Bon, Koh Doc Mai, Koh Haa, Koh Haa - Cathedral, Koh Haa Lagoon, Koh Haa Yai, Koh Lipe, Koh Rok, Koh Tachai Pinnacle, MV Deep Andaman Queen, Phi Phi Islands, Pida Nai, Pida Nok, Racha Noi Island, Racha Yai Island, Richelieu Rock, Shark Point (Hin Musang), Similan Islands, Surin Islands, Twins Pinnacle, The Mergui archipelago, Black Rock, Rocky Island, Shark Cave, Western Rocky",,,
Deep Blue Cozumel,"Calle Dr Adolfo Rosado Salas 200, Centro, 77668 Cozumel, Quintana Roo, Mexico",https://deepbluecozumel.com/,Cozumel,Quintana Roo,Mexico,North America, +52 987 118 2639 , deborah@deepbluecozumel.com ,"Open Water Diver, Enriched Air Nitrox, Advanced Adventurer, Rescue Diver, Discover Scuba Diving, Dry Suit Diver, Advanced Open Water Diver, Divemaster","Wetsuit, Regulator, Gloves, BCD, Drysuit, Hood, Fins, Mask, Snorkel, Boots",Nitrox,Dive Shop,"Barracuda, Cathedral, Chankanaab, Chankanaab Bolones, Chankanaab Shallow Reef, Chankanaab Shallows, Chunchakaab, Colombia Deep, Colombia Shallows, Cozumel, Devil’s Throat, La Francesa, Maracaibo, Palancar Bricks, Palancar Caves, Palancar Gardens, Palancar Horseshoe, Paradise, Paso del Cedral, Paso del Cedral Wall, Punta Dalila, Punta Sur - Cathedral, Punta Sur - Devil's Throat, Punta Tunich, Punta Tunich Wall, San Francisco, San Francisco Reef, San Francisco Wall (Cozumel), San Juan, Santa Rosa, Tormentos, Tormentos Reef, Wreck C-53, Yucab",,,
Deep Blue Dive Puerto Escondido,"Calle del Morro s/n, Marinero Playa Zicatela, 71986 Puerto Escondido, Oax., Mexico",https://www.deepbluedivemexico.com/,Puerto Escondido,Oax.,Mexico,North America, +52 954 134 3466 , lorenzo_bini@hotmail.com ,"Open Water Diver, Advanced Adventurer, Advanced Open Water Diver, Wreck Diver, Deep Diver, Enriched Air Nitrox, Night Diver, Underwater Navigator, Dry Suit Diver, Marine Ecology, Divemaster, Divemaster / Assistant Instructor, Open Water Scuba Instructor, Try Scuba / Intro Scuba","BCD, Drysuit, Mask, Regulator",Nitrox,Dive Shop,Puerto Escondido,,No individual dive sites,
Deep Blue Divers,"51 Fort Street, 2nd Floor, George Town, Cayman Islands",https://deepbluediverscayman.com/,Grand Cayman,IN,Cayman Islands,Caribbean, +1 260-490-3337 , info@deepbluediverscayman.com ,"Open Water Diver, Discover Scuba Diving, Advanced Open Water Diver, Rescue Diver, Deep Diver, Enriched Air Nitrox, Wreck Diver, Night Diver, Underwater Navigator, Dry Suit Diver, Divemaster","Wetsuit, Regulator, BCD, Hood, Mask, Drysuit",Nitrox,Dive Shop,"Grand Cayman, Kittiwake, Stingray City Sandbar",,,
Deep Ocean Explore Store,"650 W Tower Ave 1st Floor, Alameda, CA 94501",https://deepoceanexplorestore.com/,Alameda,California,United States,North America, +1 510-626-9044 , instruction@doermarine.com ,"Open Water Diver, Scuba Diver, Open Water Scuba Diver, Discover Scuba Diving, Try Scuba / Intro Scuba, Introductory Scuba, Advanced Open Water Diver, Advanced Adventurer, Rescue Diver, Open Water 20, Deep Diver, Enriched Air Nitrox, Night Diver, Wreck Diver, Underwater Navigator, Divemaster, Advanced Nitrox, Trimix Diver","Snorkel, Regulator, BCD, Fins, Wetsuit, Mask, Drysuit, Hood, Boots, Tanks, Gloves",Nitrox,Dive Shop,"Bonaire Island, Carmel River State Beach (North), Catalina Island, Cenotes, Destination Diving, Monterey Bay, Utila",,,
Desert Divers Dahab,"Dahab Hotel, El Malel Beach Street, Dahab 46617, South Sinai, Egypt",https://desert-divers.com/,Dahab,South Sinai,Egypt,Northern Africa, +20 10 04040181 , info@desert-divers.com ,"Open Water Diver, Scuba Diver, Open Water Scuba Diver, Discover Scuba Diving, Try Scuba / Intro Scuba, Introductory Scuba, Advanced Open Water Diver, Advanced Adventurer, Rescue Diver, Deep Diver, Enriched Air Nitrox, Night Diver, Underwater Navigator, Divemaster, Divemaster / Assistant Instructor","Wetsuit, Regulator, Fins, Mask, BCD, Snorkel",Nitrox,Dive Shop,"Bells to Blue Hole, Blue Hole, Dahab, Eel Garden, Gabr El Bint, Golden Blocks, Lighthouse, Ras Abu Galum, Ras Abu Helal, SS Thistlegorm, Shark & Yolanda Reef, Straits of Tiran - Gordon, Straits of Tiran - Jackson, Straits of Tiran - Thomas, Straits of Tiran - Woodhouse, The Canyon, The Islands, Three Pools, Masbat Bay, The South, Ras Muhammad",,,
Devil's Den Spring,"5390 NE 180th Ave, Williston, FL 32696, United States",https://www.devilsden.com/,Williston,Florida,United States,North America,(352) 528-3344, diveshop@devilsden.com ,,"Wetsuit, Regulator, Fins, Mask, BCD, Dive Computer, Snorkel, Boots",Nitrox,Dive Shop,Devil’s Den,,,
Diamond Diving,"11 Rue des Pêcheurs, Port Camille Rayon, 06220 Golfe-Juan, France",https://www.diamonddiving.net,Golfe-Juan,Provence-Alpes-Côte d'Azur,France,Europe, +33 6 15 30 52 23 , info@diamonddiving.net ,"Open Water Diver, Advanced Open Water Diver, Rescue Diver, Deep Diver, Wreck Diver, Night Diver, Underwater Navigator, Divemaster, Open Water Scuba Instructor, Master Scuba Diver Trainer, Discover Scuba Diving, Junior Open Water Diver","Wetsuit, Regulator, Fins, Mask, BCD, Snorkel, Dive Computer",Nitrox,Dive Shop,"Rascoui, Le Grand Boule, La Lauve, La Seiche St Pierre, Calafate, Raventurier, Arenas, The Village, L’Enfer de Dante, La Grotte de Miro, Le Tombant du Vengeur, La Tradelière, La Petite Françoise, Bilitis, Le Petit et Grand Batéguier",,,
Discovery Divers,"14/3 Moo 2, Bophut, Koh Samui 84320, Thailand",https://discoverydivers.com/,Koh Samui,Surat Thani,Thailand,Southeast Asia, +66 95 271 0017 , info@discoverydivers.com ,,"Snorkel, Mask, Fins",,Dive Shop,"Chumphon Pinnacle (Koh Tao), Green Rock, Japanese Gardens, Mango Bay, Sail Rock (Koh Tao / Koh Samui), Shark Island, Twins Pinnacle, White Rock",,,
Discovery Diving,"414 Orange St, Beaufort, NC 28516, United States",https://www.discoverydiving.com/,Beaufort,North Carolina,United States,North America, +1 252-728-2265 , dive@discoverydiving.com ,"Open Water Diver, Advanced Open Water Diver, Rescue Diver, Night Diver, Divemaster, Discover Scuba Diving, Junior Open Water Diver","Wetsuit, Regulator, Mask, BCD, Snorkel",,Dive Shop,"USCG Spar, USS Schurz, USNS Aeolus, Liberty Ship, SS Caribsea, SS Suloide, SS Papoose, SS Atlas, SS Naeco, SS Cassimir, SS Ashkhabad, HMS Bedfordshire, Lobster Wreck, Normania, Radio Island Rock Jetty, U-352, Hutton, HMS Senateur Duhamel, USS Indra, EA, Fenwick Isle, Portland, Verbena, British Splendour, USS Tarpon, Proteus, Tamaulipus, Rock Pile, Amaganzette, Novelty, Yancey",,,
Dive & Relax,"223 Moo 2, Saladan, Koh Lanta 81150, Thailand",https://www.diveandrelax.com/,Koh Lanta,Krabi,Thailand,Southeast Asia, +66 89 050 3009 , info@diveandrelax.com ,"Open Water Diver, Advanced Open Water Diver, Rescue Diver, Deep Diver, Wreck Diver, Night Diver, Underwater Navigator, Dry Suit Diver, Divemaster, Open Water 20, Open Water Scuba Instructor, Master Scuba Diver Trainer, Course Director, Discover Scuba Diving, Junior Open Water Diver","Wetsuit, Regulator, Fins, Mask, BCD, Snorkel, Dive Computer",Nitrox,Dive Shop,"Anemone Reef, HTMS Kled Kaew, Hin Daeng, Hin Klai, Hin Muang, Koh Bida Nai, Koh Bida Nok, Koh Haa, Koh Phi Phi Ley, Koh Rok, Shark Point (Hin Musang)",,,
Dive Academy Fiji,"Viani Bay, Vanua Levu, Fiji",https://www.diveacademyfiji.com/,Viani Bay,Northern Division,Fiji,Pacific Islands, +679 725 8184 , info@diveacademyfiji.com ,"Open Water Diver, Advanced Open Water Diver, Rescue Diver, Deep Diver, Wreck Diver, Night Diver, Underwater Navigator, Dry Suit Diver, Divemaster, Discover Scuba Diving, Junior Open Water Diver",,,"Dive Resort, Dive Shop","Great White Wall, Rainbow Reef",,Dive page but not individual dive sites,
Dive Action,"22 Carlisle St, Paarden Eiland, Cape Town, 7405, South Africa",https://www.diveaction.co.za/,Paarden Eiland,Western Cape,South Africa,Southern Africa, +27 21 511 0800 , info@diveaction.co.za ,"Open Water Diver, Advanced Open Water Diver, Rescue Diver, Deep Diver, Enriched Air Nitrox, Wreck Diver, Night Diver, Divemaster, Discover Scuba Diving, Junior Open Water Diver","Wetsuit, Regulator, Fins, Mask, BCD, Snorkel",Nitrox,Dive Shop,"False Bay, Hout Bay, Granger Bay",,,
Dive Alaska,"7100 Old Seward Hwy Ste A, Anchorage, AK 99518, United States",https://divealaska.net/,Anchorage,Alaska,United States,North America, +1 907-770-1778 , info@divealaska.net ,"Open Water Diver, Open Water Scuba Diver, Advanced Adventurer, Rescue Diver, Stress & Rescue Diver, Enriched Air Nitrox, Night Diver, Discover Scuba Diving, Junior Open Water Diver","Wetsuit, Regulator, Fins, Mask, BCD, Snorkel, Dive Computer",Nitrox,Dive Shop,"Smitty's Cove, Kittiwake Rookery, Resurrection Bay, Fox Island Spit, Shearwater Cove, Kayaker's Cove, Alaska Sealife Center, Matanuska Lake, Summit Lake, Sand Lake, Hidden Lake",,,
Dive and Photo,"3033 Bristol St, Suite 115",https://diveandphoto.com/,Costa Mesa,California,United States,North America, +1 949-476-8500 , info@diveandphoto.com ,"Open Water Diver, Open Water Scuba Diver, One Star Diver (★), Open Water 20, Advanced Adventurer, Two Star Diver (★★), Advanced 35, Stress & Rescue Diver, Three Star Diver (★★★), Enriched Air Nitrox, Divemaster, Advanced Nitrox, Deco Procedures, Trimix Diver, Junior Open Water Diver, Try Scuba / Intro Scuba, Introductory Scuba","Wetsuit, Regulator, Fins, Mask, BCD, Snorkel","Nitrox, Trimix",Dive Shop,"Bonaire Island, Catalina Island, Destination Diving, Galapagos Islands",,,
Dive Bandos,"Bandos Maldives, North Malé Atoll, Maldives",https://bandosMaldives.com/diving/,Bandos,Kaafu Atoll,Maldives,South Asia,+960 664-0088, resv@bandos.com.mv ,"Open Water Diver, Advanced Open Water Diver, Rescue Diver, Deep Diver, Wreck Diver, Enriched Air Nitrox, Night Diver, Underwater Navigator, Dry Suit Diver, Divemaster, Divemaster / Assistant Instructor, Open Water Scuba Instructor, Master Scuba Diver Trainer, Course Director, Discover Scuba Diving, Junior Open Water Diver","Regulator, Wetsuit, BCD, Hood, Drysuit, Dive Computer",Nitrox,"Dive Shop, Dive Resort","Bandos House Reef, Bandos Rock, Maagaa North, Thulhaagiri North, Devils Thila, Lobster Station, Victory Wreck, Faru Out, Faru Corner, Furana South, Furana North, Tuna Pass, Stingray City, Banana Reef, Maagiri Caves, Maagiri East, Maagiri Rock, Potato Reef, Lankan Reef, Lankan Caves, Hudhuveli Out, Paradise Rock, Barracuda Giri, Gowagathi Thila, Sunlight Thila, Rainbow Giri, Himmafushi Vani, Himmafushi Corner, Himmafushi Kandu, Middle Point, Thanburudhoo Kandu, Dhonveli Corner, Kani Corner, Back Kani, Kani Kandu, Aquarium, One Palm, Colosseum, Chicken Island, Finger Point, Voshimas Thila, Bodu Hithi Thila, Rasfari Thila, Feydhoo Caves, Kuda Faru, Dhiyaneru, Kuda Haa Thila, Giraavaru Caves, Lions Head, Old Shark Point, Kikki Reef, Vaadhoo Caves, Emboodhoo Canyon, Emboodhoo Express, Kandooma Thila",,,
Dive Butler,"Amilla Maldives, Baa Atoll, Maldives",https://amilla.dive-butler.com/,Amilla,Baa Atoll,Maldives,South Asia,(+960) 660 6499, silvio@amilla.com ,"Open Water Diver, Advanced Open Water Diver, Advanced Adventurer, Rescue Diver, Stress & Rescue Diver, Deep Diver, Enriched Air Nitrox, Night Diver, Underwater Navigator, Discover Scuba Diving, Junior Open Water Diver","Wetsuit, Regulator, Fins, BCD, Dive Computer",Nitrox,Dive Shop,"Baa, Hanifaru, South Ari, Amilla",,,
Dive Cabarete,"C. La Puntilla, Sosúa 57000, Dominican Republic",https://www.divecabarete.com/,Sosúa,Puerto Plata,Dominican Republic,Caribbean, +1 849-358-5143 , divecabarete@gmail.com ,"Discover Scuba Diving, Scuba Diver, Open Water Diver, Advanced Open Water Diver, Rescue Diver, Enriched Air Nitrox, Divemaster, Open Water Scuba Instructor","Snorkel, Fins, Mask, BCD",Nitrox,Dive Shop,"3 Rocks, Airport Wall, Coral Garden, Puntilla, The Canyons, Palmeras, Zingara Wreck, Sosua Bay, Deep Wall, West Wall",,,
Dive Cabo,"Blvd. Marina, Lote 9 y 10 Hotel Tesoro, Local A14, Centro, 23450 Cabo San Lucas, B.C.S., Mexico",https://www.divecabo.com/,Cabo San Lucas,B.C.S.,Mexico,North America, +52 624 105 1793 , info@divecabo.com ,"Open Water Diver, Scuba Diver, Advanced Open Water Diver, Rescue Diver, Deep Diver, Enriched Air Nitrox, Wreck Diver, Night Diver, Underwater Navigator, Divemaster, Divemaster / Assistant Instructor, Open Water Scuba Instructor, Master Scuba Diver Trainer, Course Director, Discover Scuba Diving, Junior Open Water Diver, Try Scuba / Intro Scuba","Wetsuit, Regulator, Fins, Mask, BCD, Snorkel, Dive Computer",Nitrox,Dive Shop,"Cabo San Lucas Marine Reserve, Chileno, El Salinar - Shipwreck, Escalera, Gavilanes, Gordo Banks, Land's End, Middle Wall, Neptune’s Finger, North Wall, Palmilla, Pelican Rock, San Jose Del Cabo, Skywalker, The Blow Hole, The Corridor, Whales Head, Zacatitos",,,
Dive California,,https://divecalifornia.com/,San Diego,California,United States,North America,(619) 878-3483, info@divecalifornia.com ,"Open Water Diver, Discover Scuba Diving, Junior Open Water Diver","Wetsuit, Regulator, Fins, Mask, BCD, Snorkel",,Dive Shop,"La Jolla Cove, La Jolla Shores, Seven Caves, La Jolla Kelp Forest",,,
Dive Catalina,"Casino Point Dive Park, Avalon, CA 90704, United States",https://divecatalina.net/,Avalon,California,United States,North America, +1 310-510-8558 , shawn@divecatalina.net ,"Open Water Diver, Scuba Diver, Advanced Open Water Diver, Advanced Scuba Diver, Rescue Diver, Enriched Air Nitrox, Divemaster, Divemaster / Assistant Instructor, Discover Scuba Diving, Junior Open Water Diver, Try Scuba / Intro Scuba","Wetsuit, Regulator, Fins, Mask, BCD, Drysuit, Hood, Boots, Snorkel, Dive Computer","Nitrox, Trimix",Dive Shop,Catalina Island,,,
Dive Center Pietermaai,"80 Pietermaai, Willemstad, Curaçao",https://www.divecenterpietermaai.com/,Curaçao,Curaçao,Curaçao,Caribbean, +599 9 699 8877 , diving@scubalodge.com ,"Scuba Diver, Discover Scuba Diving, Open Water Diver, Advanced Open Water Diver, Rescue Diver, Junior Open Water Diver, Deep Diver, Enriched Air Nitrox, Wreck Diver, Night Diver, Underwater Navigator, Marine Ecology, Divemaster, Divemaster / Assistant Instructor, Open Water Scuba Instructor, Master Scuba Diver Trainer, Course Director","BCD, Regulator, Snorkel","Hydrox, Nitrox",Dive Shop,"Caracasbaai, Director´s Bay, Playa Kalki (Alice in Wonderland), Playa Piskado / Playa Grandi, Superior Producer, Tugboat, West Point (Full Day)",,,
Dive Center Scuba Do,"Jan Thiel Beach, Willemstad, Curaçao",https://www.scubadocuracao.com/,Curaçao,Curaçao,Curaçao,Caribbean,(+5999) 7679300, info@scubadocuracao.com ,,,,Dive Shop,"Director's Bay, Double Reef, Eastpoint (Oostpunt), Jan Thiel, Klein Curaçao, Kokomo Beach, Marie Pampoen, Snake Bay (Playa Wachi), Sunset Reef, Superior Producer, Tugboat, Cave of Love, Small Harbour, West Point (Full Day), Barbara Beach, La Palapa",,Not sure if dive resort - might need to review,
Dive Central Gili,"Pesona Resort Dive Central Gili Jalan Raya Trawangan Gili Trawangan, Gili Indah, Pemenang, gili indah, West Nusa Tenggara 83352, Indonesia",https://www.divecentralgili.com/,Gili Trawangan,West Nusa Tenggara,Indonesia,Southeast Asia,(+62) 812 3956 9183, info@divecentralgili.com ,"Scuba Diver, Open Water Diver, Enriched Air Nitrox, Advanced Open Water Diver, Rescue Diver, Divemaster, Try Scuba / Intro Scuba, Advanced Adventurer","BCD, Regulator, Fins, Mask, Boots, Snorkel, Wetsuit",Nitrox,Dive Shop,"Biorocks, Bongkas Reef, Bounty Wreck, Deep Turbo, Don Yeng, Gili Air - Turtle Heaven, Gili Islands, Gili Meno, Gili Trawangan, Good-heart Reef, Halik, Hans Reef, Jammin’ Reef, Japanese Wreck, Meno Slope, Meno Wall, Nudibranch City, Secret Reef, Shallow Turbo, Shark Point, Simon's Reef, Sunset Reef, Takat Malang, Tunang Wall, Turtle Heaven, Umeeds, Gili Air Wall, Mentigi bay, Gili Air Harbour, Teluk Nara",,,
Dive Club Maldives,"H. Victory Lodge, 1st Floor, Karankaa Magu, Malé 20081, Maldives",https://diveclubMaldives.com/,Malé,Malé,Maldives,South Asia, +960 778-5165 , info@diveclubMaldives.com ,"Open Water Diver, Open Water Scuba Diver, Scuba Diver, Discover Scuba Diving, Try Scuba / Intro Scuba, Introductory Scuba, Advanced Open Water Diver, Advanced Adventurer, Rescue Diver, Stress & Rescue Diver, Deep Diver, Enriched Air Nitrox, Wreck Diver, Night Diver, Underwater Navigator, Dry Suit Diver, Divemaster, Divemaster / Assistant Instructor, Open Water Scuba Instructor","Wetsuit, BCD, Regulator",Nitrox,Dive Shop,"Banana Reef (Gaathugiri), Embudhoo Express, HP Reef (Girifushi Thila), Himmafushi Corner, Back Faru, Coral Garden, Faru Corner, Feydhoo Wall, Fish Tank, Fish Tank, Hudhuveli, Kandoh Giri, Kani Corner, Shark Tank",,,
Dive Concepts,"jalan amlapura, Purwakerti, Amed, Karangasem Regency, Bali 80852, Indonesia",https://diveconcepts.com/amed,Amed,Bali,Indonesia,Southeast Asia,(+62) (0) 812 3684 5440 , info@diveconcepts.com ,"Open Water Diver, Scuba Diver, Discover Scuba Diving, Try Scuba / Intro Scuba, Introductory Scuba, Advanced Open Water Diver, Advanced Adventurer, Rescue Diver, Deep Diver, Enriched Air Nitrox, Wreck Diver, Night Diver, Underwater Navigator, Dry Suit Diver, Divemaster",Drysuit,Nitrox,"Dive Shop, Liveaboard","Alamanda, Alor, Ambon, Amed, Anchor Wreck, Banda Sea, Bat Caves, Batu Belah, Batu Kelebit, Bio-Wreck, Blue Magic, Boga Wreck, Bunutan, Close Encounters, Coral Garden, Crystal Bay, Dream Wall, Fabiace, Fam Islands, Garden Eel, Ghost Bay, Gili Selang, Japanese Wreck, Jemeluk, Jemeluk Bay, Karang Sari, Komodo, Kubu Wreck, Labuan Bajo, Lembongan, Lipah Bay, Macro Jetty, Mandarin Point, Mangrove, Manta Point, Manta Ridge, Manta Sandy, Maumere, Melasti, Menjangan Island - POS II, Menjangan Pos I, Menjangan Pos II, Misool, Napoleon Reef, Nusa Lembongan, Pemuteran Bay, Pemuteran Coastline, Pyramids, Raja Ampat, SD, Sampalan, Sel Pele Bay, Seraya Secrets, The Passage, Toyapakeh, Tulamben, Tulamben Drop - Off, USAT Liberty Wreck",,Another group of site with same url but different subpages - different dive centers,
Dive Concepts,"Jl. Raya Singaraja, Tulamben, Kec. Kubu, Kabupaten Karangasem, Bali 80852, Indonesia",https://diveconcepts.com/tulamben,Tulamben,Bali,Indonesia,Southeast Asia,+62 812-3684-5440, info@diveconcepts.com ,"Open Water Diver, Open Water Scuba Diver, Discover Scuba Diving, Try Scuba / Intro Scuba, Advanced Open Water Diver, Advanced Adventurer, Rescue Diver, Deep Diver, Night Diver, Underwater Navigator, Divemaster",,Nitrox,"Dive Shop, Liveaboard","Alamanda, Alor, Ambon, Amed, Anchor Wreck, Banda Sea, Bat Caves, Batu Belah, Batu Kelebit, Bio-Wreck, Blue Magic, Boga Wreck, Bunutan, Close Encounters, Coral Garden, Crystal Bay, Dream Wall, Fabiace, Fam Islands, Garden Eel, Ghost Bay, Gili Selang, Japanese Wreck, Jemeluk, Jemeluk Bay, Karang Sari, Komodo, Kubu Wreck, Labuan Bajo, Lembongan, Lipah Bay, Macro Jetty, Mandarin Point, Mangrove, Manta Point, Manta Ridge, Manta Sandy, Maumere, Melasti, Menjangan Island - POS II, Menjangan Pos I, Menjangan Pos II, Misool, Napoleon Reef, Nusa Lembongan, Pemuteran Bay, Pemuteran Coastline, Pyramids, Raja Ampat, SD, Sampalan, Sel Pele Bay, Seraya Secrets, The Passage, Toyapakeh, Tulamben, Tulamben Drop - Off, USAT Liberty Wreck",,,
Dive Concepts Penida,"Nusa Lembongan, Jungutbatu, Kabupaten Klungkung, Bali 80771, Indonesia",https://diveconcepts.com/nusa-penida,Nusa Penida,Bali,Indonesia,Southeast Asia, +62 813-3923-4161 , info@diveconcepts.com ,"Discover Scuba Diving, Try Scuba / Intro Scuba, Advanced Open Water Diver, Advanced Adventurer, Rescue Diver","Wetsuit, Regulator, Drysuit, Dive Computer, Mask, Fins, BCD, Snorkel",,"Dive Shop, Liveaboard","Alamanda, Alor, Ambon, Amed, Anchor Wreck, Banda Sea, Bat Caves, Batu Belah, Batu Kelebit, Bio-Wreck, Blue Magic, Boga Wreck, Bunutan, Close Encounters, Coral Garden, Crystal Bay, Dream Wall, Fabiace, Fam Islands, Garden Eel, Ghost Bay, Gili Selang, Japanese Wreck, Jemeluk, Jemeluk Bay, Karang Sari, Komodo, Kubu Wreck, Labuan Bajo, Lembongan, Lipah Bay, Macro Jetty, Mandarin Point, Mangrove, Manta Point, Manta Ridge, Manta Sandy, Maumere, Melasti, Menjangan Island - POS II, Menjangan Pos I, Menjangan Pos II, Misool, Napoleon Reef, Nusa Lembongan, Pemuteran Bay, Pemuteran Coastline, Pyramids, Raja Ampat, SD, Sampalan, Sel Pele Bay, Seraya Secrets, The Passage, Toyapakeh, Tulamben, Tulamben Drop - Off, USAT Liberty Wreck",,,
Dive Darwin,"302/19B Kitchener Drive, Darwin NT 0800, Australia",https://www.divedarwin.com.au/,Darwin Waterfront,NT,Australia,Oceania, +61 401 751 651 , info@learntodivedarwin.com.au ,"Try Scuba / Intro Scuba, Open Water Diver, Scuba Diver, Wreck Diver, Advanced Adventurer, Stress & Rescue Diver, Deep Diver, Enriched Air Nitrox, Divemaster, Discover Scuba Diving, Introductory Scuba","Wetsuit, Regulator, Fins, Mask, BCD, Snorkel, Dive Computer",Nitrox,Dive Shop,"Darwin Harbour, Cyclone Tracy, WWII, Berry Springs",,,
Dive Fair Helen,"Marigot Bay, St. Lucia",https://www.divefairhelen.com,Marigot Bay,Castries,Saint Lucia,Caribbean, +1 758-451-7716 , info@divefairhelen.com ,,,Nitrox,Dive Shop,"Anse Couchon, Anse La Raye Wall, Coral Gardens, Daini Koyomaru Wreck, Fairyland, Jalousie, Lesleen M Wreck, Malgretoute, North Anse Cochon, Pinnacles, Piton Wall, Rosemond’s Trench, South Anse Cochon, Superman’s Flight, Turtle, Anse Galet",,,
Dive Friends Bonaire,"Kaya Industria 12, Kralendijk",https://www.divefriendsbonaire.com/,Kralendijk,Bonaire,Bonaire,Caribbean, +599 717 1525 , info@divefriendsbonaire.com ,"Open Water Diver, Open Water Scuba Diver, Discover Scuba Diving, Try Scuba / Intro Scuba, Advanced Open Water Diver, Advanced Adventurer, Rescue Diver, Divemaster, Wreck Diver, Deep Diver","Wetsuit, Regulator, Fins, Mask, BCD, Boots, Snorkel",Nitrox,Dive Shop,"Bonaire Island, Klein Bonaire",,Vague on dive sites,
Dive Grenada,"Grand Anse Beach, at Mount Cinnamon Resort, St. George's, Grenada",https://divegrenada.com/,Grand Anse,Saint George,Grenada,Caribbean, +1 473-414-6229 , info@divegrenada.com ,"Open Water Diver, Enriched Air Nitrox, Advanced Adventurer, Rescue Diver, Discover Scuba Diving, Dry Suit Diver, Advanced Open Water Diver, Divemaster","Wetsuit, Regulator, Gloves, BCD, Drysuit, Hood, Fins, Mask, Snorkel, Boots",Nitrox,Dive Shop,"Bianca C, Grenada, Purple Rain",,,
Dive Guana,"Great Guana Cay, Abaco, Bahamas",https://www.diveguana.com/,Great Guana Cay,Hope Town,Bahamas,Caribbean, +1 242-365-5178 , diveguana@gmail.com ,"Open Water Diver, Advanced Adventurer, Advanced Open Water Diver, Wreck Diver, Deep Diver, Enriched Air Nitrox, Night Diver, Underwater Navigator, Dry Suit Diver, Marine Ecology, Divemaster, Divemaster / Assistant Instructor, Open Water Scuba Instructor, Try Scuba / Intro Scuba","BCD, Drysuit, Mask, Regulator",Nitrox,Dive Shop,"Great Guana Cay, Green turtle Cay, Man O War, No Name Cay, Manjack Cay",,,
Dive Hatteras,"Saxon Cut Dr, Hatteras, NC 27943, United States",http://www.divehatteras.com/,Hatteras,North Carolina,United States,North America, +1 703-517-3724 , DiveHatteras@aol.com ,"Open Water Diver, Discover Scuba Diving, Advanced Open Water Diver, Rescue Diver, Deep Diver, Enriched Air Nitrox, Wreck Diver, Night Diver, Underwater Navigator, Dry Suit Diver, Divemaster","Wetsuit, Regulator, BCD, Hood, Mask, Drysuit",Nitrox,Dive Shop,"Cape Hatteras, Australia, British Splendour, Dixie Arrow, Diamond Shoals Lightship, Empire Gem, F. W. Abrams, Hesperides, Kassandra Louloudis, Catherine M. Monahan, Idaho, Keshena, Lancing, Liberator, Manuela, Merak, Mystery Tower Wreck, Nevada, Northeastern, Proteus, Tamaulipas, Tarpon, Trawler, Tug Wrecks, U-701, Veturia, Wetherby",,,
Dive House Cozumel,"Hotel Secrets, Carr. Costera Sur KM 12.9, Zona Hotelera Sur, 77600 Quintana Roo, Mexico",https://www.divehouse.com/,Cozumel,Quintana Roo,Mexico,North America, +52 987 872 1953 , dive@divehouse.com ,"Open Water Diver, Scuba Diver, Open Water Scuba Diver, Discover Scuba Diving, Try Scuba / Intro Scuba, Introductory Scuba, Advanced Open Water Diver, Advanced Adventurer, Rescue Diver, Open Water 20, Deep Diver, Enriched Air Nitrox, Night Diver, Wreck Diver, Underwater Navigator, Divemaster, Advanced Nitrox, Trimix Diver","Snorkel, Regulator, BCD, Fins, Wetsuit, Mask",Nitrox,Dive Shop,"Barracuda Reef, Chankanaab Reef, Chun Chakaab Reef, Columbia Reef, Maracaibo Reef, Palancar Reef, Paraíso Reef (Cozumel), Paso del Cedral Reef, Punta Sur Reef, Punta Tunich Wall, San Francisco Wall (Cozumel), San Juan Reef, Santa Rosa Wall, Tormentos Reef, Villa Blanca, Yucab Reef (Cozumel)",,,
Dive in La Paz,"Calle Melchor Ocampo y Mutualismo 260D, La Paz Centro, 23000 La Paz, B.C.S., Mexico",https://www.diveinlapaz.com/,La Paz,B.C.S.,Mexico,North America, +52 612 167 8914 , diveinlapaz.mexico@gmail.com ,"Open Water Diver, Scuba Diver, Open Water Scuba Diver, Discover Scuba Diving, Try Scuba / Intro Scuba, Introductory Scuba, Advanced Open Water Diver, Advanced Adventurer, Rescue Diver, Deep Diver, Enriched Air Nitrox, Night Diver, Underwater Navigator, Divemaster, Divemaster / Assistant Instructor","Wetsuit, Regulator, Fins, Mask, BCD, Snorkel",Nitrox,Dive Shop,"C-59, El Bajo Seamount, Fang Ming, Isla Ballena, La Reina, Los Islotes (Sea Lions), Punta Lobos, Salvatierra, San Rafaelito, Swanee Reef, Isla Espíritu Santo",,,
Dive Komodo,"Labuan Bajo 86554, Flores, NTT, Indonesia",https://divekomodo.com/,Labuan Bajo,East Nusa Tenggara,Indonesia,Southeast Asia, +62 822-6611-7310 , info@divekomodo.com ,,"Snorkel, Mask, Fins",,"Liveaboard, Dive Shop","Komodo, Sabolon Island, Sebayur Kecil, Mini Wall, Tatawa Besar, Tatawa Kecil, Batu Bolong, Manta Point, Mawan, Siaba Besar, Siaba Kecil, Pengah, Wae Nilu, One Tree, Batu Sabun, Batu Tiga, Castle Rock, Crystal Rock, The Cauldron, Light House, South Golden Passage, Pillar Steen, Three Sisters, Padar Wreck, Secret Garden, Payung, Nusa Kode, Cannibal Rock, Yellow Wall, Crinoid Corner, Boulders, Tala, German Flag, Manta Alley, Langkoi Rock, TNC Rock, Pantai Merah (Pink Beach Komodo), Loh Namu, Indi Hiang, Loh Sera",,,
Dive Locker,"E Shed, Shop/1 Peter Hughes Dr, Fremantle WA 6160, Australia",https://www.divelocker.net/,Panama City Beach,Florida,United States,North America, +1 850-230-8006 , team@latofonts.com ,"Open Water Diver, Advanced Open Water Diver, Rescue Diver, Night Diver, Divemaster, Discover Scuba Diving, Junior Open Water Diver","Wetsuit, Regulator, Mask, BCD, Snorkel",,Dive Shop,"Black Bart, St. Andrews, USS Strength, Panama City",,,
Dive Mike,"Calle 8 Norte & 25 Avenida, Centro, 77710 Playa del Carmen, Quintana Roo, Mexico",https://www.divemike.com/,Playa del Carmen,Quintana Roo,Mexico,North America, +52 984 235 0817 , mike@divemike.com ,"Open Water Diver, Advanced Open Water Diver, Rescue Diver, Deep Diver, Wreck Diver, Night Diver, Underwater Navigator, Dry Suit Diver, Divemaster, Open Water 20, Open Water Scuba Instructor, Master Scuba Diver Trainer, Course Director, Discover Scuba Diving, Junior Open Water Diver","Wetsuit, Regulator, Fins, Mask, BCD, Snorkel, Dive Computer",Nitrox,Dive Shop,"Angelita Cenote, Cenote Chac Mool, Cenote Zapote (Hell’s Bells), Chikin Ha Cenote, Dos Ojos Cenote, Playa del Carmen, Riviera Maya Cenotes, Yucatan Peninsula",,,
Dive N' Surf,"504 N Broadway, Redondo Beach, CA 90277, United States",https://www.divensurf.com/,Redondo Beach,California,United States,North America,310-372-8423, web@divensurf.com ,"Open Water Diver, Advanced Open Water Diver, Rescue Diver, Deep Diver, Wreck Diver, Night Diver, Underwater Navigator, Dry Suit Diver, Divemaster, Discover Scuba Diving, Junior Open Water Diver",,,Dive Shop,"Beqe Lagoon, Destination Diving, Palos Verdes Peninsula",,"Site is mainly for equipment, accessories and rentals. Has charters",
Dive Ningaloo,"6 Nimitz Street, Exmouth WA 6707, Australia",https://www.diveningaloo.com.au/,Exmouth,WA,Australia,Oceania, +61 456 702 437 , info@diveningaloo.com.au ,"Open Water Diver, Advanced Open Water Diver, Rescue Diver, Deep Diver, Enriched Air Nitrox, Wreck Diver, Night Diver, Divemaster, Discover Scuba Diving, Junior Open Water Diver","Wetsuit, Regulator, Fins, Mask, BCD, Snorkel",Nitrox,Dive Shop,"Exmouth Navy Pier, Muiron, Ningaloo Reef, Ningaloo Reef - Lighthouse",,,
Dive Ninja Expeditions,"Ignacio Zaragoza 345 Esq, 16 de Septiembre, Centro, 23450 Cabo San Lucas, B.C.S., Mexico",https://www.diveninjaexpeditions.com/,Cabo San Lucas,B.C.S.,Mexico,North America, +52 624 247 3741 , info@diveninjaexpeditions.com ,"Open Water Diver, Open Water Scuba Diver, Advanced Adventurer, Rescue Diver, Stress & Rescue Diver, Enriched Air Nitrox, Night Diver, Discover Scuba Diving, Junior Open Water Diver","Wetsuit, Regulator, Fins, Mask, BCD, Snorkel, Dive Computer",Nitrox,"Dive Shop, Liveaboard","Ambon, Bimini Road (Atlantis Stones), Cabo Pulmo, Cabo San Lucas Marine Reserve, Chuuk Lagoon, Destination Diving, Gordo Banks, Komodo, La Paz, La Reina, Los Cabos, Malpelo Island, Palau, Sea of Cortez, Socorro Island, Solomon Islands, Southern Visayas, The Corridor",,,
"Dive Oahu, Inc.","609 Keawe St, Honolulu, HI 96813, United States",https://diveoahu.com/,Honolulu,Hawaii,United States,North America,(808)-922-3483, aloha@diveoahu.com ,"Advanced Nitrox, Deco Procedures, Trimix Diver, Tech 1, Cave 1","Regulator, BCD, Dive Computer","Nitrox, Trimix",Dive Shop,"Corsair Wreck, EWA Pinnacles, Horseshoe Reef, Kewalo Pipe, Navy Tug, Oahu - Nautilus, Sea Tiger, Star Caves, The Mahi Wreck, Turtle Canyons, YO - 257 & San Pedro, Keehi Pipe",,,
Dive Palancar,"Carr. Costera Sur km 12.9, Costera Sur, 77687 Cozumel, Quintana Roo, Mexico",https://www.divepalancar.com/,Cozumel,Quintana Roo,Mexico,North America, +52 987 564 8542 , moreinfo@divepalancar.com ,"Open Water Diver, Open Water Scuba Diver, One Star Diver (★), Open Water 20, Advanced Adventurer, Two Star Diver (★★), Advanced 35, Stress & Rescue Diver, Three Star Diver (★★★), Enriched Air Nitrox, Divemaster, Advanced Nitrox, Deco Procedures, Trimix Diver, Junior Open Water Diver, Try Scuba / Intro Scuba, Introductory Scuba","Wetsuit, Regulator, Fins, Mask, BCD, Snorkel","Nitrox, Trimix",Dive Shop,"Cathedral, Chankanaab, Chankanaab Bolones Reef, Chankanaab Shallow Reef, Colombia Shallows, Columbia Deep, Devil’s Throat, Las Palmas, Maracaibo, Palancar, Palancar Bricks, Palancar Caves, Palancar Gardens, Palancar Horseshoe, Paraíso Reef (Cozumel), Paso del Cedral, Punta Dalila, Punta Sur, Punta Tunich Wall, San Francisco Wall (Cozumel), Santa Rosa Wall (Cozumel), Tormentos Reef, Wreck C-53, Yucab",,,
Dive Paradise,"Kilometro 1.7, Carretera Costera Sur, across from Wyndham Cozumel Hotel & Resort, 77600 San Miguel de Cozumel, Quintana Roo, Mexico",https://diveparadise.com/,Cozumel,Quintana Roo,Mexico,North America, +1 954-743-5310 , reservations@diveparadise.com ,"Open Water Diver, Scuba Diver, Advanced Open Water Diver, Rescue Diver, Deep Diver, Enriched Air Nitrox, Wreck Diver, Night Diver, Underwater Navigator, Divemaster, Open Water Scuba Instructor, Master Scuba Diver Trainer, Course Director, Discover Scuba Diving, Junior Open Water Diver","Wetsuit, Regulator, Fins, Mask, BCD, Snorkel",Nitrox,Dive Shop,"Carwash (Aktun Ha) Cenote, Cenotes, Chankanaab Reef, Cozumel, Dos Ojos Cenote, Las Palmas, Paraíso Reef (Cozumel), Playa del Carmen, Tulum, Yucab, Yucatan Peninsula",,,
Dive Planet Rimini,"Viale Ortigara, 59 - 47900 Rimini, Italy",https://diveplanet.org,Rimini,Emilia-Romagna,Italy,Europe, +39 0541 21506 , info@diveplanet.org ,"Open Water Diver, Advanced Open Water Diver, Rescue Diver, Deep Diver, Wreck Diver, Enriched Air Nitrox, Night Diver, Underwater Navigator, Dry Suit Diver, Divemaster, Divemaster / Assistant Instructor, Open Water Scuba Instructor, Master Scuba Diver Trainer, Course Director, Discover Scuba Diving, Junior Open Water Diver","Regulator, Wetsuit, BCD, Hood, Drysuit, Dive Computer",Nitrox,Dive Shop,"Paguro Platform Wreck, Tralicci, Rose Island, Anni Cargo Wreck, Boeing B-17 Flying Fortress, B-24 Liberator Bomber, Motopesca Ambra, M/P Benvenuto, HMS Byms 2053 Minesweeper",,,
Dive Provo,"Salt Mills Plaza, Grace Bay Beach, Providenciales, Turks & Caicos",https://diveprovo.com/,Turks & Caicos,Caicos Islands,Turks and Caicos,Caribbean, +1 649-231-5040 , diving@diveprovo.com ,"Open Water Diver, Advanced Open Water Diver, Advanced Adventurer, Rescue Diver, Stress & Rescue Diver, Deep Diver, Enriched Air Nitrox, Night Diver, Underwater Navigator, Discover Scuba Diving, Junior Open Water Diver","Wetsuit, Regulator, Fins, BCD, Dive Computer",Nitrox,Dive Shop,"Eagles Ray Pass, The Annexe, Football Field, North Wall, Two Steps, Shark Hotel, Black Coral Forest, Ampitheatre, Chimney, The Crack, Eel Gardena, Tin Hut Wall, Stairway, Hole in the Wall, Awesome, Sunset Strip, Shark Alley, Fifi's Folly, Catacombs, Two Sharks, Crocodile, Cathedral, Coral Gables, Pirana Cove, Pinnacles, Graceland, Grouper Hole, Aquarium, Boneyards, Tons Of Sponges, Land Of Giant, Midnight Manta, Elephant Ear, The Gully, Boat Cove, Yankee Town, Brandywine, Spanish Anchor, Sunday Service, Dax Canyon, Jules Junction, Double D, Rock N Roll, G Spot, Half Mile Reef, Molasses Reef, Driveway, Whiteface, South West Reef, Highway To Heaven",,,
Dive Puerto Morelos,"C. Lic. Adolfo López Mateos Supermanzana 2 Manzana 2 Lote 2, 77580 Puerto Morelos, Quintana Roo, Mexico",https://divepuertomorelos.com/,Puerto Morelos,Quintana Roo,Mexico,North America, +52 998 130 3240 , caribe@doradobuceo.com ,"Discover Scuba Diving, Scuba Diver, Open Water Diver, Advanced Open Water Diver, Rescue Diver, Enriched Air Nitrox, Divemaster, Open Water Scuba Instructor","Snorkel, Fins, Mask, BCD",Nitrox,Dive Shop,"Cenotes, Cozumel, Playa del Carmen, Puerto Morelos, Riviera Maya, Tulum",,,
Dive Right In Scuba,"24222 Lockport St, Plainfield, IL 60544",https://www.diverightinscuba.com/,Plainfield,Illinois,United States,North America,8152678400, info@diverightinscuba.com ,"Open Water Diver, Scuba Diver, Advanced Open Water Diver, Rescue Diver, Deep Diver, Enriched Air Nitrox, Wreck Diver, Night Diver, Underwater Navigator, Divemaster, Divemaster / Assistant Instructor, Open Water Scuba Instructor, Master Scuba Diver Trainer, Course Director, Discover Scuba Diving, Junior Open Water Diver, Try Scuba / Intro Scuba","Wetsuit, Regulator, Fins, Mask, BCD, Snorkel, Dive Computer",Nitrox,Dive Shop,"Bonaire Island, Destination Diving, Philippines, Playa del Carmen",,"Site is really slow to load, Has a secondary site for dive charters you can review and possibly add - https://doubleactiondivecharters.com/",
Dive Saint Lucia,"Harmony Marina Suites, Flamboyant Dr, Rodney Bay, St. Lucia",https://divesaintlucia.com,Rodney Bay,Gros Islet,Saint Lucia,Caribbean, +1 758-489-0411 , info@lsdscuba.com ,"Open Water Diver, Discover Scuba Diving, Junior Open Water Diver","Wetsuit, Regulator, Fins, Mask, BCD, Snorkel",,Dive Shop,Saint Lucia,,Has Dive site map but no names - review - https://divesaintlucia.com/dive-sites/,
Dive Team,"66 St Georges St, Simon's Town, Cape Town, 7975, South Africa",https://diveteam.co.za/,Simon's Town,WC,South Africa,Southern Africa,+27 76 166 0609, info@diveteam.co.za ,"Open Water Diver, Scuba Diver, Advanced Open Water Diver, Advanced Scuba Diver, Rescue Diver, Enriched Air Nitrox, Divemaster, Divemaster / Assistant Instructor, Discover Scuba Diving, Junior Open Water Diver, Try Scuba / Intro Scuba","Wetsuit, Regulator, Fins, Mask, BCD, Drysuit, Hood, Boots, Snorkel, Dive Computer","Nitrox, Trimix",Dive Shop,"MV Treasure, Whale Rock, SS Hypatia, Highfields, RMS Athens, SS SA Seafarer, Three Anchor Bay, Sea Point Ridge Pinnacles, Bantry Bay, North Lion's Paw, South Lion's Paw, Clifton Rocks, Cleeve's Tunnel, Bakhoven Rock, Geldkis Blinder, Strawberry Rocks, Geldkis, Mushroom Pinnacle, Het Huis te Kraaiestein, Sandy Cove, Justin's Caves, MV Antipolis, Klein Pannekoek, Groot Pannekoek, Coral Gardens, 13th Apostle, Logies Bay, MV Romelia, Steps, Hakka Reef, SAS Gelderland, MV Ker Yar Vor, the Jo May, SS Maori, SS Oakburn, ""Bos 400"", Die Perd, Kanobi's Wall, Star Walls, Sunfish Pinnacle, Stonehenge, Seal Island (Duiker island), Di's Cracks, Vulcan Rock, Tafelberg Reef, Klein Tafelberg Reef (Salad bowl, Yacht wreck), MV Aster, MV Katsu Maru, Die Josie, SS Clan Monroe, SS Bia, SS Umhlali, Albatross Rock, Dale Brook, Kalk Bay Harbour Wall, Sunny Cove, Quarry, Glencairn Barge, SS Clan Stuart, Brunswick, HNMS, Long Beach, Target Reef, Livingstone Reef, Castor Rock, Roman Rock, Tivoli Pinnacles, Friskies Pinnacle, Rambler Rock, Ammunition Barges, Phoenix shoal, Noah’s Ark, the Ark Rock Wrecks, Penguin Point, Maidstone Rock Reefs, Photographer’s Reef, Torch Reef, Outer Photographers Reef, Windmill Beach, Fishermens Beach, A-Frame, D-Frame, Insanity Reef, Rocklands Blinder, Spaniard Rock, Alpha reef, Stern Reef, SAS Pietermaritzburg, Caravan Reef, Millers Point, Boat Rock (Bakhoven Rock), Fan Reef, Shark Ally, Pyramid Rock, Castle Rocks, Parson's Nose, Outer Castle, Pie Rock, Finlay's Point (Jenga Reef), Finlay's Deep, Atlantis Reef, Partridge Point, Seal Rock, Peter's Pinnacle, SAS Transvaal, MFV Orotava, MFV Princess Elizabeth, SAS Good Hope, MV Rockeater, Smits Reef Birthday Reef, Horseshoe Reef, Batsata Maze, Seekatbank, Smits Cliff (Hell's Gate), Batsata Rock, Bordjiesrif, Buffels Bay, Steenbras Deep, Whittle Rock, York Shoal, Rocky Bank, East Shoal, SATS General Botha, SAS Bloemfontein, SAS Fleur, SS Lusitania, Muizenberg Trawlers, Bikini Beach, Ledges, Vogelsteen, Cow and Calf, Pinnacle, Tony's Reef, Troglodyte's Cove (Cave Gully), Lorry Bay, Phil's Bay, Rocky Bay, Blouklip, Blousteen Ridge, Whirlpool Cove, Percy's Hole, Kruis, Rooi-els Point, Coral Gardens Rooi-els, Andre se Gat, Balcony, Mike's Point, Container Bay, Blue Rock Quarry, Klein Tafelberg Reef (Salad bowl, Yacht wreck)",,https://www.google.com/maps/d/viewer?mid=1IYISrqMDWWxdWvjiZPp3uD56LSlfgOA&femb=1&ll=-34.04167706601062%2C18.601302000000004&z=10,
Dive with Cristina,"77665, 77688 Cozumel, Quintana Roo, Mexico",https://divewithcristina.com/,Cozumel,Quintana Roo,Mexico,North America, +52 987 564 1372 , cristina@divewithcristina.com ,"Scuba Diver, Discover Scuba Diving, Open Water Diver, Advanced Open Water Diver, Rescue Diver, Junior Open Water Diver, Deep Diver, Enriched Air Nitrox, Wreck Diver, Night Diver, Underwater Navigator, Marine Ecology, Divemaster, Divemaster / Assistant Instructor, Open Water Scuba Instructor, Master Scuba Diver Trainer, Course Director","BCD, Regulator, Snorkel","Hydrox, Nitrox",Dive Shop,"Columbia, Cozumel, Palancar, Punta Sur",,,
Dive with Martin,"F29C+3G, 77688 Cozumel, Quintana Roo, Mexico",https://divewithmartin.com/,Cozumel,Quintana Roo,Mexico,North America, +52 987 117 5793 , stacey@vacationconnectionnrh.com ,,,,Dive Shop,"Barracuda, Cantarell Eagle Ray Wall, Cenotes, Chankanaab, Chankanaab Bolones, Chun Chacaab Reef, Colombia Shallows, Columbia, Columbia Deep, Cozumel, La Francesa, Las Palmas, Maracaibo, North of Palancar, Palancar Bricks, Palancar Caves, Palancar Gardens, Palancar Horseshoe, Paraíso Reef (Cozumel), Paso del Cedral, Playa Corona, Playa del Carmen, Punta Dalila, Punta Sur, Punta Tunich Wall, San Francisco Wall (Cozumel), Santa Rosa Wall, The C53 Wreck, Tormentos Reef, Villa Blanca Wall, Yellow House, Yucab",,,
Dive With Ruben,"Calle Javier Rojo Gómez, Isla Mujeres Supermanzana 02 Manzana 06 Lote 5B, 77580 Puerto Morelos, Quintana Roo, Mexico",https://scubapuertomorelos.com.mx/,Puerto Morelos,Quintana Roo,Mexico,North America, +52 998 130 3240 , divewithruben@gmail.com ,"Scuba Diver, Open Water Diver, Enriched Air Nitrox, Advanced Open Water Diver, Rescue Diver, Divemaster, Try Scuba / Intro Scuba, Advanced Adventurer","BCD, Regulator, Fins, Mask, Boots, Snorkel, Wetsuit",Nitrox,Dive Shop,"Cenotes, Cozumel, Playa del Carmen, Puerto Morelos",,,
Dive World Austin,"12129 Ranch Rd 620 N #430, Austin, TX 78750, United States",https://diveworldaustin.com/,Austin,Texas,United States,North America, +1 512-219-1220 , info@diveworldaustin.com ,"Open Water Diver, Open Water Scuba Diver, Scuba Diver, Discover Scuba Diving, Try Scuba / Intro Scuba, Introductory Scuba, Advanced Open Water Diver, Advanced Adventurer, Rescue Diver, Stress & Rescue Diver, Deep Diver, Enriched Air Nitrox, Wreck Diver, Night Diver, Underwater Navigator, Dry Suit Diver, Divemaster, Divemaster / Assistant Instructor, Open Water Scuba Instructor","Wetsuit, BCD, Regulator",Nitrox,Dive Shop,"Amberjack Reef, Apo Island Marine Reserve, Austin Smith, Beqe Lagoon, Cayman Brac, Cozumel, Destination Diving, Exuma Cays - Cathedral, Exuma Cays - Washing Machine, Hole in the Wall, Jake’s Hole, Jeep Reef, Little Cayman Beach, Lost Blue Hole, Monolith, Philippines, Pilar Wall, Raja Ampat, Whale Tail Wall, Periwinkle Reef ",,,
Diveaway Fiji,"Fiji Hideaway Resort, Coral Coast, Korolevu, Fiji",https://www.diveawayfiji.com/,Korolevu,Western Division,Fiji,Pacific Islands, +679 931 6883 , diveawayfiji1@gmail.com ,"Open Water Diver, Scuba Diver, Discover Scuba Diving, Try Scuba / Intro Scuba, Introductory Scuba, Advanced Open Water Diver, Advanced Adventurer, Rescue Diver, Deep Diver, Enriched Air Nitrox, Wreck Diver, Night Diver, Underwater Navigator, Dry Suit Diver, Divemaster",Drysuit,Nitrox,"Dive Shop, Dive Resort","Purple Haze, Tasu II, The Bistro, Ras Bula, The Maze, Bigfoot, Sundance, Bordello, Casbah, Fanny Hill, Gunbarrel, Stingray, The Edge",,,
DivePoint Maldives,"Silincoa, K. Guraidhoo, South Malé Atoll, Maldives",https://divepoint-Maldives.com/,Guraidhoo,Kaafu Atoll,Maldives,South Asia, +49 1520 1359621 , info@divepoint-Maldives.com ,"Open Water Diver, Open Water Scuba Diver, Discover Scuba Diving, Try Scuba / Intro Scuba, Advanced Open Water Diver, Advanced Adventurer, Rescue Diver, Deep Diver, Night Diver, Underwater Navigator, Divemaster",,Nitrox,Dive Shop,"Fuvahmulah, Guraidhoo, North Male, Raa, South Male, Vadhoo Caves",,,
Diver Dan's,"2245 El Camino Real, Santa Clara, CA 95050, United States",https://www.diverdans.com/,Santa Clara,California,United States,North America, +1 408-984-5819 , info@diverdans.com ,"Discover Scuba Diving, Try Scuba / Intro Scuba, Advanced Open Water Diver, Advanced Adventurer, Rescue Diver","Wetsuit, Regulator, Drysuit, Dive Computer, Mask, Fins, BCD, Snorkel",,Dive Shop,"Beqe Lagoon, Destination Diving, Monterey, Monterey Bay, Palau",,,
DiveRACE Class E,"269/24 Patak Road, Karon Beach",https://www.diverace.com/,Khao Lak,Phuket,Thailand,Southeast Asia,(+66) 92 455 4263, hello@diverace.com ,,,Nitrox,Liveaboard,"Boonsung wreck, Deep Six, Donald Duck Bay, Elephant Head Rock, Hideaway Bay, Hin Daeng, Hin Muang, Koh Bida Nok, Koh Bon, Koh Doc Mai, Koh Haa - Cathedral, Koh Haa Lagoon, Koh Haa Neua, Koh Tachai Pinnacle, North Point, Richelieu Rock, Shark Fin Rock / Lek Bet (Samae San Marine Park), Shark Point (Hin Musang), Similan Islands, Surin Islands, West of Eden",,,
Divers Incorporated,"3380 Washtenaw Ave, Ann Arbor, MI 48104, United States",https://www.diversinc.com/,Ann Arbor,Michigan,United States,North America, +1 734-971-7770 , staff@diversinc.com ,"Open Water Diver, Open Water Scuba Diver, Discover Scuba Diving, Try Scuba / Intro Scuba, Advanced Open Water Diver, Advanced Adventurer, Rescue Diver, Divemaster, Wreck Diver, Deep Diver","Wetsuit, Regulator, Fins, Mask, BCD, Boots, Snorkel",Nitrox,Dive Shop,"Bonaire Island, Cooper River, Destination Diving, Isle Royale - SS America, Isle Royale - SS Congdon, Isle Royale - SS Emperor, Lake Okoboji, Milwaukee, Straits Of Mackinac, USS Oriskany, White Star Quarry",,Dive sites page shows non - labeled map - dive sites taken from dive trips page,
Divers Lodge Lembeh,"Pasirpanjang, Paudean, Lembeh Sel., Kota Bitung, Sulawesi Utara 95551, Indonesia",https://www.diverslodgelembeh.com/,Lembeh,Sulawesi Utara,Indonesia,Southeast Asia, +62 812-4433-754 , info@diverslodgelembeh.com ,"Open Water Diver, Enriched Air Nitrox, Advanced Adventurer, Rescue Diver, Discover Scuba Diving, Dry Suit Diver, Advanced Open Water Diver, Divemaster","Wetsuit, Regulator, Gloves, BCD, Drysuit, Hood, Fins, Mask, Snorkel, Boots",Nitrox,Dive Shop,"Batu Kapal, Dante's Wall, Jico Yance, Kainah's Treasure, Pulau Putus, California Dreaming, Batu Mera, Batu Angus, AW Shucks, Hainus, Hairball, Lettuce Surpriz U, Teluk Kembahu, Pearl Farm, Retak Larry, Magic Crack, Retak Becho, Magic Rock, Makawidey, Jarijari, Jahir, Air Prang, Angel's Window, Delima Point, Rojos 1, 2, Batu Sandar, Air Bajo 1, 2, 3, Nudi Retreat, Tanjung Tebal, Tanjung Kubur, Kareko Batu, Kareko Pasir, Pinnacle X, Pantai Parigi, Kungkungan house reef, Nudi Falls, Police Pier 1, 2, Pante Abo, Bianca, Tanduk Rusa, Naemundung point, Rotan, Bimoli Wreck, Kapal Indah Wreck, Goby the Crab, Tanjung Paudean, Goronga, Serena iland, Critters hunt, Mawali Wreck, Madidir 1, 2, 3, Pulau, Abadi, Tanjung Mawali, Papu Papu, Sungan, Pintu Kolada, Sea Grass, Tanjung Kusu Kusu, Hemi, Batu Lubang, Kecil, Monument (Trikora), Batu Lubang Besar, Batu Bunyan, Coconut garden, House Reef, Mandarin Place, Tanjung Kuning, Jiko 1, 2, 3, Pulau Dua, Coral Kobong, Pulau Susulina, Rojos 1,2, Air Bajo 1,2,3, Police Pier 1,2, Madidir 1,2,3, Jiko 1,2,3",,,
Divers Paradise,"4000 Crandon Blvd, Key Biscayne, FL 33149, United States",https://www.keydivers.com/,Key Biscayne,Florida,United States,North America, +1 305-361-3483 , window.loc@ion.reload ,"Open Water Diver, Advanced Adventurer, Advanced Open Water Diver, Wreck Diver, Deep Diver, Enriched Air Nitrox, Night Diver, Underwater Navigator, Dry Suit Diver, Marine Ecology, Divemaster, Divemaster / Assistant Instructor, Open Water Scuba Instructor, Try Scuba / Intro Scuba","BCD, Drysuit, Mask, Regulator",Nitrox,Dive Shop,"Brewster Reef, Biscayne National Park, Car Frame Reef, Cuban Freighter Reef, Darrel's Ledge, Deep Trench, Emerald Reef, Flamingo Reef, Graceland Reef, Jakes Jungle (Rumble on the Beach), Keith's Kanyon, Mike's Terrace, Patty's Patch, Petes Reef, Rainbow Reef, RJ's Groove, RJ's Ledge, Rock Pile, South Deep Trench, Suger Bear Reef, The Aquarium, The Pillars, The Fish Hole, The North Pipe, The Cascades, Army Tanks, Belcher Barge, BELCHER WRECK TREK, Belzona Barge, Belzona II, Biscayne Wreck, Carmen, Half Moon Preserve, Jose Cuervo Bar, Lady Frei, Matthew Lawrence Memorial Wreck, Miss Karline/ Patricia, Neptune Memorial Reef, Radio Antenna, Tarpoon, The Conception, The Mathew Lawrence, The Pipes, Wreck Treck, Andro, Arida, Barge ZT 202, Belzona One, BELZONA THREE, DEMA Trader, Miracles Express, Orion, Paradiso, Proteus, Rio Miami, Schurgars Barge, Sheri-Lyn, South Seas, Spirit of Miami, St. Anne D'Auray, The C-One, The Princess Britney, Almirante, Brandy Wine, Blue Fire, Deep Freeze, Doc de Mille, Etoile de Mer, Jupiter Star, Lakeland, Miguana, Mystick Isle, Narwal, Ophelia-Brian, Ultra Freeze, S. Beach Water Tower, Tacoma, Tenneco Deep, Star Treck, Tenneco Towers, The Andro, The Tortuga, Munising Bay, Port Sanilac, Presque Isle",,,
Divers Team,"Avenida Colombia 1-19, Local 1, San Andrés",https://www.diversteam.net/,San Andrés,San Andrés y Providencia,Colombia,South America,(+57) 315 ​​770 1285, nelson@diversteam.net ,"Open Water Diver, Discover Scuba Diving, Advanced Open Water Diver, Rescue Diver, Deep Diver, Enriched Air Nitrox, Wreck Diver, Night Diver, Underwater Navigator, Dry Suit Diver, Divemaster","Wetsuit, Regulator, BCD, Hood, Mask, Drysuit",Nitrox,Dive Shop,San Andres Islands,,Has dive map but way to small to make out any indivdual dive sites,
Divers Two,"1 Main St, Avon-By-The-Sea, NJ 07717, United States",https://www.diverstwo.com/,Avon-by-the-Sea,New Jersey,United States,North America, +1 732-776-7755 , user@domain.com ,"Open Water Diver, Scuba Diver, Open Water Scuba Diver, Discover Scuba Diving, Try Scuba / Intro Scuba, Introductory Scuba, Advanced Open Water Diver, Advanced Adventurer, Rescue Diver, Open Water 20, Deep Diver, Enriched Air Nitrox, Night Diver, Wreck Diver, Underwater Navigator, Divemaster, Advanced Nitrox, Trimix Diver","Snorkel, Regulator, BCD, Fins, Wetsuit, Mask",Nitrox,Dive Shop,Shark River Back Bay,,Only dive site i found. Dive schedule page empty - Side Note - Should use this picture of the dive instructor to illustrate disgust of a  crazy website - https://images.squarespace-cdn.com/content/v1/6863033e1c12f235cace029b/fe6613af-b4d0-40ca-a7d0-3d85d3ce2375/new-rich-goldman-pic.jpg?format=1000w,
DiveSicily Diving & Watersports,"Naxos Harbor, 98035 Giardini Naxos, Sicily, Italy",https://www.divesicily.com/,Giardini Naxos,Sicilia,Italy,Europe, +39 360 289 555 , info@divesicily.com ,"Open Water Diver, Scuba Diver, Open Water Scuba Diver, Discover Scuba Diving, Try Scuba / Intro Scuba, Introductory Scuba, Advanced Open Water Diver, Advanced Adventurer, Rescue Diver, Deep Diver, Enriched Air Nitrox, Night Diver, Underwater Navigator, Divemaster, Divemaster / Assistant Instructor","Wetsuit, Regulator, Fins, Mask, BCD, Snorkel",Nitrox,Dive Shop,"Blue Grotto (Grotta Azzurra), Isola Bella, Capo Taormina, Roman Temple, Mermaid Rock, Air Cavern, Atlantis Bay, Devil Tunnel, Villagonia, Greek Temple, Devil Canyon, Angelos Canyon, Elefant Reef, Naxos Wreck",,,
CoCo View Dive Resort,"Municipality of Roatan, French Cay, Bay Islands, Honduras",https://www.cocoviewresort.com/ ,French Cay,Bay Islands Department,Honduras,Central America,18005108164, dro@cocoviewresort.com ,,,,"Dive Resort, Dive Shop","Anka’s Place, Calvin's Crack, Carib Point, Castle Canyon, Chimneys, Coco View Wall, Doc’s Retreat, French Cay Cut, Inside Outside, John’s Spot, Little French Cay Wall, Mary’s Place, Mr. Buds, Newman’s Wall, Parrot Tree, Patti’s Paradise, Prince Albert Wreck, Gold Chain Reef, Menagerhea’s Reef, Missing Link, Mr. Bud Wreck, Neverstain Bight, Two Tall Two Smal",,75Cent per row starts here,
Divetech,"571 North West Point Road, West Bay KY1-1303, Cayman Islands",https://www.divetech.com/,Grand Cayman,Grand Cayman,Cayman Islands,Caribbean,1(345) 925-1252, info@divetech.com ,,"Wetsuit, Regulator, Fins, Mask, BCD, Dive Computer, Snorkel, Boots",Nitrox,Dive Shop,"Cobalt Coast Resort, Grand Cayman, Great Wall West, Kittiwake, Lighthouse Point",,,
Divine Divers Gili Meno,"Gili Meno, Lombok, Gili Indah, Kec. Pemenang, Kota Mataram, Nusa Tenggara Bar. 83352, Indonesia",https://www.divinedivers.com/,Gili Meno,Nusa Tenggara Bar.,Indonesia,Southeast Asia, +62 852-4057-0777 , info@divinedivers.com ,"Open Water Diver, Advanced Open Water Diver, Rescue Diver, Deep Diver, Wreck Diver, Night Diver, Underwater Navigator, Divemaster, Open Water Scuba Instructor, Master Scuba Diver Trainer, Discover Scuba Diving, Junior Open Water Diver","Wetsuit, Regulator, Fins, Mask, BCD, Snorkel, Dive Computer",Nitrox,"Dive Shop, Dive Resort","Air Harbour, Air Wall, Biorocks, Bounty Wreck, Deep Halik, Deep Slope, Deep Turbo, Gili Air - Turtle Heaven, Gili Trawangan - Shark Point, Glenn Nusa Wreck, Halik, Hans Reef, Jack Point, Meno Slope, Meno Wall, Shallow Turbo, Simon's Hole, Simon's Reel, Sunset Reef, Turtle Town, Soraya",,,
Diving Calvi A Piaghja,"Rte de la Pinède, 20260 Calvi, France",https://www.divingcalvi.fr,Calvi,Corse,France,Europe, +33 6 81 29 99 46 , divingcalvi@icloud.com ,,"Snorkel, Mask, Fins",,Dive Shop,"Revellata, Saint Francois, Bibliothèque, Sec des Belges, Punta Bianca",,,
Diving Group Portofino,"Via Favale 25, 16038 Santa Margherita Ligure, Italy",https://dgportofino.com/,Santa Margherita Ligure,Liguria,Italy,Europe, +39 335 725 9758 , info@dgportofino.com ,"Open Water Diver, Advanced Open Water Diver, Rescue Diver, Night Diver, Divemaster, Discover Scuba Diving, Junior Open Water Diver","Wetsuit, Regulator, Mask, BCD, Snorkel",,Dive Shop,"Portofino Marine Park, Grotta dei Gamberi, Punta Chiappal, Isuela, Punta Targhetta, punta della Torretta, Grotta dell'eremita, Volpe, Cristo degli abissi, Colombara, Dragones, Targa Gonzatti, secca Gonzatti, Scoglio del diamante, Raviolo, Mohawk Deer, Vessinaro, Liscia, Bigo, testa del Leone, Altare, Casa del sindaco, Faro",,,
Diving in Elba,"Hotel Airone del Parco & delle Terme, 57037 Portoferraio, Italy",https://www.divinginelba.com/,Portoferraio,Toscana,Italy,Europe, +39 347 371 5788 , info@divinginelba.com ,"Open Water Diver, Advanced Open Water Diver, Rescue Diver, Deep Diver, Wreck Diver, Night Diver, Underwater Navigator, Dry Suit Diver, Divemaster, Open Water 20, Open Water Scuba Instructor, Master Scuba Diver Trainer, Course Director, Discover Scuba Diving, Junior Open Water Diver","Wetsuit, Regulator, Fins, Mask, BCD, Snorkel, Dive Computer",Nitrox,Dive Shop,"SCOGLIETTO – House of the groupers, SCOGLIETTO – Big caves, SCOGLIETTO – The Christ, SCOGLIETTO – North wall, SCOGLIETTO – Deep pinnacle, SCOGLIETTO – Wall NE, Santa Lucia’s pinnacle, Piane Alte, Cape Penisola, Cape Nasuto, Cape Madonna, Cape Stella, Cape Zanca, Il Careno Rock, Leccia’s pinnacle, La Cala Deep Pinnacle, Fetovaia Pinnacle, Friar’s rocks, Cape Fetovaia, Secca Fonza, Little rocks of Zanca, Mortigliano, Omero’s place, Pomonte Wreck, Semaforino’s pinnacle, Rock La Nave, Scoglio Fino, Spizzichino’s place, Pianosa, Cape Civitata, Cape Zenobito, Deep pinnacle of Turco, Scoglione Rock",,,
Diving Indo,"Jl. Danau Poso No.53A, Sanur, Denpasar Selatan, Kota Denpasar, Bali 80227, Indonesia",https://www.diving-indo.com/,Sanur,Bali,Indonesia,Southeast Asia, +62 823-3904-0200 , mario@diving-indo.com ,"Try Scuba / Intro Scuba, Open Water Diver, Advanced Open Water Diver, Rescue Diver, Junior Open Water Diver, Deep Diver, Enriched Air Nitrox, Wreck Diver, Night Diver, Underwater Navigator, Dry Suit Diver","Wetsuit, Regulator, Fins, Mask, BCD, Snorkel, Dive Computer",Nitrox,"Dive Shop, Dive Resort","Amed, Amed Wall, Menjangan Island, Nusa Penida, Padang Bai, Pemuteran Bay, Tulamben, Blue Lagoon, Jepun, The Jetty, Shark Point (Gili Mimpang), Gili Tepekong, Gili Biaha, Crystal Bay, Manta Point, Manta Bay, SD Point, Toyapakeh, Bat Cave, Anchor Wreck/Kapal Budak, Temple Garden, Close Encounter, USAT Liberty Wreck, Coral Garden, The Drop Off, The Boga Wreck, Seraya, The Pyramids, Japanese Shipwreck",,,
Diving Planet,"Calle 39 #8-24, Plaza de San Diego, Cartagena",http://www.divingplanet.org/,Cartagena,Bolívar,Colombia,South America, +57 320 2301515 , info@divingplanet.org ,"Open Water Diver, Advanced Open Water Diver, Rescue Diver, Deep Diver, Wreck Diver, Night Diver, Underwater Navigator, Dry Suit Diver, Divemaster, Discover Scuba Diving, Junior Open Water Diver",,,Dive Shop,"Gloria, Kurira, Bajo San Martín, Pavitos, Alex Place, Bajo Perdido, Cueva de Junior, Punta Brava, Plaza de Toros, Caribarú, Latifundio, Ministerio, Fiesta, Botellas, Bajo Mío, Luis Guerra, Martinsito",,,
Dixie Divers,"455 S Federal Hwy, Deerfield Beach, FL 33441, United States",https://www.dixiediver.com/,Deerfield Beach,Florida,United States,North America, +1 954-420-0009 , orders@dixiedivers.com ,"Open Water Diver, Advanced Open Water Diver, Rescue Diver, Deep Diver, Enriched Air Nitrox, Wreck Diver, Night Diver, Divemaster, Discover Scuba Diving, Junior Open Water Diver","Wetsuit, Regulator, Fins, Mask, BCD, Snorkel",Nitrox,Dive Shop,"Ancient Mariner, Captain Dan, Lady Luck Wreck, Sea Emperor Wreck, Shark Ledge, Tracy (Ken Vitale), Qualman Tugs Wreck, United Caribbean Wreck, RSB-1, Miracle of Life Wreck, Rapa Nui Reef, Angels Reef, Finks Grouper Hole Reef, Hillsboro Ledge Reef, San Remo Reef, Morey Bend Reef",,,
DNS Diving,"269 Treasure Lane, Seven Mile Beach, Grand Cayman KY1-1203, Cayman Islands",https://www.dnsdiving.com/,Grand Cayman,West Bay,Cayman Islands,Caribbean, +1 345-916-2490 , info@dnsdiving.com ,"Open Water Diver, Open Water Scuba Diver, Advanced Adventurer, Rescue Diver, Stress & Rescue Diver, Enriched Air Nitrox, Night Diver, Discover Scuba Diving, Junior Open Water Diver","Wetsuit, Regulator, Fins, Mask, BCD, Snorkel, Dive Computer",Nitrox,Dive Shop,"Grand Cayman, Kittiwake, Stingray City Sandbar",,,
Dockside Dive Center,"Municipality of Roatan, French Cay, Bay Islands, Honduras",http://www.docksidedivecenter.com/,French Harbour,Islas de la Bahía,Honduras,Central America, +1 800-510-8164 , info@docksidedivecenter.com ,"Advanced Nitrox, Deco Procedures, Trimix Diver, Tech 1, Cave 1","Regulator, BCD, Dive Computer","Nitrox, Trimix",Dive Shop,,,"This site is just a dive store and links to the following url for Dive sites, it needs to be added - https://www.cocoviewresort.com/ ",
Dolphin Dive Baja,"Calle Madero, Calle Benito Juarez esquina, Centro, 23880 Loreto, B.C.S., Mexico",https://www.dolphindivebaja.com/,Loreto,B.C.S.,Mexico,North America, +52 613 118 2311 , ventas@dolphindivebaja.com ,"Open Water Diver, Open Water Scuba Diver, One Star Diver (★), Open Water 20, Advanced Adventurer, Two Star Diver (★★), Advanced 35, Stress & Rescue Diver, Three Star Diver (★★★), Enriched Air Nitrox, Divemaster, Advanced Nitrox, Deco Procedures, Trimix Diver, Junior Open Water Diver, Try Scuba / Intro Scuba, Introductory Scuba","Wetsuit, Regulator, Fins, Mask, BCD, Snorkel","Nitrox, Trimix",Dive Shop,"Las Lagrimas, Las Tijeretas, Las Lajas, La Lobera, Piedras Blancas, El Repollo, Candelero, Punta Los Patos, Punta Lobos, El Sombrerito, Islote de la Vaca, Punta Tintorera, La Cholla, Punta Balandra, Los Picachos, El Murcielago, La Pared, Faro Sur, Faro Norte, El Bulldog, Piedra Partida, El Submarino, El Camaron, Los Candeleros, Piedra Bola, C-59, Punta Coyote, Los Anegados, Los Nidos, Punta Colorada, La Reynita",,https://www.dolphindivebaja.com/img/dive/diving_map.jpg?ver=1,
Dolphin Scuba Center,"1530 El Camino Ave, Sacramento, CA 95815, United States",https://www.dolphinscuba.com/,Sacramento,California,United States,North America, +1 916-929-8188 , sales@dolphinscuba.com ,"Open Water Diver, Advanced Open Water Diver, Rescue Diver, Deep Diver, Wreck Diver, Enriched Air Nitrox, Night Diver, Underwater Navigator, Dry Suit Diver, Divemaster, Divemaster / Assistant Instructor, Open Water Scuba Instructor, Master Scuba Diver Trainer, Course Director, Discover Scuba Diving, Junior Open Water Diver","Regulator, Wetsuit, BCD, Hood, Drysuit, Dive Computer",Nitrox,Dive Shop,"Baa, Banda Sea, Beqe Lagoon, Central Atolls, Channel Islands, Cocos Island, Cozumel, Daedalus, Destination Diving, Elphinstone, Elphinstone North Plateau, Elphinstone South Plateau, Galapagos Islands, Guadalcanal, Halmahera, Honiara - Bonegi I (Kyusyu Maru), Honiara - Bonegi II (Hirokawa Maru), Komodo, Lembeh, Malapascua Island, Northern Atolls, Palau, Raja Ampat, Red Sea, Rocky Island, Sea of Cortez, Similan Islands, Socorro Island, Solomon Islands, South & Central Atolls, Southern Visayas, St. John’s, Surin Islands, Thap Island, Three Brothers, Truk Atoll, Tubbataha Reef - South, Wakatobi, Zabargad Island",,,
Don Foster's Dive Cayman,"218 South Church Street, George Town KY1-1206, Cayman Islands",https://www.donfosters.com/,Grand Cayman,Grand Cayman,Cayman Islands,Caribbean, +1 345-938-4000 , dfd@donfosters.com ,"Discover Scuba Diving, Scuba Diver, Open Water Diver, Advanced Open Water Diver, Rescue Diver, Enriched Air Nitrox, Divemaster, Open Water Scuba Instructor","Snorkel, Fins, Mask, BCD",Nitrox,Dive Shop,"Casuarina Point, Grand Cayman, Kittiwake",,,
Dorado Buceo Veracruz,"Blvd. Manuel Ávila Camacho 865, Ricardo Flores Magón, 91900 Veracruz, Ver., Mexico",http://www.doradobuceo.com/,Veracruz,Ver.,Mexico,North America, +52 229 323 3209 , info@doradobuceo.com ,"Open Water Diver, Scuba Diver, Advanced Open Water Diver, Rescue Diver, Deep Diver, Enriched Air Nitrox, Wreck Diver, Night Diver, Underwater Navigator, Divemaster, Divemaster / Assistant Instructor, Open Water Scuba Instructor, Master Scuba Diver Trainer, Course Director, Discover Scuba Diving, Junior Open Water Diver, Try Scuba / Intro Scuba","Wetsuit, Regulator, Fins, Mask, BCD, Snorkel, Dive Computer",Nitrox,Dive Shop,"Los Anegados, La Blanquilla, El Caomex, La Cadena, Ancla del Morgan, Punta Sureste, La Virgen, Ahogado Chico, Ahogado de Guilligan, Catedrales, El Jardín de Isla Verde, La Lágrima, The Rivapalacio C50, La Anegada de Afuera, The Comodoro Manuel Azueta D111 training ship",,Might be a dive resort; most of package information is an flyer image in Spanish,
Double Action Dive Charters,"Casino Center Dr, Hammond, IN 46320",https://www.doubleactiondivecharters.com/,Hammond,Indiana,United States,North America,815-600-7090, info@dadivecharters.com ,"Open Water Diver, Discover Scuba Diving, Junior Open Water Diver","Wetsuit, Regulator, Fins, Mask, BCD, Snorkel",,Dive Shop,"City Of Detroit, Gov Smith, Fred Lee, Glenorchy, Goliath, Daniel J Morrell, Emma L Neilsen, E.P. Dorr, Philadelphia, Arctic, Dunderburg, Minnedosa, Detroit, F B Gardner, Sport, Col A B Williams, Checotah, North Star, Charles S Price, Eliza H Strong, New York, Regina, Car Ferry 2, Louisville, Wisconsin, The Thomas Hume, Luther Loomis, Inland Steel Barge, Scuttled Steamer, Wings Of The Wind, Tacoma, Straits Of Mackinac, The Buccaneer, Material Services Barge, Wells Burt, Nicole’s Mystery Wreck, South Tug, David Dows, Lady Elgin, Albany, Illinois And Holly Barge, The Rotarian, Charles A King, John Mcgean, Canisteo, Mary Alice B",,,
Down Under Dive Shop,"1129 Gulf Shores Pkwy, Gulf Shores, AL 36542, United States",https://www.downunderdiveshop.com/,Gulf Shores,Alabama,United States,North America, +1 251-968-3483 , info@downunderdiveshop.com ,"Open Water Diver, Scuba Diver, Advanced Open Water Diver, Advanced Scuba Diver, Rescue Diver, Enriched Air Nitrox, Divemaster, Divemaster / Assistant Instructor, Discover Scuba Diving, Junior Open Water Diver, Try Scuba / Intro Scuba","Wetsuit, Regulator, Fins, Mask, BCD, Drysuit, Hood, Boots, Snorkel, Dive Computer","Nitrox, Trimix",Dive Shop,"Lulu, Perdido Pass Jetties at Alabama Point, The Rock Jetties, The Whiskey Wreck, Turtle Grass, USS Oriskany",,,
Dragon Dive Komodo,"Jl. Mutiara, Labuan Bajo, Kec. Komodo, Kabupaten Manggarai Barat, Nusa Tenggara Tim., Indonesia",https://www.dragondivekomodo.com/,Labuan Bajo,Nusa Tenggara Tim.,Indonesia,Southeast Asia, +62 811-3823-490 , diving@dragondivekomodo.com ,"Scuba Diver, Discover Scuba Diving, Open Water Diver, Advanced Open Water Diver, Rescue Diver, Junior Open Water Diver, Deep Diver, Enriched Air Nitrox, Wreck Diver, Night Diver, Underwater Navigator, Marine Ecology, Divemaster, Divemaster / Assistant Instructor, Open Water Scuba Instructor, Master Scuba Diver Trainer, Course Director","BCD, Regulator, Snorkel","Hydrox, Nitrox","Liveaboard, Dive Resort, Dive Shop","3 Sisters, Alor, Banta Wall, Batu Bolong, Batu Tiga, Boulders, Cannibal Rock, Castle Rock, Clown Valley (Apuri), Crystal Rock, Current Alley, End of the World, Golden Passage, Gps Point, Kai's Dream, Komodo, Langkoi Rock, Loh Sera, Manta Alley, Manta Point, Mawan, Padar Bay, Pengah Kecil, Pillarsteen, Pink Beach, Police Corner, Sebayur, Secret Garden, Siaba Besar, Tatawa Besar, Tatawa Kecil, The Arch, The Cathedral, The Cauldron (Shotgun), Torpedo Alley, Wainilu, Yellow Wall, North Komodo, Central Komodo, South Komodo",,,
Dream Team Divers,"9MXF+RG, Hurghada 2, Red Sea Governorate 1982710, Egypt",https://www.dreamteamdivers.com/,Koh Phangan,Red Sea Governorate,Thailand,Southeast Asia,+66610794788, https://www.dreamteamdivers.com/contact ,,,,Dive Shop,"Around Khao Lak, HTMS Kut (Khood) Wreck, HTMS Mataphon Wreck, Koh Bon, Koh Krok, Koh Sak East, Koh Sak West, Koh Tachai Pinnacle, North Andaman, Racha Noi Island, Racha Yai Island, Richelieu Rock, Similan Islands, South Point, Surin Islands, The Hardeep Wreck (Samae San Marine Park)",,,
Dreamtime Dive Center,"Dreamtime Dive & Snorkel Wharf, Reef Fleet Terminal, 1 Spence St, Cairns City QLD 4870, Australia",https://www.dreamtimediving.com/,Mahahual,QLD,Mexico,North America, +61 7 4030 7920 , https://dreamtimediving.com/contact/ ,"Scuba Diver, Open Water Diver, Enriched Air Nitrox, Advanced Open Water Diver, Rescue Diver, Divemaster, Try Scuba / Intro Scuba, Advanced Adventurer","BCD, Regulator, Fins, Mask, Boots, Snorkel, Wetsuit",Nitrox,Dive Shop,,,Certification and Dives but no dive sites listed,
Dressel Divers,"Iberostar Cozumel, Carr. Costera Sur km. 17-785, 77600 Cozumel, Quintana Roo, Mexico",https://www.dresseldivers.com/,Cozumel,Quintana Roo,Mexico,North America, +1 202-827-6403 , info@dresseldivers.com ,"Open Water Diver, Scuba Diver, Discover Scuba Diving, Try Scuba / Intro Scuba, Introductory Scuba, Advanced Open Water Diver, Advanced Adventurer, Rescue Diver, Deep Diver, Enriched Air Nitrox, Wreck Diver, Night Diver, Underwater Navigator, Dry Suit Diver, Divemaster",Drysuit,Nitrox,"Dive Shop, Liveaboard","Airport Wall, Akumal, Angelita Cenote, Astron Shipwreck, Atlantic Princess Wreck, Barracuda, Big Buoys, Big Drop Off, Calavera (Temple of Doom) Cenote, Catalina Garden, Catalina Wall, Cañones, Cerebros, Chacal Lal, Chan 'Yu Yun, Changing Channels, Chankanaab, Chun Chacaab Reef, Chun Zumbul, Coco Loco, Coco Reef, Coco Wreck, Coral Garden, Coral Reef, Couch Potato, Cristinos Reef, Cuevitas, Devil's Wall, Dominicus Reef, Dream Wall, Dressel Discovery, Edward's Reef, El Canal, El Faro, El Malinal, El Niño, Electric Avenue, Fisherman's Valley, Guaraguao, Ibero Garden, Inha, Islas Marietas, Jamaica Reef, Jardines, La Francesa, La Señal, La Tortuga, Las Palmas, Little Drop Off, Los Arcos, Lost Islands, Love Rocks, Mama Viña, Maracaibo, Marley's Garden, Moc-Che, Moc-che Deep, Monica Wreck, Montego Bay, Oasis, Paamul, Palancar Caves, Palancar Gardens, Palancar Horseshoe, Paradise, Paradise Deep, Paradisus, Pared Verde, Paredon, Pargo Cave, Park Reef, Paso del Cedral, Pedregal, Penon, Playa del Carmen, Puerto Aventuras, Punta Dalila, Punta Mita, Punta Sur, Punta Tiburon, Punta Tunich Wall, Punta Venado, Puntilla, Puntilla Deep, Rocky Shallow, Rondana, Rose Hall Reef, Ruinas, Sabalos, Sahangri-la, San Francisco Wall (Cozumel), Santa Rosa Wall, Sierra, St George Wreck, The Canyons, Tormentos Reef, Tortugas, Villa Blanca Wall, Viva Shallow, Windowmakers Cave, Yucab Reef (Cozumel), Catalina Aquarium, Mini Wall, Guasumilla, Dos Cocos, Acuario, Penon Profundo, La Parguera, Sharkpoint, Stingray City, Mallorca",,,
Dune Bali,"Jl. By Pass Ngurah Rai No.96E, Sanur, Bali 80228, Indonesia",https://atlantis-bali-diving.com/,Sanur,Bali,Indonesia,Southeast Asia,+62 812-3805-767, info@dune-bali.com ,"Open Water Diver, Open Water Scuba Diver, Discover Scuba Diving, Try Scuba / Intro Scuba, Advanced Open Water Diver, Advanced Adventurer, Rescue Diver, Deep Diver, Night Diver, Underwater Navigator, Divemaster",,Nitrox,"Dive Shop, Liveaboard","Alor, Amed, Amed Pyramids, Amed Wall, Anchor Wreck, Banda Sea, Bat Caves, Batanta Island, Batu Bolong, Batu Kelebit, Blue Corner, Blue Lagoon, Bunutan, Buyuk, Ceningan Wall, Crystal Bay, Dampier Strait, East of Flores, Farondi Cave System, Gamat Bay, Garden Eel, Gili Biaha, Gili Mimpang, Gili Tepekong, Gilis, Japanese WWII Wreck, Jaya de Willis, Komodo, Kubu, Labuan Bajo, Loh Buaya, Mangrove, Manta Point, Maumere, Menjangan Island, Menjangan Pos I, Menjangan Pos II, Misool, Nusa Penida, PED, Padang Bai, Padar Bay, Pantar - The Arch, Penemu Area, Penjor Reef, Pura Jepun, Raja Ampat, Rinca Island, Sanur, Sanur Channel, Secret Bay (Gilimanuk), Sekolah Dasar, Sental, Seraya Secrets, Tanjung Sari, The Jetty, Toyapakeh, Triton Bay, Tulamben, Tulamben Coral Garden, Tulamben Drop Off, USAT Liberty Wreck, Kawula, Kalabahi, Komba volcano, Gili Lawah Laut, Gili Lawah Darat, Komba, Alor Strait, Wetar, Damar, Serua-Nil-Nila, Manuk, Snake Island, Nusa Laut, Molana, Ambon, Banda Neira, Suanggi, Koon, Momon, Namatote, Kaimana, Fam Islands, Pulau Pisang, Strait of Patintie, Goraici Islands, Tifore Island, Daram, Misool National Park",,,
DUNE La Londe,"Place de l'Hélice, Bd du Front de Mer, 83250 La Londe-les-Maures, France",https://france.dune-world.com/category/destination-la-londe,La Londe-les-Maures,Provence-Alpes-Côte d'Azur,France,Europe, +33 6 09 21 20 35 , lalonde@dune-world.com ,"Discover Scuba Diving, Try Scuba / Intro Scuba, Advanced Open Water Diver, Advanced Adventurer, Rescue Diver","Wetsuit, Regulator, Drysuit, Dive Computer, Mask, Fins, BCD, Snorkel",,Dive Shop,"Ti-Boulen Du Frioul, Le Junker, Cap Caveau, Le Lagoubran, Tunnels et failles du Tiboulen de Maire, Croisette Le Cap, Les fromages, Messerschmitt BF 109, Le Lotecoere, Passe de Maire, La Grotte à Corail, Le Liban, Le Dalton, Le Chaouen, Le Cap de Jarre, La Pierre de Briançon, La Grotte arc en ciel, La Grotte Mystérieuse, Le sec du Jarron, Le Batavia, Lo Pierre que Tramole, La calanque du Pouar, Grotte o Perez, Pierre à Joseph, Tunnel de la Moyade, Cafarique des Contrebandiers, Couloir aux gorgones, Pointe Caramassaigne, L'Impérial du Milieu, L'Impérial de Terre, Marseille",,Site is same as below - I seperate dive sites because of different maps - should combine - review,
DUNE Marseille,"7 Port de la Pointe Rouge, 13008 Marseille",https://france.dune-world.com/category/destination-marseille,Marseille,Provence-Alpes-Côte d'Azur,France,Europe, +33 4 28 70 89 26 , marseille@dune-world.com ,"Try Scuba / Intro Scuba, Open Water Diver, Scuba Diver, Wreck Diver, Advanced Adventurer, Stress & Rescue Diver, Deep Diver, Enriched Air Nitrox, Divemaster, Discover Scuba Diving, Introductory Scuba","Wetsuit, Regulator, Fins, Mask, BCD, Snorkel, Dive Computer",Nitrox,Dive Shop,"Le Hellcat, Fourmigue du Lavandou, Le Spahis, Le Wildcat, Le Rubis, Le Togo, L'Espingole, Mustang, Le Ferrando, Le Marcel, llot du Christapu, Escampobariou, Le Michel C, Ville de Grasse, Cop des Medes, Gendarme, Montrémian, Les dalles de bagaud, Barge aux congres, La Galéte, Le Cimentier, Cop d'armes, Le Donator, Le Grec, Pointe du Vaisseau, Pointe de la Croix, La Gabinière, Sec des murènes, La Jeaune garde, Langoustier, Le Miere, Sèche du Sarranier",,Dune La Londe,
East Cape Explorers,"Retorno Atun Sin Numero, Colonia La Playita, FTE la Marina, 23403 San José del Cabo, B.C.S., Mexico",https://www.eastcapeexplorers.com/,San Jos√é del Cabo,B.C.S.,Mexico,North America, +52 624 242 6170 , info@eastcapeexplorers.com ,"Open Water Diver, Open Water Scuba Diver, Discover Scuba Diving, Try Scuba / Intro Scuba, Advanced Open Water Diver, Advanced Adventurer, Rescue Diver, Divemaster, Wreck Diver, Deep Diver","Wetsuit, Regulator, Fins, Mask, BCD, Boots, Snorkel",Nitrox,Dive Shop,"Cabo San Lucas Marine Reserve, Chileno, Gordo Banks, Neptune’s Finger, The Blow Hole, San Jose Del Cabo, Escalera, Zacatitos, Skywalker, Palmilla, El Salinar - Shipwreck, The Corridor, Gavilanes, Santa Maria Bay, Land's End, Pelican Rock, Middle Wall, North Wall",,,
East Coast Divers,"213 Boylston St, Brookline, MA 02445, United States",https://www.ecdivers.com/,Brookline,Massachusetts,United States,North America, +1 617-277-2216 , info@ecdivers.com ,"Open Water Diver, Enriched Air Nitrox, Advanced Adventurer, Rescue Diver, Discover Scuba Diving, Dry Suit Diver, Advanced Open Water Diver, Divemaster","Wetsuit, Regulator, Gloves, BCD, Drysuit, Hood, Fins, Mask, Snorkel, Boots",Nitrox,Dive Shop,"Ambergris Caye, Back Beach, Bass Rocks at Grapevine Road, Canoe Beach, Cathedral Rocks, Corporation Beach, Cozumel, Destination Diving, Folly Cove, Forty Steps, Galapagos Islands, Halibut Point, Lane’s Cove, Loblolly Cove, Magnolia Rocks, Norman’s Woe at Rafes Chasm, Old Garden Beach, Pebble Beach, Philippines, Sandwich Town Beach, Saturday Night Ledge, Sint Eustatius, Socorro Island, Stage Fort Park",,,
Eastern Caribbean Diving,"Windjammer Landing Resort, Labrelotte Bay, St. Lucia",http://www.easterncaribbeandivingstlucia.com,Labrelotte Bay,Gros Islet,Saint Lucia,Caribbean, +1 758-488-0482 , info@easterncaribbeandivingstlucia.com ,"Open Water Diver, Advanced Adventurer, Advanced Open Water Diver, Wreck Diver, Deep Diver, Enriched Air Nitrox, Night Diver, Underwater Navigator, Dry Suit Diver, Marine Ecology, Divemaster, Divemaster / Assistant Instructor, Open Water Scuba Instructor, Try Scuba / Intro Scuba","BCD, Drysuit, Mask, Regulator",Nitrox,Dive Shop,"Anse Chastanet, Coral Gardens, Piton Wall, Superman’s Flight, Fairyland, Key Hole Pinnacles, Trou Diable, Rosemond Trenches, Lesleen M Wreck, Anse La Raye Wall, North Anse Jabette, South Anse Jabette, North Anse Cochon, South Anse Cochon, Daini Koyomaru Wreck, Virgin's Cove, North Saline Point, South Saline Point, Smugglers Cove, Bird's Rock, North Pigeon Point, South Pigeon Point, Berger Rock Barrel-O-Beef, Bone Yard, SK2, Vicky B",,,
Easy Divers Samui,"158, 6, Bo Put, Amphoe Ko Samui, Surat Thani 84320, Thailand",https://www.easydivers-thailand.com/,Koh Samui,Surat Thani,Thailand,Southeast Asia, +66 86 773 9762 , info@easydivers-thailand.com ,"Open Water Diver, Discover Scuba Diving, Advanced Open Water Diver, Rescue Diver, Deep Diver, Enriched Air Nitrox, Wreck Diver, Night Diver, Underwater Navigator, Dry Suit Diver, Divemaster","Wetsuit, Regulator, BCD, Hood, Mask, Drysuit",Nitrox,Dive Shop,"Chumphon Pinnacle, Green Rock, Koh Tao, Sail Rock (Koh Tao / Koh Samui), White Rock, Koh Tan, Koh Madsum Island",,,
Eco Dive Center,"4027 Sepulveda Blvd, Culver City, CA 90230",https://ecodivecenter.com/,Culver City,California,United States,North America, +1 310-398-5759 , scuba@ecodivecenter.com ,"Open Water Diver, Scuba Diver, Open Water Scuba Diver, Discover Scuba Diving, Try Scuba / Intro Scuba, Introductory Scuba, Advanced Open Water Diver, Advanced Adventurer, Rescue Diver, Deep Diver, Enriched Air Nitrox, Night Diver, Underwater Navigator, Divemaster, Divemaster / Assistant Instructor","Wetsuit, Regulator, Fins, Mask, BCD, Snorkel",Nitrox,,"Catalina Island, Destination Diving, Ellen Oil Rigs, Elly Oil Rigs, Eureka Oil Rigs, Manta Point, North Bali, South Bali, Taveuni",,Team America World Police Song Intensifies!!!,
Eco Dive Grenada,"Coyaba Beach Resort, Grand Anse, St. George's, Grenada",https://www.ecodiveandtrek.com/,Grand Anse,Saint George,Grenada,Caribbean, +1 473-444-7777 , info@ecodivegrenada.com ,,"Wetsuit, Regulator, Fins, Mask, BCD, Dive Computer, Snorkel, Boots",Nitrox,Dive Shop,"Flamingo Bay, Happy Hill, Dragon Bay, Dragon's Wall, Car Pile, Molinere Point, Sculpture Park, Grand Mal Wall, Sherwood Forest, Valleys, Northern Exposure, Red Buoy, Japanese Garden, Southern Comfort, Windmill, Heartbreak Ridge, Quarantine Reel, Moonscape, Spotters Reef, Boulders, Dr. Grooms Garden, Purple Rain, Kansas, Whibbles Reef, Black Forest, Kohanee, Runway, Grand Canyon, Shark Reef, Glovers Island, Glovers Reef, Lighthouse Reef, Southend, Porpoises",,https://www.ecodiveandtrek.com/wp-content/uploads/Map-of-Grenada.jpg,
Eco Divers Manado,"Batukota, Lembeh Utara, Bitung City, North Sulawesi 95551, Indonesia",https://www.eco-divers.com/,Manado,North Sulawesi,Indonesia,Southeast Asia, +62 811-435-411 , info@eco-divers.com ,"Open Water Diver, Advanced Open Water Diver, Rescue Diver, Deep Diver, Wreck Diver, Night Diver, Underwater Navigator, Divemaster, Open Water Scuba Instructor, Master Scuba Diver Trainer, Discover Scuba Diving, Junior Open Water Diver","Wetsuit, Regulator, Fins, Mask, BCD, Snorkel, Dive Computer",Nitrox,"Dive Shop, Dive Resort","Cape Kri, Dampier Strait, Lembeh Strait, Raja Ampat, Batu Angus, AW Shucks, Hairball, Hairball Too, Magic Rock, TK, Retak Larry, Slow Poke, Magic Crack, Nudi Retreat, Makawide, Jahir, Air Pang, Nudi Falls, Police Pier, Bimoli Wreck, Pantai Kecil, Rina Wreck, Madidir, Critter hunt, Goby A'Crab, Kapal Indah, Batu Kapal, California Dreaming, Pulau Putus, Batu Merah, Angel's Window, Batu Sandar, Tanjung Tebal, Pantai Parigi, Pintu Colada, Pintu Kota, Serena North, Serena West, Mawali Wreck, Pulau Abadi, Lembeh",,https://eco-divers.com/wp-content/uploads/2014/11/map_lembeh.jpg,
Ecologic Divers,"Beach Front, San Pedro, Ambergris Caye, Belize",https://ecologicdivers.com/,San Pedro,Corozal District,Belize,Central America, +501 637-8942 , divers@ecologicdivers.com ,,"Snorkel, Mask, Fins",,Dive Shop,"Ambergris Caye, Great Blue Hole, Lighthouse Reef Atoll, Lighthouse Reef Atoll - Half Moon Caye Wall, Turneffe Atoll, Turneffe Atoll - The Elbow, Basil Jones Canyons, Black Beauty, Myrtle Turtle, Front Porch, Calabash, Mata Rocks Canyons",,,
Eden Rock Diving Center,"124 South Church Street, George Town KY1-1110, Cayman Islands",https://edenrockdivingcenter.com/,Grand Cayman,Grand Cayman,Cayman Islands,Caribbean, +1 345-949-7243 , edenrockstaff@gmail.com ,"Open Water Diver, Advanced Open Water Diver, Rescue Diver, Night Diver, Divemaster, Discover Scuba Diving, Junior Open Water Diver","Wetsuit, Regulator, Mask, BCD, Snorkel",,Dive Shop,"Devil’s Grotto, Eden Rock",,Site is really... minimal,
Elite Adventures Belize,"1/2 Mile North of the bridge, San Pedro, Ambergris Caye, Belize",https://www.eliteadventuresbelize.com/,San Pedro,Corozal District,Belize,Central America, +501 226-3483 , contact@eliteadventuresbelize.com ,"Open Water Diver, Advanced Open Water Diver, Rescue Diver, Deep Diver, Wreck Diver, Night Diver, Underwater Navigator, Dry Suit Diver, Divemaster, Discover Scuba Diving, Junior Open Water Diver",,,Dive Shop,"Great Blue Hole, Half Moon Caye Wall, Hol Chan Cut, Hol Chan Marine Reserve, Lighthouse Reef Atoll, Shark Ray Alley, Turneffe Atoll, Turneffe Atoll - The Elbow",,,
Emperor Divers,Emperor Divers; Maldives embark: Malé,https://www.emperordivers.com/liveaboard-country/maldives/,Malé,Malé,Maldives,South Asia,+44 (0) 161 504 2822, reservations@emperordivers.com ,"Advanced Nitrox, Deco Procedures, Trimix Diver, Tech 1, Cave 1","Regulator, BCD, Dive Computer","Nitrox, Trimix",Liveaboard,Maldives,,,
Emperor Divers,Emperor Divers; Maldives embark: Malé,https://www.emperordivers.com/liveaboard-country/indonesia/,,,Indonesia,Southeast Asia,+44 (0) 161 504 2822, reservations@emperordivers.com ,"Open Water Diver, Open Water Scuba Diver, One Star Diver (★), Open Water 20, Advanced Adventurer, Two Star Diver (★★), Advanced 35, Stress & Rescue Diver, Three Star Diver (★★★), Enriched Air Nitrox, Divemaster, Advanced Nitrox, Deco Procedures, Trimix Diver, Junior Open Water Diver, Try Scuba / Intro Scuba, Introductory Scuba","Wetsuit, Regulator, Fins, Mask, BCD, Snorkel","Nitrox, Trimix",Liveaboard,"Blue Corner, Buyuk, Ceningan Wall, Crystal Bay, Karang Sari, Malibu Point, Manta Bays, Nusa Lembongan, Nusa Penida, Pura Ped, Sampalan, Sekolah Dasar, Semaya, Sental, Suana, Toyapakeh, Pontoon, Sakenan",,Indonesia,
Emperor Divers,"Marina City, Port Ghalib Marina, Marsa Alam, Red Sea, Egypt",https://www.emperordivers.com/liveaboard-country/egypt/,Port Ghalib Marina,Red Sea Governorate,Egypt,Northern Africa, +20 12 22340995 , reservations@emperordivers.com ,"Open Water Diver, Scuba Diver, Advanced Open Water Diver, Rescue Diver, Deep Diver, Enriched Air Nitrox, Wreck Diver, Night Diver, Underwater Navigator, Divemaster, Open Water Scuba Instructor, Master Scuba Diver Trainer, Course Director, Discover Scuba Diving, Junior Open Water Diver","Wetsuit, Regulator, Fins, Mask, BCD, Snorkel",Nitrox,"Liveaboard, Dive Shop","Abu Dabab Offshore Reefs, Dahab, Dunraven, Elphinstone, Halg Salmaan, Marsa Abu Dabbab, Marsa Assalaya, Marsa Egla, Marsa Gabal El Rossas, Marsa Morena, Marsa Mubarak, Marsa Samadai, Marsa Shouna, Marsa Shouni Soraya, Million Hope, Port Ghalib - Marsa Mubarak, Ras El Torfa, Ras Mohammed, Ras Umm Sid, Red Sea, SS Thistlegorm, Shaab Samadai, Sharm El Sheikh, Sharm's Coast, Straits of Tiran - Gordon, Straits of Tiran - Jackson, Straits of Tiran - Thomas, Straits of Tiran - Woodhouse, Torfet Ali, Wadi Sabarah, Halg el Shouni",,Egypt,
Emperor Divers,Emperor Divers; Maldives embark: Malé,https://www.emperordivers.com/liveaboard-country/solomon-islands/,,,Solomon Islands,Pacific Islands,+44 (0) 161 504 2822, reservations@emperordivers.com ,"Open Water Diver, Advanced Open Water Diver, Rescue Diver, Deep Diver, Wreck Diver, Enriched Air Nitrox, Night Diver, Underwater Navigator, Dry Suit Diver, Divemaster, Divemaster / Assistant Instructor, Open Water Scuba Instructor, Master Scuba Diver Trainer, Course Director, Discover Scuba Diving, Junior Open Water Diver","Regulator, Wetsuit, BCD, Hood, Drysuit, Dive Computer",Nitrox,"Liveaboard, Dive Shop","Honiara - Bonegi I (Kyusyu Maru), Honiara - Bonegi II (Hirokawa Maru), Solomon Islands, Twin Tunnels, Tanavula Point:, Maravagi Bay, USS Aaron Ward, Azumasan Maru",,Solomon Islands,
Ecole de Plongée Paul Eluard,"3632 quai, Quai du Rhône, 76600 Le Havre, France",https://lh-plongee-eppe.fr,Le Havre,Normandie,France,Europe,07 65 85 02 58, eppe_plongee@live.fr ,"Open Water Diver, Advanced Open Water Diver, Advanced Adventurer, Rescue Diver, Stress & Rescue Diver, Deep Diver, Enriched Air Nitrox, Night Diver, Underwater Navigator, Discover Scuba Diving, Junior Open Water Diver","Wetsuit, Regulator, Fins, BCD, Dive Computer",Nitrox,Dive Shop,"The Barre pool, The Quai de Saône, The Third dry dock, The Bassin du Commerce",,This site is mainly a dive school,
Eugene Skin Divers Supply,"1090 W 6th Ave, Eugene, OR 97402, United States",https://www.eugeneskindivers.com/,Eugene,Oregon,United States,North America, +1 541-342-2351 , esds@eugeneskindivers.com ,"Discover Scuba Diving, Scuba Diver, Open Water Diver, Advanced Open Water Diver, Rescue Diver, Enriched Air Nitrox, Divemaster, Open Water Scuba Instructor","Snorkel, Fins, Mask, BCD",Nitrox,Dive Resort,"Bonaire Island, Destination Diving, Dive Bahamas, Roatán",,This site is a supply and certification site with dive packages,
Euro Dive Amed,"Amed, Amed St, Bunutan, Karangasem Regency, Bali 80852, Indonesia",https://eurodivebali.com/,Amed,Bali,Indonesia,Southeast Asia, +62 813-3799-2090 , Eurodivebali@gmail.com ,"Open Water Diver, Scuba Diver, Advanced Open Water Diver, Rescue Diver, Deep Diver, Enriched Air Nitrox, Wreck Diver, Night Diver, Underwater Navigator, Divemaster, Divemaster / Assistant Instructor, Open Water Scuba Instructor, Master Scuba Diver Trainer, Course Director, Discover Scuba Diving, Junior Open Water Diver, Try Scuba / Intro Scuba","Wetsuit, Regulator, Fins, Mask, BCD, Snorkel, Dive Computer",Nitrox,"Dive Shop, Dive Resort","Amed Pyramids, Batu Kelebit, Bunutan, Coral Garden, Japanese Wreck, Jemeluk, Jemeluk Bay, Kubu Monkey Reef, Kubu Wreck, Lipah Bay, Seraya Secrets, Tulamben Drop - Off, USAT Liberty Wreck, Deep Blue, Gili Selang",,,
Euro Plongée,"Port de, 2170 Rte de la Corniche, 83700 Saint-Raphaël, France",https://europlongee.fr,Saint-Raphaël,Var,France,Europe,04 94 19 03 26, contact@europlongee.fr ,"Open Water Diver, Discover Scuba Diving, Junior Open Water Diver","Wetsuit, Regulator, Fins, Mask, BCD, Snorkel",,Dive Shop,"The Ruby, The Golden Island, The Sea Lion, The Dramont, Cape Roux",,,
Exmouth Dive & Whalesharks Ningaloo,"2 Pelias Street, Exmouth WA 6707, Australia",https://www.exmouthdiving.com.au/,Exmouth,WA,Australia,Oceania, +61 8 9949 1201 , bookings@exmouthdiving.com.au ,"Open Water Diver, Scuba Diver, Discover Scuba Diving, Try Scuba / Intro Scuba, Introductory Scuba, Advanced Open Water Diver, Advanced Adventurer, Rescue Diver, Deep Diver, Enriched Air Nitrox, Wreck Diver, Night Diver, Underwater Navigator, Dry Suit Diver, Divemaster",Drysuit,Nitrox,Dive Shop,Ningaloo Reef,,,
Express Watersports,"4042 BUS US-17, Murrells Inlet, SC 29576, United States",https://expresswatersports.com/,Murrells Inlet,South Carolina,United States,North America, +1 843-357-7777 , info@expresswatersports.com ,"Open Water Diver, Open Water Scuba Diver, Discover Scuba Diving, Try Scuba / Intro Scuba, Advanced Open Water Diver, Advanced Adventurer, Rescue Diver, Deep Diver, Night Diver, Underwater Navigator, Divemaster",,Nitrox,Dive Shop,"Airplane Canyon, Miss Louise Tugboat, Pawley’s Island Reef, Goldfinch Reef, Bill Perry, Captain Chris Chong Reef, City of Richmond, BP-25 and NYC Subway Cars, Civil War Wreck, Greenville Reef, St. Cathan, The Hebe, USS Vermilion",,,
Extended Horizons,"94 Kupuohi St #A1, Lahaina, HI 96761, United States",https://www.extendedhorizons.com/,Lahaina,Hawaii,United States,North America, +1 808-667-0611 , INFO@EXTENDEDHORIZONS.COM ,"Discover Scuba Diving, Try Scuba / Intro Scuba, Advanced Open Water Diver, Advanced Adventurer, Rescue Diver","Wetsuit, Regulator, Drysuit, Dive Computer, Mask, Fins, BCD, Snorkel",,Dive Shop,"Lanai - Cathedral I, Lanai - Cathedral II, Lanai Cathedrals, The Carthaginian 2, Honolua Bay, Maui Coastline",,,
Extra Divers,"Celebes, Sea, Pineleng, Kabupaten Minahasa, Sulawesi Utara, Indonesia",https://www.extradivers-worldwide.com/,Manado,North Sulawesi,Indonesia,Southeast Asia, +62 822-5044-0077 , info@extradivers.org ,"Try Scuba / Intro Scuba, Open Water Diver, Scuba Diver, Wreck Diver, Advanced Adventurer, Stress & Rescue Diver, Deep Diver, Enriched Air Nitrox, Divemaster, Discover Scuba Diving, Introductory Scuba","Wetsuit, Regulator, Fins, Mask, BCD, Snorkel, Dive Computer",Nitrox,Dive Shop,Row 463,,,
Felipe Diving Center,"03, Providencia, San Andrés y Providencia, Colombia",https://www.felipedivingshop.com/,Providencia,San Andrés y Providencia,Colombia,South America, +57 317 8058684 , info@felipedivingshop.com ,"Open Water Diver, Open Water Scuba Diver, Discover Scuba Diving, Try Scuba / Intro Scuba, Advanced Open Water Diver, Advanced Adventurer, Rescue Diver, Divemaster, Wreck Diver, Deep Diver","Wetsuit, Regulator, Fins, Mask, BCD, Boots, Snorkel",Nitrox,Dive Shop,Providencia and Santa Catalina Islands,,,
Ferox,"Carretera 90 Km 23, Urb. Villa Tanga, Casa 33, Santa Marta, Magdalena, Colombia",https://www.colombiadiveadventures.com/ferox-vivax-liveaboards/,Santa Marta,Magdalena,Colombia,South America,573014257312, info@colombiadiveadventures.com ,"Open Water Diver, Advanced Adventurer, Advanced Open Water Diver, Wreck Diver, Deep Diver, Enriched Air Nitrox, Night Diver, Underwater Navigator, Dry Suit Diver, Marine Ecology, Divemaster, Divemaster / Assistant Instructor, Open Water Scuba Instructor, Try Scuba / Intro Scuba","BCD, Drysuit, Mask, Regulator",Nitrox,Liveaboard,"Isla Malpelo, Acuario de Hugo, Bajo del Ancia, La Pared del Náufrago, Freezer, Aquamarina, El Mirador, La Nevera, La Puerta del Cielo, El Sahara, Sahara, Saul, Bajo del Junior, Salomon, David, Bajon, La Gringa, La Ferreteria, Scuba, Aramis, Portos, Athos, La Catedral, Bajo del Monstruo, La Cara del Fantasma, El Arrecife, El Arco del Tropic, Vagamares, Pared del Agulla, La Torta",,,
Flamingo Divers,"Southside Marina, Venetian Rd, Providenciales TKCA 1ZZ",https://www.flamingodivers.com/,Providenciales,Caicos Islands,Turks and Caicos,Caribbean, +1 649-333-3483 , dive@flamingodivers.com ,"Open Water Diver, Scuba Diver, Open Water Scuba Diver, Discover Scuba Diving, Try Scuba / Intro Scuba, Introductory Scuba, Advanced Open Water Diver, Advanced Adventurer, Rescue Diver, Open Water 20, Deep Diver, Enriched Air Nitrox, Night Diver, Wreck Diver, Underwater Navigator, Divemaster, Advanced Nitrox, Trimix Diver","Snorkel, Regulator, BCD, Fins, Wetsuit, Mask",Nitrox,Dive Shop,"French Cay, Northwest Point Wall, West Caicos Wall, Sandbore Channel",,,
Fling Charters,"1203 N Avenue J, Freeport, TX 77541, United States",https://www.flingcharters.com/,Freeport,Texas,United States,North America, +1 979-233-4445 , Info@TexasCaribbean.com ,"Open Water Diver, Scuba Diver, Open Water Scuba Diver, Discover Scuba Diving, Try Scuba / Intro Scuba, Introductory Scuba, Advanced Open Water Diver, Advanced Adventurer, Rescue Diver, Deep Diver, Enriched Air Nitrox, Night Diver, Underwater Navigator, Divemaster, Divemaster / Assistant Instructor","Wetsuit, Regulator, Fins, Mask, BCD, Snorkel",Nitrox,Dive Resort,"Flower Garden Banks, Stetson Bank, The Kraken",,,
Flip Flop Divers,"362 Moo2 Phra Ae, Saladan, Koh Lanta, Krabi 81150, Thailand",https://flipflopdivers.com/,Koh Lanta,Krabi,Thailand,Southeast Asia, +66 83 504 0186 , ady@flipflopdivers.com ,,"Wetsuit, Regulator, Fins, Mask, BCD, Dive Computer, Snorkel, Boots",Nitrox,Dive Shop,"HTMS Kled Kaew, Hin Daeng, Hin Muang, Koh Bida Nai, Koh Bida Nok, Koh Haa, Phi Phi Islands",,,
Florida Keys Dive Center,"84001 Overseas Hwy, Islamorada, FL 33036, United States",https://www.floridakeysdivectr.com/,Tavernier,Florida,United States,North America, +1 305-852-4599 , tomt@floridakeysdivectr.com ,"Open Water Diver, Advanced Open Water Diver, Rescue Diver, Deep Diver, Wreck Diver, Night Diver, Underwater Navigator, Divemaster, Open Water Scuba Instructor, Master Scuba Diver Trainer, Discover Scuba Diving, Junior Open Water Diver","Wetsuit, Regulator, Fins, Mask, BCD, Snorkel, Dive Computer",Nitrox,Dive Shop,"Alexander Ramsey (Liberty Ship), Aquarium Dive, Benwood Wreck, Conch Reef and Wall, Davis Reef, Eagle Wreck, Hammerhead Reef, Hen and Chickens, Morada, Rocky Top, USCGC Duane, USS Spiegel Grove, Crater, Davey Crocker, Ham, Captain Grumpy, Runway",,,
Florida Underwater Sports,"6920 S Tamiami Trl, Sarasota, FL 34231, United States",https://floridaunderwatersports.com/,Sarasota,Florida,United States,North America, +1 941-870-4461 , info@floridaunderwatersports.com ,,"Snorkel, Mask, Fins",,Dive Shop,"Cayman Brac, Destination Diving, Philippines, Sarasota County, Sea of Cortez, Taveuni",,,
Force-E Scuba Centers,"2621 N Federal Hwy, Boca Raton, FL 33431, United States",https://www.force-e.com/,Boca Raton,Florida,United States,North America, +1 561-368-0555 , info@force-e.com ,"Open Water Diver, Advanced Open Water Diver, Rescue Diver, Night Diver, Divemaster, Discover Scuba Diving, Junior Open Water Diver","Wetsuit, Regulator, Mask, BCD, Snorkel",,Dive Shop,,,Dive sites are the same for all three sites but they have 5 different dive shops,
Force-E Scuba Centers,"1312 N Federal Hwy, Pompano Beach, FL 33062, United States",https://www.force-e.com/,Pompano Beach,Florida,United States,North America, +1 954-943-3483 , info@force-e.com ,"Open Water Diver, Advanced Open Water Diver, Rescue Diver, Deep Diver, Wreck Diver, Night Diver, Underwater Navigator, Dry Suit Diver, Divemaster, Open Water 20, Open Water Scuba Instructor, Master Scuba Diver Trainer, Course Director, Discover Scuba Diving, Junior Open Water Diver","Wetsuit, Regulator, Fins, Mask, BCD, Snorkel, Dive Computer",Nitrox,Dive Shop,,,,
Force-E Scuba Centers,"155 East Blue Heron Blvd, Riviera Beach, Florida 33404",https://www.force-e.com/,Riviera Beach,Florida,United States,North America,(561) 845-2333, info@force-e.com ,"Try Scuba / Intro Scuba, Open Water Diver, Advanced Open Water Diver, Rescue Diver, Junior Open Water Diver, Deep Diver, Enriched Air Nitrox, Wreck Diver, Night Diver, Underwater Navigator, Dry Suit Diver","Wetsuit, Regulator, Fins, Mask, BCD, Snorkel, Dive Computer",Nitrox,Dive Shop,"Ancient Mariner, Bimini Road (Atlantis Stones), Blue Heron Bridge, Boynton Beach, Breakers Reef, Captain Dan, Corridor Wreck Trek, Destination Diving, Fiji Islands, Grenada, Hollywood Beach, Hydro Atlantic Wreck, Lady Luck Wreck, Lauderdale-By-The-Sea Shore, MV Castor Wreck, Miss Dania Beach, Palm Beach Vicinity, Red Sea, Riviera Beach, SS Copenhagen / Nursery Reef, Salt Cay, Sea Emperor Wreck, Shark Canyon, Wreck Trek Lauderdale, Thailand, Philippines, San Salvador",,,
Force-E Scuba Centers,"351 South US HWY One #103, Jupiter, Florida 33477",https://www.force-e.com/,Jupiter,Florida,United States,North America,(917) 817-4624, info@force-e.com ,"Try Scuba / Intro Scuba, Open Water Diver, Advanced Open Water Diver, Rescue Diver, Junior Open Water Diver, Deep Diver, Enriched Air Nitrox, Wreck Diver, Night Diver, Underwater Navigator, Dry Suit Diver","Wetsuit, Regulator, Fins, Mask, BCD, Snorkel, Dive Computer",Nitrox,Dive Shop,"Ancient Mariner, Bimini Road (Atlantis Stones), Blue Heron Bridge, Boynton Beach, Breakers Reef, Captain Dan, Corridor Wreck Trek, Destination Diving, Fiji Islands, Grenada, Hollywood Beach, Hydro Atlantic Wreck, Lady Luck Wreck, Lauderdale-By-The-Sea Shore, MV Castor Wreck, Miss Dania Beach, Palm Beach Vicinity, Red Sea, Riviera Beach, SS Copenhagen / Nursery Reef, Salt Cay, Sea Emperor Wreck, Shark Canyon, Wreck Trek Lauderdale, Thailand, Philippines, San Salvador",,,
Force-E Scuba Centers,"270 N. Congress Ave, Boynton Beach, Florida 33426",https://www.force-e.com/,Boynton,Florida,United States,North America,(561) 810-4451, boynton@force-e.com ,"Try Scuba / Intro Scuba, Open Water Diver, Advanced Open Water Diver, Rescue Diver, Junior Open Water Diver, Deep Diver, Enriched Air Nitrox, Wreck Diver, Night Diver, Underwater Navigator, Dry Suit Diver","Wetsuit, Regulator, Fins, Mask, BCD, Snorkel, Dive Computer",Nitrox,Dive Shop,"Ancient Mariner, Bimini Road (Atlantis Stones), Blue Heron Bridge, Boynton Beach, Breakers Reef, Captain Dan, Corridor Wreck Trek, Destination Diving, Fiji Islands, Grenada, Hollywood Beach, Hydro Atlantic Wreck, Lady Luck Wreck, Lauderdale-By-The-Sea Shore, MV Castor Wreck, Miss Dania Beach, Palm Beach Vicinity, Red Sea, Riviera Beach, SS Copenhagen / Nursery Reef, Salt Cay, Sea Emperor Wreck, Shark Canyon, Wreck Trek Lauderdale, Thailand, Philippines, San Salvador",,,
Force-E Scuba Centers,"2621 North Federal Highway, Boca Raton, Florida 33431",https://www.force-e.com/,Boca Raton,Florida,United States,North America,(561) 368-0555, info@force-e.com ,"Try Scuba / Intro Scuba, Open Water Diver, Advanced Open Water Diver, Rescue Diver, Junior Open Water Diver, Deep Diver, Enriched Air Nitrox, Wreck Diver, Night Diver, Underwater Navigator, Dry Suit Diver","Wetsuit, Regulator, Fins, Mask, BCD, Snorkel, Dive Computer",Nitrox,Dive Shop,"Ancient Mariner, Bimini Road (Atlantis Stones), Blue Heron Bridge, Boynton Beach, Breakers Reef, Captain Dan, Corridor Wreck Trek, Destination Diving, Fiji Islands, Grenada, Hollywood Beach, Hydro Atlantic Wreck, Lady Luck Wreck, Lauderdale-By-The-Sea Shore, MV Castor Wreck, Miss Dania Beach, Palm Beach Vicinity, Red Sea, Riviera Beach, SS Copenhagen / Nursery Reef, Salt Cay, Sea Emperor Wreck, Shark Canyon, Wreck Trek Lauderdale, Thailand, Philippines, San Salvador",,,
Force-E Scuba Centers,"1312 North Federal Highway, Pompano Beach, Florida 33062",https://www.force-e.com/,Pompano Beach,Florida,United States,North America,(954) 943-3483, info@force-e.com ,"Try Scuba / Intro Scuba, Open Water Diver, Advanced Open Water Diver, Rescue Diver, Junior Open Water Diver, Deep Diver, Enriched Air Nitrox, Wreck Diver, Night Diver, Underwater Navigator, Dry Suit Diver","Wetsuit, Regulator, Fins, Mask, BCD, Snorkel, Dive Computer",Nitrox,Dive Shop,"Ancient Mariner, Bimini Road (Atlantis Stones), Blue Heron Bridge, Boynton Beach, Breakers Reef, Captain Dan, Corridor Wreck Trek, Destination Diving, Fiji Islands, Grenada, Hollywood Beach, Hydro Atlantic Wreck, Lady Luck Wreck, Lauderdale-By-The-Sea Shore, MV Castor Wreck, Miss Dania Beach, Palm Beach Vicinity, Red Sea, Riviera Beach, SS Copenhagen / Nursery Reef, Salt Cay, Sea Emperor Wreck, Shark Canyon, Wreck Trek Lauderdale, Thailand, Philippines, San Salvador",,,
Force-E Scuba Centers,"2808 N Federal Hwy, Fort Lauderdale, Florida 33306",https://www.force-e.com/,Fort Laurderdale,Florida,United States,North America,(954) 990-5049, lauderdale@force-e.com ,"Try Scuba / Intro Scuba, Open Water Diver, Advanced Open Water Diver, Rescue Diver, Junior Open Water Diver, Deep Diver, Enriched Air Nitrox, Wreck Diver, Night Diver, Underwater Navigator, Dry Suit Diver","Wetsuit, Regulator, Fins, Mask, BCD, Snorkel, Dive Computer",Nitrox,Dive Shop,"Ancient Mariner, Bimini Road (Atlantis Stones), Blue Heron Bridge, Boynton Beach, Breakers Reef, Captain Dan, Corridor Wreck Trek, Destination Diving, Fiji Islands, Grenada, Hollywood Beach, Hydro Atlantic Wreck, Lady Luck Wreck, Lauderdale-By-The-Sea Shore, MV Castor Wreck, Miss Dania Beach, Palm Beach Vicinity, Red Sea, Riviera Beach, SS Copenhagen / Nursery Reef, Salt Cay, Sea Emperor Wreck, Shark Canyon, Wreck Trek Lauderdale, Thailand, Philippines, San Salvador",,,
Forra Diving,"F8P3+JQ9, Unnamed Road, Ko Tarutao, Mueang Satun District, Satun 91000, Thailand",https://www.forradiving.com/,Koh Lipe,Satun,Thailand,Southeast Asia, +66 62 151 7672 , antoinepantelic@forradiving.com ,"Open Water Diver, Advanced Open Water Diver, Rescue Diver, Deep Diver, Wreck Diver, Night Diver, Underwater Navigator, Dry Suit Diver, Divemaster, Discover Scuba Diving, Junior Open Water Diver",,,"Dive Shop, Liveaboard","Adang Big Rocks, Expressway, Adang N/W Corner, Koh Dong Corner, Koh Pung, Rawi Corner, Koh Lantcha, Koh Bitsi, Koh Lek, Koh Tarue, Rawi Beach, Koh Yang West, Koh Yang East, Sail Rock, Koh Sagai, Koh Lugoi, Koh Hin Ngam Noi, Adang West Side, Koh Hin Ngam, Koh Ling Kao, Koh Bulu, Koh Hin Sorn, Koh Kra, White Rock, 7 Rocks, Pakacem, Koh Samuang, Koh Sarang, Yong Hua Wreck, Koh Lipe, Talang Step, Talang Wall, Stonehenge, Talang South, Sunrise Reef, Pattaya Corner, Koh Usen, 5 Mile Rock, Butang Archipelago, Lipe Corner",,,
Frenchie's Diving Services,"Avenida Hicaco, Caye Caulker, Belize",https://frenchiesdivingbelize.com/,Caye Caulker,Belize,Belize,Central America, +501 226-0234 , info@frenchiesdiving.com ,"Open Water Diver, Advanced Open Water Diver, Rescue Diver, Deep Diver, Enriched Air Nitrox, Wreck Diver, Night Diver, Divemaster, Discover Scuba Diving, Junior Open Water Diver","Wetsuit, Regulator, Fins, Mask, BCD, Snorkel",Nitrox,"Dive Shop, Dive Resort","Blue Hole, Half Moon Caye Wall, Lighthouse Reef Atoll - Long Caye Aquarium, Turneffe Atoll, Turneffe Atoll - The Elbow, Cockroach Area, Rendezvous Area, Esmeralda, Spanish Bay, Caye Caulker Marine Reserve",,,
Fulidhoo Dive & Water Sports,"Muraka Building, Beachside, Fulidhoo Island, Vaavu Atoll 10010, Maldives",https://www.fulidhoodive.com/,Fulidhoo,Alifu Dhaalu Atoll,Maldives,South Asia, +960 799-9351 , hello@fulidhoodive.com ,"Open Water Diver, Open Water Scuba Diver, Advanced Adventurer, Rescue Diver, Stress & Rescue Diver, Enriched Air Nitrox, Night Diver, Discover Scuba Diving, Junior Open Water Diver","Wetsuit, Regulator, Fins, Mask, BCD, Snorkel, Dive Computer",Nitrox,Dive Shop,Vaavu,,,
Fun Baja,"Carretera Pichilingue Km 2.5 Local #15 Interior Marina Palmira, Lomas de Palmira, 23019 La Paz, B.C.S., Mexico",https://www.funbaja.com/,La Paz,B.C.S.,Mexico,North America, +52 612 221 4751 , lbvalentina@funbaja.com ,"Advanced Nitrox, Deco Procedures, Trimix Diver, Tech 1, Cave 1","Regulator, BCD, Dive Computer","Nitrox, Trimix","Dive Shop, Liveaboard, Dive Resort","Los Islotes (Sea Lions), Sea of Cortez, Socorro Island",,,
Fuvahmulah Dive School,"Dhoodigan, Bandharu, Kuleebin, Gn. Fuvahmulah, Maldives",https://www.fuvahmulahdive.com/,Fuvahmulah,Gnaviyani Atoll,Maldives,South Asia, +960 761-0676 , info@fuvahmulahdive.com ,"Open Water Diver, Open Water Scuba Diver, One Star Diver (★), Open Water 20, Advanced Adventurer, Two Star Diver (★★), Advanced 35, Stress & Rescue Diver, Three Star Diver (★★★), Enriched Air Nitrox, Divemaster, Advanced Nitrox, Deco Procedures, Trimix Diver, Junior Open Water Diver, Try Scuba / Intro Scuba, Introductory Scuba","Wetsuit, Regulator, Fins, Mask, BCD, Snorkel","Nitrox, Trimix","Dive Shop, Dive Resort",Fuvahmulah,,,
Garden Route Scuba,"40 Marsh Street, Mossel Bay, 6500, South Africa",https://www.gardenroutescuba.co.za/,Mossel Bay,WC,South Africa,Southern Africa, +27 66 430 0354 , gardenroutescuba@gmail.com ,"Open Water Diver, Scuba Diver, Advanced Open Water Diver, Rescue Diver, Deep Diver, Enriched Air Nitrox, Wreck Diver, Night Diver, Underwater Navigator, Divemaster, Open Water Scuba Instructor, Master Scuba Diver Trainer, Course Director, Discover Scuba Diving, Junior Open Water Diver","Wetsuit, Regulator, Fins, Mask, BCD, Snorkel",Nitrox,Dive Shop,Mossel Bay,,Mainly PADI Training site,
Geko Dive Bali,"Jl. Silayukti No.5, Padangbai, Kec. Manggis, Kabupaten Karangasem, Bali 80871, Indonesia",https://www.gekodivebali.com/,Padangbai,Bali,Indonesia,Southeast Asia, +62 811-3981-997 , info@gekodivebali.com ,"Open Water Diver, Advanced Open Water Diver, Rescue Diver, Deep Diver, Wreck Diver, Enriched Air Nitrox, Night Diver, Underwater Navigator, Dry Suit Diver, Divemaster, Divemaster / Assistant Instructor, Open Water Scuba Instructor, Master Scuba Diver Trainer, Course Director, Discover Scuba Diving, Junior Open Water Diver","Regulator, Wetsuit, BCD, Hood, Drysuit, Dive Computer",Nitrox,Dive Shop,"Blue Corner, Crystal Bay, Ferry Channel, Manta Point, Nusa Lembongan, Nusa Penida, Padang Bai, Pura Jepun, Seraya, Tulamben, Tulamben Coral Garden, Tulamben Drop Off",,,
Gigglin' Marlin Dive & Swim,"4502 Almeda Rd, Houston, TX 77004, United States",https://www.gigglinmarlin.com/,Houston,Texas,United States,North America, +1 281-445-3483 , info@gigglinmarlin.com ,"Open Water Diver, Advanced Open Water Diver, Advanced Adventurer, Rescue Diver, Stress & Rescue Diver, Deep Diver, Enriched Air Nitrox, Night Diver, Underwater Navigator, Discover Scuba Diving, Junior Open Water Diver","Wetsuit, Regulator, Fins, BCD, Dive Computer",Nitrox,Dive Shop,"Flower Garden Banks, Dive Valhalla, San Solomon Springs, Lake Amistad, Gulf Trips - Oil Rigs, Athens Scuba Park, Possum Kingdom Lake, The Blue Lagoon, Comal River, Lake Travis, Lake Whitney, Lake Buchanan, Canyon Lake, Lake Medina, Port Aransas Jetties, Chalk Bluff, Clear Springs Scuba Park, Reveille Peak Ranch, Spring Lake (Aquarena Springs), Longhorn Lake, Mammoth Lake",,,
Gili Air Divers,"Gili Air, Gili Indah, Mataram, Kabupaten Lombok Utara, Nusa Tenggara Bar. 83125, Indonesia",https://giliairdivers.com/,Gili Air,Nusa Tenggara Bar.,Indonesia,Southeast Asia, +62 812-3989-0591 , info@giliairdivers.com ,"Discover Scuba Diving, Scuba Diver, Open Water Diver, Advanced Open Water Diver, Rescue Diver, Enriched Air Nitrox, Divemaster, Open Water Scuba Instructor","Snorkel, Fins, Mask, BCD",Nitrox,"Dive Shop, Liveaboard","Air Home Reel, Air Slope, Air Wall, Batfish Point, Biorock, Bounty Wreck, Coral Fan Garden, Deep Halik, Deep Turbo, Frog Fish Point, Gili Meno, Gili Trawangan, Han' Reel, Jack Point, Komodo, Labuan Bajo, Manta Point, Meno Corner, Meno Slope, Meno Wall, Mirko's Reef, Nemo City, Reef Harbour Rel, Shark Point, Simon's Reel, Trawangan Slope",*,https://giliairdivers.com/Fun-Diving/,
Ginnie Springs Outdoors,"7300 NE Ginnie Spgs Rd, High Springs, FL 32643, United States",https://ginniespringsoutdoors.com/,High Springs,Florida,United States,North America, +1 386-454-7188 , https://ginniespringsoutdoors.com/contact/ ,"Open Water Diver, Scuba Diver, Advanced Open Water Diver, Rescue Diver, Deep Diver, Enriched Air Nitrox, Wreck Diver, Night Diver, Underwater Navigator, Divemaster, Divemaster / Assistant Instructor, Open Water Scuba Instructor, Master Scuba Diver Trainer, Course Director, Discover Scuba Diving, Junior Open Water Diver, Try Scuba / Intro Scuba","Wetsuit, Regulator, Fins, Mask, BCD, Snorkel, Dive Computer",Nitrox,Dive Shop,"Ginnie Springs - Devil’s Eye/Devil’s Ear, Ginnie Ballroom, Santa Fe River",,,
Go Dive Lanta,"6 Moo 1, Saladan, Koh Lanta, Krabi 81150, Thailand",https://godive-lanta.com/,Koh Lanta,Krabi,Thailand,Southeast Asia, +66 81 892 8321 , info@godive-lanta.com ,"Open Water Diver, Discover Scuba Diving, Junior Open Water Diver","Wetsuit, Regulator, Fins, Mask, BCD, Snorkel",,Dive Shop,"HTMS Kled Kaew, Hin Bida, Hin Daeng, Hin Muang, Koh Bida Nai, Koh Bida Nok, Koh Haa, Koh Haa - Cathedral, Koh Phi Phi Ley, Malong Bay, Maya Corner, Palong Bay, Phi Ley Wall - Bay 1, Phi Ley Wall - Bay 2, Viking Cave, Whaleshark Wall, Nui Bay / Camel Rock",,https://www.google.com/maps/d/viewer?mid=131iwWCxRa0vAloBqZQRQ2Ym6HY0&femb=1&ll=7.522585548405877%2C98.98284788156133&z=11,
Go Dive Mossel Bay,"7 Church Street, Mossel Bay, 6500, South Africa",https://godive.co.za/,Mossel Bay,WC,South Africa,Southern Africa, +27 79 197 6835 , scuba@godive.co.za ,"Open Water Diver, Scuba Diver, Advanced Open Water Diver, Advanced Scuba Diver, Rescue Diver, Enriched Air Nitrox, Divemaster, Divemaster / Assistant Instructor, Discover Scuba Diving, Junior Open Water Diver, Try Scuba / Intro Scuba","Wetsuit, Regulator, Fins, Mask, BCD, Drysuit, Hood, Boots, Snorkel, Dive Computer","Nitrox, Trimix",Dive Shop,"Raggie Cave, Mitch, Santos, Dollose, Flat Rock, Fan Gardens, Redneck, The Wall",,,
Go Sea Tours,"Near Municipal Pier, Placencia Peninsula, Belize",https://www.goseabelize.com/,Placencia,Stann Creek District,Belize,Central America, +501 523-3033 , goseabelize@gmail.com ,"Scuba Diver, Discover Scuba Diving, Open Water Diver, Advanced Open Water Diver, Rescue Diver, Junior Open Water Diver, Deep Diver, Enriched Air Nitrox, Wreck Diver, Night Diver, Underwater Navigator, Marine Ecology, Divemaster, Divemaster / Assistant Instructor, Open Water Scuba Instructor, Master Scuba Diver Trainer, Course Director","BCD, Regulator, Snorkel","Hydrox, Nitrox",Dive Resort,"Glover’s Reef Atoll - Long Caye Wall, Laughing Bird, Lighthouse Reef Atoll - Long Caye Aquarium, Silk Caye, South Water Caye",,,
Go West Diving,"Playa Kalki, Sabana Westpunt, Curaçao",https://www.gowestdiving.com/,Curaçao,Curaçao,Curaçao,Caribbean, +599 9 864 0102 , info@gowestdiving.com ,,,,Dive Shop,"Black Coral Garden, Black Sand Beach / Playa Santu Pretu, Blue Room, Duane's Release (Scooter), Elvin's Plane Wreck, Kortape, Makos Mountain, Mushroom Forest, Paradise, Playa Hulu, Playa Lagun, Playa Piskado / Playa Grandi, Rediho, Sponge Forest, Watamula, Cave of Love",,,
Goby Divers,"Location: Curacao Marriott Beach Resort, John F. Kennedy Boulevard, Willemstad, Curaçao",https://www.goby-divers.com/,Curaçao,Curaçao,Curaçao,Caribbean, +599 9 662 2853 , info@goby-divers.com ,"Scuba Diver, Open Water Diver, Enriched Air Nitrox, Advanced Open Water Diver, Rescue Diver, Divemaster, Try Scuba / Intro Scuba, Advanced Adventurer","BCD, Regulator, Fins, Mask, Boots, Snorkel, Wetsuit",Nitrox,Dive Shop,Curaçao,,No indivdiual dive sites listed,
Good Vibes Diving,"Calle 6 Nte entre Avenida 15 y Avenida 20, Centro, 77710 Playa del Carmen, Quintana Roo, Mexico",https://goodvibesdiving.com/,Playa del Carmen,Quintana Roo,Mexico,North America, +52 984 209 9183 , info@goodvibesdiving.com ,"Open Water Diver, Open Water Scuba Diver, Scuba Diver, Discover Scuba Diving, Try Scuba / Intro Scuba, Introductory Scuba, Advanced Open Water Diver, Advanced Adventurer, Rescue Diver, Stress & Rescue Diver, Deep Diver, Enriched Air Nitrox, Wreck Diver, Night Diver, Underwater Navigator, Dry Suit Diver, Divemaster, Divemaster / Assistant Instructor, Open Water Scuba Instructor","Wetsuit, BCD, Regulator",Nitrox,Dive Shop,"C-56 Juan Escutia, Cenotes, Cozumel, Mama Viña (Wreck), Playa del Carmen, Wreck C-53",,,
Grand Turk Diving Company,"P.O. Box 84, Grand Turk, Turks & Caicos TKCA 1ZZ",https://gtdiving.com/,Turks & Caicos,Turks Islands,Turks and Caicos,Caribbean, +1 649-946-1559 , info@gtdiving.com ,"Open Water Diver, Scuba Diver, Discover Scuba Diving, Try Scuba / Intro Scuba, Introductory Scuba, Advanced Open Water Diver, Advanced Adventurer, Rescue Diver, Deep Diver, Enriched Air Nitrox, Wreck Diver, Night Diver, Underwater Navigator, Dry Suit Diver, Divemaster",Drysuit,Nitrox,Dive Shop,"Aquarium, Fish Pond, Cecil's Reef, Gorgonian Wall, Blacksmith Rock, McDonald's, Amphitheater, Armpitheater Annes, Finbars, Black Forest, The Anchor, Alien Nation, Maria Nature, The Library, Cables, Carrie's Rest, Coral Gardens, The Lakes, Coral Canyon, Sand Rover Canyon, Tunnels, English Point, The Pits/South Dock, Tiki Hut, Windmills",,,
Harbour Village,"Kaya Gobernador N. Debrot 71, Kralendijk",https://www.harbourvillage.com/,Kralendijk,Bonaire,Bonaire,Caribbean, +599 717 7500 , reservations@harbourvillage.com ,"Open Water Diver, Open Water Scuba Diver, Discover Scuba Diving, Try Scuba / Intro Scuba, Advanced Open Water Diver, Advanced Adventurer, Rescue Diver, Deep Diver, Night Diver, Underwater Navigator, Divemaster",,Nitrox,Dive Resort,Bonaire Island,,More of a luxury resort site.,
Gypsea Divers,"Centro across from Javi's Cantina, Av Juárez 13, Centro, 77400 Isla Mujeres, Quintana Roo, Mexico",https://gypseadivers.com/,Isla Mujeres,Quintana Roo,Mexico,North America, +52 983 111 2563 , info@gypseadivers.com ,"Discover Scuba Diving, Try Scuba / Intro Scuba, Advanced Open Water Diver, Advanced Adventurer, Rescue Diver","Wetsuit, Regulator, Drysuit, Dive Computer, Mask, Fins, BCD, Snorkel",,Dive Shop,Mesoamerican barrier reef ,,,
Gypsy Blood Dive,"311 Channel Dr, Point Pleasant Beach, NJ 08742, United States",https://www.gypsyblooddive.com/,Point Pleasant,New Jersey,United States,North America, +1 973-949-4599 , captainjim@gypsyblooddive.com ,"Try Scuba / Intro Scuba, Open Water Diver, Scuba Diver, Wreck Diver, Advanced Adventurer, Stress & Rescue Diver, Deep Diver, Enriched Air Nitrox, Divemaster, Discover Scuba Diving, Introductory Scuba","Wetsuit, Regulator, Fins, Mask, BCD, Snorkel, Dive Computer",Nitrox,Dive Shop,"Mohawk, Tolten, Stolt Dagali, Arundo, Maurice Tracy, R.P. Resor, Pinta, U.S.S. Algol, Great Isaac, San Saba, Coney Island, Sam Berman, Oregon, U.S.S. San Diego, Gulf Trade, Lillian, Ayuroaca (Oil Wreck), Vizcaya, Dykes, Venturo Tug, Cranford Ferry, Texas Tower, U-869 (U-Who), City of Athens, Varanger, Northern Pacific, U.S.S. S-5",,,
Haad Yao Divers,"84/31 Moo 8, Koh Phangan, Surat Thani 84280, Thailand",https://www.haadyaodivers.com/,Koh Phangan,Surat Thani,Thailand,Southeast Asia, +66 83 135 6261 , contact@haadyaodivers.com ,,,Nitrox,Dive Shop,"Ang Thong National Marine Park, Koh Tao, Sail Rock",,,
Haliotis Plongée,"Port de Portivy, 56510 Saint-Pierre-Quiberon",https://haliotisplongee.com,Saint-Pierre-Quiberon,Bretagne,France,Europe,06 87 49 25 68, contact@haliotisplongee.com ,"Open Water Diver, Open Water Scuba Diver, Discover Scuba Diving, Try Scuba / Intro Scuba, Advanced Open Water Diver, Advanced Adventurer, Rescue Diver, Divemaster, Wreck Diver, Deep Diver","Wetsuit, Regulator, Fins, Mask, BCD, Boots, Snorkel",Nitrox,Dive Shop,"Téviec, Les Puces, Guernic, Basse Ledan, An Aoter / L'Autel, Men Melein, Roche Guillo, Men Bihan, Leliom, Roche Corail, La Truie, Les Cochonnets, Fantoft, Nann Smith, Pontoporos, Thracia",,,
Hamanasi Dive Center,"Hopkins/Sittee River Road, Hopkins, Stann Creek, Belize",https://www.hamanasi.com/belize-diving/,Hopkins,Stann Creek District,Belize,Central America, +1 844-235-4930 , info@hamanasi.com ,"Open Water Diver, Enriched Air Nitrox, Advanced Adventurer, Rescue Diver, Discover Scuba Diving, Dry Suit Diver, Advanced Open Water Diver, Divemaster","Wetsuit, Regulator, Gloves, BCD, Drysuit, Hood, Fins, Mask, Snorkel, Boots",Nitrox,Dive Resort,"Barrier Reef, Blue Hole, Glover’s Reef Atoll - Long Caye Wall, Lighthouse Reef Atoll - Cathedral, Lighthouse Reef Atoll - Half Moon Caye Wall, Turneffe Atoll, Turneffe Atoll - The Elbow, Jason's Wall, Elsie's Aquarium, Carrie Bow, South Water Wall, Trick Ridge, Hell Hole, The Abyss",,,
Happy Divers Aruba,"Palm Beach 33 B Unit 7, Noord, Aruba",https://happydiversaruba.com/,Noord,Aruba,Aruba,Caribbean, +297 733 6570 , info@happydiversaruba.com ,"Open Water Diver, Advanced Adventurer, Advanced Open Water Diver, Wreck Diver, Deep Diver, Enriched Air Nitrox, Night Diver, Underwater Navigator, Dry Suit Diver, Marine Ecology, Divemaster, Divemaster / Assistant Instructor, Open Water Scuba Instructor, Try Scuba / Intro Scuba","BCD, Drysuit, Mask, Regulator",Nitrox,Dive Resort,"Antilla Wreck, Arashi Reef, Blue Reef, Debbie II Wreck, Malmok Reef, Mangel Halto, Pedernales Wreck, Star Gerren, Pos Chiquito",,,
Hatts' Diving Headquarters,"2006 Front St, Melbourne, FL 32901, United States",https://www.hattsdiving.com/,Melbourne,Florida,United States,North America, +1 321-723-5932 , Hattsdiving@gmail.com ,"Open Water Diver, Discover Scuba Diving, Advanced Open Water Diver, Rescue Diver, Deep Diver, Enriched Air Nitrox, Wreck Diver, Night Diver, Underwater Navigator, Dry Suit Diver, Divemaster","Wetsuit, Regulator, BCD, Hood, Mask, Drysuit",Nitrox,Dive Shop,,,This site offers certification and rental gear. Has a dive travel page but no sites. - https://hattsdiving.com/dive-travel/,
Hawaiian Diving Adventures,"1125 Ala Moana Blvd slip A-03, Honolulu, HI 96815, United States",https://hawaiiandivingadventures.com/,Honolulu,Hawaii,United States,North America, +1 808-232-3193 , info@hawaiiandiving.com ,"Open Water Diver, Scuba Diver, Open Water Scuba Diver, Discover Scuba Diving, Try Scuba / Intro Scuba, Introductory Scuba, Advanced Open Water Diver, Advanced Adventurer, Rescue Diver, Deep Diver, Enriched Air Nitrox, Night Diver, Underwater Navigator, Divemaster, Divemaster / Assistant Instructor","Wetsuit, Regulator, Fins, Mask, BCD, Snorkel",Nitrox,Dive Shop,"Sea Tiger, YO - 257 & San Pedro, Hawaii Coral Reefs",,,
Heaven Liveaboard,"Moon Valley Marina, Hurghada, Red Sea, Egypt",https://heaven-liveaboard.com/,Hurghada,Red Sea Governorate,Egypt,Northern Africa,(+20) 100 690 4426, info@heaven-liveaboard.com ,,"Wetsuit, Regulator, Fins, Mask, BCD, Dive Computer, Snorkel, Boots",Nitrox,"Dive Shop, Liveaboard","Abu Galawa Kebir, Abu Galawa Soraya, Abu Nuhas / Carnatic, Abu Nuhas / Chrisoula K, Abu Nuhas / Giannis D, Aida Wreck, Anemone City, Big Brother Island, Blue Hole, Brothers Islands, Farewell Reef, Fury Shoals - Abu Galawa Soraya, Fury Shoals - Malahi, Fury Shoals - Sataya, Gabr El Bint, Habili Jafar, Jackfish Alley, Kimon M, Ras Abu Soma, Ras Ghozlani, Ras Mohammed, Ras Za’atar, SS Thistlegorm, Shaab Claudio, Shaab Maksur, Shark & Yolanda Reef, Shark Observatory, Small Brother Island, Small Giftun, Small Gota Sataya, St. Johns Gota Kebir, St. John’s, St. John’s - Dangerous, St. John’s - Gota Soraya, St. John’s - Habili Ali, Straits of Tiran - Gordon, Straits of Tiran - Jackson, Straits of Tiran - Thomas, Straits of Tiran - Woodhouse, The Bells, The Canyon, Ras Abu Ramada, Umm Gomma, Umm Kaharim, Gota Soghayr, Habili Jaffar, Red Sea",,,
Hidden Depths Diving,"26 Moo 1, Ban Saladan, Koh Lanta, Krabi 81150, Thailand",https://hiddendepthsdiving.com/,Koh Lanta,Krabi,Thailand,Southeast Asia, +66 63 365 5757 , info@hiddendepthsdiving.com ,"Open Water Diver, Advanced Open Water Diver, Rescue Diver, Deep Diver, Wreck Diver, Night Diver, Underwater Navigator, Divemaster, Open Water Scuba Instructor, Master Scuba Diver Trainer, Discover Scuba Diving, Junior Open Water Diver","Wetsuit, Regulator, Fins, Mask, BCD, Snorkel, Dive Computer",Nitrox,Dive Resort,"Anemone, HTMS Kled Kaew, Hin Bida, Hin Daeng, Hin Muang, King Cruiser Wreck, Koh Bida Nai, Koh Bida Nok, Koh Haa, Koh Haa Yai, Koh Phi Phi Ley, Losama Bay & Pinnacle, Maya Corner, Palong Wall, Phi Phi Islands, Shark Point (Hin Musang)",,,
High Sierra Divers,"217 Palm Ave, Auburn, CA 95603",https://www.hsdivers.com/,Auburn,California,United States,North America, +1 530-823-6757 , info@hsdivers.com ,,"Snorkel, Mask, Fins",,Dive Shop,"Apo Island Marine Reserve, Big Drop-Off, Blue Corner, Chandelier Cave, Dauin, Destination Diving, Grand Cayman, Little Cayman Beach, Palau, Cayman Brac, Ngemelis Drop-Off, Siaes Tunnel, New Drop-Off, Shark City, Jellyfish Lake",,,
Hollywood Divers,"3575 Cahuenga Blvd W Suite 100, Los Angeles, CA 90068, United States",https://www.hollywooddivers.com/,Hollywood,California,United States,North America, +1 323-969-9666 , info@hollywooddivers.com ,"Open Water Diver, Advanced Open Water Diver, Rescue Diver, Deep Diver, Wreck Diver, Night Diver, Underwater Navigator, Dry Suit Diver, Divemaster, Open Water 20, Open Water Scuba Instructor, Master Scuba Diver Trainer, Course Director, Discover Scuba Diving, Junior Open Water Diver","Wetsuit, Regulator, Fins, Mask, BCD, Snorkel, Dive Computer",Nitrox,Dive Shop,,,"No dive sites listed -  Site  has certification, underwater camera and dive supply rentals",
Honolulu Scuba Company,"670 Auahi St suite a-1, Honolulu, HI 96813, United States",https://honoluluscubacompany.com/,Honolulu,Hawaii,United States,North America, +1 808-201-4711 , info@honoluluscubacompany.com ,"Try Scuba / Intro Scuba, Open Water Diver, Advanced Open Water Diver, Rescue Diver, Junior Open Water Diver, Deep Diver, Enriched Air Nitrox, Wreck Diver, Night Diver, Underwater Navigator, Dry Suit Diver","Wetsuit, Regulator, Fins, Mask, BCD, Snorkel, Dive Computer",Nitrox,Dive Shop,"LCU (Landing Craft Utility), The Mahi Wreck, Beechcraft Duchess, Makaha Caverns, Star Caves, Airplane Canyon",,,
Honors Legacy,"H. Mehelige 4/3, 03rd Floor, Kurangi Goalhi, Malé, Maldives",https://honorslegacy.com/honors-legacy/,Malé,Malé,Maldives,South Asia, +960 792-6922 , sales@honorsholidays.com ,"Open Water Diver, Advanced Open Water Diver, Rescue Diver, Deep Diver, Wreck Diver, Night Diver, Underwater Navigator, Dry Suit Diver, Divemaster, Discover Scuba Diving, Junior Open Water Diver",,,Liveaboard,"Baa, British Loyalty Wreck, Fish Head, Fuvahmulah, Gaafu Alif, Gaafu Dhaalu, Hanifaru, Huvhadoo, Laamu, Maamagili Caves, Meemu, North Ari, North Male, Rasdhoo Channel, Rasfari Corner, South Ari, South Male, Thaa, Vaavu, Kurumba House Reef, Hulhumale Neru, Dhevana Kandu, Alimatha House Reef, Miyaru Kandu, Maamigili Beyru, Bodufinolhu Thila, Kudarah Thila, Rangali Manta Point, Dhigurah Beyru, Panettone, Maya Thala, Hafsa Thila, Bathalamaagaa Kanthila",,"""At Hanifaru Bay you can do snorkeling, diving is not permitted any more. "" - https://honorslegacy.com/hanifaru-and-ari-atoll/",
Horizon Divers,"105800 Overseas Hwy, Key Largo, FL 33037, United States",https://horizondivers.com/,Key Largo,Florida,United States,North America, +1 305-453-3535 , dan@horizondivers.com ,"Open Water Diver, Advanced Open Water Diver, Rescue Diver, Deep Diver, Enriched Air Nitrox, Wreck Diver, Night Diver, Divemaster, Discover Scuba Diving, Junior Open Water Diver","Wetsuit, Regulator, Fins, Mask, BCD, Snorkel",Nitrox,Dive Shop,Key Largo,,"Site has a map with no dive site names and Dive site page that is ""Not Found"" - https://horizondivers.com/diving-or-charters/dive-sites.html",
Hotel Guanaja & Guanaja Dive Center,"East End, Guanaja 34301, Bay Islands, Honduras",https://www.hotelguanaja.com/dive,East End,Islas de la Bahía,Honduras,Central America, +504 9933-8127 , sales@hotelguanaja.com ,"Open Water Diver, Open Water Scuba Diver, Advanced Adventurer, Rescue Diver, Stress & Rescue Diver, Enriched Air Nitrox, Night Diver, Discover Scuba Diving, Junior Open Water Diver","Wetsuit, Regulator, Fins, Mask, BCD, Snorkel, Dive Computer",Nitrox,Dive Resort,"Guanaja Bay Island, George’s Reef, Hectors Run, Windmill Reef, Stephans Reef, Bridgets Reef, Brads Reef, Rusty Stag, Old Weves Reef, Rainbow Reef, Lee’s Pleasure, Afternoon Delight, Vertigo 2, Savannah Drift, Crazy Grouper, Drifter Wall, Mt Elusive, Mestizo 1 (Bnzi), Mestizo 2 (Brdg), Frisco’s Jewel, Jado Trade, Jim’s Silverlode, Gorgonian Wall, Vertigo, Captain’s Crack, Southwest Wall, Blacktip Slumberland, Sleepy Shark Valley, Ruthie C, Kiatron’s Key, Lisa’s Reef, Barra Reef, The Elbow, Crionoldes Drift, Dennis Playground, Final Wall, Raul’s First, NW Reef, Blue Hole, Blue Rock Channel, Tortuga Reef, Thomas Reef, The Pinnacle, Fantasy Reef, Eel’s Garden, Pelican Reef, Baymon Bay Drop, Diane’s Wall, Wonderful, Paradise, The Cut, Sandi’s Reef, Michael’s Rock Canyon, The Pavillions, Alderson’s Wall In/Out, Dunia’s Reef, Lunar Canyon, Half Moon Channel, Blue Leek Channel, Black Rock Canyon, Tito’s Labyrinths, Margaret’s Cave, Sand Canyon, Caldera del Diablo, School Master, NE Key Outside, NE Key Nursery, Spayers",,https://www.hotelguanaja.com/_files/ugd/d5c2bf_522aebc04ff94685a350e703cc7f949f.pdf,
House of Scuba,"5141 Santa Fe St A, San Diego, CA 92109, United States",https://www.houseofscuba.com/,San Diego,California,United States,North America, +1 858-581-2800 , shop@houseofscuba.com ,"Open Water Diver, Open Water Scuba Diver, One Star Diver (★), Open Water 20, Advanced Adventurer, Two Star Diver (★★), Advanced 35, Stress & Rescue Diver, Three Star Diver (★★★), Enriched Air Nitrox, Divemaster, Advanced Nitrox, Deco Procedures, Trimix Diver, Junior Open Water Diver, Try Scuba / Intro Scuba, Introductory Scuba","Wetsuit, Regulator, Fins, Mask, BCD, Snorkel","Nitrox, Trimix",Dive Shop,"Punta Torre, Canoa, Arroyo, La Jeringa, Punta Toño, La Grieta, El Violin, Morros Maguey, Punta Maguey, La Blanquita, Roncadores, Morro Chahue, Jicaral, La Rajada, La India, El Tigre, Jardines, Tapescos, La Montosa, Punta Arena, El Eden (Ponderosa) Cenote, Las Dos Hermanas, Morro Laberinto, Punta Tejón",,,
Huatulco Dive Center,"Sea Soul Huatulco Club, Blvrd Chahue Lote 5-Sector P, Playa Chahue, 70987 Bahias de Huatulco, Oax., Mexico",https://www.huatulcodivecenter.com/,Bahías de Huatulco,Oax.,Mexico,North America, +52 958 111 9709 , shaun@huatulcodivecenter.com ,"Open Water Diver, Scuba Diver, Advanced Open Water Diver, Rescue Diver, Deep Diver, Enriched Air Nitrox, Wreck Diver, Night Diver, Underwater Navigator, Divemaster, Open Water Scuba Instructor, Master Scuba Diver Trainer, Course Director, Discover Scuba Diving, Junior Open Water Diver","Wetsuit, Regulator, Fins, Mask, BCD, Snorkel",Nitrox,Dive Resort,"Jicaral, Punta Torre, La Rajada, Canoa, El Eden, La India, Dos Hermanas, El Tigre, Arroyo, Laberinto, La Jeringa, Punta Toño, La Grieta, Jardines, El Violin, Morros Maguey, Punta Maguey, La Blanquita, Roncadores, Tapescos, Punta Tejon, Morro Chahue, La Montosa, Punta Arena",,,
Hurricane Divers Huatulco,"Mitla 402 local 10, Sector A, Santa Cruz, 70987 Bahías de Huatulco, Oax., Mexico",https://hurricanedivers.com/,Bahías de Huatulco,Oax.,Mexico,North America, +52 958 587 1107 , info@hurricanedivers.com ,"Open Water Diver, Advanced Open Water Diver, Rescue Diver, Deep Diver, Wreck Diver, Enriched Air Nitrox, Night Diver, Underwater Navigator, Dry Suit Diver, Divemaster, Divemaster / Assistant Instructor, Open Water Scuba Instructor, Master Scuba Diver Trainer, Course Director, Discover Scuba Diving, Junior Open Water Diver","Regulator, Wetsuit, BCD, Hood, Drysuit, Dive Computer",Nitrox,Dive Shop,"Tapescos, Magueyito, La Montosa, Punta Arena, La Guerrilla, Morros Conejos, Punta Tejón, Morro Tejón, La Blanca Channels, La Blanca, La Blanca Deep, La Morena, Los Erizos, La Entrega, Barquito, El Tigre, La India, Jicaral, Riscalillo, El Pargo, Bajos Arrocito, Punta Ballena, Roca Mágica, Cordillera del Organo, Morro Laberinto, La Revancha, Morros Chachacual, Ensenada Tiburón, Roca Ballena, La Rajada, El Coyote",,https://maphub.net/hurricanedivers/huatulco-dive-sites,
Immersion Plongée 85,"691 Bd de l'Île Vertime, 85100 Les Sables-d'Olonne, France",https://www.immersionplongee85.com,Les Sables-d'Olonne,Pays de la Loire,France,Europe,06 72 66 44 11, immersionplongee85@hotmail.com ,"Open Water Diver, Advanced Open Water Diver, Advanced Adventurer, Rescue Diver, Stress & Rescue Diver, Deep Diver, Enriched Air Nitrox, Night Diver, Underwater Navigator, Discover Scuba Diving, Junior Open Water Diver","Wetsuit, Regulator, Fins, BCD, Dive Computer",Nitrox,Dive Shop,,,Diving School,
Impact Divers,"117 St George's St, Simon's Town, Cape Town, 7995, South Africa",https://impactdivers.com/,Simon's Town,WC,South Africa,Southern Africa, +27 79 734 4884 , info@impactdivers.com ,"Discover Scuba Diving, Scuba Diver, Open Water Diver, Advanced Open Water Diver, Rescue Diver, Enriched Air Nitrox, Divemaster, Open Water Scuba Instructor","Snorkel, Fins, Mask, BCD",Nitrox,Dive Shop,"False Bay, The Great African Sea Forest",,,
Indigo Divers,"25 North West Point Road, Grand Cayman, Cayman Islands",https://www.indigodivers.com/,Grand Cayman,Grand Cayman,Cayman Islands,Caribbean, +1 345-525-3932 , dive@indigodivers.com ,"Open Water Diver, Scuba Diver, Advanced Open Water Diver, Rescue Diver, Deep Diver, Enriched Air Nitrox, Wreck Diver, Night Diver, Underwater Navigator, Divemaster, Divemaster / Assistant Instructor, Open Water Scuba Instructor, Master Scuba Diver Trainer, Course Director, Discover Scuba Diving, Junior Open Water Diver, Try Scuba / Intro Scuba","Wetsuit, Regulator, Fins, Mask, BCD, Snorkel, Dive Computer",Nitrox,Dive Shop,"Big Tunnels, Bonnie’s Arch, Christopher’s Wall, Eagle Ray Pass, Funky Sponge, Grand Cayman, Hepp's Pipeline, Indigo Drop Off, Killer Pillar, Kittiwake, Max’s Garden, Monet's Garden, Orange Canyon, Severn’s Fathom, Stingray City Sandbar, Trinity Caves",,,
Indigo Scuba Diving Centre,"16 Blue Gum Avenue, Mountainside, Gordon's Bay, Cape Town, South Africa",https://www.indigoscuba.com/,Gordon's Bay,WC,South Africa,Southern Africa, +27 83 268 1851 , info@indigoscuba.com ,"Open Water Diver, Discover Scuba Diving, Junior Open Water Diver","Wetsuit, Regulator, Fins, Mask, BCD, Snorkel",,Dive Shop,"Gordon's Bay, Pinnacles, Cow & Calf, Stone Dog, Rocky Bay, Noble Reef, Steenbras River Mouth, Rooi Els - Blousteen, Rooi Els - Percy's, Rooi Els - Coral Gardens, Steenbras Deep, Strand - Drop Zone, Strand - Sterretjies Reef, Strand - Kate's Secret Reef",,,
Infinity Divers,"Infinity Bay Resort, West Bay Beach, Roatán, Bay Islands, Honduras",https://infinitydivers.com/,West Bay,Bay Islands Department,Honduras,Central America, +504 8875-0439 , info@infinitydivers.com ,"Scuba Diver, Discover Scuba Diving, Open Water Diver, Advanced Open Water Diver, Rescue Diver, Junior Open Water Diver, Deep Diver, Enriched Air Nitrox, Wreck Diver, Night Diver, Underwater Navigator, Marine Ecology, Divemaster, Divemaster / Assistant Instructor, Open Water Scuba Instructor, Master Scuba Diver Trainer, Course Director","BCD, Regulator, Snorkel","Hydrox, Nitrox",Dive Resort,Roatán,,,
Into the Blue Scuba Dive Centre,"88 Main Road, Sea Point, Cape Town, South Africa",https://www.diveschoolcapetown.co.za/,Sea Point,WC,South Africa,Southern Africa, +27 64 772 2646 , info@intotheblue.co.za ,,,,Dive Shop,"False Bay, Justin’s Caves, Sandy Cove, A-Frame, Windmill Beach",,,
Islamorada Dive Center,"84001 Overseas Hwy, Islamorada, FL 33036, United States",https://www.islamoradadivecenter.com/,Islamorada,Florida,United States,North America, +1 305-664-3483 , oxanium-l@in-ext-500-norMal.woff ,"Scuba Diver, Open Water Diver, Enriched Air Nitrox, Advanced Open Water Diver, Rescue Diver, Divemaster, Try Scuba / Intro Scuba, Advanced Adventurer","BCD, Regulator, Fins, Mask, Boots, Snorkel, Wetsuit",Nitrox,Dive Shop,Florida Keys,,,
Island Divers Hawaii,"377 Keahole St STE E101, Honolulu, HI 96825, United States",https://www.islanddivershawaii.com/,Honolulu,Hawaii,United States,North America, +1 808-201-4710 , st@s.wp.com ,"Open Water Diver, Open Water Scuba Diver, Scuba Diver, Discover Scuba Diving, Try Scuba / Intro Scuba, Introductory Scuba, Advanced Open Water Diver, Advanced Adventurer, Rescue Diver, Stress & Rescue Diver, Deep Diver, Enriched Air Nitrox, Wreck Diver, Night Diver, Underwater Navigator, Dry Suit Diver, Divemaster, Divemaster / Assistant Instructor, Open Water Scuba Instructor","Wetsuit, BCD, Regulator",Nitrox,Dive Shop,"Baby Barge, F4U Corsair, Koko Craters, LCU (Landing Craft Utility), Sea Tiger, Spitting Caves, Turtle Canyons, YO - 257 & San Pedro, The New Barge, The Mahi Wreck, The YTB 774 a.k.a “The Secret Wreck”, Sea Caves, Skimmin’s Ledge",,,
Island Ventures,"13 Seagate Blvd, Key Largo, FL 33037, United States",https://islandventure.com/,Key Largo,Florida,United States,North America, +1 305-451-4957 , dive@islandventure.com ,"Open Water Diver, Scuba Diver, Discover Scuba Diving, Try Scuba / Intro Scuba, Introductory Scuba, Advanced Open Water Diver, Advanced Adventurer, Rescue Diver, Deep Diver, Enriched Air Nitrox, Wreck Diver, Night Diver, Underwater Navigator, Dry Suit Diver, Divemaster",Drysuit,Nitrox,Dive Resort,"Benwood, Benwood Wreck, Carysfort Reef & Carysfort Ledge, Christ of the Abyss (Dry Rocks), Elbow Reef, French Reef, Grecian Rocks, Horseshoe Reef, Key Largo, Key Largo Northern Dry Rocks, Molasses Reef, Pickles Reef, Snapper Ledge, USCGC Duane, USS Spiegel Grove, Watsons Reef, Higdons Reef, Little Grecian Reef",,,
Isula Plongée,"Hôtel Cala di Sole, Route des Sanguinaires, 20000 Ajaccio, France",https://www.isula-plongee.com,Ajaccio,Corse,France,Europe,04.95.52.06.39, isula-plongee@orange.fr ,"Open Water Diver, Open Water Scuba Diver, Discover Scuba Diving, Try Scuba / Intro Scuba, Advanced Open Water Diver, Advanced Adventurer, Rescue Diver, Deep Diver, Night Diver, Underwater Navigator, Divemaster",,Nitrox,Dive Shop,Archipel des Sanguinaires,,,
Jack's Diving Locker,"75-5813 Ali‘i Dr, Kailua-Kona, HI 96740, United States",https://www.jacksdivinglocker.com/,Kailua-Kona,Hawaii,United States,North America,(808) 3297585, dive@jacksdivinglocker.com ,"Discover Scuba Diving, Try Scuba / Intro Scuba, Advanced Open Water Diver, Advanced Adventurer, Rescue Diver","Wetsuit, Regulator, Drysuit, Dive Computer, Mask, Fins, BCD, Snorkel",,Dive Shop,"Mahukona, Puako House 40, Puako Church Point, Puako Village End, Honokohau / Manta Ray Bay, Old Airport, Kailua Pier, Pahoehoe Beach Park, La'aloa / Mile Marker 4, Kahalu'u Beach Park, Honauanau, Place of Refuge, Two Step, Pebble Beach, Garden Eel Cove at Makako Bay, Suck’em Up Lava Tube, Golden Arches, Honokohau, Kaiwi Point, AuAu Crater, Black Hole, Casa Cave, Driftwood, Eel Cove, Henry’s Cave, High Rock, Hoover’s Pinnacle, Long Lava Tube, Lone Tree Arch, Kaloko Arches, Paradise Pinnacle, Pipe Dreams, Pyramid Pinnacle, Rabbi’s Reef, Ridges, Tako City, The Dome, Twin Sisters",,,
JADS Dive Center,"Seroe Colorado 245 E, San Nicolas, Aruba",https://jadsaruba.com/,San Nicolas,Aruba,Aruba,Caribbean, +297 584 6070 , info@jadsaruba.com ,"Try Scuba / Intro Scuba, Open Water Diver, Scuba Diver, Wreck Diver, Advanced Adventurer, Stress & Rescue Diver, Deep Diver, Enriched Air Nitrox, Divemaster, Discover Scuba Diving, Introductory Scuba","Wetsuit, Regulator, Fins, Mask, BCD, Snorkel, Dive Computer",Nitrox,Dive Shop,"Antilla Wreck, Arashi, Arashi Reef, Baby Beach Reef, Barcadera Reef, Cabez Reef, Commandeurs Reef, De Palm Slope, Debbie II Wreck, Finger Reef, Harbour Reef, Indian Head, Isla de Oro Reef, Jane Sea Wreck, Kantil Reef, Kappel, Lago Reef, Malmok Reef, Mangel Halto Reef, Mike's Reef, Pedernales Wreck, Plonco Reef, Santana Reef, Skalahein, Sponge Reef, Star Gerren, Tire Reef, Tugboat, Serito Pinnacle",,https://www.google.com/maps/d/viewer?mid=1eXtnCAyRFgvS09Bw16gVxNSg3VM&femb=1&ll=12.51086923666786%2C-69.9656585&z=12,
Jerry's Dive Club,"Cooperation Rd, 09020 Rasdhoo, Alif Alif Atoll, Maldives",https://jerrysdiveclub.com/,Rasdhoo,Alif Alif Atoll,Maldives,South Asia, +960 737-8770 , hello@jerrysdiveclub.com ,"Open Water Diver, Open Water Scuba Diver, Discover Scuba Diving, Try Scuba / Intro Scuba, Advanced Open Water Diver, Advanced Adventurer, Rescue Diver, Divemaster, Wreck Diver, Deep Diver","Wetsuit, Regulator, Fins, Mask, BCD, Boots, Snorkel",Nitrox,Dive Resort,"Bodu Gaa, Holhi Faru, Madi Gaa, Madivaru Channel, Madivaru Corner, Miyaru Faru, Queen Explorer Wreck, Rasdhoo Beyru, Rasdhoo Channel, Reef Explorer Wreck, Three Palm, Veligandu East, Veligandu North, Kuramathi Queen (Wreck Dive)",,,
Jim Abernethy's Scuba Adventures,"255 E 22nd Ct, Riviera Beach, FL 33404, United States",https://scuba-adventures.com/,Riviera Beach,Florida,United States,North America,561-718-6355, info@scuba-adventures.com ,"Open Water Diver, Enriched Air Nitrox, Advanced Adventurer, Rescue Diver, Discover Scuba Diving, Dry Suit Diver, Advanced Open Water Diver, Divemaster","Wetsuit, Regulator, Gloves, BCD, Drysuit, Hood, Fins, Mask, Snorkel, Boots",Nitrox,Liveaboard,"Bimini Road (Atlantis Stones), Palm Beach, Sea of Cortez, Sugar Wreck, Tiger Beach",,,
Joe's Gone Diving,"Jl. By Pass Ngurah Rai 44A, Sanur, Denpasar 80228, Bali, Indonesia",https://joesgonediving.com/,Sanur,Bali,Indonesia,Southeast Asia, +65 9760 0300 , info@joesgonediving.com ,"Open Water Diver, Advanced Adventurer, Advanced Open Water Diver, Wreck Diver, Deep Diver, Enriched Air Nitrox, Night Diver, Underwater Navigator, Dry Suit Diver, Marine Ecology, Divemaster, Divemaster / Assistant Instructor, Open Water Scuba Instructor, Try Scuba / Intro Scuba","BCD, Drysuit, Mask, Regulator",Nitrox,Dive Shop,"Amed, Bias Tugal (White Sand Beach), Blue Corner, Crystal Bay, Mangrove, Manta Bays, Manta Point, Menjangan Island, Nusa Penida, Padang Bai, Pura Ped, Sanur, Sekolah Dasar, Sental, Toyapakeh, Tulamben, Blue Lagoon, Ferry Channel, Pura Jepun, Tanjung Sari, Turtle Neck / The Wall, Candidasa, Gili Mimpang, Gili Tepekong, Gili Biaha, Sanur Channel, Penjor Reef, Jeladi Willis, Amed Wall, Pyramids, Japanese Wreck, USAT Liberty Wreck, Tulamben Drop Off, Tulamben Coral Garden, Kubu Monkey Reef, Kubu Wreck, The Jetty, Puri Jati, Seraya, Secret Bay, Garden Eel, Kapal Budak (Anchor Wreck), Menjangan Pos I, Menjangan Pos II",,,
Jomtien Dive Center,"97 3 M12 Jomtien Beach Road Muang Pattaya, Bang Lamung District, Chon Buri 20150, Thailand",https://jomtiendivecenter.com/,Jomtien,Chon Buri,Thailand,Southeast Asia, +66 33 144 007 , info@jomtiendivecenter.com ,"Open Water Diver, Discover Scuba Diving, Advanced Open Water Diver, Rescue Diver, Deep Diver, Enriched Air Nitrox, Wreck Diver, Night Diver, Underwater Navigator, Dry Suit Diver, Divemaster","Wetsuit, Regulator, BCD, Hood, Mask, Drysuit",Nitrox,Dive Shop,"HTMS Khram Wreck, HTMS Kut (Khood) Wreck, HTMS Mataphon Wreck, Hin Kao (North Rock), Hin Ton Mai (South Rock), Koh Chan, Koh Chuang, Koh Khrok (Pattaya Near Islands), Koh Klung Badan, Koh Larn, Koh Nok Nok, Koh Pai, Koh Rin (Pattaya Far Islands), Koh Ron Khon & Kah Ron Nang Sisters, Koh Sak (Pattaya Near Islands), Shark Fin Rock / Lek Bet (Samae San Marine Park), The Hardeep Wreck (Samae San Marine Park)",,,
Jonio Pro-Dive Catania,"c/o Camping Jonio, Via Villini a Mare 2, 95126 Catania, Italy",https://jonioprodivecatania.com/,Catania,Sicilia,Italy,Europe, +39 347 651 5161 , jonioprodivecatania@gmail.com ,"Open Water Diver, Scuba Diver, Open Water Scuba Diver, Discover Scuba Diving, Try Scuba / Intro Scuba, Introductory Scuba, Advanced Open Water Diver, Advanced Adventurer, Rescue Diver, Open Water 20, Deep Diver, Enriched Air Nitrox, Night Diver, Wreck Diver, Underwater Navigator, Divemaster, Advanced Nitrox, Trimix Diver","Snorkel, Regulator, BCD, Fins, Wetsuit, Mask",Nitrox,Dive Shop,"Ceriantus 38 mt, Gorgons, Cave of Coins, Islet and Amphorae, Pinnacles, Ricci Pencil, Lighthouse Wall, Panettone, Small Faraglione, The Ancient Slaughterhouse, The Castle, The Prince's House, Sharp Point, Bellatrix, Cait, Grottazze, Neptune Square, Timpa Wall, Taikos an Maru Wreck, Gorgonians of the Canalone, Canalone, The Capomulini Amphorae, Santa Caterina Shoal, Santa Maria La Scala Canyon, Pennisi Port",,,
Juliet Sailing & Diving,"25 SE 2nd Ave Suite 609 #484, Miami, FL 33131",https://www.julietsailinganddiving.com/,Miami,Florida,United States,North America,1-866-558-5438, info@sailjuliet.com ,"Open Water Diver, Scuba Diver, Open Water Scuba Diver, Discover Scuba Diving, Try Scuba / Intro Scuba, Introductory Scuba, Advanced Open Water Diver, Advanced Adventurer, Rescue Diver, Deep Diver, Enriched Air Nitrox, Night Diver, Underwater Navigator, Divemaster, Divemaster / Assistant Instructor","Wetsuit, Regulator, Fins, Mask, BCD, Snorkel",Nitrox,Liveaboard,"Bimini Road (Atlantis Stones), Cat Cay Blue Hole, Dive Bahamas, Florida Keys, Sapona Wreck, Gingerbread Grounds, Orange Cay, Santaren Channel, The Hesperus Wreck, The West Side, Butler Bay, Cane Bay, Salt River",,Paid Up Until This Row,
Jupiter Dive Center,"201N U.S. Rte 1 E2, Jupiter, FL 33477, United States",https://jupiterdivecenter.com/,Jupiter,Florida,United States,North America, +1 561-745-7807 , info@jupiterdivecenter.com ,,"Wetsuit, Regulator, Fins, Mask, BCD, Dive Computer, Snorkel, Boots",Nitrox,Dive Shop,"Area 51, Area 29, Bluffs, Bonnies, Captain Kirle’s, Captain Mikes, Julie’s, Loggerhead, Scarface, Spadefish, Tunnels, Zion Train (Wreck Trek), Sea Turtles, Lobster",,,
Just Africa Scuba,"Shop 2, Krystal Beach Hotel, 9 Breakwater Lane, Harbour Island, Gordon's Bay, Cape Town, 7140, South Africa",https://www.justscuba.co.za/,Gordon's Bay,WC,South Africa,Southern Africa, +27 82 598 1884 , info@justscuba.co.za ,,"Snorkel, Mask, Fins",,Dive Shop,"Abu Nuhas / Carnatic, Abu Nuhas / Chrisoula K, Abu Nuhas / Giannis D, Blue Hole, Brothers, Daedalus Reef, Dahab, Destination Diving, Elphinstone, False Bay, Gabr El Bint, Mafia Island - Kinasi, Nosy Be - Four Brothers, Nosy Be - Mitsio Archipelago, Nosy Be - Tanikely Marine Park, Ras Mohammed, SS Thistlegorm, Saint Helena, Straits of Tiran - Gordon, Straits of Tiran - Jackson, Straits of Tiran - Thomas, Straits of Tiran - Woodhouse",,,
Just Dive Cayman,"George Town waterfront - 245 North Church Street area, George Town, Cayman Islands",https://www.justdivecayman.com/,Grand Cayman,Grand Cayman,Cayman Islands,Caribbean, +1 345-936-8685 , info@justdivecayman.com ,"Open Water Diver, Advanced Open Water Diver, Rescue Diver, Night Diver, Divemaster, Discover Scuba Diving, Junior Open Water Diver","Wetsuit, Regulator, Mask, BCD, Snorkel",,Dive Shop,"Grand Cayman, Kittiwake",,,
Key Dives,"85960 Overseas Hwy, Islamorada, FL 33036, United States",https://www.keydives.com/,Islamorada,Florida,United States,North America, +1 305-664-2211 , info@keydives.com ,"Try Scuba / Intro Scuba, Open Water Diver, Advanced Open Water Diver, Rescue Diver, Junior Open Water Diver, Deep Diver, Enriched Air Nitrox, Wreck Diver, Night Diver, Underwater Navigator, Dry Suit Diver","Wetsuit, Regulator, Fins, Mask, BCD, Snorkel, Dive Computer",Nitrox,Dive Resort,"Alligator Reef, Capt. Arnos, Crocker Reef, Davis Reef, Eagle Wreck, Islamorada Fingers, Jumpin’ Mack, Kylie’s Reef, Maze, Morada, Pervis, Rocky Top, Victory",,,
Khao Lak Explorer,"31/13 หมู่ที่ 6 Khao Lak, Khuekkhak, อำเภอ เขาหลัก, Phang Nga 82220, Thailand",https://www.khaolakexplorer.com/,Khao Lak,Phang Nga,Thailand,Southeast Asia, +66 61 119 5733 , info@khaolakexplorer.com ,"Open Water Diver, Advanced Open Water Diver, Rescue Diver, Deep Diver, Wreck Diver, Night Diver, Underwater Navigator, Dry Suit Diver, Divemaster, Discover Scuba Diving, Junior Open Water Diver",,,"Liveaboard, Dive Shop","Around Khao Lak, Boonsung wreck, Koh Bon, Koh Tachai Pinnacle, Preimchai wreck, Richelieu Rock, Similan Islands, Similan National Park, HTMS Pratong Wreck, MV Sea Chart 1 Wreck",,,
Khao Lak Scuba Adventures,"13/47 Moo 7, Khuk Khak, Takua Pa 82190, Phang Nga, Thailand",https://www.khaolakscubaadventures.com/,Khao Lak,Phang Nga,Thailand,Southeast Asia, +66 90 928 8222 , contact@ksaliveaboard.com ,"Open Water Diver, Advanced Open Water Diver, Rescue Diver, Deep Diver, Enriched Air Nitrox, Wreck Diver, Night Diver, Divemaster, Discover Scuba Diving, Junior Open Water Diver","Wetsuit, Regulator, Fins, Mask, BCD, Snorkel",Nitrox,"Liveaboard, Dive Shop","Boonsung wreck, Christmas Point, Koh Bon, Koh Tachai Pinnacle, North Point, Richelieu Rock, Shark Fin Rock / Lek Bet (Samae San Marine Park), Three Trees, Turtle Rock, West of Eden, Hin Luang, Elephant Head Rock, East of Eden, Deep Six, Beacon Reef",,,
Kiwidivers Phuket,"1, 20 Soi Lam Sai, Karon, Amphoe Mueang Phuket, Phuket 83100, Thailand",https://www.kiwidivers.com/,Phuket,Phuket,Thailand,Southeast Asia, +66 98 016 6990 , info@kiwidivers.com ,"Advanced Nitrox, Deco Procedures, Trimix Diver, Tech 1, Cave 1","Regulator, BCD, Dive Computer","Nitrox, Trimix",Liveaboard,"Anemone, Kata Beach, King Cruiser Wreck, Koh Doc Mai, Phi Phi Islands, Racha Noi Island, Racha Yai Island, Shark Point (Hin Musang)",,,
Koh Tao Divers,"1, Haad Sairee, 1, Ko Tao, Ko Pha-ngan District, Surat Thani 84360, Thailand",https://www.kohtaodivers.com/,Koh Tao,Surat Thani,Thailand,Southeast Asia, +66 86 069 9244 , info@kohtaodivers.com ,"Open Water Diver, Scuba Diver, Advanced Open Water Diver, Rescue Diver, Deep Diver, Enriched Air Nitrox, Wreck Diver, Night Diver, Underwater Navigator, Divemaster, Open Water Scuba Instructor, Master Scuba Diver Trainer, Course Director, Discover Scuba Diving, Junior Open Water Diver","Wetsuit, Regulator, Fins, Mask, BCD, Snorkel",Nitrox,Dive Shop,"HTMS Sattakut (wreck), Koh Tao, HTMS Suphairin 313",,Vague on individual Koh Tao sites,
Kohala Divers,"61-3665 Akoni Pule Hwy, Waimea, HI 96743, United States",https://www.kohaladivers.com/,Waimea,Hawaii,United States,North America, +1 808-882-7774 , godiving@kohaladivers.com ,"Open Water Diver, Advanced Open Water Diver, Rescue Diver, Deep Diver, Wreck Diver, Enriched Air Nitrox, Night Diver, Underwater Navigator, Dry Suit Diver, Divemaster, Divemaster / Assistant Instructor, Open Water Scuba Instructor, Master Scuba Diver Trainer, Course Director, Discover Scuba Diving, Junior Open Water Diver","Regulator, Wetsuit, BCD, Hood, Drysuit, Dive Computer",Nitrox,Dive Shop,"Kailua-Kona, The Big Island",,,
Komodo Dive Center,"Jalan Soekarno Hatta Labuan Bajo Flores, Labuan Bajo, Komodo, West Manggarai Regency, East Nusa Tenggara 86554, Indonesia",https://www.komododivecenter.com/,Labuan Bajo,Nusa Tenggara Tim.,Indonesia,Southeast Asia, +62 813-3726-8820 , info@komododivecenter.com ,"Open Water Diver, Advanced Open Water Diver, Advanced Adventurer, Rescue Diver, Stress & Rescue Diver, Deep Diver, Enriched Air Nitrox, Night Diver, Underwater Navigator, Discover Scuba Diving, Junior Open Water Diver","Wetsuit, Regulator, Fins, BCD, Dive Computer",Nitrox,"Liveaboard, Dive Shop","Batu Moncong Bay, Batu Moncong, Castle Rock, Crystal Rock, Golden Passage, Wizards Hat, Tuko Serikaya, Makassar Reef, Broken Hall, Pilaarsteen, Manta Alley, German Flag, Tata Island, Toko Toko, Light House, The Cauldron, Sebayur, Tatawa Besar, Batu Bolong, Tatawa Kecil, Kanawa, Labuan Bajo, Bidadari, Siaba Kecil, Siaba Besar, Mawan, Pengah Kecil, Bonsai, Wainilu, Pink Beach, Three Sisters, Rinca Island, Teluk Loh Sera, Tanjung Loh Sera, Banana Reef, Torro Sie, Torpedo Point, Cannibal Rock, Yellow Wall",,https://www.komododivecenter.com/wp-content/uploads/Komodo-Dive-Map.jpg,
Kon-Tiki,"873 Ao Nang, Muang Krabi 81000",https://www.kontiki-thailand.com/,Koh Lanta,Krabi,Thailand,Southeast Asia,(+66) (0) 98 014 1996, kontikikrabishop@gmail.com ,"Open Water Diver, Scuba Diver, Advanced Open Water Diver, Rescue Diver, Deep Diver, Enriched Air Nitrox, Wreck Diver, Night Diver, Underwater Navigator, Divemaster, Divemaster / Assistant Instructor, Open Water Scuba Instructor, Master Scuba Diver Trainer, Course Director, Discover Scuba Diving, Junior Open Water Diver, Try Scuba / Intro Scuba","Wetsuit, Regulator, Fins, Mask, BCD, Snorkel, Dive Computer",Nitrox,Dive Shop,"Anemone, Ao Nang Bay Local Islands, HTMS Kled Kaew, Hin Bida, King Cruiser Wreck, Koh Bida Nai, Koh Bida Nok, Maya Bay, Maya Corner, Maya Nui, Mushroom Rock, Phi Phi Islands, Shark Point (Hin Musang), The Mayas",,,
Kona Diving Company,"74-5615 Luhia St, Kailua-Kona, HI 96740, United States",https://www.konadivingcompany.com/,Kailua-Kona,Hawaii,United States,North America, +1 808-331-1858 , info@konadivingcompany.com ,"Open Water Diver, Discover Scuba Diving, Junior Open Water Diver","Wetsuit, Regulator, Fins, Mask, BCD, Snorkel",,Dive Shop,"Kailua-Kona, Pawai Bay, Makako Bay, The Big Island",,,
Kona Honu Divers,"74-5583 Luhia St A12, Kailua-Kona, HI 96740, United States",https://konahonudivers.com/,Kailua-Kona,Hawaii,United States,North America, +1 808-324-4668 , jeff@konahonudivers.com ,"Open Water Diver, Scuba Diver, Advanced Open Water Diver, Advanced Scuba Diver, Rescue Diver, Enriched Air Nitrox, Divemaster, Divemaster / Assistant Instructor, Discover Scuba Diving, Junior Open Water Diver, Try Scuba / Intro Scuba","Wetsuit, Regulator, Fins, Mask, BCD, Drysuit, Hood, Boots, Snorkel, Dive Computer","Nitrox, Trimix",Dive Shop,"Kona Coast, Blackwater Dive, Kailua-Kona, The Big Island",,,
Koox Diving,"10 Avenida Nte. 258, Gonzalo Guerrero, 77710 Playa del Carmen, Quintana Roo, Mexico",https://kooxdiving.com/,Tulum,Quintana Roo,Mexico,North America, +52 984 141 5502 , kooxdiving@gmail.com ,"Scuba Diver, Discover Scuba Diving, Open Water Diver, Advanced Open Water Diver, Rescue Diver, Junior Open Water Diver, Deep Diver, Enriched Air Nitrox, Wreck Diver, Night Diver, Underwater Navigator, Marine Ecology, Divemaster, Divemaster / Assistant Instructor, Open Water Scuba Instructor, Master Scuba Diver Trainer, Course Director","BCD, Regulator, Snorkel","Hydrox, Nitrox",Dive Shop,"Aktun Koh Cenote, Angelita Cenote, Calavera (Temple of Doom) Cenote, Cancun, Carwash (Aktun Ha) Cenote, Casa Cenote, Cenote Chac Mool, Cenote Zapote (Hell’s Bells), Cenotes, Chan Hol Cenote, Chikin Ha Cenote, Cozumel, Dos Ojos Cenote, Dos Pisos Cenote, Dreamgate Cenote, El Bajo Seamount, El Eden (Ponderosa) Cenote, Fang Ming, Gran Cenote, Laguna de Kaan Luum, Lobos, MUSA Underwater Museum, Manchones, Nohoch Nah Chich System, Pet Cementery Cenote, Playa del Carmen, Revillagigedo Islands, Salvatierra, Sea of Cortez, Sistema Sac Actun, Socorro Island, Swanee Reef, Tajma Ha (Taj - Mahal) Cenote, The Pit (El Pit) Cenote, Tulum, Whales Head, Yalahau Cenote, Yaxche Cenote, La Reina, El Bajito",,https://www.google.com/maps/d/viewer?mid=1755xBc0NnYdxhX7igcpZ8s5rYb8&femb=1&ll=20.79562748881996%2C-87.4312242&z=9,
KoroSun Dive,"Hibiscus Highway, Savasi Island, Fiji",https://korosundive.com/,Savusavu,Northern Division,Fiji,Pacific Islands, +679 934 1033 , korosundive@connect.com.fj ,,,,Dive Resort,"Dream House, Purple Garden, Dungeons and Dragons, Turtle Alley, Hole in the Wall, Golden Nuggets, Grand Central Station at Namena, Chimmneys at Namena",,,
Krabi Scuba Club,"119, Ao Nang, Mueang Krabi District, Krabi 81180, Thailand",https://krabiscubaclub.com/,Ao Nang,Krabi,Thailand,Southeast Asia, +66 85 218 8484 , krabiscubaclub@gmail.com ,"Scuba Diver, Open Water Diver, Enriched Air Nitrox, Advanced Open Water Diver, Rescue Diver, Divemaster, Try Scuba / Intro Scuba, Advanced Adventurer","BCD, Regulator, Fins, Mask, Boots, Snorkel, Wetsuit",Nitrox,Dive Resort,"Noppharat Thara Beach, Ao-Nang Beach, Longtails to Railay Beach, Tonsai Beach, Railay Beach West, Railay Beach East, Phra Nang Bay, Phra Nang Cave, View Point & Lagoon, Koh Daeng, Koh Samet, Koh Meurai, Koh Talu, Koh Dor, Koh Yawasam, Talibong Wreck, Pra Tong Wreck, Rawee Wreck, Koh Haa, Koh Sii, Koh Thalad Noi, Koh Poda, Thap Island, Chicken Island, Koh Khom, Koh Yawabom, King Cruiser Wreck, Anemone Reef, Shark Point, Koh Yung, Bamboo Island, Laem Tong, Hin Klang, Laana Bay, Ao-Nui, Loh Dalam Bay, Monkey Bay, Red Wall, Wang Long Bay, Wang Long Wall, Tonsai Bay, Hin Dot, Hin Phae, Mushroom Rock, Viking Cave, Kred Geo Wreck, Maya Nui, Maya Corner, Maya Bay, Phi Ley Wall - Bay 1, Phi Ley Wall - Bay 2, Losama Bay & Pinnacle, Whaleshark Wall, Koh Bida Nok, Koh Bida Nai, Hin Klai, Hin Bida",,,
L'Atelier de la Mer,"2037 Avenue du Rec de l'Entrée, 11370 Port-Leucate, France",https://atelierdelamer.com,Marseille,Provence-Alpes-Côte d'Azur,France,Europe,04 91 72 54 12, info@atelierdelamer.com ,"Open Water Diver, Open Water Scuba Diver, Scuba Diver, Discover Scuba Diving, Try Scuba / Intro Scuba, Introductory Scuba, Advanced Open Water Diver, Advanced Adventurer, Rescue Diver, Stress & Rescue Diver, Deep Diver, Enriched Air Nitrox, Wreck Diver, Night Diver, Underwater Navigator, Dry Suit Diver, Divemaster, Divemaster / Assistant Instructor, Open Water Scuba Instructor","Wetsuit, BCD, Regulator",Nitrox,Dive Shop,"Tiboulen de Maïre, Cap de Maïre, The Coral Cave, The Bathtub, The Pharillons, Lebanon, The Cheeses, Grand Saint-Antoine, Cap Jarron, Briançon Stone, The Rainbow Cave, The Mysterious Cave, Calanque de Pouars, La Grotte à Peres, Les Failles de Plane, Les Moyadons, Les Moyades, La Boulajade, Pointe Caramassaigne, Impérial de Terre, Impérial du Milieu, Impérial du Large, Le Petit Conglouë, Le Veyron, Latécoère, Messerschmitt, The Dalton, The Chaouen, The Drôme, The Miquelon, The Junker, The Saint-Dominique, The Lagoubran, Eye Stone, Tiboulen of Frioul, Cap Caveau, Corbes, Dome, Maya, Amphora Shipwrecks",,,
La Cigale Plongée,"Avenue Henry Clews, Port La Napoule, 06210 Mandelieu-La Napoule, France",https://www.lacigale-plongee.com,Mandelieu-La Napoule,Provence-Alpes-Côte d'Azur,France,Europe,(33) (0) 6 29 09 87 92, info@lacigale-plongee.com ,"Open Water Diver, Scuba Diver, Discover Scuba Diving, Try Scuba / Intro Scuba, Introductory Scuba, Advanced Open Water Diver, Advanced Adventurer, Rescue Diver, Deep Diver, Enriched Air Nitrox, Wreck Diver, Night Diver, Underwater Navigator, Dry Suit Diver, Divemaster",Drysuit,Nitrox,Dive Shop,"The Ant, The Avenger, The Bateguier, The Tradeswoman, The Search, Needle Point, Saint Elme, Trayas Cave, Roche Maëva, Roche d'Aurelles, Little Cap Roux, The Laure, Grand Cap Roux, The Cow, Antheor's Barges",,,
La Galigo Liveaboard,"Jl. Bypass Ngurah Rai No.106, Pedungan, Denpasar Selatan, Kota Denpasar, Bali 80221, Indonesia",https://www.lagaligoliveaboard.com/,Denpasar,Bali,Indonesia,Southeast Asia, +62 812-2000-2025 , nick@lagaligoliveaboard.com ,"Open Water Diver, Open Water Scuba Diver, Discover Scuba Diving, Try Scuba / Intro Scuba, Advanced Open Water Diver, Advanced Adventurer, Rescue Diver, Deep Diver, Night Diver, Underwater Navigator, Divemaster",,Nitrox,Liveaboard,"Bangka, Halmahera, Komodo, Lembeh Strait, Raja Ampat, Sangihe Archipelago",,,
La Paz Divers,"Mariano Abasolo 2635, entre Antonio Navarro y Manuel Encinas, Barrio Manglito, 23060 La Paz, B.C.S., Mexico",https://lapazdivers.com/,La Paz,B.C.S.,Mexico,North America, +52 612 197 5824 , info@lapazdivers.com ,"Discover Scuba Diving, Try Scuba / Intro Scuba, Advanced Open Water Diver, Advanced Adventurer, Rescue Diver","Wetsuit, Regulator, Drysuit, Dive Computer, Mask, Fins, BCD, Snorkel",,Dive Shop,"El Bajo Seamount, Fang Ming, Isla Las Animas, La Paz, La Reyna, La Reynita, Lobos, Los Islotes (Sea Lions), Salvatierra, San Francisco Wall (Cozumel), San Rafaelito, Swanee Reef",,,
Lancaster Scuba Center,"201 Greenfield Rd, Lancaster, PA 17601, United States",https://www.lancasterscuba.com/,Lancaster,Pennsylvania,United States,North America, +1 717-397-2822 , info@lancasterscuba.com ,"Try Scuba / Intro Scuba, Open Water Diver, Scuba Diver, Wreck Diver, Advanced Adventurer, Stress & Rescue Diver, Deep Diver, Enriched Air Nitrox, Divemaster, Discover Scuba Diving, Introductory Scuba","Wetsuit, Regulator, Fins, Mask, BCD, Snorkel, Dive Computer",Nitrox,Dive Shop,"Beqe Lagoon, Bonaire Island, Cooper River, Cozumel, Destination Diving, Great Isaac, Gulftrade, Krk, Lake Hydra, Murrells Inlet, Palau, Pinta, Saint Lucia, The Stolt Dagali, Truk Atoll, USS Algol (AKA-54), Lake Allure, Willow Springs",,,
Langebaan Divers,"Club Mykonos Resort, Mykonos Access Road, Langebaan, 7357, South Africa",https://langebaandivers.co.za/,Langebaan,WC,South Africa,Southern Africa, +27 72 986 3937 , langebaandivers@gmail.com ,,,Nitrox,Dive Resort,"Dial Rock, Slipways, Barrack Rock, Paaltjies, Jutten Island, Needles, Seven Blinders, North Cardinal Wall, Cuttlefish Alley, Langebaan Divers Wall, Lynch Blinder, Yacht Club",,,
Lanta Diver,"259/2 Moo 3, Saladan, Koh Lanta, Krabi 81150, Thailand",https://lantadiver.com/,Koh Lanta,Krabi,Thailand,Southeast Asia, +66 87 891 4141 , scuba@lantadiver.com ,"Open Water Diver, Open Water Scuba Diver, Discover Scuba Diving, Try Scuba / Intro Scuba, Advanced Open Water Diver, Advanced Adventurer, Rescue Diver, Divemaster, Wreck Diver, Deep Diver","Wetsuit, Regulator, Fins, Mask, BCD, Boots, Snorkel",Nitrox,Dive Shop,"HTMS Kled Kaew, Hin Daeng, Hin Muang, Koh Bida Nok, Koh Haa - Cathedral, Koh Ma, Koh Waen Train, Koh Rok",,,
Poseidon Diving & Snorkeling in Nice,"Quai Lunel / Quai A. Infernet, Port de Nice, 06300 Nice",https://poseidon-nice.com,Nice,Provence-Alpes-Côte d'Azur,France,Europe,(+33)492004386, tlo@poseidon-nice.com ,"Open Water Diver, Enriched Air Nitrox, Advanced Adventurer, Rescue Diver, Discover Scuba Diving, Dry Suit Diver, Advanced Open Water Diver, Divemaster","Wetsuit, Regulator, Gloves, BCD, Drysuit, Hood, Fins, Mask, Snorkel, Boots",Nitrox,Dive Resort,,,Another vague site for review - no dive sites,
Les Aquanautes,"Quai Notre Dame, 40130 Capbreton",https://www.les-aquanautes.com,Capbreton,Saint-Paul,France,Europe, +262 692 68 99 33 , Lesaquanautes@yahoo.fr ,"Open Water Diver, Advanced Adventurer, Advanced Open Water Diver, Wreck Diver, Deep Diver, Enriched Air Nitrox, Night Diver, Underwater Navigator, Dry Suit Diver, Marine Ecology, Divemaster, Divemaster / Assistant Instructor, Open Water Scuba Instructor, Try Scuba / Intro Scuba","BCD, Drysuit, Mask, Regulator",Nitrox,Dive Shop,,,"Needs review - vague site - Has some ""dive sites"" but.....",
Leucate Plongée,"Leucate FR, Av. du Rec de l'Entrée, 11370 Port, France",https://www.leucateplongee.fr,Port-Leucate,Occitanie,France,Europe, +33 6 09 95 71 70 , info@leucateplongee.fr ,"Open Water Diver, Discover Scuba Diving, Advanced Open Water Diver, Rescue Diver, Deep Diver, Enriched Air Nitrox, Wreck Diver, Night Diver, Underwater Navigator, Dry Suit Diver, Divemaster","Wetsuit, Regulator, BCD, Hood, Mask, Drysuit",Nitrox,Dive Shop,"La Faille, Les Rochers de la Sorcière, La Marche, Les Récifs Artificiels, L'Oasis, Le Japonais, La Barge",,,
Lighthouse Diving Center,"13718 31st Ave W, Lynnwood, WA 98087, United States",https://lighthousediving.com/,Edmonds,Washington,United States,North America, +1 478-778-3483 , lynnwood@lighthousediving.com ,"Open Water Diver, Scuba Diver, Open Water Scuba Diver, Discover Scuba Diving, Try Scuba / Intro Scuba, Introductory Scuba, Advanced Open Water Diver, Advanced Adventurer, Rescue Diver, Open Water 20, Deep Diver, Enriched Air Nitrox, Night Diver, Wreck Diver, Underwater Navigator, Divemaster, Advanced Nitrox, Trimix Diver","Snorkel, Regulator, BCD, Fins, Wetsuit, Mask",Nitrox,Dive Shop,,,"Mainly a equipment shop, it offers some ""Dive sites"" - Review",
Liquid Blue Divers,"C. 21 Sur #280, Corpus Christi, 77664 Cozumel, Quintana Roo, Mexico",https://liquidbluedivers.com/,Cozumel,Quintana Roo,Mexico,North America, +52 987 564 9792 , info@liquidbluedivers.com ,"Open Water Diver, Scuba Diver, Open Water Scuba Diver, Discover Scuba Diving, Try Scuba / Intro Scuba, Introductory Scuba, Advanced Open Water Diver, Advanced Adventurer, Rescue Diver, Deep Diver, Enriched Air Nitrox, Night Diver, Underwater Navigator, Divemaster, Divemaster / Assistant Instructor","Wetsuit, Regulator, Fins, Mask, BCD, Snorkel",Nitrox,Dive Shop,Cozumel,,,
Liquid Salt Divers,"Dhigu Magu, Dharavandhoo, Baa Atoll, Maldives",https://www.liquidsaltdivers.com/,Dharavandhoo,Baa Atoll,Maldives,South Asia, +960 777-1972 , dive@liquidsaltdivers.com ,,"Wetsuit, Regulator, Fins, Mask, BCD, Dive Computer, Snorkel, Boots",Nitrox,Dive Shop,"Baa, Hanifaru",,,
Little Cayman Divers,"P.O. Box 42, Little Cayman KY3-2501, Cayman Islands",https://www.littlecaymandivers.com/,Little Cayman,Sister Islands,Cayman Islands,Caribbean, +1 345-938-1026 , hello@littlecaymandivers.com ,"Open Water Diver, Advanced Open Water Diver, Rescue Diver, Deep Diver, Wreck Diver, Night Diver, Underwater Navigator, Divemaster, Open Water Scuba Instructor, Master Scuba Diver Trainer, Discover Scuba Diving, Junior Open Water Diver","Wetsuit, Regulator, Fins, Mask, BCD, Snorkel, Dive Computer",Nitrox,Dive Shop,"Bus Stop, Sarah's Set, Blacktip Blvd, Ann's Attic, Mixing Bowl, Marylin's Cut, Donna's Delight, Randy's Gazebo, Ringer's Wall, Great Wall East, Great Wall West, Lea Lea's Lookout, Coconut Walk, Barracuda Bite, Joy's Joy, Dottie's Hot Spot, Tibbetts Top, McCoy's Wall, Jigsaw Puzzle, Paradise Plunge, Bush Gardens, Martha's Finyard, Ron's Rocks, Lighthouse Shallows, Lighthouse Wall, Pirate's Point Reef, Richard's Reef, Dynamite Dropoff, Charlie's Chimney, Rock Bottom Wall, Snap Shot, Crystal Palace Wall, Blacktip Tunnels, Cumber's Caves, Jackson Wall & Reef, Eagle Ray Roundup, The Meadows, Mike's Mountain, Nancy's Cup Of Tea, Paul's Anchors, Cascades, Penguin’s Leap, Booby Pass, Sailfin Reef, Disneyland, Lappy's Leap, The Edge, Grundy's Reef, Divers Delight, Soto Trader, Howard's Hole, Grundy's Gardens, Uncle Luky's, Windsock Reef, Gay's Reef, Black Hole, Splitville, Coral City, Lucas's Ledges, Rock House Wall",,,
Living Ocean Scuba,"1125 Ala Moana Blvd Slip B-01, Honolulu, HI 96814, United States",https://www.livingoceanscuba.com/,Honolulu,Hawaii,United States,North America, +1 808-436-3483 , info@livingoceantours.com ,,"Snorkel, Mask, Fins",,Dive Shop,,,Snorkeling only,
Living The Dream Divers,"245 North Church Street, George Town KY1-1206, Cayman Islands",https://www.livingthedreamdivers.com/,Grand Cayman,George Town,Cayman Islands,Caribbean, +1 345-526-3483 , dive@livingthedreamdivers.com ,"Open Water Diver, Advanced Open Water Diver, Rescue Diver, Night Diver, Divemaster, Discover Scuba Diving, Junior Open Water Diver","Wetsuit, Regulator, Mask, BCD, Snorkel",,Dive Resort,"Eagle Ray Roundup, Grand Cayman, Kittiwake, Eagle Ray Pass, Princess Pennies Pinnacle, Lemon Reef, Roberts Wall, Roundabout, Trinity Caves, Round Rock, Big Tunnels, Bonnie’s Arch, Bolero, Victoria’s Secret, Laura’s Reef, Red Bay Caves, Charlies Caverns, Ned’s Tunnels, Sky’s Arch",,,
Living Underwater,"Carr. Costera Sur, Caleta, 77600 San Miguel de Cozumel, Quintana Roo, Mexico",https://www.living-underwater.com/,Cozumel,Quintana Roo,Mexico,North America,011-52-987-116-1964, jeremy@living-underwater.com ,"Open Water Diver, Advanced Open Water Diver, Rescue Diver, Deep Diver, Wreck Diver, Night Diver, Underwater Navigator, Dry Suit Diver, Divemaster, Open Water 20, Open Water Scuba Instructor, Master Scuba Diver Trainer, Course Director, Discover Scuba Diving, Junior Open Water Diver","Wetsuit, Regulator, Fins, Mask, BCD, Snorkel, Dive Computer",Nitrox,Dive Shop,"Barracuda Reef, San Juan Reef, Cantarell Eagle Ray Wall, Buttermilk Wall, Villa Blanca Wall, Paraiso Reef, Las Palmas, Chankanaab Reef, Chankanaab Bolones, C53 – Felipe Xicotencatl, Tormentos Reef, Yucab Reef, Punta Tunich Wall, Cardona, San Clemente, San Francisco Wall, Paso del Cedral Reef, La Francesa, Punta Dalila, Palancar Gardens, Palancar Horseshoe, Palancar Bricks, Colombia Shallows, Colombia Reef, Colombia Deep, Devil's Throat, Punta Sur Reef, Maracaibo Shallows, Chun Chakaab Reef, Bajo de Molas, Punta Molas, Los Atolones, Punta Morena, Chen Rio, Punta Chiquero, El Mirador, El Islote",,https://www.living-underwater.com/images/lu-photos/reef-map-red.png,
Local Dive Thailand,"95/13 Moo 7, Tambon Rawai, Amphur Muang, Phuket 83130, Thailand",https://localdivethailand.com/,Phuket,Phuket,Thailand,Southeast Asia, +66 80 696 1461 , info@localdivethailand.com ,"Try Scuba / Intro Scuba, Open Water Diver, Advanced Open Water Diver, Rescue Diver, Junior Open Water Diver, Deep Diver, Enriched Air Nitrox, Wreck Diver, Night Diver, Underwater Navigator, Dry Suit Diver","Wetsuit, Regulator, Fins, Mask, BCD, Snorkel, Dive Computer",Nitrox,Liveaboard,"King Cruiser Wreck, Koh Bida Nai, Koh Bida Nok, Koh Doc Mai, Palong Wall, Phi Phi Islands, Racha Noi Island, Racha Yai Island, Shark Point (Hin Musang), Similan Islands, Turtle Rock, Banana Bay, Bungalow Bay",,,
Lost Reef Adventures,"261 Margaret St #6639, Key West, FL 33040, United States",https://www.lostreefadventures.com/,Key West,Florida,United States,North America, +1 305-296-9737 , info@lostreefadventures.com ,"Open Water Diver, Open Water Scuba Diver, Advanced Adventurer, Rescue Diver, Stress & Rescue Diver, Enriched Air Nitrox, Night Diver, Discover Scuba Diving, Junior Open Water Diver","Wetsuit, Regulator, Fins, Mask, BCD, Snorkel, Dive Computer",Nitrox,Dive Resort,"Cayman Salvage, Joe’s Tug, Sambos Reef, USNS General Hoyt S. Vandenberg",,,
Lotus Diving,"57/6 Moo 7, Chaloklum, Koh Phangan 84280, Surat Thani, Thailand",https://lotusdiving.com/,Koh Phangan,Surat Thani,Thailand,Southeast Asia, +66 89 469 4719 , info@lotusdiving.com ,"Advanced Nitrox, Deco Procedures, Trimix Diver, Tech 1, Cave 1","Regulator, BCD, Dive Computer","Nitrox, Trimix",Dive Shop,"Chumphon Pinnacle, HTMS Sattakut (wreck), Koh Yippon Lek, Sail Rock, Shark Point (Hin Musang), Southwest Pinnacle, Chaloklum West Lighthouse, Haad Salad, Koh Ma, Koh Kong",,,
Lumbadive,"Tyrrel Bay, Carriacou, Grenada",https://www.lumbadive.com/,Tyrrel Bay,Aceh,Grenada,Caribbean,+1 473-457-4539, dive@lumbadive.com ,"Open Water Diver, Open Water Scuba Diver, One Star Diver (★), Open Water 20, Advanced Adventurer, Two Star Diver (★★), Advanced 35, Stress & Rescue Diver, Three Star Diver (★★★), Enriched Air Nitrox, Divemaster, Advanced Nitrox, Deco Procedures, Trimix Diver, Junior Open Water Diver, Try Scuba / Intro Scuba, Introductory Scuba","Wetsuit, Regulator, Fins, Mask, BCD, Snorkel","Nitrox, Trimix",Dive Shop,"Grenada, Tyrrell Bay",,,
LumbaLumba Diving Manado,"Jl. Trans Sulawesi, Mokupa, Kec. Tombariri, Kabupaten Minahasa, Sulawesi Utara 95651, Indonesia",https://www.lumbalumbadiving.com/,Manado,Sulawesi Utara,Indonesia,Southeast Asia, +62 812-4302-974 , info@lumbalumbaresort.com ,"Open Water Diver, Scuba Diver, Advanced Open Water Diver, Rescue Diver, Deep Diver, Enriched Air Nitrox, Wreck Diver, Night Diver, Underwater Navigator, Divemaster, Open Water Scuba Instructor, Master Scuba Diver Trainer, Course Director, Discover Scuba Diving, Junior Open Water Diver","Wetsuit, Regulator, Fins, Mask, BCD, Snorkel",Nitrox,Dive Resort,"Manado Tua, Barracuda Point, Hora Point, Batu Kapal, Nain, Helga Point, Jalan Masuk, Bunaken National Marine Park North, Celebes Sea, Tangkasi, Montage Point, Buhias, Gorango, Bango, Tanjung Kopi, Pangalingan Tanjung Parigi, Bualo, Raymond's Point, Negeri, Tengah, Mandolin, Mike's Point, Sachiko's Point, Benny's Point, Ron's Point, Fukui, Johnson's Wall, Alung Banua, Siladen Utara, Siladen Timur, Siladen, Ghuntur's, Bunaken Timur Tihawo, Bunaken Timur 2, Pangalisan, Bunaken, DJ Point, Abang Kalumpang Gabet, Bahowo, Sal's Point, Muka Kampung, Lekuan I, Lekuan II, Lekuan III, Tanjung Pisok, Napo Mera's, Batu Hitam, Molas Shipwreck, Bunaken National Marine Park South, Tanjung Arus, North Talise Pinnacles, Aer Banua, Talise, Gangga, Lihaga North East, Tanjung Torowitan, Lihaga South East, Teluk Kora Kora, Batu Gosok, Bangka, Maluku Sea, Gangga Lake, Sahaung Lagoon, Tanjung Usi, Tanjung Toto, Sabina Timur, Sahaung Batu, Paradise Jetty, Likupang, Mapanget, Marina Reclamation Point, Manado, Mount Klabat, New Mandarin Point, 45 Bananas, Tagaroa Point, Lumbalumba, PooPoh 2, PooPoh, Pygmy Point, Critter Circus, Batu Mandi, Tanjung Pulisan, Batu Pendeta, Tangkoko National Park, Mount Dua Sudara, Batu Angus, AW Shucks, Hairball, Hairball II, Magic Rock, Retak Larry, Slow Poke, Magic Crack, Nudi Retreat, Makawide Pier, Jahir, Air Pang, Nudi Falls, Police Pier, Rina Wreck, Serena West, Bimoli Wreck, Pantai Kecil, Jiko Yansi, Kaina's Treasure, California Dreaming, Pulau Putus, Batu Merah, Angels Window, Batu Sandar, Tanjung Tebal, Pantai Parigi, Pintu Kolada, Serena North, Mawali Wreck, Tomohon, Madidir, Pulau Abadi, Goby and Crab, Kapal Indah, Lembeh Strait, Pulau Dua",,https://lumbalumbaresort.com/wp-content/uploads/New-Map-Oktober-2023-copy.jpg,
Lynnhaven Dive Center,"2204 Poplar Point Rd, Virginia Beach, VA 23454, United States",https://www.ldcscuba.com/,Virginia Beach,Virginia,United States,North America, +1 757-481-7949 , ldcsales@ldcscuba.com ,"Open Water Diver, Advanced Open Water Diver, Rescue Diver, Deep Diver, Wreck Diver, Enriched Air Nitrox, Night Diver, Underwater Navigator, Dry Suit Diver, Divemaster, Divemaster / Assistant Instructor, Open Water Scuba Instructor, Master Scuba Diver Trainer, Course Director, Discover Scuba Diving, Junior Open Water Diver","Regulator, Wetsuit, BCD, Hood, Drysuit, Dive Computer",Nitrox,Dive Shop,"Beaufort NC, Blue Grotto, Chuuk Lagoon, Cozumel, Destination Diving, Devil’s Den, Ginnie Springs - Devil’s Eye/Devil’s Ear, Key Largo, Roatán, Truk Atoll, Kiyosumi Maru, Yamagiri Maru, Fumitzuki Destroyer, Shinkoku Maru, Nippo Maru, Heian Maru, Unkai Maru, Sankisan Maru, Rio De Janeiro, Hoki Maru, Fujikawa Maru, Seiko Maru, Kensho Maru, I-169 Japanese Submarine, San Francisco Maru",,,
Maafushi Dive & Watersports,"Gulfaam Villa, K. Maafushi, 08090, Maldives",https://www.maafushidive.com/,Maafushi,Kaafu Atoll,Maldives,South Asia, +960 991-1116 , info@maafushidive.com ,"Open Water Diver, Advanced Open Water Diver, Advanced Adventurer, Rescue Diver, Stress & Rescue Diver, Deep Diver, Enriched Air Nitrox, Night Diver, Underwater Navigator, Discover Scuba Diving, Junior Open Water Diver","Wetsuit, Regulator, Fins, BCD, Dive Computer",Nitrox,Dive Shop,"Dhigu Thila, Kandooma Thila, Kuda Giri, Cocoa Corner, Guraidhoo, Sexy Reef, Miyaru Faru, Embudhoo Express, Vadhoo Caves",,,
Mac's Sports Inc.,"2126 Drew St.Clearwater, FL 33765",https://macssports.com/,Clearwater,Florida,United States,North America,727-442-9931, clearwater@macssports.com ,"Discover Scuba Diving, Scuba Diver, Open Water Diver, Advanced Open Water Diver, Rescue Diver, Enriched Air Nitrox, Divemaster, Open Water Scuba Instructor","Snorkel, Fins, Mask, BCD",Nitrox,Dive Shop,,,"No Dive sites - Scuba lessons, Certs, rentals, etc",
Mad Fish Dive Centre,"Matava Resort, Kadavu, Fiji",https://matava.com/,Kadavu,Kadavu Province,Fiji,Pacific Islands,(+679) 603 0684, info@matava.com ,"Open Water Diver, Scuba Diver, Advanced Open Water Diver, Rescue Diver, Deep Diver, Enriched Air Nitrox, Wreck Diver, Night Diver, Underwater Navigator, Divemaster, Divemaster / Assistant Instructor, Open Water Scuba Instructor, Master Scuba Diver Trainer, Course Director, Discover Scuba Diving, Junior Open Water Diver, Try Scuba / Intro Scuba","Wetsuit, Regulator, Fins, Mask, BCD, Snorkel, Dive Computer",Nitrox,Dive Resort,"Kadavu island, Great Astrolabe Reef",,,
Maldives Aggressor II,"Aggressor Adventures, 209 Hudson Trace, Augusta, GA 30907, USA",https://www.aggressor.com/destination/Maldives,Malé,Caicos Islands,Maldives,South Asia,706-993-2531, Maldives@aggressor.com ,"Open Water Diver, Discover Scuba Diving, Junior Open Water Diver","Wetsuit, Regulator, Fins, Mask, BCD, Snorkel",,Liveaboard,"Alimatha House Reef (Nurse Shark Night), Fushivaru Thila, Hanifaru, Kandooma Thila, Kudarah Thila, Kudhimaa Wreck, Kuredhdhoo Kandu, Maamigili Beyru (Whale Shark Zone), Maaya Thila, Manta Point, Meemu, Miyaru Kandu (Shark Channel), North Ari, North Male, South Ari, South Male, Vaavu, Rasfari Corner, Bathalaamaagaa Kanthila, Moofushi Kandu (Manta Point), Muli Corner",,,
Maldives Master,"Master Liveaboards, 30 Gay Street, Bath BA1 2PA, UK",https://masterliveaboards.com/boats/Maldives-master/,Malé,Malé,Maldives,South Asia, +960 330-4885 , dive@masterliveaboards.com ,"Open Water Diver, Scuba Diver, Advanced Open Water Diver, Advanced Scuba Diver, Rescue Diver, Enriched Air Nitrox, Divemaster, Divemaster / Assistant Instructor, Discover Scuba Diving, Junior Open Water Diver, Try Scuba / Intro Scuba","Wetsuit, Regulator, Fins, Mask, BCD, Drysuit, Hood, Boots, Snorkel, Dive Computer","Nitrox, Trimix",Liveaboard,"Abu Nuhas / Carnatic, Abu Nuhas / Chrisoula K, Abu Nuhas / Giannis D, Addu, Al Kafain, Apo Island Marine Reserve, Apo Reef Natural Park, Baa, Balicasag Island, Banda Sea, Big Drop-Off, Bikini Atoll, Blue Corner, Burma Banks, Cabilao Island, Carnatic, Cebu Island, Chuuk Lagoon, Danaba (Shag Rock), Dauin, Destination Diving, Dunraven, El Mina, Fury Shoals - Abu Galawa Soraya, Fury Shoals - Malahi, Fury Shoals - Sataya, Fury Shoals - Sha’ab Claudio, Fuvahmulah, Galapagos Islands, German, Giannis D, Halmahera, Hin Daeng, Hin Muang, Huvhadoo, Koh Bon, Koh Haa - Cathedral, Koh Lipe, Koh Phi Phi Ley, Koh Tachai Pinnacle, Komodo, Laamu, Lembeh Strait, Lhaviyani, Malapascua Island, Meemu, Mergui Archipelago, Mohamed Hassabella, North Ari, North Male, Panglao Island, Peleliu Wall, Pescador Island, Raja Ampat, Ras Mohammed, Rasdhoo, Richelieu Rock, Rocky Island, Rosalie Moller, Salem Express, Sha’ab El Erg (Dolphin Reef), Similan Islands, Similan National Park, South Ari, South Male, Southern Leyte, Southern Visayas, Straits of Tiran - Gordon, Straits of Tiran - Jackson, Straits of Tiran - Thomas, Straits of Tiran - Woodhouse, Surin Islands, Thaa, Thistlegorm, Triton Bay, Tubbataha Reef - North Atoll Wall, Tubbataha Reef - South, USS Saratoga, Vaavu, Leru Cut, Kavachi Corner, Taiyo Fishing Boat, Mbulo Island Cathedral, Marovo Lagoon, Mirror Pond, Guadalcanal, Russell Islands, Mary Island, New Georgia Rendova",,,
Malibu Divers,"21231 CA-1, Malibu, CA 90265",https://Malibudivers.com/,Malibu,California,United States,North America, +1 310-456-2396 , info@Malibudivers.com ,"Scuba Diver, Discover Scuba Diving, Open Water Diver, Advanced Open Water Diver, Rescue Diver, Junior Open Water Diver, Deep Diver, Enriched Air Nitrox, Wreck Diver, Night Diver, Underwater Navigator, Marine Ecology, Divemaster, Divemaster / Assistant Instructor, Open Water Scuba Instructor, Master Scuba Diver Trainer, Course Director","BCD, Regulator, Snorkel","Hydrox, Nitrox",Dive Shop,"Avalon, Banda Sea, Barges at Maury Island, Destination Diving, Georgia Straights, Olympic II, Palawan, Star of Scotland, Wakatobi",,Boat dive map too small - https://malibudivers.com/products/boats-dives,
Manta Dive Gili Trawangan,"Gili Trawangan, Jalan Raya Trawangan, Lombok, Nusa Tenggara Bar. 83352, Indonesia",https://www.mantadive.com/,Gili Trawangan,Nusa Tenggara Bar.,Indonesia,Southeast Asia, +62 812-3788-9378 , bookings@manta-dive.com ,,,,Dive Resort,"Air Harbour, Air Wall, Biorocks, Bounty Wreck, Deep Turbo, Gili Islands, Good-heart Reef, Halik, Hans Reef, Linda's Reef, Manta Point, Meno Wall, Seahorse Bay, Secret Reef, Shallow Turbo, Shark Point, Simon's Reef, Takat Malang",,,
Manta Divers Cancun,"Manta Divers & Snorkel Boulevard Kukulcan Km 15+656, Zona Hotelera, 77500 Cancún, Quintana Roo, Mexico",https://mantadivers.com/,Cancún,Quintana Roo,Mexico,North America, +52 998 224 5660 , Info@mantadivers.com ,"Scuba Diver, Open Water Diver, Enriched Air Nitrox, Advanced Open Water Diver, Rescue Diver, Divemaster, Try Scuba / Intro Scuba, Advanced Adventurer","BCD, Regulator, Fins, Mask, Boots, Snorkel, Wetsuit",Nitrox,Dive Shop,"C-58 Shipwreck, Cancun, Cozumel, Isla Mujeres, MUSA Underwater Museum, Manchones, Riviera Maya Cenotes",,,
Manta Rhei,"Jl. Soekarno Hatta No.16, Labuan Bajo, Flores, Indonesia",https://mantarhei.com/,Labuan Bajo,Nusa Tenggara Tim.,Indonesia,Southeast Asia, +62 821-4731-0340 , info@mantarhei.com ,"Open Water Diver, Open Water Scuba Diver, Scuba Diver, Discover Scuba Diving, Try Scuba / Intro Scuba, Introductory Scuba, Advanced Open Water Diver, Advanced Adventurer, Rescue Diver, Stress & Rescue Diver, Deep Diver, Enriched Air Nitrox, Wreck Diver, Night Diver, Underwater Navigator, Dry Suit Diver, Divemaster, Divemaster / Assistant Instructor, Open Water Scuba Instructor","Wetsuit, BCD, Regulator",Nitrox,"Liveaboard, Dive Shop","Batu Bolong, Castle Rock, Crystal Rock, Komodo, Labuan Bajo, Siaba Besar, Tatawa Besar, The Cauldron (Shotgun)",,,
Manta Scuba Diving,"Blvd. Paseo de la Marina 7D, Centro, Marina, 23450 Cabo San Lucas, B.C.S., Mexico",https://mantacabo.com/,Cabo San Lucas,B.C.S.,Mexico,North America, +52 624 144 3871 , mantascuba@gmail.com ,"Open Water Diver, Scuba Diver, Discover Scuba Diving, Try Scuba / Intro Scuba, Introductory Scuba, Advanced Open Water Diver, Advanced Adventurer, Rescue Diver, Deep Diver, Enriched Air Nitrox, Wreck Diver, Night Diver, Underwater Navigator, Dry Suit Diver, Divemaster",Drysuit,Nitrox,Dive Resort,"Cabo Pulmo, Gordo Banks, La Paz, Los Cabos, Cabo San Lucas Marine Reserve, Sand Falls at Pelican Rock, Neptune’s Finger, Sea Lions Colony, Twin Dolphin, Los Morros, Whales Head, Chileno, The Blow Hole",,,
Marissa Dive Charters,"1010 Santa Clara Pl, San Diego, CA 92109, United States",https://www.marissacharters.com/,San Diego,California,United States,North America, +1 619-757-3280 , captlora@marissacharters.com ,"Open Water Diver, Open Water Scuba Diver, Discover Scuba Diving, Try Scuba / Intro Scuba, Advanced Open Water Diver, Advanced Adventurer, Rescue Diver, Deep Diver, Night Diver, Underwater Navigator, Divemaster",,Nitrox,Dive Shop,"Anchor Management, Ancient Caverns, Ancient Sea Cliffs, Bird Rock, Captains Mast, Chris's Rock, Connor's Canyon, Corsair Wreck, Divers Disneyland, El Rey (Wreck Alley), God's Rock, HMC Yukon (Wreck Alley), High Spot Pinnacle, Ingraham St Bridge, Murray Head Ocean Mound, NOSC Tower Wreck, P38 Lightning, Puzzle Piece Wall, Quast Rock, Scout's Out, Scripps Canyon (La Jolla), Strawberry Ledges, Train Wheels (Point Loma), USCGC Ruby-E, USS Hogan, F-4 Phantom II Wreck, Missile Tower Technical",,Coronado Islands dive map 404,
Marlin Tremiti,"Via A. Vespucci, snc - 71040 Isole Tremiti, Italy",https://www.marlintremiti.com,San Domino,Puglia,Italy,Europe, +39 336 829 746 , info@marlintremiti.com ,"Discover Scuba Diving, Try Scuba / Intro Scuba, Advanced Open Water Diver, Advanced Adventurer, Rescue Diver","Wetsuit, Regulator, Drysuit, Dive Computer, Mask, Fins, BCD, Snorkel",,Dive Shop,"La Secca della Vedova, Cala Sorrentino, Cala dei Turchi, Cala Caffè, Punta Secca, La Secca di Punta Secca, La Murata, Il Pianoro delle Cernie, La Secca del Ferraio, Il Lombardo, La Secca di Santa Maria, La Secca dei Turchi, Il B24, Punto 55, La Secca Capitelli, La Secca del Pedagno, Gli Archi, La Parete Nera, I Picchi di Elena, Lo Scoglio del Sale, La Grotta del Sale, La Mina, Lo Scoglio Segato, Grotta del Ferraio, Scoglio della Cernia, I Lastroni, Le Piastre, La Nave delle Tegole, Il Caccia della II° G. M., Il Pielago Barlettano, Punta del Corvo, Il Grosso 2, Punta Romito, Il Grottone, La Secca del Cretaccio, Grotta delle Viole, Punta Elefante",,,
Mass Diving,"4 Walnut Lane Medway, MA 02053",https://www.massdiving.com/,Natick,Massachusetts,United States,North America,508-651-0772, mark@massdiving.com ,"Try Scuba / Intro Scuba, Open Water Diver, Scuba Diver, Wreck Diver, Advanced Adventurer, Stress & Rescue Diver, Deep Diver, Enriched Air Nitrox, Divemaster, Discover Scuba Diving, Introductory Scuba","Wetsuit, Regulator, Fins, Mask, BCD, Snorkel, Dive Computer",Nitrox,"Liveaboard, Dive Shop",Destination Diving,,,
Master Divers,"25/8 Moo 2, Mae Haad, Koh Tao 84360, Thailand",https://master-divers.com/,Koh Tao,Surat Thani,Thailand,Southeast Asia, +66 92 618 5637 , info@master-divers.com ,,,Nitrox,Dive Shop,Koh Tao,,No individual dive sites listed. Heavy PADI site with mostly PADI courses,
Maui Dive Shop,"24 Hale Kuai St, Kihei, HI 96753",https://www.mauidiveshop.com/,Kihei,Hawaii,United States,North America,18088750333, info@mauidiveshop.com ,"Open Water Diver, Open Water Scuba Diver, Discover Scuba Diving, Try Scuba / Intro Scuba, Advanced Open Water Diver, Advanced Adventurer, Rescue Diver, Divemaster, Wreck Diver, Deep Diver","Wetsuit, Regulator, Fins, Mask, BCD, Boots, Snorkel",Nitrox,Dive Resort,"Lanai Cathedrals, Molokini, Molokini Crater, SB2C Helldiver, St. Anthony, The Carthaginian 2, Triple Anchors",,,
Maui Dreams Dive Co.,"1993 S Kihei Rd #22, Kihei, HI 96753, United States",https://mauidreamsdiveco.com/,Kihei,Hawaii,United States,North America, +1 808-874-5332 , dive@mauidreamsdiveco.com ,"Open Water Diver, Enriched Air Nitrox, Advanced Adventurer, Rescue Diver, Discover Scuba Diving, Dry Suit Diver, Advanced Open Water Diver, Divemaster","Wetsuit, Regulator, Gloves, BCD, Drysuit, Hood, Fins, Mask, Snorkel, Boots",Nitrox,Dive Shop,"Molokini, Molokini Crater, The Carthaginian 2",,,
Maya Blue Dive Center,"Highway 307 Km. 93 Carretera Tulum - Cancún - Between Puerto Aventuras, 77710 Xpu Ha, Quintana Roo, Mexico",https://www.mayabluedivecenter.com/,Tulum,Quintana Roo,Mexico,North America, +52 984 145 8696 , info@mayabluedivecenter.com ,"Open Water Diver, Advanced Adventurer, Advanced Open Water Diver, Wreck Diver, Deep Diver, Enriched Air Nitrox, Night Diver, Underwater Navigator, Dry Suit Diver, Marine Ecology, Divemaster, Divemaster / Assistant Instructor, Open Water Scuba Instructor, Try Scuba / Intro Scuba","BCD, Drysuit, Mask, Regulator",Nitrox,Dive Shop,"Angelita Cenote, Calavera (Temple of Doom) Cenote, Carwash (Aktun Ha) Cenote, Casa Cenote, Cenote Chac Mool, Cenote Chikin-Ha, Cenotes, Dos Ojos Cenote, Dreamgate Cenote, El Eden (Ponderosa) Cenote, Gran Cenote, Tajma Ha (Taj - Mahal) Cenote, The Pit (El Pit) Cenote",,,
MBT Divers,"3920 Barrancas Ave, Pensacola, FL 32507, United States",https://www.mbtdivers.com/,Pensacola,Florida,United States,North America, +1 850-455-7702 , mbtdivers@gmail.com ,"Open Water Diver, Discover Scuba Diving, Advanced Open Water Diver, Rescue Diver, Deep Diver, Enriched Air Nitrox, Wreck Diver, Night Diver, Underwater Navigator, Dry Suit Diver, Divemaster","Wetsuit, Regulator, BCD, Hood, Mask, Drysuit",Nitrox,Dive Shop,"Three Coal Barges, Joe Patti Barge, USS Massachusetts, San Pablo Aka Russian Freighter, Ocean Winds, Pete Tide II, Chevron Rig, YDT 15 – USS Suitland, YDT 14 – USS Phoebus, Avocet, Antares, Tenneco Rig, Park East Gulf Side Reef, Fort Pickens (Gulf Island National Seashore), Perdido Key Snorkel Reef, Navarre Snorkeling Reef, Park West Bay Side & Captain Bob Quarles Reef, Casino Beach Snorkel Reef, Vortex Springs, Morrison Springs, New Venture, Lulu, USS Oriskany, Liberty Ship, Tex Edwards Barge, Portofino, Casino Beach, Perdido Key, Navarre, Fort Pickens, Park West",,,
MenaDive Safaga,"Menadive c/o Menaville Hotel, Port Safaga, Red Sea, Egypt",https://www.menadive.com/,Port Safaga,Red Sea Governorate,Egypt,Northern Africa, +20 12 22419795 , center@menadive.com ,"Open Water Diver, Scuba Diver, Open Water Scuba Diver, Discover Scuba Diving, Try Scuba / Intro Scuba, Introductory Scuba, Advanced Open Water Diver, Advanced Adventurer, Rescue Diver, Open Water 20, Deep Diver, Enriched Air Nitrox, Night Diver, Wreck Diver, Underwater Navigator, Divemaster, Advanced Nitrox, Trimix Diver","Snorkel, Regulator, BCD, Fins, Wetsuit, Mask",Nitrox,Dive Resort,Shams Safaga,,Dive page not finished,
Meridian Adventure Dive,"Waisai, Raja Ampat Regency, West Papua 98482, Indonesia",https://www.meridianadventuredive.com/,Waisai,Southwest Papua,Indonesia,Southeast Asia, +62 822-4854-0774 , reservations@meridianadventuredive.com ,"Open Water Diver, Scuba Diver, Open Water Scuba Diver, Discover Scuba Diving, Try Scuba / Intro Scuba, Introductory Scuba, Advanced Open Water Diver, Advanced Adventurer, Rescue Diver, Deep Diver, Enriched Air Nitrox, Night Diver, Underwater Navigator, Divemaster, Divemaster / Assistant Instructor","Wetsuit, Regulator, Fins, Mask, BCD, Snorkel",Nitrox,Dive Resort,"Destination Diving, Raja Ampat, Kas Neptun, Teos House Reef, Conger City, Fishing Wreck, SG 114 Wreck, Lego Hill, Lego Hill Deep, Glassy Point, Teos Canyon, Teos Canyon Deep, Teos Heart of Fish, Teos Amphora, Big Reef, Camel Corner, Hot Water (Sicak Su), Doganbey Island (Doganbey Adasi)",,,
Mermaid Liveaboards,"Jl. Danau Tamblingan No.75, Sanur, Denpasar Selatan, Kota Denpasar, Bali 80220, Indonesia",https://www.mermaid-liveaboards.com/,Denpasar,Bali,Indonesia,Southeast Asia, +62 811-386-940 , info@mermaid-liveaboards.com ,,"Wetsuit, Regulator, Fins, Mask, BCD, Dive Computer, Snorkel, Boots",Nitrox,Liveaboard,"Alor, Banda Sea, Halmahera, Komodo, Lembeh Strait, Maumere, Raja Ampat, Togian Islands",,,
Mexico Divers,"Av Francisco I. Madero SM1 M20 L10 Centro, Isla Mujeres, Quintana Roo, Mexico",https://mexicodivers.com/,Isla Mujeres,Quintana Roo,Mexico,North America, +52 998 877 1117 , info@mexicodivers.com ,,"Snorkel, Mask, Fins",,Dive Resort,"C-58 Anaya, Casa Cenote, Chairel, Chikin Ha Cenote, Isla Mujeres, Jardines, MUSA Underwater Museum, Manchones, Punta Negra, Punta Sur, Sleeping Shark Cave, Ultrafreeze (El Frio), Ixlache Reef, Ultrafrezze Shipwreck, Hondureño Shipwreck, Puentes y Pailas Reef, La Cadenita Reef, El Farito Reef, Media Luna Reef, Atlantis Reef, Cruz de la Bahia, Aristos Reef, San Toribio Reef, El Grampin Reef, Chitales Reef, Bandera Reef, C-55 Mine Sweeper Shipwreck, El Barquito Shipwreck, Los Picos, El Pesquero Shipwreck, El Meco Reef, La Piedra Atravezada Reef",,,
Monterey Bay Scuba,"32 Cannery Row, Monterey, CA 93940",https://montereybayscuba.com/,Monterey,California,United States,North America, +1 831-533-3483 , diver@montereybayscuba.com ,"Open Water Diver, Advanced Open Water Diver, Rescue Diver, Deep Diver, Enriched Air Nitrox, Wreck Diver, Night Diver, Divemaster, Discover Scuba Diving, Junior Open Water Diver","Wetsuit, Regulator, Fins, Mask, BCD, Snorkel",Nitrox,Dive Shop,Monterey Bay,,,
Murex Dive,"Desa Pulau Bangka, Lihunu, Bangka Island, North Minahasa Regency, North Sulawesi, Indonesia",https://www.murexdive.com/,Manado,Sulawesi Utara,Indonesia,Southeast Asia, +62 811-4390-0091 , reservations@murexresorts.com ,"Advanced Nitrox, Deco Procedures, Trimix Diver, Tech 1, Cave 1","Regulator, BCD, Dive Computer","Nitrox, Trimix",Dive Resort,"Aer Bajo, Aer Perang, Alami Alor House Reef, Bianca, Critter hunt, Goby a Crab, Hairball, Jahir, Makawide, Mawali Wreck, Nudi Retreat, Pantai Parigi, Pintu Colada, Police Pier, Retak Larry, Sarena Besar, TK, Tjg. Kelapa, Bethlehem, Rona Pt., Mutiara, Tambala, Elu Pt., Critter Circus, Bahama Pt., Pasir Panjang, Tjg. Bulo, Politeknik, Catnas, Murex House Reef, Celebes, City Extra, Batas Kota, Tjg. Pepaya, Malalayang, Molas Shipwreck, Black Rock, Tjg. Pisok, Sahaung, Tjg. Usi, Demak, Busabora, Muka Linggua, Kuala Sipi, Kahuku, Tjg. Merah, Batu Kapal, Batu Goso, Batu Pica, Batu Angus, Tjg. Toto, Peter Sponge, Tiga Batu, Delphine Pt., Sampiri, Pantai Kecil, Batu Mandi, Batu Pendeta, Aer Banua, Tjg. Arus, Tectonic, Yaki Pt., Lelade, Crystal Bay, Lakehe, Lekuan 1, Lekuan 2, Lekuan 3, Muka Kampung, Bunaken Timur, Panggalisan, Sachiko's Pt., Tjg. Parigi, Mike's Pt., Raymond's Pt., Tengah, Mandolin, Ron's Pt., Fukui, Alung Banua, Bualo / Muka Gereja, Negeri, Pangulingan, Tanjung Kopi, Siladen",,Ton of Dive site maps,
MV Lapat,"1/13 Moo 6, Khuekkhak, Takua Pa, Phang-nga 82220, Thailand",https://www.khaolakexplorer.com/liveaboard/mv-lapat/,Khao Lak,East Kalimantan,Thailand,Southeast Asia,66611195733, info@khaolakexplorer.com ,"Open Water Diver, Open Water Scuba Diver, One Star Diver (★), Open Water 20, Advanced Adventurer, Two Star Diver (★★), Advanced 35, Stress & Rescue Diver, Three Star Diver (★★★), Enriched Air Nitrox, Divemaster, Advanced Nitrox, Deco Procedures, Trimix Diver, Junior Open Water Diver, Try Scuba / Intro Scuba, Introductory Scuba","Wetsuit, Regulator, Fins, Mask, BCD, Snorkel","Nitrox, Trimix","Liveaboard, Dive Shop","Boonsung wreck, Koh Bon, Koh Tachai Pinnacle, Preimchai wreck, Richelieu Rock, Similan Islands, Surin Islands",,,
Nabucco Island Resort,"Celebes, Sea, Pineleng, Kabupaten Minahasa, Sulawesi Utara, Indonesia",https://extradivers-worldwide.com/en/about-us/news/,Berau,Sulawesi Utara,Indonesia,Southeast Asia, 8803192 2 , info@extradivers.org ,"Open Water Diver, Advanced Open Water Diver, Rescue Diver, Deep Diver, Wreck Diver, Enriched Air Nitrox, Night Diver, Underwater Navigator, Dry Suit Diver, Divemaster, Divemaster / Assistant Instructor, Open Water Scuba Instructor, Master Scuba Diver Trainer, Course Director, Discover Scuba Diving, Junior Open Water Diver","Regulator, Wetsuit, BCD, Hood, Drysuit, Dive Computer",Nitrox,Dive Resort,"Christmas Island - Flying Fish Cove, Dahab, Equinox, Fayrouz, Gili Trawangan - Shark Point, Gozo Inland Sea, Lahami Bay, Makadi, Marsa Alam, Quseir, Sharm el Naga, Gawana-Bali, Destination Diving, Watamu Marine National Park, Zighy Bay, Qantab, Sifah, Mirbat",,,
NAD-Lembeh Resort,"Teluk Rarandam Kecil, Mawali, Kec. Lembeh Utara, Kota Bitung, Sulawesi Utara 95555, Indonesia",https://www.nad-lembeh.com/,Bitung,Sulawesi Utara,Indonesia,Southeast Asia, +62 812-4756-661 , info@nad-lembeh.com ,"Open Water Diver, Advanced Open Water Diver, Advanced Adventurer, Rescue Diver, Stress & Rescue Diver, Deep Diver, Enriched Air Nitrox, Night Diver, Underwater Navigator, Discover Scuba Diving, Junior Open Water Diver","Wetsuit, Regulator, Fins, BCD, Dive Computer",Nitrox,Dive Resort,"Lembeh Strait, Northern Lights, Batu Angus, Pante Maleo, AW Shucks, Hey Nus, Hairball, Suprise, TK, Retak Larry, Slow Poke, Magic Crack, Magic Rock, Coral Garden, Nudi Retreat, Makawide Pier, Makawide, Jahir, Aer Perang, Waterfall, Nudi Falls, Police Pier, Biancca, Tanda Rusa, Madidir, Goby a Crab, Kapal Indah, Trikora, Pulau Abadi, Kelapa Dua, Mawali Wreck, Pantai Kira², Exploration, Hey Mi, Tanjung Kusu², Seagrass, Pintu Kolada, Toms Garden, Sarena Besar, Sarena Patah, Susan's Reef, Pussy Galore, Critter hunt, Lampu Merah, Tanjung Harus, Pantai Parigi, Tanjung Kareko, Kareko Pasir, Kareko Batu, Tanjung Kubur, Tanjung Tebal, Aer Bajo, Batu Sandar, Rojos, 50/50, Binuang, Jojos, Angels Window, Bat Bay, Batu Merah, Hairy Larry, Pulau Putus, California Dreaming, Jiko Yanci, Kaina's Treasure, Garis Gila, Dantes Wall, Tanjung Malamise, Batu Kapal, Simon's Hole, Gani, Jiko Dolom, Batu Bunyan, Pulau Susulina",,https://nad-lembeh.com/wp-content/uploads/2022/03/Lembeh_Diving_Map-1024x1024.jpg,
NAI'A Liveaboard,"PO Box 332, Pacific Harbour, Fiji",https://www.naia.com.fj/,Lautoka,Central Division,Fiji,Pacific Islands,(+679) 779-7791, explore@naia.com.fj ,"Discover Scuba Diving, Scuba Diver, Open Water Diver, Advanced Open Water Diver, Rescue Diver, Enriched Air Nitrox, Divemaster, Open Water Scuba Instructor","Snorkel, Fins, Mask, BCD",Nitrox,Liveaboard,"Vatu-i-ra, Mt.Mutiny, E-6, UndeNAI'Able, Cat's Meow, Namena Marine Reserve, North Save-a-tack Passage, Thumbs, Tetons, Mushrooms, Makogai, Wakaya, Gau, Jim's Alley, Anthias Avenue, Nigali Passage",,https://www.google.com/maps/d/viewer?mid=1nzBDpCliWEghRC9ok77814zV10o&femb=1&ll=-17.577747250785883%2C178.36255325&z=10,
Narval Plongée,"11 Avenue de la Viguerie, 13260 Cassis, France",https://www.narval-plongee.fr,Cassis,Provence-Alpes-Côte d'Azur,France,Europe,33 (0)4 42 01 87 59, fabienne2k6@narval-plongee.fr ,"Open Water Diver, Discover Scuba Diving, Junior Open Water Diver","Wetsuit, Regulator, Fins, Mask, BCD, Snorkel",,Dive Shop,"La Pointe Cacau, Figuière, Castel Viel, La Grotte à Corail, Le Jardin, La Calanque de l'Oule, L'Eissadon, Lîlot, Le Soldat, Morgiou, Le Grand Conglué, La Pierre à Cassis, Le Couloir à Gorgogne, La Pointe Caramassagne, L'Impérial de Terre, L'Impérial du Milieu, L'Impérial du Large, Cassidaigne - Le Tombant, Cassidaigne - La Vieille, Le Fortier, Les Rascasses, L'Arène, Les Trémies",,,
Native Spirit Scuba,"Radisson Grenada Beach Resort, Grand Anse, St. George's, Grenada",https://nativespiritscuba.com/,Grand Anse,Saint George,Grenada,Caribbean, +1 473-420-1080 , info@nativespiritscuba.com ,"Open Water Diver, Scuba Diver, Advanced Open Water Diver, Advanced Scuba Diver, Rescue Diver, Enriched Air Nitrox, Divemaster, Divemaster / Assistant Instructor, Discover Scuba Diving, Junior Open Water Diver, Try Scuba / Intro Scuba","Wetsuit, Regulator, Fins, Mask, BCD, Drysuit, Hood, Boots, Snorkel, Dive Computer","Nitrox, Trimix",Dive Shop,"Grenada, Flamingo Bay, Dragon Bay, Boss Reef, Spice Island Reef, Coral Garden, Canyon, Windmill Shallows, Whibble Reef, Shark Reef, Purple Rain Reef, Kahonee, Northern Exposure, Face of the Devil, Happy Valley, Diamond Rock, The Sisters, Wreck of the Veronica L, Three Part Wreck, Quarter Wreck, King Mitch, Wreck of the Buccaneer, Shakem Wreck, Hema 1 Wreck, Rum Runner Wreck, Tyrrel Bay Wreck, Persia II Wreck, Bianca C Wreck, Moliniere Underwater Sculpture Park, A World Adrift",,,
Natura Dive Manzanillo,"Gral. Lázaro Cárdenas 1499, Playa Azul las Brisas, 28218 Manzanillo, Col., Mexico",https://naturadive.com/,Manzanillo,Col.,Mexico,North America, +52 314 334 5025 , info@naturadive.com ,"Scuba Diver, Discover Scuba Diving, Open Water Diver, Advanced Open Water Diver, Rescue Diver, Junior Open Water Diver, Deep Diver, Enriched Air Nitrox, Wreck Diver, Night Diver, Underwater Navigator, Marine Ecology, Divemaster, Divemaster / Assistant Instructor, Open Water Scuba Instructor, Master Scuba Diver Trainer, Course Director","BCD, Regulator, Snorkel","Hydrox, Nitrox",Dive Shop,La Herradura,,This is a diving school,
Nautilus Dive Tech,"20 De Noviembre, Calle Melchor Ocampo Y, 23450 Cabo San Lucas, B.C.S., Mexico",https://nautilusdivetech.com/,Cabo San Lucas,B.C.S.,Mexico,North America, +52 624 143 0067 , info@nautilusdivetech.com ,,,,Dive Shop,"Cabo Pulmo, Isla Cerralvo, La Paz, Gordo Banks",,,
Nautilus Diving Center,"Via Roma 14, 07020 Palau, Italy",https://www.divesardegna.com/,Palau,Sardegna,Italy,Europe, +39 333 757 5677 , info@divesardegna.com ,"Scuba Diver, Open Water Diver, Enriched Air Nitrox, Advanced Open Water Diver, Rescue Diver, Divemaster, Try Scuba / Intro Scuba, Advanced Adventurer","BCD, Regulator, Fins, Mask, Boots, Snorkel, Wetsuit",Nitrox,Dive Resort,"Mid Channel Reef, Tegge Point, Paganetto Rock, Angelika Wreck, Spargiottello Shallow, Spargiottello Gorge, Aircraft Engine of Punta Zanotto, Washington Rock, Secca dello Zoppo, Budelli Pillar, Razzoli Shallow, La Presa Shallow, Lavezzi Pillar, Lavezzi Lighthouse, Grouper City, Western Shallow, I Perduti, Perduti Signal, Outer Barrettinelli, Inner Barrettinelli, Galera Point, Galera Point Shallow, Candeo Shallow, Messa del Cervo, Shark Point, San Francesc Cave, S. Francesco Shallow, English Bay, The Peaks, The Fijord, Coticcio Rocks, Monaci Lighthouse, Monaci Engine, Monaci Buoy, Crows' Gorge, Column Shallow, Grecale Shallow, Maestral Shallow, Cala dell'Oro, Punta Sardegna",,,
Nautilus Liveaboards,"#17, 11191 Horseshoe Wy, Richmond, BC V7A 4S5, Canada",https://nautilusliveaboards.com/,Homeport: Cabo San Lucas,BC,Mexico,North America, +1 604-241-1918 , a.maenner@nautilus-liveaboards.com ,"Open Water Diver, Open Water Scuba Diver, Scuba Diver, Discover Scuba Diving, Try Scuba / Intro Scuba, Introductory Scuba, Advanced Open Water Diver, Advanced Adventurer, Rescue Diver, Stress & Rescue Diver, Deep Diver, Enriched Air Nitrox, Wreck Diver, Night Diver, Underwater Navigator, Dry Suit Diver, Divemaster, Divemaster / Assistant Instructor, Open Water Scuba Instructor","Wetsuit, BCD, Regulator",Nitrox,"Liveaboard, Dive Shop","Cocos Island, La Paz, Mexico Sardine Run, San Ignacio, Sea of Cortez, Socorro Island",,,
Nep2une Scuba Diving,"202 Custom House St East, Frederiksted, VI 00840",https://n2scubadiving.com,St. Croix,St Croix,United States Virgin Islands,, +1 340-227-1915 , n2scubastx@gmail.com ,"Open Water Diver, Scuba Diver, Discover Scuba Diving, Try Scuba / Intro Scuba, Introductory Scuba, Advanced Open Water Diver, Advanced Adventurer, Rescue Diver, Deep Diver, Enriched Air Nitrox, Wreck Diver, Night Diver, Underwater Navigator, Dry Suit Diver, Divemaster",Drysuit,Nitrox,Dive Shop,"Alien Nation, Aquarium Dive, Armageddon Wreck, Cables, Chub Hole, Grand Central Station, Spanish Anchor, The Frederiksted Pier, The Rosaomaira Wreck, The Coakley Bay Wreck, The Suffolk Maid Trawler, Virgin Islander Barge, North Wind Tug Boat, Aegir, Baby Blue, Blt, Butler Ledge, Coconut Reef, Danish Anchor, Deep Swirling Reef, Durgon Alley, End Of The Line, Jaw Reef, King's Alley, King's Corner, Little Mill Point, Rum Barrel Reef, Sprat Hole, Steeple Reef, Sugar Bowl, Sugar Reef, Swirling Reef of Death, Tide Bottle, Tidebox, East Wall, West Wall, Emerald Gardens",,,
New England Dive,"1060 S Colony St, Wallingford, CT 06492, United States",https://newenglanddive.com/,Wallingford,Connecticut,United States,North America, +1 203-284-1880 , sales@newenglanddive.com ,"Open Water Diver, Open Water Scuba Diver, Discover Scuba Diving, Try Scuba / Intro Scuba, Advanced Open Water Diver, Advanced Adventurer, Rescue Diver, Deep Diver, Night Diver, Underwater Navigator, Divemaster",,Nitrox,Dive Shop,"Lake Hydra, Stonington Point, Lake George, Lake Winnipesaukee",,,
New Heaven Dive School,"48, Tambon Ko Tao, Koh Tao, Surat Thani 84360, Thailand",https://www.newheavendiveschool.com/,Koh Tao,Surat Thani,Thailand,Southeast Asia, +66 77 457 045 , info@newheavendiveschool.com ,"Discover Scuba Diving, Try Scuba / Intro Scuba, Advanced Open Water Diver, Advanced Adventurer, Rescue Diver","Wetsuit, Regulator, Drysuit, Dive Computer, Mask, Fins, BCD, Snorkel",,Dive Resort,"3 Rocks & Pottery, Aow Leuk, Biorock / Hin Fai, Buddha Islan, Chumphon Pinnacle, Green Rock, HTMS Sattakut (wreck), Hin Pee Wee, Hin Wong Bay, Hin Wong Pinnacle, Japanese Gardens, King Kong Rock, Koh Tao, Laem Thian, Lighthouse Bay, Mango Bay, Mao Bay, Sail Rock, Shark Island, Tanote Bay, Twins & Buoyancy World, White Rock, Hin Ngam, Tao Tong, Buddha Rock",,,
Nice Diving,"13 Quai des Deux Emmanuels, 06300 Nice, France",https://www.nicediving.com,Nice,Provence-Alpes-Côte d'Azur,France,Europe, +33 6 14 46 04 06 , nicediving@gmail.com ,,,Nitrox,Dive Shop,"La Vièrge, Le cap de Nice, La Vallée des Gorgones, Le bosu du Cap, Tombant Maeterlink, Les Américains, Les 3 îlots, Pointe du Gaton, Pointe de l’Étoile, Pointe de la Rascasse, Grotte à Corail, Tombant Madame, Grotte du Lido, Pointe Pilone, L’Avion, Pointe Moulalier, Pointe de la Gravinette, Grande Baie, Grotte du Sémaphore, Pointe de Crau de Nao, Tombant André, L’Interdite, Les Cavaliers, Le Cap Ferrat, La Vallée des Gorgones II, Pointe Causinière, Les Fosses, Sec à Merlot, Tombant Jean Joseph, Shérazade, Pointe St-Hospice, L’Isoletta, Cap Estel, Les Pitons, Pointe Mala",,Nice little deph gauge that counts when scrolling. Neat!,
Ningaloo Reef Dive & Snorkel,"Shop 8, Coral Bay Arcade, 46‚Äì67 Robinson Street, Coral Bay WA 6701, Australia",https://www.ningalooreefdive.com/,Coral Bay,WA,Australia,Oceania, +61 461 289 998 , info@ningalooreefdive.com ,"Open Water Diver, Open Water Scuba Diver, Discover Scuba Diving, Try Scuba / Intro Scuba, Advanced Open Water Diver, Advanced Adventurer, Rescue Diver, Divemaster, Wreck Diver, Deep Diver","Wetsuit, Regulator, Fins, Mask, BCD, Boots, Snorkel",Nitrox,Dive Shop,"Coral Bay - Outer, Ningaloo Reef",,,
North County Scuba Center,"122 Encinitas Blvd, Encinitas, CA 92024",https://northcountyscubacenter.com/,Encinitas,California,United States,North America, +1 760-753-0036 , ncscubacenter@att.net ,"Open Water Diver, Enriched Air Nitrox, Advanced Adventurer, Rescue Diver, Discover Scuba Diving, Dry Suit Diver, Advanced Open Water Diver, Divemaster","Wetsuit, Regulator, Gloves, BCD, Drysuit, Hood, Fins, Mask, Snorkel, Boots",Nitrox,Dive Shop,La Jolla Shores,,Mainly Dive lession and certification,
O2 Plongée,"Port de Carqueiranne, 83320 Carqueiranne, France",https://o2plongee.fr,Carqueiranne,Provence-Alpes-Côte d'Azur,France,Europe,07 70 90 40 58, contact@o2plongee.fr ,"Open Water Diver, Advanced Adventurer, Advanced Open Water Diver, Wreck Diver, Deep Diver, Enriched Air Nitrox, Night Diver, Underwater Navigator, Dry Suit Diver, Marine Ecology, Divemaster, Divemaster / Assistant Instructor, Open Water Scuba Instructor, Try Scuba / Intro Scuba","BCD, Drysuit, Mask, Regulator",Nitrox,Dive Shop,,,No dive sites listed - review,
Occi Scuba,"7 Main Road, Sodwana Bay, KwaZulu-Natal, 3974, South Africa",http://www.zuluscuba.co.za/,Sodwana Bay,KZN,South Africa,Southern Africa,27 (0)83 964 8913, dive@zuluscuba.co.za ,"Open Water Diver, Scuba Diver, Open Water Scuba Diver, Discover Scuba Diving, Try Scuba / Intro Scuba, Introductory Scuba, Advanced Open Water Diver, Advanced Adventurer, Rescue Diver, Open Water 20, Deep Diver, Enriched Air Nitrox, Night Diver, Wreck Diver, Underwater Navigator, Divemaster, Advanced Nitrox, Trimix Diver","Snorkel, Regulator, BCD, Fins, Wetsuit, Mask",Nitrox,Dive Shop,Sodwana Bay,,,
Ocean Dimensions,"Kihaa Maldives Resort, Baa Atoll, Maldives",http://www.oceandimensions.com/,Kihaadhuffaru,Baa Atoll,Maldives,South Asia,+960 772-9972, info@oceandimensions.com ,"Open Water Diver, Scuba Diver, Open Water Scuba Diver, Discover Scuba Diving, Try Scuba / Intro Scuba, Introductory Scuba, Advanced Open Water Diver, Advanced Adventurer, Rescue Diver, Deep Diver, Enriched Air Nitrox, Night Diver, Underwater Navigator, Divemaster, Divemaster / Assistant Instructor","Wetsuit, Regulator, Fins, Mask, BCD, Snorkel",Nitrox,Dive Resort,"Baa, Hanifaru, Raa",,,
Ocean Encounters,"74-425 Kealakehe Pkwy, Kailua-Kona, HI 96740, United States",https://www.oceanencounters.com/,Curaçao,HI,Curaçao,Caribbean, +1 808-494-9150 , reservations@oceanencounters.com ,"Open Water Diver, Advanced Open Water Diver, Rescue Diver, Deep Diver, Wreck Diver, Night Diver, Underwater Navigator, Divemaster, Open Water Scuba Instructor, Master Scuba Diver Trainer, Discover Scuba Diving, Junior Open Water Diver","Wetsuit, Regulator, Fins, Mask, BCD, Snorkel, Dive Computer",Nitrox,Dive Resort,"Barracuda Point, Beacon Point, Booby Trap, Cornelius Bay, Director´s Bay, Diver's Leap, Double Reef, Eastpoint, Eel Valley, Jan Thiel, Klein Curaçao, Lost Anchor, Mushroom Forest, Newport, Oswaldo's Drop-off, Saba Wreck, Sandy's Plateau, Shipwreck Point, Small Wall, Smokey's, Snake Bay / Slaagbaai, Stella Maris Shipwreck, Superior Producer, The Blue Room, Tugboat, Rolling Stones",,https://www.google.com/maps/d/viewer?mid=1IFXxZ3MJ_z9Tvk1RKj_NCs3Hse0cXuQ6&femb=1&ll=12.181215809224687%2C-68.90181359999995&z=10,
Ocean Enterprises,"7710 Balboa Ave #101, San Diego, CA 92111, United States",https://www.oceanenterprises.com/,San Diego,California,United States,North America, +1 858-565-6054 , info@oceanenterprises.com ,"Open Water Diver, Advanced Open Water Diver, Rescue Diver, Night Diver, Divemaster, Discover Scuba Diving, Junior Open Water Diver","Wetsuit, Regulator, Mask, BCD, Snorkel",,Dive Shop,Destination Diving,,"This site doesn't list any dive sites but the ""Travel"" link redirects to https://oceanenterprisestravel.com/ - review",
Ocean Frontiers,"344C Austin Conolly Dr, East End KY1-1601, Cayman Islands",https://www.oceanfrontiers.com/,Grand Cayman,East End,Cayman Islands,Caribbean, +1 345-640-7500 , reservations@oceanfrontiers.com ,"Open Water Diver, Advanced Open Water Diver, Rescue Diver, Deep Diver, Wreck Diver, Night Diver, Underwater Navigator, Dry Suit Diver, Divemaster, Open Water 20, Open Water Scuba Instructor, Master Scuba Diver Trainer, Course Director, Discover Scuba Diving, Junior Open Water Diver","Wetsuit, Regulator, Fins, Mask, BCD, Snorkel, Dive Computer",Nitrox,Dive Resort,"Julie's Wall, Babylon, McCurley's Wall, Northern Lights, Top Secret, Omega Reef, Little Bluff Reef, Anchor Point, Old #12, Kathleen's Reef, Delwin's Delight, Split Rock, Fish Tank, Black Rock Reef, Black Rock Drop Off, Valley of the Dolls, Barrel Sponge Wall, Roger's Reef, Turtle Pass, Chub Hole, Cinderella's Castle, Snapper Hole, Dragon's Lair, Lost Wall, Old Wreck Head, Sunset Reef, Gigglin' Marlin Legacy, Grouper Grotto, Old Isaacs, Scuba Bowl, Pat's Wall, Jack McKenney's Canyon, The Maze, Lighthouse Wall, The Playing Field, The Lodge Anchor, The Arch, Tarpon Terrace, Dumbo's Lookout, Three Sisters, Lost Valley, Kangaroo Gorge, High Rock Drop Off, River of Sand, Ironshore Gardens, Maggie's Maze, Kelly's Caverns, Crusher's Wall, Little House on the Prairie, The Big House, Fantasea Land, Elmo's Wall, Frand Sound Gardens, Eeny, Meeny, Miny, 'Mo, Breakers Cut Back",,,
Ocean Gear Scuba Center,"6836 Edinger Ave, Huntington Beach, CA 92647",https://www.scubastuff.com/,Huntington Beach,California,United States,North America,17143750595, info@scubastuff.com ,"Try Scuba / Intro Scuba, Open Water Diver, Advanced Open Water Diver, Rescue Diver, Junior Open Water Diver, Deep Diver, Enriched Air Nitrox, Wreck Diver, Night Diver, Underwater Navigator, Dry Suit Diver","Wetsuit, Regulator, Fins, Mask, BCD, Snorkel, Dive Computer",Nitrox,Dive Shop,"Cozumel, Destination Diving, Little Cayman Beach, Palau",,,
Ocean Junkies,"Lot 11105, Nirolhu Magu - Goalhi 21, HulhuMalé 23000, Maldives",https://www.oceanjunkies.com.mv/,HulhuMalé,Malé,Maldives,South Asia, +960 776-7474 , info@oceanjunkies.com.mv ,"Open Water Diver, Advanced Open Water Diver, Rescue Diver, Deep Diver, Wreck Diver, Night Diver, Underwater Navigator, Dry Suit Diver, Divemaster, Discover Scuba Diving, Junior Open Water Diver",,,Dive Shop,North Malé Atoll,,,
Ocean Safari Scuba,"125 E Las Tunas Dr, San Gabriel, CA 91776, United States",https://www.oceansafariscuba.com/,Monterey Park,California,United States,North America, +1 626-287-6283 , google.transl@e.TranslateElement ,"Open Water Diver, Advanced Open Water Diver, Rescue Diver, Deep Diver, Enriched Air Nitrox, Wreck Diver, Night Diver, Divemaster, Discover Scuba Diving, Junior Open Water Diver","Wetsuit, Regulator, Fins, Mask, BCD, Snorkel",Nitrox,Dive Shop,,,"Same site as below, Review",
Ocean Safari Scuba,"125 E Las Tunas Dr, San Gabriel, CA 91776",https://www.oceansafariscuba.com/,San Gabriel,California,United States,North America, +1 626-287-6283 , osdt@oceansafariscuba.com ,"Open Water Diver, Open Water Scuba Diver, Advanced Adventurer, Rescue Diver, Stress & Rescue Diver, Enriched Air Nitrox, Night Diver, Discover Scuba Diving, Junior Open Water Diver","Wetsuit, Regulator, Fins, Mask, BCD, Snorkel, Dive Computer",Nitrox,Dive Shop,"Anacapa Island, Santa Cruz Island, Santa Rosa Island, San Miguel Island, Santa Barbara Island, Catalina Island, San Clemente Island, San Nicolas Island, Farnsworth Bank, Cortes Bank, Tanner Bank, Begg Rock, Pelican Reserve, Oil Rigs, Olympic, Avalon, Palawan, Wreck Avenger, Big Sur, San Nicolas, Talcot Shoal, Southern California Beaches",,,
Ocean Warriors,"1 Saint Helier Road, Widenham, Umkomaas, 4170, South Africa",https://oceanwarriorsdive.com/,Widenham,KZN,South Africa,Southern Africa,082 781 6804, oceanwarriorsdive@gmail.com ,"Advanced Nitrox, Deco Procedures, Trimix Diver, Tech 1, Cave 1","Regulator, BCD, Dive Computer","Nitrox, Trimix",Dive Shop,"Aliwal Shoal, Aliwal Reef, The Wreck Explorer",,,
Oceanholic Divers,"A.Dh. Dhigurah, South Ari Atoll, Maldives",https://oceanholicMaldives.com/,Dhigurah,Alif Dhaal Atoll,Maldives,South Asia, +960 765-3960 , reehan@oceanholicMaldives.com ,"Open Water Diver, Open Water Scuba Diver, One Star Diver (★), Open Water 20, Advanced Adventurer, Two Star Diver (★★), Advanced 35, Stress & Rescue Diver, Three Star Diver (★★★), Enriched Air Nitrox, Divemaster, Advanced Nitrox, Deco Procedures, Trimix Diver, Junior Open Water Diver, Try Scuba / Intro Scuba, Introductory Scuba","Wetsuit, Regulator, Fins, Mask, BCD, Snorkel","Nitrox, Trimix",Dive Resort,"Kudarah Thila, Dhigurah Thila, Dhigura Beyru Thila, Thinfushi Thila, Vakarufalhi Thila, Seventh Heaven, Hudu Thila, Five Rocks, Dhigu Thila, Hani Thila, Broken Rock, Dhigurah Arches, Dhigurah Corner, Rondi Wreck, Dhigurah Beyru, Fish Bank, Lux Beyru, Dhidhdhoo Beyru, Kudadhhoo Beyru, Kudadhhoo Corner, Kudadhhoo Cave, Ariadhoo Corner, Ariadhoo Caves, Maamagili Corner, Maamagili Caves, Maamagili Beyru, Holiday Beyru, Sun Island Beyru, Fenfushi Beyru, Bodufinolhu Thila, Manta Point, Dhangethi Corner, Dhangethi Kuda Thila, Vilamendhoo Thila, Noogiri, Kahambu Thila, Kalhu Thila, Ali Thila, Liliy Rock, Manta Garden, Kudhimaa Wreck, Angaga Thila, Haluva Giri",,https://oceanholicmaldives.com/divesites/,
Octopus Dive School,"Gibson Bight, West End, Roatán, Honduras",https://roatan-octopusdiveschool.com/,West End,Roatan,Honduras,Central America, +504 9205-3561 , octopusdiveschool@gmail.com ,"Discover Scuba Diving, Scuba Diver, Open Water Diver, Advanced Open Water Diver, Rescue Diver, Enriched Air Nitrox, Divemaster, Open Water Scuba Instructor","Snorkel, Fins, Mask, BCD",Nitrox,Dive Resort,"Bear’s Den, Canyon Reef, El Aguila, Gibson Bight, Green Pearl, Mandy’s Eel Garden, Odyssey, Overheat Reef, Pablo’s Place, Spooky Channel, Texas",,,
Odyssée Bleue Socoa,"4 Chemin des Blocs, 64500 Ciboure, France",https://odysseebleuesocoa.fr,Ciboure,Nouvelle-Aquitaine,France,Europe,0663541363, odysseebleuesocoa@live.fr ,"Open Water Diver, Scuba Diver, Advanced Open Water Diver, Rescue Diver, Deep Diver, Enriched Air Nitrox, Wreck Diver, Night Diver, Underwater Navigator, Divemaster, Divemaster / Assistant Instructor, Open Water Scuba Instructor, Master Scuba Diver Trainer, Course Director, Discover Scuba Diving, Junior Open Water Diver, Try Scuba / Intro Scuba","Wetsuit, Regulator, Fins, Mask, BCD, Snorkel, Dive Computer",Nitrox,Dive Shop,"Aroka Cave, Aroka Faults, Wreck of the Saint Sunniva, Balou's Cave, Eskideux, ARTHA Breakwater, Socoa Fort Beach",,,
Off The Wall Divers,"Old Atlantis Bldg, 37 Seafarers Way, George Town KY1-1201, Cayman Islands",https://offthewalldiverscayman.com/,Grand Cayman,Grand Cayman,Cayman Islands,Caribbean, +1 345-329-4225 , fish@candw.ky ,"Open Water Diver, Scuba Diver, Advanced Open Water Diver, Advanced Scuba Diver, Rescue Diver, Enriched Air Nitrox, Divemaster, Divemaster / Assistant Instructor, Discover Scuba Diving, Junior Open Water Diver, Try Scuba / Intro Scuba","Wetsuit, Regulator, Fins, Mask, BCD, Drysuit, Hood, Boots, Snorkel, Dive Computer","Nitrox, Trimix",Dive Shop,"Devil’s Grotto, Eden Rock, Grand Cayman, Kittiwake, Sunset House Reef, Crocodile Wall, Lighthouse Point, Turtle Reef, Cobalt Coast Resort, Sunset House, Don Foster’s, Wreck of the Cali",,,
Offshore Africa Port St John's,"1565 Ferry Point Road, Port St John's, 5120, South Africa",https://offshoreportstjohns.com,Port St Johns,EC,South Africa,Southern Africa, +27 82 256 9414 , info@offshoreportstjohns.com ,"Scuba Diver, Discover Scuba Diving, Open Water Diver, Advanced Open Water Diver, Rescue Diver, Junior Open Water Diver, Deep Diver, Enriched Air Nitrox, Wreck Diver, Night Diver, Underwater Navigator, Marine Ecology, Divemaster, Divemaster / Assistant Instructor, Open Water Scuba Instructor, Master Scuba Diver Trainer, Course Director","BCD, Regulator, Snorkel","Hydrox, Nitrox",Dive Shop,"The Steps, Rappies Play Station, The Hand, Trojans Gauntlet, Kitwe Pinnacle, Big Surprise, Crocodile Wall",,,
Oléron Plongée - Les Joyeux Corsaires,"125 Rue de la Pointe de Chaucre, 17190 Saint-Georges-d'Oléron, France",https://www.oleronplongee17.fr,Saint-Georges-d'Ol√éron,Nouvelle-Aquitaine,France,Europe,06 95 45 60 14, ecoleplongee@oleronplongee17.fr ,,,,Dive Shop,Oléron Island,,This site is mainly a diving school,
Olympus Dive Center,"713 Shepard St, Morehead City, NC 28557, United States",https://www.olympusdiving.com/,Morehead City,North Carolina,United States,North America, +1 252-726-9432 , info@olympusdiving.com ,"Scuba Diver, Open Water Diver, Enriched Air Nitrox, Advanced Open Water Diver, Rescue Diver, Divemaster, Try Scuba / Intro Scuba, Advanced Adventurer","BCD, Regulator, Fins, Mask, Boots, Snorkel, Wetsuit",Nitrox,Dive Shop,"Aeolus, Ashkhabad, Atlas, Bedfordshire, Caribsea, Cassimir, Chuuk Lagoon, Cozumel, Destination Diving, Florida Keys, Hardee's, Hutton - Ario, Indra, James J Francesconi Tug, Little Cayman Beach, Naeco, Normannia, Palau, Papoose, Parker, Schurz, Spar, Suloide, Titan Tug, U-352",,,
ORCA Dive Club,"Wadi Lahmy Azur Resort, Hamata/Berenice, Red Sea, Egypt",https://www.orca-diveclubs.com/en/wadi-lahmy-en/,Wadi Lahmi Azur,Red Sea Governorate,Egypt,Northern Africa,201222417020, info@orca-diveclubs.com ,"Open Water Diver, Open Water Scuba Diver, Scuba Diver, Discover Scuba Diving, Try Scuba / Intro Scuba, Introductory Scuba, Advanced Open Water Diver, Advanced Adventurer, Rescue Diver, Stress & Rescue Diver, Deep Diver, Enriched Air Nitrox, Wreck Diver, Night Diver, Underwater Navigator, Dry Suit Diver, Divemaster, Divemaster / Assistant Instructor, Open Water Scuba Instructor","Wetsuit, BCD, Regulator",Nitrox,"Liveaboard, Dive Resort","Housereef, Siyal South, Shaab Zabargad, Abu Diab, Shaab Sataya, Shaab Claudio, Shaab Ini, Shaab Bango, Shaab Camelia, Shaab Sakara, Habili Coconut, Shaab Said, Shaab Hamam, Abu Galawa Soraya, Abu Galawa Kebir, Shaab Mohamed, Bohar Kebir, Bohar Soraya, Habili Sama, Habili Gannah, Shaab Maksur, Shaab Malahi, Shaab Sataya Soraya, Gotha Abu Diab, Abu Ghusun",,Another one that operates in many countries,
ORCA Dive Club Soma Bay,"The Breakers Hotel, Soma Bay, Red Sea, Egypt",https://www.orca-diveclubs.com/en/soma-bay-en/,Soma Bay,Red Sea Governorate,Egypt,Northern Africa, +20 12 25298115 , info@orca-diveclub-somabay.com ,"Open Water Diver, Scuba Diver, Discover Scuba Diving, Try Scuba / Intro Scuba, Introductory Scuba, Advanced Open Water Diver, Advanced Adventurer, Rescue Diver, Deep Diver, Enriched Air Nitrox, Wreck Diver, Night Diver, Underwater Navigator, Dry Suit Diver, Divemaster",Drysuit,Nitrox,"Liveaboard, Dive Resort","Housereef, Tobia Arbaa, Gamul Soraya, Tobia Kebir, Gamul Kebir, Ras Abu Soma, Tobia Island, Tobia Soraya, Salem Express, Shaab Sheer O, Shaab Sheer W, Abu Kafan, Panorama South, Panorama North, Middle Reef, Shaab Quais, Shaab Claude",,https://www.google.com/maps/d/embed?mid=1Hd-TTfKYH22_JQch2F4Js4ddui8&z=10&ll=26.732071288060126%2C34.14884050341787,
Orca Diving Ustica,"Via Cristoforo Colombo 39, 90051 Ustica, Italy",https://www.orcadivingustica.com/,Ustica,Sicilia,Italy,Europe, +39 334 216 1588 , info@orcadivingustica.com ,"Open Water Diver, Open Water Scuba Diver, Discover Scuba Diving, Try Scuba / Intro Scuba, Advanced Open Water Diver, Advanced Adventurer, Rescue Diver, Deep Diver, Night Diver, Underwater Navigator, Divemaster",,Nitrox,Dive Shop,"Punta Galera, Scoglio del Medico, Secca della Colombara, Grotta della Pastizza, Punta Falconiera, Punta San Paolo, Punta dell'Arpa, Secca d'Africa, Cala Giacone, Sutta a Za' Lisa, Piramidi, Grotta delle Cipree, Secchitello, Complesso dell’Accademia, Grotta dei Gamberi",,,
Orso Diving Club,"Loc. Poltu Quatu, 07021 Arzachena, Italy",https://orsodiving.com/,Arzachena,Sardegna,Italy,Europe, +39 348 064 1825 , info@orsodiving.com ,"Discover Scuba Diving, Try Scuba / Intro Scuba, Advanced Open Water Diver, Advanced Adventurer, Rescue Diver","Wetsuit, Regulator, Drysuit, Dive Computer, Mask, Fins, BCD, Snorkel",,Dive Shop,"The Rock of Tahiti, The Fiordino, The Peaks, Cala Inglese, Bear's Shoal, The Grotto, The Cathedrals, Monks' Lighthouse, Monks' Engine, Mistral Shoal, Golden Shoal, Grecale Shoal, Corvine Split, Monks' Shoal, Ancora Shoal, The American, Columns Shoal, Mortoriotto, Wreck of the Galley, Mazzogiorno Shoal, Black Coral Reef, Western Shoal, Barettinelli of Outside, Spargi Shoal, Shoal of the Bank, Lavezzi Rock, Razzoli Shoal, Spargiottello Shoal, Cigar Dry, City of Groupers, Budelli Shoal, Wreck of the Angelica, Ostro Shoal, The Lost, Toro Shoal, Archi Reef, Pope's Shoal, S. di Grecale, S. Dorata, S. di Maestrale, S. delle Colonne, La Spacca delle Corvine, Secca dell'Ancora, Greco dei Monaci, S. dei Monaci Meda",,,
Pacific Ocean Sports,"936 Detroit Ave e, Concord, CA 94518",https://pacificoceansports.com/,Concord,California,United States,North America, +1 925-687-5354 , info@pacificoceansports.com ,"Open Water Diver, Open Water Scuba Diver, Discover Scuba Diving, Try Scuba / Intro Scuba, Advanced Open Water Diver, Advanced Adventurer, Rescue Diver, Divemaster, Wreck Diver, Deep Diver","Wetsuit, Regulator, Fins, Mask, BCD, Boots, Snorkel",Nitrox,Dive Shop,"Channel, Destination Diving, Komodo, Raja Ampat, Red Sea, Sint Eustatius, Beqe Lagoon",,,
Pacific Rim Divers,74-380 Kealakehe Pkwy,https://pacificrimdivers.com/,Kailua-Kona,Hawaii,United States,North America,+1 808-987-6113, dive@pacificrimdivers.com ,"Open Water Diver, Enriched Air Nitrox, Advanced Adventurer, Rescue Diver, Discover Scuba Diving, Dry Suit Diver, Advanced Open Water Diver, Divemaster","Wetsuit, Regulator, Gloves, BCD, Drysuit, Hood, Fins, Mask, Snorkel, Boots",Nitrox,Dive Shop,Kona Coast,,,
Pacific Scuba Divers,"1179 E Homestead Rd, Sunnyvale, CA 94087",https://pacificscubadivers.com/,Sunnyvale,California,United States,North America, +1 408-247-7702 , info@pacificscubadivers.com ,"Open Water Diver, Advanced Adventurer, Advanced Open Water Diver, Wreck Diver, Deep Diver, Enriched Air Nitrox, Night Diver, Underwater Navigator, Dry Suit Diver, Marine Ecology, Divemaster, Divemaster / Assistant Instructor, Open Water Scuba Instructor, Try Scuba / Intro Scuba","BCD, Drysuit, Mask, Regulator",Nitrox,Dive Shop,"Aumentos reef, Bluefish Cove (Point Lobos), Chase reef, Coral Street, Eric's Pinnacle, Hopkins reef, Mcabee Beach, Monastery Beach, Monterey Bay, Monterey Bay - Lovers Point, Monterey Bay - San Carlos Beach (Breakwater), East Pescadero Pinnacle, Cooper Roof House",,,
Pacific Wilderness,"1719 S Pacific Ave, San Pedro, CA 90731",https://pacificwilderness.com/,San Pedro,California,United States,North America, +1 310-833-2422 , secure.grav@ar.com ,"Open Water Diver, Scuba Diver, Open Water Scuba Diver, Discover Scuba Diving, Try Scuba / Intro Scuba, Introductory Scuba, Advanced Open Water Diver, Advanced Adventurer, Rescue Diver, Open Water 20, Deep Diver, Enriched Air Nitrox, Night Diver, Wreck Diver, Underwater Navigator, Divemaster, Advanced Nitrox, Trimix Diver","Snorkel, Regulator, BCD, Fins, Wetsuit, Mask",Nitrox,Dive Shop,"Catalina Island, Catalina Island - Casino Point Dive Park, Catalina Island - Farnsworth Bank, Abalone Cove, Bird Rock, Cleo Street, Cabrillo Beach, Crescent Bay, Malaga Cove, Emerald Bay, Diver’s Cove, Old Pier #3, Isthmus Reef, Fisherman’s Cove, Old MarineLand, Heisler Park, Royal Palms, Yellow Tail Point, Main Beach, Veteran’s Park, Moss Street, White Point, Shaw’s Cove, Wood’s Cove",,,
Palm Beach Divers,"47 Moo Saladan, Ko Lanta District, Krabi 81150, Thailand",https://palmbeachdivers.com/,Koh Lanta,Krabi,Thailand,Southeast Asia, +66 62 402 0380 , wlodek@palmbeachdivers.com ,"Open Water Diver, Scuba Diver, Open Water Scuba Diver, Discover Scuba Diving, Try Scuba / Intro Scuba, Introductory Scuba, Advanced Open Water Diver, Advanced Adventurer, Rescue Diver, Deep Diver, Enriched Air Nitrox, Night Diver, Underwater Navigator, Divemaster, Divemaster / Assistant Instructor","Wetsuit, Regulator, Fins, Mask, BCD, Snorkel",Nitrox,Dive Shop,"Hin Daeng, Hin Muang, Koh Bida Nai, Koh Haa - Cathedral, Koh Phi Phi Ley",,,
Palm Beach Divers Aruba,"Berea di Piscado 2, Noord, Aruba",https://www.palmbeachdiversaruba.com/,Noord,Aruba,Aruba,Caribbean, +297 742 3636 , info@palmbeachdiversaruba.com ,,"Wetsuit, Regulator, Fins, Mask, BCD, Dive Computer, Snorkel, Boots",Nitrox,Dive Shop,"Airplanes, Antilla Wreck, Arashi Reef, Blue Reef, Debbie II Wreck, Harbour Reef, Pedernales, Skalahein, Sponge Reef, Star Gerren, Tres Trapi, Tire Reef",,,
Papa Hog's Scuba Emporium,"Carr. Costera Sur, El Parque, 77675 Cozumel, Q.R., Mexico",https://papahogs.com/,Cozumel,Quintana Roo,Mexico,North America,011-52-98787-21651, scubadiving@papahogs.com ,"Open Water Diver, Advanced Open Water Diver, Rescue Diver, Deep Diver, Wreck Diver, Night Diver, Underwater Navigator, Divemaster, Open Water Scuba Instructor, Master Scuba Diver Trainer, Discover Scuba Diving, Junior Open Water Diver","Wetsuit, Regulator, Fins, Mask, BCD, Snorkel, Dive Computer",Nitrox,Dive Shop,Cozumel,,,
Papua Diving,"Kri Island, Yenbuba, Meos Mansar, Kabupaten Raja Ampat, Papua Bar., Indonesia",https://www.papuadiving.com/,Kri Island,Papua Barat Daya,Indonesia,Southeast Asia, +62 811-4834-614 , info@papua-diving.com ,,"Snorkel, Mask, Fins",,Dive Resort,"Batu Lima, Blue Magic, Cape Kri, Chicken Reef, Friwenbonda, Koh, Lau Lau Reef, Mansuar, Manta Ridge, Manta Sandy, Melissa’s Garden, Mike’s Point, Mios Kon, Odtima, P-47 Plane wreck, Ransiwor, Saporkren, Sardines Reef, Sawandarek, South Kri, Wall of Grace, Yenbuba Jetty",,https://papua-diving.com/wp-content/uploads/2024/03/Raja-Ampat-Dive-Site-Updated-Location.svg,
Papua Explorers,"Pantai Pinsilim, Yenwaoupnor, Meos Mansar, Kabupaten Raja Ampat, Papua Bar. 98482, Indonesia",https://www.papuaexplorers.com/,Waigeo,Papua Bar.,Indonesia,Southeast Asia, +62 822-4814-8888 , raja@papuaexplorers.com ,"Open Water Diver, Advanced Open Water Diver, Rescue Diver, Night Diver, Divemaster, Discover Scuba Diving, Junior Open Water Diver","Wetsuit, Regulator, Mask, BCD, Snorkel",,Liveaboard,"Blue Magic, Cape Kri, Chicken Reef, Hidden Reef, Manta Point, Mike’s Point, Mios Kon, Sardines Reef, The Passage, Odtima",,,
Paradise Taveuni,"PO Box 69, Waiyevo, Taveuni, Fiji",https://www.paradiseinfiji.com/diving/,Waiyevo,Northern Division,Fiji,Pacific Islands, +679 997 1535 , allan@paradiseinfiji.com ,"Open Water Diver, Advanced Open Water Diver, Rescue Diver, Deep Diver, Wreck Diver, Night Diver, Underwater Navigator, Dry Suit Diver, Divemaster, Open Water 20, Open Water Scuba Instructor, Master Scuba Diver Trainer, Course Director, Discover Scuba Diving, Junior Open Water Diver","Wetsuit, Regulator, Fins, Mask, BCD, Snorkel, Dive Computer",Nitrox,Dive Resort,"Rainbow Reef, Taveuni, Paradise reef, Dolphin Bay, Coral Gardens, Steve’s Corner, Tomasi’s Delight, Rainbow Passage, Annies Bommie, Fish Factory, Jack’s Place, The Great White Wall, The Zoo, Purple Wall, Rainbows End",,,
Paraiso Dive Cartagena,"Playa Mamón #1-1, Bocachica, Isla Tierra Bomba, Cartagena de Indias, Bolivar, 130001, Colombia",https://www.paraisodive.org/,Bocachica,Bolivar,Colombia,South America, +57 315 7189483 , paraisodivecartagena@gmail.com ,"Try Scuba / Intro Scuba, Open Water Diver, Advanced Open Water Diver, Rescue Diver, Junior Open Water Diver, Deep Diver, Enriched Air Nitrox, Wreck Diver, Night Diver, Underwater Navigator, Dry Suit Diver","Wetsuit, Regulator, Fins, Mask, BCD, Snorkel, Dive Computer",Nitrox,Dive Shop,"Alex´s Place, Atlas Wreck, Avioneta, Bajo Nico, Barco Don Pedro de Heredia Shipwreck, Barco San Martin Shipwreck, Burbujas, El Carro, El Escondite, El Mamon, Ferrocemento Shipwreck, Gloria, Imelda, Isla Arena Area, Isla Fiesta, La Coca, La Torreta, Luis Guerra, Ministerio, Mumar, Palitos, Punta Brava, Quindio Shipwreck, Salmedina Underwater Island and Light Tower, Tolu Shipwreck, Varadero, Tierra Bomba island, Baru Island, Rosario Islands",,https://www.google.com/maps/d/viewer?mid=1QZUOYysiqO4fTSo5t0X0o8_zYho&femb=1&ll=10.455317406184967%2C-75.60842509999999&z=10,
Pattaya Dive Centre,"219/3 ทิพย์พลาซ่า Pattayasainueang, Bang Lamung District, Chon Buri 20150, Thailand",https://www.pattayadivecentre.com/,Pattaya,Chon Buri,Thailand,Southeast Asia, +66 38 422 133 , fonts.gst@ic.com ,"Open Water Diver, Advanced Open Water Diver, Rescue Diver, Deep Diver, Wreck Diver, Night Diver, Underwater Navigator, Dry Suit Diver, Divemaster, Discover Scuba Diving, Junior Open Water Diver",,,Dive Shop,"Bremen / Kaeo Samud Wreck, HTMS Khram Wreck, HTMS Kut (Khood) Wreck, HTMS Mataphon Wreck, Hin Chalarm, Koh Chan, Koh Chang Klua, Koh Chuang, Koh Khrok (Pattaya Near Islands), Koh Klung Badan, Koh Lan, Koh Man Wichai (Pattaya Far Islands), Koh Phai, Koh Rin (Pattaya Far Islands), Koh Ron, Koh Sak (Pattaya Near Islands), SS Suddhadib – Hardeep Wreck, Shark Fin Rock / Lek Bet (Samae San Marine Park), T94 / T95 Patrol Boats",,,
Perth Diving Academy,"1 Northside Drive, Hillarys WA 6025, Australia",https://www.perthdiving.com.au/,Hillarys,WA,Australia,Oceania, +61 8 9448 6343 , hillarys@perthdiving.com.au ,"Open Water Diver, Advanced Open Water Diver, Rescue Diver, Deep Diver, Enriched Air Nitrox, Wreck Diver, Night Diver, Divemaster, Discover Scuba Diving, Junior Open Water Diver","Wetsuit, Regulator, Fins, Mask, BCD, Snorkel",Nitrox,Dive Shop,Marmion Marine Park,,,
Perth Scuba,"Unit 4/180 Bannister Road, Canning Vale WA 6155, Australia",https://perthscuba.com/,Canning Vale,WA,Australia,Oceania, +61 8 9455 4448 , info@perthscuba.com ,"Open Water Diver, Open Water Scuba Diver, Advanced Adventurer, Rescue Diver, Stress & Rescue Diver, Enriched Air Nitrox, Night Diver, Discover Scuba Diving, Junior Open Water Diver","Wetsuit, Regulator, Fins, Mask, BCD, Snorkel, Dive Computer",Nitrox,Dive Shop,"Busselton Jetty, HMAS Swan Wreck, Rottnest Island, Bunbury Lena Wreck, Esperance - Sanko Harvest wreck, Key Biscayne",,,
Phantom Divers,"calle 12 norte y calle 16 norte con, 1 Avenida Nte. Manzana 27 Lote 5, 77710 Playa del Carmen, Quintana Roo, Mexico",https://phantomdivers.com/,Playa del Carmen,Quintana Roo,Mexico,North America, +52 984 879 3988 , info@phantomdivers.com ,"Advanced Nitrox, Deco Procedures, Trimix Diver, Tech 1, Cave 1","Regulator, BCD, Dive Computer","Nitrox, Trimix",Dive Shop,"Angelita Cenote, Barracuda, Carwash (Aktun Ha) Cenote, Casa Cenote, Cenotes, Chun-zumbul, Cozumel, Dos Ojos Cenote, Jardines, MUSA Underwater Museum, Moc-Che, Nicte Ha Cenote, Pared Verde, Pargo Cave, Playa del Carmen, Puerto Morelos, Sabalos, Shangri-La, Tajma Ha (Taj - Mahal) Cenote, The Pit (El Pit) Cenote",,,
Pharaoh Dive Club,"Roots Red Sea, Safaga‚ÄìEl Quseir Road, El Quseir, Red Sea, Egypt",https://pharaohdiveclub.com/,Roots Red Sea,Red Sea,Egypt,Northern Africa, +20 10 65540900 , info@rootsredsea.com ,"Open Water Diver, Open Water Scuba Diver, One Star Diver (★), Open Water 20, Advanced Adventurer, Two Star Diver (★★), Advanced 35, Stress & Rescue Diver, Three Star Diver (★★★), Enriched Air Nitrox, Divemaster, Advanced Nitrox, Deco Procedures, Trimix Diver, Junior Open Water Diver, Try Scuba / Intro Scuba, Introductory Scuba","Wetsuit, Regulator, Fins, Mask, BCD, Snorkel","Nitrox, Trimix",Dive Shop,"Abu Dabbab, Elphinstone, Abu Sauatir, Abu Hamra, Bet Goha, El Makluf, El Sahla, Gasus Sorava, Ghost Town, Goha El Arak, Green Hole, Light House, Magbaret Samaya, Marsa Shora, Marsa Waleed, Nafag Rene, Saleem, El Moghar, Mangrove Bay, Mangrove Pinnacles, Serib Kebir, Sheikh Malek, Sug Bohar, Tarfa, South Utopia Beach, Utopia Harbour, Utopia Laguna, Wizr, Barracuda Alley, Pirates Boneyard, The Cathedral, Dolphin Reef, El Mina, Machruga, Nemo City, Oma Sukan, Pharaohs’ Tomb, Ras Quseir, The Rock, Erg Lassal, Erg Monika, Salem Express",,https://pharaohdiveclub.com/dive-sites.html,
Phocea Mexico,"C. 10 Nte. entre 1 Avenida Nte y, quinta, Gonzalo Guerrero, 77710 Playa del Carmen, Quintana Roo, Mexico",https://myphocea.com/,Playa del Carmen,Quintana Roo,Mexico,North America, +52 984 134 6123 , playa@myphocea.com ,"Open Water Diver, Advanced Open Water Diver, Rescue Diver, Deep Diver, Wreck Diver, Enriched Air Nitrox, Night Diver, Underwater Navigator, Dry Suit Diver, Divemaster, Divemaster / Assistant Instructor, Open Water Scuba Instructor, Master Scuba Diver Trainer, Course Director, Discover Scuba Diving, Junior Open Water Diver","Regulator, Wetsuit, BCD, Hood, Drysuit, Dive Computer",Nitrox,Dive Shop,"Belize Barrier Reef, Cenotes, Cozumel, Menjangan Island, Pemuteran Bay, Playa del Carmen, Yucatan Peninsula",,,
Phoenix Divers Koh Tao,"1 Sairee Beach Koh Tao, Ko Tao, Amphoe Ko Pha-ngan, Surat Thani 84360, Thailand",https://phoenixdiverskohtao.com/,Koh Tao,Surat Thani,Thailand,Southeast Asia, +66 77 456 033 , info@phoenixdiverskohtao.com ,"Discover Scuba Diving, Scuba Diver, Open Water Diver, Advanced Open Water Diver, Rescue Diver, Enriched Air Nitrox, Divemaster, Open Water Scuba Instructor","Snorkel, Fins, Mask, BCD",Nitrox,Dive Shop,"Chumphon Pinnacle (Koh Tao), Green Rock, HTMS Sattakut, Japanese Gardens, Koh Tao, Red Rock Pinnacle, Sail Rock (Koh Tao / Koh Samui), Shark Island, Twins Pinnacle, White Rock",,,
Phoenix Divers Lanta,"Sala Dan, Ko Lanta District, Krabi 81150, Thailand",https://www.phoenixdivers-kohlanta.com/,Koh Lanta,Krabi,Thailand,Southeast Asia, +66 99 232 5319 , [email not found] ,"Open Water Diver, Scuba Diver, Advanced Open Water Diver, Rescue Diver, Deep Diver, Enriched Air Nitrox, Wreck Diver, Night Diver, Underwater Navigator, Divemaster, Divemaster / Assistant Instructor, Open Water Scuba Instructor, Master Scuba Diver Trainer, Course Director, Discover Scuba Diving, Junior Open Water Diver, Try Scuba / Intro Scuba","Wetsuit, Regulator, Fins, Mask, BCD, Snorkel, Dive Computer",Nitrox,Dive Shop,"HTMS Kled Kaew, Hin Bida, Hin Daeng, Hin Muang, King Cruiser Wreck, Koh Bida Nok, Koh Haa - Cathedral, Shark Point (Hin Musang)",,No Email,
Phuket Dive Tours,33 Sainamyen Rd,https://www.phuketdivetours.com/,Patong,Phuket,Thailand,Southeast Asia,+66 (0)8 7022 5356, info@phuketdivetours.com ,"Open Water Diver, Discover Scuba Diving, Junior Open Water Diver","Wetsuit, Regulator, Fins, Mask, BCD, Snorkel",,"Liveaboard, Dive Shop","Anemone, Karon Beach, Kata Beach, King Cruiser Wreck, Koh Bon, Koh Doc Mai, Mai Thon Island, Paradise Beach, Phi Phi Islands, Racha Noi Island, Racha Yai Island, Shark Point (Hin Musang), Similan Islands",,,
Pilbara Dive and Tours,"Jennifer Court, Pegs Creek WA 6714, Australia",https://www.pilbaradiveandtours.com.au/,Pegs Creek,WA,Australia,Oceania, +61 410 890 077 , office@pilbaradive.com.au ,"Open Water Diver, Scuba Diver, Advanced Open Water Diver, Advanced Scuba Diver, Rescue Diver, Enriched Air Nitrox, Divemaster, Divemaster / Assistant Instructor, Discover Scuba Diving, Junior Open Water Diver, Try Scuba / Intro Scuba","Wetsuit, Regulator, Fins, Mask, BCD, Drysuit, Hood, Boots, Snorkel, Dive Computer","Nitrox, Trimix",Dive Shop,Dampier Archipelago,,,
Pindito Liveaboard,,https://www.pindito.com/,Komodo,East Nusa Tenggara,Indonesia,Southeast Asia,62 (0) 8123815771, info@pindito.com ,"Scuba Diver, Discover Scuba Diving, Open Water Diver, Advanced Open Water Diver, Rescue Diver, Junior Open Water Diver, Deep Diver, Enriched Air Nitrox, Wreck Diver, Night Diver, Underwater Navigator, Marine Ecology, Divemaster, Divemaster / Assistant Instructor, Open Water Scuba Instructor, Master Scuba Diver Trainer, Course Director","BCD, Regulator, Snorkel","Hydrox, Nitrox",Liveaboard,"Alor, Banda Sea, East of Flores, Halmahera, Komodo, Raja Ampat, Triton Bay, Wakatobi",,,
Pinnacles Dive Center,"875 Grant Ave, Novato, CA 94945",https://bayareascubadiving.com/,Novato,California,United States,North America, +1 415-897-9962 , Scuba@bayareascubadiving.com ,,,,Dive Shop,Destination Diving,,,
Pisces Divers,"Goods Shed, 1 Main Road, Simon's Town, Cape Town, South Africa",https://piscesdivers.co.za/,Simon's Town,WC,South Africa,Southern Africa, +27 21 786 3799 , info@piscesdivers.co.za ,"Open Water Diver, Open Water Scuba Diver, Scuba Diver, Discover Scuba Diving, Try Scuba / Intro Scuba, Introductory Scuba, Advanced Open Water Diver, Advanced Adventurer, Rescue Diver, Stress & Rescue Diver, Deep Diver, Enriched Air Nitrox, Wreck Diver, Night Diver, Underwater Navigator, Dry Suit Diver, Divemaster, Divemaster / Assistant Instructor, Open Water Scuba Instructor","Wetsuit, BCD, Regulator",Nitrox,Dive Shop,"Katzu Maru and Aster, SAS Pietermaritzburg (1994), Smitswinkel Bay, The Maori (1909)",,This site has a dive map but it's bugged,
Planet Ocean Dive Center,"8 Rue des Orangers, 64700 Hendaye, France",https://planetocean.fr,Hendaye,GA,France,Europe,0662636627, contact@planetocean.fr ,"Open Water Diver, Scuba Diver, Discover Scuba Diving, Try Scuba / Intro Scuba, Introductory Scuba, Advanced Open Water Diver, Advanced Adventurer, Rescue Diver, Deep Diver, Enriched Air Nitrox, Wreck Diver, Night Diver, Underwater Navigator, Dry Suit Diver, Divemaster",Drysuit,Nitrox,Dive Shop,"Wreck of the Saint Sunniva, Baie des cochons, Belharra, Aquarium, Ebouli, La page, Biosar, Prison, Baie d’Along, Le Mur, Case verde, La Grotte a JP, Sous marin, Nahia, Gorgones blanches, Chicharvel, Les Ancres, Pakret, Helices, Iruari, Arroka, Pekachilla, Tombant 40, Piano",, https://www.planetocean.fr/le-centre,
Planet Scuba Mexico,"Meeting point, Calle 24 Nte 146, Quintas del Carmen, Centro, 77710 Playa del Carmen, Quintana Roo, Mexico",https://www.planetscubamexico.com/,Puerto Aventuras,Quintana Roo,Mexico,North America, +52 984 165 0596 , info@planetscubamexico.com ,"Open Water Diver, Open Water Scuba Diver, Discover Scuba Diving, Try Scuba / Intro Scuba, Advanced Open Water Diver, Advanced Adventurer, Rescue Diver, Deep Diver, Night Diver, Underwater Navigator, Divemaster",,Nitrox,Dive Shop,"C-56 Juan Escutia, Cozumel, Dos Ojos Cenote, Puerto Aventuras, Puerto Morelos, Tulum, Yucatan Peninsula",,,
Playa Scuba Dive Center,"15 Av. Nte Manzana Y 4 entre calle 2, Col.Centro, Centro, 77710 Playa del Carmen, Quintana Roo, Mexico",https://www.playascuba.com/,Playa del Carmen,Quintana Roo,Mexico,North America, +52 984 125 1647 , cenotexplorer@me.com ,"Discover Scuba Diving, Try Scuba / Intro Scuba, Advanced Open Water Diver, Advanced Adventurer, Rescue Diver","Wetsuit, Regulator, Drysuit, Dive Computer, Mask, Fins, BCD, Snorkel",,Dive Shop,"Angelita Cenote, Calavera (Temple of Doom) Cenote, Cenote Chac Mool, Chankanaab Bolones Reef, Cozumel, Dos Ojos Cenote, El Eden (Ponderosa) Cenote, Palancar, Paraíso Reef (Cozumel), Paso del Cedral, Playa del Carmen, Tormentos Reef, Yucab Reef (Cozumel), Yucatan Peninsula, Kukulkan Cenote",,,
Plongée Club de Cannes,"34 Boulevard Montfleury, 06400 Cannes, France",https://www.plongee-cannes.com,Cannes,Provence-Alpes-Côte d'Azur,France,Europe, +33 6 14 94 08 44 , info@plongee-cannes.com ,"Try Scuba / Intro Scuba, Open Water Diver, Scuba Diver, Wreck Diver, Advanced Adventurer, Stress & Rescue Diver, Deep Diver, Enriched Air Nitrox, Divemaster, Discover Scuba Diving, Introductory Scuba","Wetsuit, Regulator, Fins, Mask, BCD, Snorkel, Dive Computer",Nitrox,Dive Shop,"The Excavation, Laure, The Bateguier, The Falling One with the Keys, The Avenger, The Mask, The Trader, The Ant, Falling from the Golf, Dante's Inferno, Little Françoise, The Dovecote, Bilitis, The Coral Cave",,,
POCNA Dive Center,"Ave Matamoros #15, Matamoros 15, Centro - Supmza. 001, 77400 Isla Mujeres, Quintana Roo, Mexico",https://www.pocnadivecenter.com/,Isla Mujeres,Quintana Roo,Mexico,North America, +52 998 274 9111 , Contact@pocnadivecenter.com ,,,Nitrox,Dive Shop,"C-55 Barrera, C-58 Shipwreck, Isla Mujeres, MUSA Underwater Museum, Manchones, No Name, Sleeping Shark Cave, Ultrafreeze (El Frio), No Name, Punta Negra, Chairel, Cruz de la Bahia, Grampin, Banderas",,,
Ponza Diving Center,"Via Banchina, snc - 04027 Isola di Ponza, Italy",https://www.ponzadiving.com,Ponza,Lazio,Italy,Europe, +39 337 808 485 , info@ponzadiving.com ,"Open Water Diver, Open Water Scuba Diver, Discover Scuba Diving, Try Scuba / Intro Scuba, Advanced Open Water Diver, Advanced Adventurer, Rescue Diver, Divemaster, Wreck Diver, Deep Diver","Wetsuit, Regulator, Fins, Mask, BCD, Boots, Snorkel",Nitrox,Dive Shop,"Madonna Point, Gavi, Le Antiche, Red Rock, Wall of the East Guardia, Lighthouse Wall of the West Guardia Lighthouse, Wreck LST 349, Wall of Punta Papa Dito Shed, Gross Rock, Mariuo lo, Shed Mariuolo Wall, Palmarola Cathedrals, Mattoni, Shed Punta Papa, Shed Vricci, Shed Bottled Rock, Silverio Shore, Gioia Shore, North Side, Shore Tramontana, Shore LCM, Wreck Douglas A-20, Shore The Forms, Dito, Shore Mariuolo, Shore Punta Papa, Shore Vricci, Shore Barrel Rock",,,
Porto-Vecchio Plongée,"Rue Mansuetus Alessandri, 20137 Porto-Vecchio, France",https://portovecchioplongee.fr,Porto-Vecchio,Corse,France,Europe, +33 6 71 86 82 67 , contact@portovecchioplongee.fr ,"Open Water Diver, Enriched Air Nitrox, Advanced Adventurer, Rescue Diver, Discover Scuba Diving, Dry Suit Diver, Advanced Open Water Diver, Divemaster","Wetsuit, Regulator, Gloves, BCD, Drysuit, Hood, Fins, Mask, Snorkel, Boots",Nitrox,Dive Shop,"The Cementier of the Pecorella, The Rock of the Vacca, The Danger of the Vacca, The Island of Forana, The Arches, The Danger of the Toro",,,
Portofino Divers,"Via Jacopo Ruffini 47, 16038 Santa Margherita Ligure, Italy",https://portofinodivers.com/,Santa Margherita Ligure,Liguria,Italy,Europe, +39 348 150 8600 , info@portofinodivers.com ,"Open Water Diver, Advanced Adventurer, Advanced Open Water Diver, Wreck Diver, Deep Diver, Enriched Air Nitrox, Night Diver, Underwater Navigator, Dry Suit Diver, Marine Ecology, Divemaster, Divemaster / Assistant Instructor, Open Water Scuba Instructor, Try Scuba / Intro Scuba","BCD, Drysuit, Mask, Regulator",Nitrox,Dive Shop,"Christ of the Abyss (San Fruttuoso), Portofino Marine Park, Christ of the Abyss, Mohawk Deer Wreck, Jorn Wreck, UJ2207 Wreck, Colosso Wreck, Portofino Lighthouse, Genova, UJ2216 Wreck, UJ2210 Wreck, Bolzaneto Wreck, Secca Isuela, Punta Torretta, Punta Chiappa, Vapore di Moneglia, Relitto delle Lanterne, Calabria Wreck, La Foce, Haven Wreck, Ischia, Punta Manara, Washington Wreck, U-455 Submarine Wreck, Saint Nazaire Wreck, Ship of Lanterns",,,
Poseidon Dive Center,"Calle 18 #1-69, Taganga, Santa Marta",https://poseidondivecenter.com/,Taganga,Magdalena,Colombia,South America, +57 314 8892687 , info@poseidondivecenter.com ,"Open Water Diver, Discover Scuba Diving, Advanced Open Water Diver, Rescue Diver, Deep Diver, Enriched Air Nitrox, Wreck Diver, Night Diver, Underwater Navigator, Dry Suit Diver, Divemaster","Wetsuit, Regulator, BCD, Hood, Mask, Drysuit",Nitrox,Dive Shop,"Tayrona National Park - La Piedra del Medio, Santa Marta",,,
Prana by Atzaro,"Prana by Atzaro Head Office, Diseminado P 12, Sta Eulalia, 153, 07849 San Juan Bautista, Balearic Islands, Spain",https://pranabyatzaro.com/,Sant Joan de Labritja,Balearic Islands,Indonesia,Southeast Asia, +34 682 03 83 96 , info@pranabyatzaro.com ,"Open Water Diver, Scuba Diver, Open Water Scuba Diver, Discover Scuba Diving, Try Scuba / Intro Scuba, Introductory Scuba, Advanced Open Water Diver, Advanced Adventurer, Rescue Diver, Deep Diver, Enriched Air Nitrox, Night Diver, Underwater Navigator, Divemaster, Divemaster / Assistant Instructor","Wetsuit, Regulator, Fins, Mask, BCD, Snorkel",Nitrox,Dive Shop,"Alor, Bima, Komodo, Labuan Bajo, Maumere, Raja Ampat, Spice Islands, Sumbawa",,,
Pro Dive International,"Avenida Xcacel Lt1, Mz18, Plano 2, 77750 Puerto Aventuras, Quintana Roo, Mexico",https://prodiveinternational.com/,Puerto Aventuras,Quintana Roo,Mexico,North America, +52 984 745 0763 , reservations@prodiveinternational.com ,,"Snorkel, Mask, Fins",,"Liveaboard, Dive Shop","Angelita Cenote, Astron Shipwreck, Barracuda Reef, Catalina Wall, Cenote Chikin-Ha, Chun Chacaab Reef, Columbia Deep, Coral Nursery, Cozumel, Cuevitas, Dominicus Reef, Dos Ojos Cenote, El Canal, El Eden (Ponderosa) Cenote, El Faro, El Toro, Jardines, La Tortuga, Los Arcos, Mama Viña (Wreck), Monica Wreck, Paradise, Paradise reef, Playa del Carmen, San Francisco Wall (Cozumel), Santa Rosa, Santa Rosa Wall (Cozumel), Saona Island, St George Wreck, The Pit (El Pit) Cenote, Tormentos Reef, Tortugas, Viva Shallow",,,
Pro Dive Port Elizabeth,"189 Main Road, Walmer, Port Elizabeth, 6070, South Africa",https://prodivepe.co.za,Gqeberha,EC,South Africa,Southern Africa, +27 41 581 1144 , scuba@prodivepe.co.za ,"Open Water Diver, Advanced Open Water Diver, Rescue Diver, Night Diver, Divemaster, Discover Scuba Diving, Junior Open Water Diver","Wetsuit, Regulator, Mask, BCD, Snorkel",,Dive Shop,"Shark Alley, Shy Shark Reef, Phillips Reef, White Sands, Haerlem Wreck, Roxy, Riy Banks, Gasmic Reef, Avalanche Reef, Thunderbolt Reef, Orange Wall, Zephyr’s Wall, Wreck of the Baratz, The Colosseum, Gunner’s Rock, Suicide Reef, Patti Wreck, John Dory’s Reef, Evans Peak, Slipway & Postmans’, Shark Rock Pier, Devil’s Reef",,,
Prodivers Hurawalhi,"Hurawalhi Island Resort, Lhaviyani Atoll, Maldives",https://www.prodivers.com/hurawalhi-dive-center-Maldives/,Hurawalhi,Lhaviyani Atoll,Maldives,South Asia, +960 662-0343 , hurawalhi@prodivers.com ,"Open Water Diver, Advanced Open Water Diver, Rescue Diver, Deep Diver, Wreck Diver, Night Diver, Underwater Navigator, Dry Suit Diver, Divemaster, Open Water 20, Open Water Scuba Instructor, Master Scuba Diver Trainer, Course Director, Discover Scuba Diving, Junior Open Water Diver","Wetsuit, Regulator, Fins, Mask, BCD, Snorkel, Dive Computer",Nitrox,Dive Resort,"Lhaviyani, South Ari, Hurawalhi Island, Jawakara Islands, Kudadoo Private Island, Kuredu, Komandoo, Lily Beach, Nala",,Review - These three All Pro-dive websites are basically the same with a featured island for Maldives. Should be combined,
Prodivers Komandoo,"Komandoo Island Resort, Lhaviyani Atoll, Maldives",https://www.prodivers.com/komandoo-dive-center-Maldives/,Komandoo,Lhaviyani Atoll,Maldives,South Asia, +960 662-1010 , komandoo@prodivers.com ,"Try Scuba / Intro Scuba, Open Water Diver, Advanced Open Water Diver, Rescue Diver, Junior Open Water Diver, Deep Diver, Enriched Air Nitrox, Wreck Diver, Night Diver, Underwater Navigator, Dry Suit Diver","Wetsuit, Regulator, Fins, Mask, BCD, Snorkel, Dive Computer",Nitrox,Dive Resort,"Lhaviyani, South Ari, Hurawalhi Island, Jawakara Islands, Kudadoo Private Island, Kuredu, Komandoo, Lily Beach, Nala",,,
Prodivers Kuredu,"Kuredu Resort & Spa, Lhaviyani Atoll, Maldives",https://www.prodivers.com/kuredu-dive-centre-Maldives/,Kuredu Island,Lhaviyani Atoll,Maldives,South Asia, +960 662-0343 , kuredu@prodivers.com ,"Open Water Diver, Advanced Open Water Diver, Rescue Diver, Deep Diver, Wreck Diver, Night Diver, Underwater Navigator, Dry Suit Diver, Divemaster, Discover Scuba Diving, Junior Open Water Diver",,,Dive Resort,"Lhaviyani, South Ari, Hurawalhi Island, Jawakara Islands, Kudadoo Private Island, Kuredu, Komandoo, Lily Beach, Nala",,,
Punta Campanella Diving Sorrento,"Via Marina Grande 186, 80067 Sorrento, Italy",https://www.puntacampanelladiving.com/,Sorrento,Campania,Italy,Europe, +39 338 471 2360 , info@puntacampanelladiving.com ,"Open Water Diver, Open Water Scuba Diver, One Star Diver (★), Open Water 20, Advanced Adventurer, Two Star Diver (★★), Advanced 35, Stress & Rescue Diver, Three Star Diver (★★★), Enriched Air Nitrox, Divemaster, Advanced Nitrox, Deco Procedures, Trimix Diver, Junior Open Water Diver, Try Scuba / Intro Scuba, Introductory Scuba","Wetsuit, Regulator, Fins, Mask, BCD, Snorkel","Nitrox, Trimix",Dive Shop,"Scoglio Penna, Grotta dello Zaffiro, Grotta Isca, Vervece Rock, Punta Campanella, Baptism of the Sea, The Alicia Mirabilis, Bagni Regina Giovanna, Santa Croce Bank, Baia di Ieranto, Cala di Mitigliano, Li Galli, Amalfi coast, Faraglioni rocks, Punta Carena, Gallo Lungo, Rotonda, Castelluccia",,,
Subaia Campania Divers,"Via Lucullo, 51, 80070 Bacoli NA, Italy",https://www.subaia.com/,Naples,Campania,Italy,Europe,(+39)3335393675, info@subaia.com ,,,,Dive Shop,"Ninfeo di Claudio, Villa a Potiro, Terme di Lacus, Villa dei Pisone, Pilae dei Villa dei Pisoni, Portus Julius - Villa Repubblicana, Portus Julius - Via delle Colonne, Secca delle Fumose",,,
Punta Mita Expeditions,"Av. El Anclote 200, 63734 Corral del Risco, Nay., Mexico",https://puntamitaexpeditions.com/,Corral del Risco,Nay.,Mexico,North America, +52 329 291 6649 , Reservaciones@puntamitaexpeditions.com ,"Open Water Diver, Scuba Diver, Advanced Open Water Diver, Rescue Diver, Deep Diver, Enriched Air Nitrox, Wreck Diver, Night Diver, Underwater Navigator, Divemaster, Open Water Scuba Instructor, Master Scuba Diver Trainer, Course Director, Discover Scuba Diving, Junior Open Water Diver","Wetsuit, Regulator, Fins, Mask, BCD, Snorkel",Nitrox,Dive Shop,"Isla Las Animas, Los Arcos, Puerto Vallarta, Quimixto, Yelapa",,,
Pura Vida Divers,"2513 Beach Ct, Riviera Beach, FL 33404, United States",https://www.puravidadivers.com/,Riviera Beach,Florida,United States,North America, +1 561-840-8750 , navig@or.userAgent.match ,"Open Water Diver, Advanced Open Water Diver, Rescue Diver, Deep Diver, Wreck Diver, Enriched Air Nitrox, Night Diver, Underwater Navigator, Dry Suit Diver, Divemaster, Divemaster / Assistant Instructor, Open Water Scuba Instructor, Master Scuba Diver Trainer, Course Director, Discover Scuba Diving, Junior Open Water Diver","Regulator, Wetsuit, BCD, Hood, Drysuit, Dive Computer",Nitrox,Dive Shop,"Breakers, Singer Island Mitigation Reefs, Ocean Reef Park, Palm Beach Vicinity, Breaker’s Reef, North and South Turtle Mounds, The Statue, Fourth Windows, Elevator Shaft, Dive-O-Rama, Moray Alley, South Flower Gardens, Teardrop and Ron’s Rock, Bath and Tennis, Paul’s Reef, Playpen, 60’ Rock Piles, Juno Ledge, Northwest Double Ledges, Jolly Jacks, North Double Ledges, South Double Ledges, Cable Crossing, Lopadas, King Neptune Statue, Teardrop, The Danny, Governor’s Riverwalk, Princess Anne, Edsvag, Spearman’s Barge, Toybox and Playpen, Atlantis, Ballentine’s, Pink House",,,
Pure Diving Aruba,"Bucutiweg z/n, Oranjestad, Aruba",https://www.puredivingaruba.com/,Oranjestad,Aruba,Aruba,Caribbean, +297 561 1607 , dive@puredivingaruba.com ,"Open Water Diver, Advanced Open Water Diver, Advanced Adventurer, Rescue Diver, Stress & Rescue Diver, Deep Diver, Enriched Air Nitrox, Night Diver, Underwater Navigator, Discover Scuba Diving, Junior Open Water Diver","Wetsuit, Regulator, Fins, BCD, Dive Computer",Nitrox,Dive Shop,"Antilla Wreck, Cabez Reef, California Wreck, Debbie II Wreck, Jane Sea Wreck, Mangel Halto, Pedernales Wreck, Star Gerren, Tres Trapi, Tugboat, Airplanes, Kappel, Bali Barge, Topaz, Morningstar, Mi Dushi",,,
Quiescence Diving Services,"103680 Overseas Hwy, Key Largo, FL 33037, United States",https://www.keylargodiving.com/,Key Largo,Florida,United States,North America, +1 305-451-2440 , info@keylargodiving.com ,"Discover Scuba Diving, Scuba Diver, Open Water Diver, Advanced Open Water Diver, Rescue Diver, Enriched Air Nitrox, Divemaster, Open Water Scuba Instructor","Snorkel, Fins, Mask, BCD",Nitrox,Dive Shop,Key Largo,,,
Rédéris Plongée,"Place Méditerranée - Quai A - BP34, 66650 Banyuls-sur-Mer, France",https://www.rederis.com,Banyuls-sur-Mer,Occitanie,France,Europe,04 68 88 31 66, contact@rederis.com ,"Open Water Diver, Discover Scuba Diving, Junior Open Water Diver","Wetsuit, Regulator, Fins, Mask, BCD, Snorkel",,Dive Shop,"The Banana Tree, L'Astree, Saumur, The Saint Lucian, Cape Creus",,,
Ra Divers,"Volivoli Road, Suncoast, Fiji",https://volivoli.com/,Rakiraki,Western Division,Fiji,Pacific Islands, +679 992 0942 , res@volivoli.com ,"Open Water Diver, Scuba Diver, Advanced Open Water Diver, Advanced Scuba Diver, Rescue Diver, Enriched Air Nitrox, Divemaster, Divemaster / Assistant Instructor, Discover Scuba Diving, Junior Open Water Diver, Try Scuba / Intro Scuba","Wetsuit, Regulator, Fins, Mask, BCD, Drysuit, Hood, Boots, Snorkel, Dive Computer","Nitrox, Trimix",Dive Resort,"Heaven's Door, Fisherman's Rock, Blue Wall, Fantasy Dome, Neptune's Rhapsody, Golden Crown, Mani's Reef, Golden Dreams, Breath Taker, Dream Maker, Pinnacles, Bula Maker, Arches, The Maze, The Wedding Chapel, Cannibal Caves, Ovalau, Coral Garden, Bat Reef, Las World, Argentina, Chile, Wheatfields, Heartbreak Ridge, Vatu Express, Pandora's Box, Black Magic Mountain, Instant Replay, Pure Magic, Mellow Yellow, Mary's Maytag, Potluck, Garden of Eden, G-6, Purple Haze, Nasi Yalodina, Mount Mutiny, Cathedrals, E-6, Lata's Home, Dragon's Tale, Disney Land, Papuan Explorer, ANZAC, Three Sisters, Lost World, Why Not",,https://www.google.com/maps/d/viewer?mid=1KC-nmqx2GeTYj4spvfdZVzZFiBY&femb=1&ll=-17.287876168852968%2C178.537154402427&z=12,
Rainbow Reef Dive Center,"100 Ocean Dr, Key Largo, FL 33037, United States",https://www.rainbowreef.us/,Key Largo,Florida,United States,North America, +1 305-451-7171 , d@aLayer.push ,,,,Dive Shop,"City of Washington Wreck, Elbow Reef, Mike's Wreck, Train Wreck, The Fingers, Undersea Highway, South Lodges, Key Largo Northern Dry Rocks, The Horseshoe, Double North, Minnow Caves, North Dry Rocks, Christ of the Abyss & Grecian Rocks, Grecian Shallows, Banana Patch, Spiegel Grove, Benwood, French Reef, Outer Limits, Turtle Ledges, French Twist, Woody's, Christmas Tree Cave, Hardbottom Cave, Sand Bottom Cave, The Amphitheater, French Deep, Out of Bounds, Molasses Reef, North Star, Winch Hole, Molasses Deep North, Hole in the Wall, Aquarium, Eagle Ray Alley, Spanish Anchor, Molasses Deep South, Fire Coral Cave, Permit Ledges, USCG Bibb, USCG Duane, Pickles Reef, Pillar Coral, Pickle Barrel Wreck, Pickles Main, Pickles South, Conch Reef and Wall, Conch Pillars, Conch Horseshoe, PT's Ledge, Sand Island, Snapper Ledge",,https://www.rainbowreef.com/dive-locations-in-key-largo/,
Raja Ampat Biodiversity Resort,"Pantai Yenanas, Yenbeser, Waigeo Selatan, Raja Ampat Regency, West Papua 98482, Indonesia",https://www.rajaampatbiodiversity.com/,Waigeo/Kri area,Papua Barat Daya,Indonesia,Southeast Asia, +62 812-4881-3677 , info@rajaampatbiodiversity.com ,"Scuba Diver, Open Water Diver, Enriched Air Nitrox, Advanced Open Water Diver, Rescue Diver, Divemaster, Try Scuba / Intro Scuba, Advanced Adventurer","BCD, Regulator, Fins, Mask, Boots, Snorkel, Wetsuit",Nitrox,"Dive Shop, Dive Resort","The Cathedral, Kakatua Reef, Urai, The Passage, Arborek, Mayunep, Mangrove, Lalosi, Manta Sandy, West Mansuar, Kabui, Batu Lima, Andrea's Point, Francisco, Friwen Garden, Friwen Wall, Friwen Laut, Mioskun, Lao Lao, Mike's Point, Blue Magic, Ot Di Ma, Sardines Reef, Chicken Reef, Cross Over, Ransiwor, Koh, Cape Kri",,,
Ramon's Village Divers,"Coconut Drive, San Pedro, Ambergris Caye, Belize",https://ramons.com/scuba-diving/,San Pedro,Corozal District,Belize,Central America,601.649.1990, info@ramons.com ,"Open Water Diver, Open Water Scuba Diver, Scuba Diver, Discover Scuba Diving, Try Scuba / Intro Scuba, Introductory Scuba, Advanced Open Water Diver, Advanced Adventurer, Rescue Diver, Stress & Rescue Diver, Deep Diver, Enriched Air Nitrox, Wreck Diver, Night Diver, Underwater Navigator, Dry Suit Diver, Divemaster, Divemaster / Assistant Instructor, Open Water Scuba Instructor","Wetsuit, BCD, Regulator",Nitrox,Dive Resort,"Ambergris Caye, Belize Barrier Reef, Blue Hole, Lighthouse Reef Atoll, Turneffe Atoll",,,
Raptor Dive Boat,"1559 Spinnaker Dr # 108, Ventura, CA 93001, United States",https://www.raptordive.com/,Channel Islands Harbor,California,United States,North America, +1 805-650-7700 , staff@VenturaDive.com ,"Open Water Diver, Scuba Diver, Discover Scuba Diving, Try Scuba / Intro Scuba, Introductory Scuba, Advanced Open Water Diver, Advanced Adventurer, Rescue Diver, Deep Diver, Enriched Air Nitrox, Wreck Diver, Night Diver, Underwater Navigator, Dry Suit Diver, Divemaster",Drysuit,Nitrox,Dive Shop,"Channel Island - Anacapa, Channel Island - San Miguel Island, Channel Island - Santa Cruz Island",,,
Rasdhoo Atoll Divers,"Kuramathi Island Resort, Rasdhoo Atoll, Maldives",https://rasdhoodivers.com,Kuramathi,Alif Alif Atoll,Maldives,South Asia, +960 666-0145 , diveschool@kuramathi.com ,"Open Water Diver, Open Water Scuba Diver, Discover Scuba Diving, Try Scuba / Intro Scuba, Advanced Open Water Diver, Advanced Adventurer, Rescue Diver, Deep Diver, Night Diver, Underwater Navigator, Divemaster",,Nitrox,Dive Shop,"Manta Point, Rangali Madivaru (Manta), “Hammerhead” Shark Point, Rasdhoo Channel, North Channel, Rasdhoo, Fan Reef, Boduga",,,
Red Sail Sports,"38 Earth Close, West Bay Rd, Governors Square, Grand Cayman, Cayman Islands",https://www.redsailcayman.com/,Grand Cayman,George Town,Cayman Islands,Caribbean,1-877-506-6368, info@redsailcayman.com ,"Discover Scuba Diving, Try Scuba / Intro Scuba, Advanced Open Water Diver, Advanced Adventurer, Rescue Diver","Wetsuit, Regulator, Drysuit, Dive Computer, Mask, Fins, BCD, Snorkel",,Dive Shop,"Great Wall East, Great Wall West, Kittiwake,Grand Cayman",,,
Red Sail Sports Aruba,"J.E. Irausquin Blvd 348 A, Palm Beach, Aruba",https://www.aruba-redsail.com/,Palm Beach,Aruba,Aruba,Caribbean, +297 587 2619 , info@redsailaruba.com ,"Try Scuba / Intro Scuba, Open Water Diver, Scuba Diver, Wreck Diver, Advanced Adventurer, Stress & Rescue Diver, Deep Diver, Enriched Air Nitrox, Divemaster, Discover Scuba Diving, Introductory Scuba","Wetsuit, Regulator, Fins, Mask, BCD, Snorkel, Dive Computer",Nitrox,Dive Shop,Aruba,,,
Red Sea Diving College,"Sultana Building, Naama Bay, Sharm El Sheikh, South Sinai, Egypt",https://redseacollege.com/,Sharm El Sheikh,South Sinai,Egypt,Northern Africa, +20 12 84444772 , info@redseacollege.com ,,,Nitrox,"Liveaboard, Dive Shop","Abu Dabbab, Amphoras, Anemone City, Dunraven, Far Garden, Jackfish Alley, Middle Garden, Naama Bay, Near Garden, Ras Bob, Ras Ghamila, Ras Katy, Ras Mohammed, Ras Umm Sid, Ras Za’atar, SS Thistlegorm, Shark & Yolanda Reef, Shark Observatory, Straits of Tiran - Gordon, Straits of Tiran - Jackson, Straits of Tiran - Thomas, Straits of Tiran - Woodhouse, Temple, Tower, White Knights, Marsa Bareika, Ras Ghazlani, Ras Nasrani",,,
Red Sea Diving,"RSDS Offices: Marsa Shagra, Marsa Nakari & Wadi Lahami, Marsa Alam, Red Sea, Egypt",https://www.redsea-divingsafari.com/,Marsa Alam,Red Sea Governorate,Egypt,Northern Africa, +20 65 3380021 , reservations.ma@redsea-divingsafari.com ,"Open Water Diver, Enriched Air Nitrox, Advanced Adventurer, Rescue Diver, Discover Scuba Diving, Dry Suit Diver, Advanced Open Water Diver, Divemaster","Wetsuit, Regulator, Gloves, BCD, Drysuit, Hood, Fins, Mask, Snorkel, Boots",Nitrox,Dive Resort,"Elphinstone, Marsa Abu Dabbab, Marsa Egla, Marsa El Fokery, Marsa Shuni, Marsa Tondoba, Om Halhalla, Shaab Abu Dabbab 1, Shaab Marsa Alam, Shaab Samadai, Marsa Shagra House Reef, Marsa Nakari House Reef, Marsa Assalai, Long Canyon, Om Halhala, Shaab Nakari, Ras Samadai, Habili Nakari, Ras Tondoba, Habili Dori, Habili El Ghadeer, Shaab Sharm, Nakari's Om Halhala, Big Dory, Outer Range Excursion, South Garden, Erg El Ghadeer, Ras Bonny, Habili Gazella, Torfa House Reef, Habili Daisy, Shabrour South, Lahami North, Lahami South, Habili Bells, Abu Galawa, Habili Dominique, Shaab Iny, Shaab Mini, Bloemen, Shaab Claudia, Iron Garden, Maksour, Satayah Dolphin Reef, Shaab Malahi, Shaab Angel",,,
Reef 2000 Dive Club,"Safir Dahab Resort, Dahab, South Sinai, Egypt",https://reef2000diveclub.com/,Dahab,South Sinai Governorate,Egypt,Northern Africa, +20 11 47040105 , reef2000dahab@gmail.com ,"Open Water Diver, Advanced Adventurer, Advanced Open Water Diver, Wreck Diver, Deep Diver, Enriched Air Nitrox, Night Diver, Underwater Navigator, Dry Suit Diver, Marine Ecology, Divemaster, Divemaster / Assistant Instructor, Open Water Scuba Instructor, Try Scuba / Intro Scuba","BCD, Drysuit, Mask, Regulator",Nitrox,Dive Shop,"Blue Hole, Cave Reef, Gabr El Bint, Golden Blocks, Lighthouse, Moray Garden, Napoleon Reef, Ras Abu Galum, Ras Abu Helal, Ras Mohammed, SS Thistlegorm, Straits of Tiran - Gordon, Straits of Tiran - Jackson, Straits of Tiran - Thomas, Straits of Tiran - Woodhouse, The Canyon, The Islands, Mashraba, Eel Garden",,,
Reef Divers,"1128 Guy Banks Road, Little Cayman KY3-2501, Cayman Islands",https://littlecayman.com/scuba-diving/,Little Cayman,Sister Islands,Cayman Islands,Caribbean,727-323-8727, reservations@clearlycayman.com ,"Open Water Diver, Discover Scuba Diving, Advanced Open Water Diver, Rescue Diver, Deep Diver, Enriched Air Nitrox, Wreck Diver, Night Diver, Underwater Navigator, Dry Suit Diver, Divemaster","Wetsuit, Regulator, BCD, Hood, Mask, Drysuit",Nitrox,Dive Resort,"Bloody Bay Wall, Three Fathom Wall, Sarah’s Set, Bus Stop, Cumber’s Caves, Jackson’s Reef, Eagle Ray Roundup, The Meadows, Mike’s Mountain, Nancy’s Cup of Tea, Jackson Point, Point O’ Sand, Owen Island, Preston Bay, Marilyn’s Cut, Paradise Plunge, McCoy’s Wall, Lighthouse Wall, Patty’s Place, West Point, Gay’s Reef, Windsock Reef, Grundy’s Gardens, Soto Trader, Divers Delight, Splitsville, Disneyland, Coral City, Rock Bottom Wall, Snap Shot, The Bluff, Cascades, Blacktip Blvd, Jackson’s Bight, Paul’s Anchors, Crystal Palace Wall, Booby Pass, Penguin’s Leap, Sailfin Reef, Blacktip Tunnels, Lucas’s Ledges, Rockhouse Wall, Mixing Bowl, Donna’s Delight, Randy’s Gazebo, Great Wall East, Great Wall West, Lea Lea’s Lookout, Barracuda Bite, Coconut Wall, Joy’s Joy, Jigsaw Puzzle, Fisheye Fantasy, Sand Castle, Bush Gardens, Salt Rocks, Richard’s Reef, The Edge, Dynamite Drop-Off, Charlie’s Chimney, Pirate’s Point Reef, Black Hole, Harold’s Hole",,https://littlecayman.com/scuba-diving/dive-sites-and-map/,
Reef Encounter,"100 Abbott Street, Cairns QLD 4870, Australia",https://reefencounter.com.au/,Cairns CBD,QLD,Australia,Oceania, +61 7 4037 2700 , info@reefencounter.com.au ,"Open Water Diver, Scuba Diver, Open Water Scuba Diver, Discover Scuba Diving, Try Scuba / Intro Scuba, Introductory Scuba, Advanced Open Water Diver, Advanced Adventurer, Rescue Diver, Open Water 20, Deep Diver, Enriched Air Nitrox, Night Diver, Wreck Diver, Underwater Navigator, Divemaster, Advanced Nitrox, Trimix Diver","Snorkel, Regulator, BCD, Fins, Wetsuit, Mask",Nitrox,Liveaboard,"Breaking Patches, Hastings Reef, Norman Reef, Saxon Reef, Jorgensen Patch",,,
Reef Oasis Dive Club,"Hadabet Um El Sid, Sharm El Sheikh, South Sinai, Egypt",https://www.reefoasisdiveclub.com/,Hadabet Um El Sid,South Sinai Governorate,Egypt,Northern Africa, +20 10 61533391 , info@reefoasisdiveclub.com ,,"Wetsuit, Regulator, Fins, Mask, BCD, Dive Computer, Snorkel, Boots",Nitrox,"Liveaboard, Dive Shop","Abu Ghusun Wreck, Acuario, Angels' Camp, Angulas Paradise, Ann’s Paradise, Atlantic Princess Wreck, Bells to Blue Hole, Ben's Blue Hole, Canal Saona, Casa Estrella, Catalina Garden, Catalina Wall, Coral Garden, Dahab, Dominicus Reef, Dunraven, El Bajon, El Faro, Elphinstone, Far Garden, Gale's Grotto, Hamda, Kormoran, Lady of Lucaya, Marsa Abu Dabbab, Marsa Alam, Marsa Egla, Million Hope, Papa Doc Wreck, Park II, Parquera, Picasso Gallery, Plate Reef, Pygmy Caves, Ras Ghozlani, Ras Mohammed, Ras Nasrani, Ras Za’atar, Red Sea, Reef Caribe, SS Thistlegorm, Sea Star Wreck, Shaab Marsa Alam, Shaab Sataya, Shark & Yolanda Reef, Shark Arena, Shark Observatory, Sharks Alley, Sharm El Sheikh, Sha’ab Samadai (Dolphin House), St George Wreck, Straits of Tiran - Gordon, Straits of Tiran - Jackson, Straits of Tiran - Thomas, Straits of Tiran - Woodhouse, Temple, Theo's Wreck, Theo’s Wreck, Tiger Beach, Tortuga, Marsa Assalaya, Marsa Gabal El Rossas, Marsa Tondoba, Marsa Samadai, Marsa El Fokery",,,
Reef Safari,"Shangri-La Yanuca Island, Coral Coast, Fiji",https://www.reefsafaridivingfiji.com/reef-safari-at-shangri-la,Yanuca Island,Western Division,Fiji,Pacific Islands,679 8952091, shangrila@reefsafari.com ,"Open Water Diver, Advanced Open Water Diver, Rescue Diver, Deep Diver, Wreck Diver, Night Diver, Underwater Navigator, Divemaster, Open Water Scuba Instructor, Master Scuba Diver Trainer, Discover Scuba Diving, Junior Open Water Diver","Wetsuit, Regulator, Fins, Mask, BCD, Snorkel, Dive Computer",Nitrox,Dive Shop,"Barefoot Kuata, Barefoot Manta Island, Destination Diving, Shangri-La, South Sea Island",,,
Reef Seen Divers Resort,"Desa Pemuteran, Gerokgak, Pemuteran, Gerokgak, Singaraja, Bali 81155, Indonesia",https://www.reefseenbali.com/,Pemuteran,Bali,Indonesia,Southeast Asia, +62 812-3894-051 , chris@reefseenbali.com ,,"Snorkel, Mask, Fins",,Dive Resort,"Pemuteran Bay, Bio-Wreck, Close Encounters, Deep Reef, Fisherman Basket, Kebun Chris, Garden of the Gods, Middle Reef, Napoleon Reef, Temple Garden, TAMAN PURA (Underwater Temple Garden), PURA TEMBOK (Temple Wall), Peti Slopes, Mangrove, Anchor Wreck, Sandy Slopes, Coral Gardens, Temple Slopes, Eel Garden, Bat Caves, Cave Point",,https://reefseenbali.com/wp-content/uploads/2018/03/menjangan-600x374.jpg,
Riding Rock Resort,"Riding Rock Resort & Marina, San Salvador Island, Bahamas",https://ridingrock.com/,San Salvador,The Bahamas,Bahamas,Caribbean, +1 242-331-2631 , reservations@ridingrock.com ,"Open Water Diver, Advanced Open Water Diver, Rescue Diver, Night Diver, Divemaster, Discover Scuba Diving, Junior Open Water Diver","Wetsuit, Regulator, Mask, BCD, Snorkel",,Dive Resort,"Runway 10, RRI Wall, Stewport, Sand Castles, Telephone Pole, Grouper Gully, Vicky's Reef, Shangrila, Snapshot, Devil's Claw, Shark Alley, Hole in the Wall, Black Forest Double Caves, North Pole Cave, Great Cut, Orbit's Canyon, Sandy Point Cave, Dolittle's Grotto, La Crevasse",,https://ridingrock.com/wp-content/uploads/2020/04/riding-rock-dive-site-map-1.svg,
Roatan Aggressor,"Aggressor Adventures, 209 Hudson Trace, Augusta, GA 30907 USA",https://www.aggressor.com/destination/Roatan,Roatán,GA,Honduras,Central America,706-993-2531, roatan@aggressor.com ,"Open Water Diver, Advanced Open Water Diver, Rescue Diver, Deep Diver, Wreck Diver, Night Diver, Underwater Navigator, Dry Suit Diver, Divemaster, Open Water 20, Open Water Scuba Instructor, Master Scuba Diver Trainer, Course Director, Discover Scuba Diving, Junior Open Water Diver","Wetsuit, Regulator, Fins, Mask, BCD, Snorkel, Dive Computer",Nitrox,Liveaboard,"Black Rock Point, Cayos Cochinos - Pelican Point, El Aquila Wreck Dive, Forty Foot Point, Half Moon Bay Wall, Jack Neil Point, Mary’s Place, Roatán - Dolphin’s Den, Spooky Channel, Ted’s Point, The End, The Odyssey Wreck Dive, Utila - Duppy Waters, Valley of the Kings, Taviana, The Pinnacle, The Maze, Cannery Bank, Rock Star, Calvin's Crack, Pirate's Point, Mr. Buds, Coco's Sea Mount, Pelican Point, Toon Town",,,
Roatan Divers,"West End, Roatán, Bay Islands, Honduras",https://roatandivers.com/,West End,Bay Islands Department,Honduras,Central America, +504 9621-2726 , info@roatandivers.com ,"Try Scuba / Intro Scuba, Open Water Diver, Advanced Open Water Diver, Rescue Diver, Junior Open Water Diver, Deep Diver, Enriched Air Nitrox, Wreck Diver, Night Diver, Underwater Navigator, Dry Suit Diver","Wetsuit, Regulator, Fins, Mask, BCD, Snorkel, Dive Computer",Nitrox,Dive Shop,"McField’s Field, Tranquility Base, The Church, Angie’s, Papa Ron’s, Beach Bar, Training Site, Blue House, Cisneros Point, Kristi’s Cove, Cave East, The Cave, Boss Cave, Cave West, Aaron’s Backyard, Kate’s Key, Al’s Garden, Addie’s Garden, Four Amigos, Triple D, Sandra’s Grotto, Rhino’s Phorest, Salt Life Point, Janie’s Garden, Todd’s Last Dance, Dustin’s Dropoff, Marie’s Kitchen, Single Divers 2018, Michelle’s Smile, Marilyn’s Mystery, Bucca Quay, Weebo’s Way, Black Rock, Tommy’s Pit Stop, Snow 2, Snow 1, Dona Cleta, Willie’s Wonder, Mandy’s Garden, Joe Wagner’s Dew Drop, Boba’s Bommie, Temptation, Kaylee’s Daydream, Pop N Bubbles, Coral Reef, Chloe’s Coral, Single Divers 2022, Butcher’s Bank, Bill Perkins’ Peace, John Gow’s Gallows, Jack’s Place, Zoe’s Midnight, Jumpin’ Jack, Eddie’s Trifecta, Fun With Dick and Jane, Sondra’s Surprise, Cab’s Zen Garden, Tabyana’s, Manic Monday, Pubudu’s Playground, Puncher’s Paradise, Queen B, Deep Sea Quest, Fiasco in Paradise, Quarantine Buddies, Dorte’s Escape, Alice’s Wonderland, Rothschild’s Mistress, Madre Reef, Patti’s Paradise, Three Brothers, Shallow Sea Quest, Blue Moonshine, Kristen’s Crystal, Shallow Turtle Crossing, Luna’s Lair, Deep Turtle Crossing, Dara’s Dream, Patrick’s Stash, Chief’s Quarters, Inside Luna Beach, The Buck Stops Here, Mickey’s, Boris Moose & Squirrel, Blatt’s Bank, Bikini Bottom, The Bight, Chris Fisher, Inside Blue 1, Inside Blue 2, Inside Blue 3, Inside Blue 4, Mr. Bill’s Happy Place, Diane’s Dream, Haller Deep, Phillip’s Peace, Angus’ Aquarium, MB’s Wall, Ocean Groove, Shallow El Aquario, Shallow Snorkel, Saaya’s, Lighthouse, Moonlight, Dixie’s, Vern’s Dropoff, Cocobolo, Lara’s Rainbows, Glory to Ukraine, The Wife, Gerri’s Gem, Hole in the Wall, Rocktopus Reef, Rena’s Rollercoaster, Chloe Bean’s Canyon, Zig Zag, Happy Jack’s Wall, Fish Den, Happily Ever After, Dennis’ Dropoff, Rick’s Refuge, Lee’s One Love, Robin’s Nest, Melissa’s Reef, Overheat, Scuba Mermaids, Diane’s Delight, Green Outhouse, Schafftown, Pirate’s Dream, Pillar Coral, Drury’s Dilemma, Billy’s Happy Place, El Aguila, Dos Anguilas, Aguila, El Aguila Shallow, Rip’s Reef, Tommy’s Laugh, Summer’s Bliss, Barry’s Corner, William’s Playground, Conrad’s Cave, Canals Zen, Nelson’s Nest, Mack’s Wall, Zack’s Patch, Green Pearl, Hooker’s Hole, Baby Steinberg, Bear’s Den, Deep White Hole, Dragon’s Maze, White Hole, CJ’s Place, Dorothy’s Dance, Dylan’s Dive, Spooky Channel, Richard’s Realm, Uncle Jim’s Pool, Zambito’s Hideaway, Wrasse Hole, Barry’s Reef, Mr. Charlie’s Reef, Marsha’s Reef, Linda’s Lagoon, Chris’ Cove, Turtle Patch, Blue Lagoon, Sunrise Wall, Serpent’s Lair, Green Turtle Cave, Paradise Reef, Redfin Reef",,,
Rocio del Mar Liveaboard,"3796 E Boise Ave, Boise, ID 83706, United States",https://www.rociodelmarliveaboard.com/,Puerto Peñasco,Sonora,Mexico,North America, +1 602-558-9580 , dsandoval@rociodelmarliveaboard.com ,"Open Water Diver, Advanced Open Water Diver, Rescue Diver, Deep Diver, Wreck Diver, Night Diver, Underwater Navigator, Dry Suit Diver, Divemaster, Discover Scuba Diving, Junior Open Water Diver",,,Liveaboard,"Danzante Island, Fang Ming, Isla Cerralvo, Isla Espiritu Santo, Isla Las Animas, Islas Marietas, Los Islotes (Sea Lions), Midriff Islands, Revillagigedo Islands, Roca Partida, Salvatierra, San Francisco Reef, Sea of Cortez, Socorro Island, Isla San Benedicto",,,
Roctopus Dive,"17 Moo 1, Koh Tao, Ko Pha-ngan District, Surat Thani 84360, Thailand",https://www.roctopusdive.com/,Koh Tao,Surat Thani,Thailand,Southeast Asia, +66 99 470 4566 , info@roctopusdive.com ,"Open Water Diver, Advanced Open Water Diver, Rescue Diver, Deep Diver, Enriched Air Nitrox, Wreck Diver, Night Diver, Divemaster, Discover Scuba Diving, Junior Open Water Diver","Wetsuit, Regulator, Fins, Mask, BCD, Snorkel",Nitrox,Dive Shop,"Aow Leuk, Chumphon Pinnacle (Koh Tao), Green Rock, Hin Wong Pinnacle, Japanese Gardens, Mango Bay, Red Rock Pinnacle, Sail Rock, Shark Island, Southwest Pinnacle, Twins Pinnacle, White Rock",,,
Rodney Fox Shark Expeditions,"107 Henley Beach Road, Mile End SA 5031, Australia",https://rodneyfox.com.au/,Mile End,SA,Australia,Oceania,61 (0)8 8363 1788, expeditions@rodneyfox.com.au ,"Open Water Diver, Open Water Scuba Diver, Advanced Adventurer, Rescue Diver, Stress & Rescue Diver, Enriched Air Nitrox, Night Diver, Discover Scuba Diving, Junior Open Water Diver","Wetsuit, Regulator, Fins, Mask, BCD, Snorkel, Dive Computer",Nitrox,Liveaboard,Neptune Island,,,
Royal Evolution,"Hurghada New Marina, Building B6, Apt 202, P.O. Box 395, Hurghada, Red Sea, Egypt",https://royalevolution.com/,Hurghada,Red Sea Governorate,Egypt,Northern Africa,20 1221607326, info@royalevolution.com ,"Advanced Nitrox, Deco Procedures, Trimix Diver, Tech 1, Cave 1","Regulator, BCD, Dive Computer","Nitrox, Trimix",Liveaboard,"Brothers Islands, Daedalus Reef, Elba Reef, Elphinstone, Levanzo Wreck, Rocky Island, Sha’ab Rumi, St. John’s - Dangerous, St. John’s - Gota Soraya, St. John’s - Habili Ali, St. John’s - Paradise, Umbria Wreck, Zabargad Island - Turtle, Abington, Angarosh, Merlo Reef, Qita El Banaa, Shaab Jumna, Sanganeb Atoll, Dahret Abid, Habili Dahret Ghab, Habili Dahret Abid, Dahret Darraka",,,
S.E. Aruba Fly 'N Dive,"L.G. Smith Blvd 1A, Oranjestad, Aruba",https://se-aruba.com/,Oranjestad,Aruba,Aruba,Caribbean, +297 588 1150 , info@se-aruba.com ,"Open Water Diver, Open Water Scuba Diver, One Star Diver (★), Open Water 20, Advanced Adventurer, Two Star Diver (★★), Advanced 35, Stress & Rescue Diver, Three Star Diver (★★★), Enriched Air Nitrox, Divemaster, Advanced Nitrox, Deco Procedures, Trimix Diver, Junior Open Water Diver, Try Scuba / Intro Scuba, Introductory Scuba","Wetsuit, Regulator, Fins, Mask, BCD, Snorkel","Nitrox, Trimix",Dive Shop,"Aruba, Jane Sea Wreck, Sonesta,Garden Reef, Harley's Reef",,,
Sail Fish Scuba,"103100 Overseas Hwy #33, Key Largo, FL 33037, United States",https://sailfishscuba.com/,Key Largo,Florida,United States,North America, +1 305-453-3446 , info@sailfishscuba.com ,"Open Water Diver, Scuba Diver, Advanced Open Water Diver, Rescue Diver, Deep Diver, Enriched Air Nitrox, Wreck Diver, Night Diver, Underwater Navigator, Divemaster, Open Water Scuba Instructor, Master Scuba Diver Trainer, Course Director, Discover Scuba Diving, Junior Open Water Diver","Wetsuit, Regulator, Fins, Mask, BCD, Snorkel",Nitrox,Dive Shop,"Benwood, Christ of the Abyss (Dry Rocks), City of Washington Wreck, French, Grecian Rocks, Molasses, The Duane’s Sister Ship (USS Bibb area), USS Spiegel Grove,Hannah M. Bell",,,
Sairee Cottage Diving,"Sairee Beach, Koh Tao 84360, Thailand",https://www.saireecottagediving.com/,Koh Tao,Surat Thani,Thailand,Southeast Asia, +66 77 456 126 , info@saireecottagediving.com ,"Open Water Diver, Advanced Open Water Diver, Advanced Adventurer, Rescue Diver, Stress & Rescue Diver, Deep Diver, Enriched Air Nitrox, Night Diver, Underwater Navigator, Discover Scuba Diving, Junior Open Water Diver","Wetsuit, Regulator, Fins, BCD, Dive Computer",Nitrox,Dive Shop,"Ao Leuk, Chumphon Pinnacle, Green Rock, HTMS Sattakut (wreck), Hin Pee Wee, Japanese Gardens, Junkyard Reef, Koh Tao, Laem Thian, Lighthouse Bay, Mango Bay, Mao Bay, Pottery Pinnacle, Red Rock Pinnacle, Sairee Beach, Samran Pinnacle, Southwest Pinnacle, Tanote Bay, Twins Pinnacle, White Rock, Sai Daeng, Thian Og Bay, Ao Hin Wong Bay",,,
Salento Diving,"Porto Turistico di Santa Maria di Leuca, Molo A - 73040 Castrignano del Capo, Italy",https://www.salentodiving.it,Santa Maria di Leuca,Puglia,Italy,Europe, +39 320 559 2904 , info@salentodiving.it ,"Discover Scuba Diving, Scuba Diver, Open Water Diver, Advanced Open Water Diver, Rescue Diver, Enriched Air Nitrox, Divemaster, Open Water Scuba Instructor","Snorkel, Fins, Mask, BCD",Nitrox,Dive Shop,"Relitto Tevfik Captan 1, II Canalone, IONIO, Grotta delle Ombrine, Grotta del Ciolo, I Cannoni, Parete Rossa, La Cattedrale, Grotta del Soffio e Ortocupo, Peschereccio Greco, Terradico, Batman, Punta Meliso Madonna dei Due Mari, Secca Banco della Scala, Secca del Pisello",,https://cdn.regiondo.net/media/catalog/product/b/i/big-ticket-image-654aa9fdc5c0b599516991-cropped600-400.jpg,
Salt Cay Divers,"Deane's Dock, Salt Cay North District, Turks & Caicos TKCA 1ZZ",https://saltcaydivers.com/,Turks & Caicos,Turks Islands,Turks and Caicos,Caribbean, +1 888-348-3824 , info@saltcaydivers.com ,"Open Water Diver, Scuba Diver, Advanced Open Water Diver, Rescue Diver, Deep Diver, Enriched Air Nitrox, Wreck Diver, Night Diver, Underwater Navigator, Divemaster, Divemaster / Assistant Instructor, Open Water Scuba Instructor, Master Scuba Diver Trainer, Course Director, Discover Scuba Diving, Junior Open Water Diver, Try Scuba / Intro Scuba","Wetsuit, Regulator, Fins, Mask, BCD, Snorkel, Dive Computer",Nitrox,Dive Shop,"Endymion Wreck, Black Coral Canyon, Kelly’s Folley, Kelly’s Annex, Northwest Drop-Off, Point Pleasant, Powerhouse, Rookery, Shark Point Canyon, Three Pillars, Turtle Gardens, Wanderlust",,,
Salty Endeavors Cozumel Scuba,"65 Avenue 1380, entre Calle 21 y 23, Independencia, 77600 Cozumel, Quintana Roo, Mexico",https://cozumelscuba.com/,Cozumel,Quintana Roo,Mexico,North America, +52 987 119 3731 , letsgodiving@saltyendeavors.com ,"Open Water Diver, Discover Scuba Diving, Junior Open Water Diver","Wetsuit, Regulator, Fins, Mask, BCD, Snorkel",,Dive Shop,"Barracuda, Cantarel Sand Reef, Chen Rio, Chun Chacaab Reef, Columbia Deep, Devil’s Throat, El Islote, El Mirador, La Francesa Reef, Las Palmas Reef, Los Atolones, Maracaibo Reef, Palancar, Palancar Caves, Palancar Gardens, Palancar Horseshoe, Paraíso Reef (Cozumel), Paso del Cedral Reef, Playa Bosh, Punta Dalila, Punta Morena, Punta Sur, Punta Sur Reef, Punta Tunich Wall, San Francisco Reef, San Juan Reef, Santa Rosa Wall, Tormentos Reef, Wreck C-53, Yucab Reef (Cozumel), Molas Shallow, Villa Blanca, Chankanaab Shallow Reef, Chankanaab Bolones Reef",,https://i0.wp.com/cozumelscuba.com/wp-content/uploads/divesites.jpg?w=885&ssl=1,
San Diego Scuba Guide,"1160 Coast Blvd La Jolla, CA, 92037",https://www.sandiegoscubaguide.com/,San Diego,California,United States,North America,(858) 397-8213, davor@sandiegoscubaguide.com ,"Open Water Diver, Scuba Diver, Advanced Open Water Diver, Advanced Scuba Diver, Rescue Diver, Enriched Air Nitrox, Divemaster, Divemaster / Assistant Instructor, Discover Scuba Diving, Junior Open Water Diver, Try Scuba / Intro Scuba","Wetsuit, Regulator, Fins, Mask, BCD, Drysuit, Hood, Boots, Snorkel, Dive Computer","Nitrox, Trimix",Dive Shop,"Catalina Island, La Jolla Cove, La Jolla Shores",,,
Sanary Plongée,"2 Quai Wilson, 83110 Sanary-sur-Mer",https://sanaryplongee.com,Sanary-sur-Mer,Provence-Alpes-Côte d'Azur,France,Europe, +33 6 28 05 24 57 , contact@sanary-plongee.com ,"Scuba Diver, Discover Scuba Diving, Open Water Diver, Advanced Open Water Diver, Rescue Diver, Junior Open Water Diver, Deep Diver, Enriched Air Nitrox, Wreck Diver, Night Diver, Underwater Navigator, Marine Ecology, Divemaster, Divemaster / Assistant Instructor, Open Water Scuba Instructor, Master Scuba Diver Trainer, Course Director","BCD, Regulator, Snorkel","Hydrox, Nitrox",Dive Shop,"La Pilotine, La Vierge, La Balise, Gameou, Barracan, Grand Moure, Levant, Rousteau, Les Tables, Les Grottes, Le Sec d’Alon, L’Île Rousse, Bandor, Portissol, La Pierre à Mérou, La Reinette, Les Magnons, La Classique, La Sèche de Guémaud, La Pierre à Christian, La Murène, L’Arroyo, La Vallée aux Gorgones, La Merveilleuse, La Carotte, Punta de la Mona, Le P38",,https://sanaryplongee.com/wp-content/uploads/2024/04/Sites-de-plongee-sanary.gif,
Sand Dollar Sports,"Carr. Costera Sur KM 3.2, 77675 Cozumel, Quintana Roo, Mexico",https://www.sanddollarsports.com/,Cozumel,Quintana Roo,Mexico,North America, +52 987 876 1452 , info@sanddollarsports.com ,,,,Dive Shop,"Cedral Wall, Chankanaab, La Francesa, Las Palmas Reef, Palancar Reef, Paraíso Reef (Cozumel), Paso del Cedral Reef, Punta Tunich Wall, San Clemente, San Francisco Wall (Cozumel), Santa Rosa, The C53 Wreck, Tormentos Reef, Villa Blanca Wall, Yucab",,,
Sau Bay Resort & Spa,"Sau Bay, Vanua Levu, Fiji",https://www.fijidiveresort.net/,Sau Bay,Northern Division,Fiji,Pacific Islands, +679 603 1003 , info@divesaubay.com ,"Scuba Diver, Open Water Diver, Enriched Air Nitrox, Advanced Open Water Diver, Rescue Diver, Divemaster, Try Scuba / Intro Scuba, Advanced Adventurer","BCD, Regulator, Fins, Mask, Boots, Snorkel, Wetsuit",Nitrox,Dive Resort,"Great White Wall, Cabbage Patch, Barracuda Hole, Yellow Tunnel, The Ledge, Rainbow Passage A, Sam's Point, Carl Street, Rainbow Passage B, Jerry's Jelly, Fish Factory, Nuku Reef, Wise's Place, Potluck, Jack's Place, Mini White Wall, Annie's Bommie, The Corner, Fingers (Purple Wall), Midwest, The Zoo, Sau Bay Sanctuary, Pandora",,,
Sayulita Entourage,"C. Miramar 20, Centro, 63734 Sayulita, Nay., Mexico",https://www.sayulitaentourage.com/dive-center,Sayulita,Nay.,Mexico,North America, +52 322 191 1066 , info@sayulitaentourage.com ,"Open Water Diver, Open Water Scuba Diver, Scuba Diver, Discover Scuba Diving, Try Scuba / Intro Scuba, Introductory Scuba, Advanced Open Water Diver, Advanced Adventurer, Rescue Diver, Stress & Rescue Diver, Deep Diver, Enriched Air Nitrox, Wreck Diver, Night Diver, Underwater Navigator, Dry Suit Diver, Divemaster, Divemaster / Assistant Instructor, Open Water Scuba Instructor","Wetsuit, BCD, Regulator",Nitrox,Dive Shop,"El Morro, Islas Marietas, Los Arcos, Los Anegados, La Corbeteña, El Chimo, El Malinal",,,
Chang Diving Center,"21/52 Moo 4, Klong Prao Beach, Ko Chang District, Trat 23170, Thailand",https://changdiving.com/,Koh Chang,Trat,Thailand,Southeast Asia,+66 (0) 894-013-927, info@changdiving.com ,"Open Water Diver, Scuba Diver, Discover Scuba Diving, Try Scuba / Intro Scuba, Introductory Scuba, Advanced Open Water Diver, Advanced Adventurer, Rescue Diver, Deep Diver, Enriched Air Nitrox, Wreck Diver, Night Diver, Underwater Navigator, Dry Suit Diver, Divemaster",Drysuit,Nitrox,Dive Shop,"Anemone, Blueberry Hill, HTMS Chang, Hin Luk Bath, Hin Rap North, Hin Rap South, Hin Sam Sao, King Cruiser Wreck, Koh Chang, Koh Doc Mai, Koh Klum, Koh Kood, Koh Kuak Maa, Koh Lao Klang, Koh Maak, Koh Ngam, Koh Nok Nai, Koh Nok Nok, Koh Rang, Koh Wai, Koh Yak, Koh Yuak, Racha Noi Island, Racha Yai Island, Shark Point (Hin Musang), Kata Beach",,,
Scuba Cancun,"Kukulcán Blvd. Km 5, Zona Hotelera, Cancún, Quintana Roo, Mexico",https://www.scubacancun.com.mx/,Cancún,Quintana Roo,Mexico,North America, +52 998 849 5226 , info@scubacancun.com.mx ,"Discover Scuba Diving, Try Scuba / Intro Scuba, Advanced Open Water Diver, Advanced Adventurer, Rescue Diver","Wetsuit, Regulator, Drysuit, Dive Computer, Mask, Fins, BCD, Snorkel",,Dive Shop,"Cancun, Cenote Chac Mool, Chikin Ha Cenote, Columbia, Dos Ojos Cenote, El Eden (Ponderosa) Cenote, MUSA Underwater Museum, Palancar, Paraíso Reef (Cozumel), Santa Rosa, Tajma Ha (Taj - Mahal) Cenote",,,
Scuba Center,"5015 Penn Ave S, Minneapolis, MN 55419, United States",https://www.scubacenter.com/,Bloomington,Minnesota,United States,North America, +1 612-925-4818 , eagan@scubacenter.com ,"Try Scuba / Intro Scuba, Open Water Diver, Scuba Diver, Wreck Diver, Advanced Adventurer, Stress & Rescue Diver, Deep Diver, Enriched Air Nitrox, Divemaster, Discover Scuba Diving, Introductory Scuba","Wetsuit, Regulator, Fins, Mask, BCD, Snorkel, Dive Computer",Nitrox,Dive Shop,"Destination Diving, Lake Superior - Madeira Wreck, Lake Wazee, Perch Lake, Square Lake, Cuyuna Country State, Lake Ore-be-gone, Lake Owen",,,
Scuba Center Asia,"Jalan Mushroom Beach Nusa Lembongan, Jungutbatu, Kec. Nusa Penida, Kabupaten Klungkung, Bali 80771, Indonesia",https://www.scubacenterasia.com/,Nusa Penida,Bali,Indonesia,Southeast Asia, +62 822-4748-4788 , info@scubacenterasia.com ,,,Nitrox,Dive Shop,"Batu Abah, Blue Corner, Ceningan Wall, Crystal Bay, Gamat Bay, Karang Sari, Lembongan, Malibu Point, Mangrove Point, Manta Bays, Nusa Penida, Pura mas gading, Sampalan, Sekolah Dasar, Semaya, Sental, South Manta Point, Suana, Toyapakeh",,,
Scuba Center Temecula,"28860 Old Town Front St A9, Temecula, CA 92590",https://www.scubatemecula.com/,Temecula,California,United States,North America, +1 951-506-0252 , info@scubatemecula.com ,"Open Water Diver, Open Water Scuba Diver, Discover Scuba Diving, Try Scuba / Intro Scuba, Advanced Open Water Diver, Advanced Adventurer, Rescue Diver, Divemaster, Wreck Diver, Deep Diver","Wetsuit, Regulator, Fins, Mask, BCD, Boots, Snorkel",Nitrox,Dive Shop,Destination Diving,,No dive sites listed,
Scuba Divers Aruba,"Bubali #112 J, Noord, Aruba",https://scubadiversaruba.com/,Noord,Aruba,Aruba,Caribbean, +297 593 3920 , info@scubadiversaruba.com ,"Open Water Diver, Enriched Air Nitrox, Advanced Adventurer, Rescue Diver, Discover Scuba Diving, Dry Suit Diver, Advanced Open Water Diver, Divemaster","Wetsuit, Regulator, Gloves, BCD, Drysuit, Hood, Fins, Mask, Snorkel, Boots",Nitrox,Dive Shop,"California Wreck, Blue Reef, Arashi Airplane, Malmok Reef, Antilla Wreck, Debbie Wreck, Star Gerren, Pedernales, Harbor Reef, Pilot Boat Wreck, Pinnacles Reef, Sponge Reef, Airplanes DC-3 & S-11, Dantchi's Delight, Kantil Reef, Skalahein, Barcadera Reef, Captain's Choice, Plonco Reef, Jane Sea Wreck, Gino's Choice, De Palm Slope, Spanish Lagoon Reef, The Finger, Mike's Reef, Mangel Halto Reef, Isla de Oro Reef, Santo Largo, Commandeurs Reef, Lago Reef, Indian Head, The Cross, Baby Beach Reef, Santana Reef, Six Sisters, Cabez Reef, Natural Bridge",,https://scubadiversaruba.com/?page_id=683,
Scuba Du,"F278+VP, 77688 Cozumel, Quintana Roo, Mexico",https://www.scubadu.com/,Cozumel,Quintana Roo,Mexico,North America, +52 987 872 9505 , scubadu@usa.net ,"Open Water Diver, Advanced Adventurer, Advanced Open Water Diver, Wreck Diver, Deep Diver, Enriched Air Nitrox, Night Diver, Underwater Navigator, Dry Suit Diver, Marine Ecology, Divemaster, Divemaster / Assistant Instructor, Open Water Scuba Instructor, Try Scuba / Intro Scuba","BCD, Drysuit, Mask, Regulator",Nitrox,Dive Shop,"Cedral Wall, Chankanaab, Colombia Shallows, Cozumel, La Francesa, Palancar Briks, Palancar Caves, Palancar Gardens, Palancar Horseshoe, Paradise, Paso del Cedral, Punta Dalila, Punta Sur, Punta Tunich Wall, San Clemente, San Francisco Reef, Santa Rosa Shallow, Santa Rosa Wall, Tormentos Reef, Yucab, Santa Rosa Shallow, Cedral Wall, Palancar Gardens, Palancar Briks, Columbia Deep, Cathedral",,,
Scuba Froggy Lombok,"Jl. Raya Senggigi No.km 5, Senggigi, Kec. Batu Layar, Kabupaten Lombok Barat, Nusa Tenggara Bar. 83355, Indonesia",https://scubafroggy.com/,Kuta Lombok,Nusa Tenggara Bar.,Indonesia,Southeast Asia, +62 878-1633-5000 , contact@scubafroggy.com ,"Open Water Diver, Discover Scuba Diving, Advanced Open Water Diver, Rescue Diver, Deep Diver, Enriched Air Nitrox, Wreck Diver, Night Diver, Underwater Navigator, Dry Suit Diver, Divemaster","Wetsuit, Regulator, BCD, Hood, Mask, Drysuit",Nitrox,Dive Shop,"Air Wall, Bio Rock, Bounty Wreck, Coral Garden, Deep Turbo, Halik, Meno Slope, Meno Wall, Secret Garden, Shark Point, The Cathedral,Kuta, Gerupuk, Tampah, Belongas, Gerupuk Slope, Gerupuk coral garden, Mawun slope, Are Guling, Mawun Inside, JJR, Gili Sarang, Blue Hole",,https://www.scubafroggy.com/dive-spots/,
Scuba Fusion Dive Center,"1210 S El Camino Real, San Mateo, CA 94402",https://www.scubafusion.com/,San Mateo,California,United States,North America, +1 650-212-3483 , dive@scubafusion.com ,"Open Water Diver, Scuba Diver, Open Water Scuba Diver, Discover Scuba Diving, Try Scuba / Intro Scuba, Introductory Scuba, Advanced Open Water Diver, Advanced Adventurer, Rescue Diver, Open Water 20, Deep Diver, Enriched Air Nitrox, Night Diver, Wreck Diver, Underwater Navigator, Divemaster, Advanced Nitrox, Trimix Diver","Snorkel, Regulator, BCD, Fins, Wetsuit, Mask",Nitrox,Dive Shop,"Bonaire Island, Monterey Bay",,,
Scuba Junkie Komodo,"Komodo Beach Resort, Warloka, Flores, NTT, Indonesia",https://scubajunkiekomodo.com/,Labuan Bajo,Nusa Tenggara Tim.,Indonesia,Southeast Asia, +62 821-3790-8161 , komodo@scubajunkie.com ,"Open Water Diver, Scuba Diver, Open Water Scuba Diver, Discover Scuba Diving, Try Scuba / Intro Scuba, Introductory Scuba, Advanced Open Water Diver, Advanced Adventurer, Rescue Diver, Deep Diver, Enriched Air Nitrox, Night Diver, Underwater Navigator, Divemaster, Divemaster / Assistant Instructor","Wetsuit, Regulator, Fins, Mask, BCD, Snorkel",Nitrox,"Liveaboard, Dive Resort","Batu Bolong, Castle Rock, China Shop, Crystal Bay, Crystal Rock, Gindang, Golden Passage, Karang Makassar (Manta Alley), Lonely Tree, Mawan, Pengah, Pillarsteen, Sebayur Kecil, Secret Garden, Shark Point, Tatawa Besar, Tatawa Kecil, The Cauldron (Shotgun), Three Sisters, Wainilu, Witches Hat,Padar Bay",,,
Scuba Junkie Penida,"Jln Raya Toyapakeh-Ped, Banjar Nyuh Desa Ped Nusa Penida, Klungkung Nusa, Penida, Ped, Kec. Nusa Penida, Kabupaten Klungkung, Bali 80771, Indonesia",https://scubajunkiepenida.com/,Nusa Penida,Bali,Indonesia,Southeast Asia, +62 811-3907-078 , info@scubajunkiepenida.com ,,"Wetsuit, Regulator, Fins, Mask, BCD, Dive Computer, Snorkel, Boots",Nitrox,"Dive Shop, Dive Resort","Batu Nunggul, Blue Corner, Buyuk, Ceningan Wall, Crystal Bay, East Manta Point, Gamat Bay, Karang Sari, Komodo, Labyrinth, Lembongan, Malibu Point, Mangrove Point, Manta Bays, Manta Point, PED, Pura mas gading, Sekolah Dasar, Semaya, Sental, Suana, Toyapakeh",,,
Scuba Junkie Sipadan,"Scuba Junkie, Block B, Lot 36, 91308 Semporna, Sabah, Malaysia",https://www.scuba-junkie.com/,Semporna,Sabah,Malaysia,Southeast Asia,(+60)89785372, sipadan@scubajunkie.com ,,,,"Dive Shop, Dive Resort","Barracuda Point, Sipadan Drop - Off, Coral Garden, Turtle Cave, West Ridge, White-Tip Avenue, Hanging Garden, Mid Reef, Lobster Lair, Turtle Patch, Staghorn Crest, South Point, Nudi Point, Yellow Garden, Tino's Paradise, Froggies, Paradise, Sea Ventures, SWV, Artificial Reef, Trunk Garden, Coral Hills, Navy Marker, Panglima Reef, Night Point, Crazy Channel, Lobster Wall, Stingray City, Eel Garden, Ribbon Valley, Awas, Kets Goby Land, Nudi Branchia, Lonely Reef, Twin Reef, Twin Peak, Mantis Ground, Great Wall, Maid Reef, Ken's Reef, House Reef, Mandarin Garden, Lobster Rock, Cleaning Station, Gurnard Ground, Little Okinava, Black Ray Channel, Blue Spotted Garden, Lost World, Kapalai Rock, Mimic Ground, Ray City, Treasure Chest, Meditation Wall, Police Jetty",,,
Scuba Junkie Sangalaki,"Scuba Junkie Sangalaki, Water Bungalow Dive Resort, Derawan Island, Kalimantan, Indonesia.",https://www.scubajunkiesangalaki.com/,Derawan Island,East Kalimantan,Indonesia,Southeast Asia,, sangalaki@scubajunkie.com ,,,,"Dive Shop, Dive Resort","Manta Run, Manta Parade, Manta Avenue, Manta Mania, Eel Ridge, Lighthouse Reef, Coral Heaven, Turtle Town, The Corner, Jellyfish Lake, Sponge Bob, Drift, Kakabanana, Blue Light Cave, Pelatak Run, Old Pier, Trigger Wall, Ship Wreck, Macro Mania, Rabbit Fish City, Shark Point, Snapper Point, Light House, Gorgonzola, Divers Delight, Turtle Parade, East Wall, Channel, Fantasy Wall, Fusilier Paradise, Last Sand, Sponge Reef, Maratua Reef, Turtle Traffic, Tanjung Keramat, Batu Selatan",,,
Scuba Junkie Kota Kinabalu,"G27, Ground floor, Wisma Sabah, Kota Kinabalu, 88000, Sabah, Malaysia",https://www.scubajunkiekk.com/,Kota Kinabalu,Sabah,Malaysia,Southeast Asia,(+60)88602091, kk@scubajunkie.com ,,,,Dive Shop,"Mt. Sayang, Agill Reef, Gaya Garden, Clement Reef, Ribbon Reef North, Ribbon Reef South, Extension, Fan Corner, Wheel House, Sapi Slope, Edgel Patch North, Edgel Patch South, Edgel Patch Small, Land Slide North, Land Slide West, Manukan Reef, North Reef, South Sulug, Bulidong Bay, Police Bay, Merangis Reef, Ev Garden, Sapi, Turtle House, Beach Reef, Sapi Reef, Nudi Garden, Ron's Reef, Gps Point, Mangrove Corner, Manukan Slope, Manukan, The Rock, Midreef, Black Coral Reef, Midreef Wreck, Mamutik North, Mamutik, Mamutik East, The Tyres, Sulug, South Reef, Sulug Reef, Gaya East Reef, Macro Corner, Padang Point",,,
Scuba Libre,"Calle 4 Nte Manzana 3 entre 5a avenida y zona federal maritima, Centro, 77710 Playa del Carmen, Quintana Roo, Mexico",https://www.scubalibre.com.mx/,Playa del Carmen,Quintana Roo,Mexico,North America, +52 984 803 2671 , info@scubalibre.fi ,"Open Water Diver, Advanced Open Water Diver, Rescue Diver, Deep Diver, Wreck Diver, Night Diver, Underwater Navigator, Divemaster, Open Water Scuba Instructor, Master Scuba Diver Trainer, Discover Scuba Diving, Junior Open Water Diver","Wetsuit, Regulator, Fins, Mask, BCD, Snorkel, Dive Computer",Nitrox,Dive Shop,"Angelita Cenote, Barracuda, Carwash (Aktun Ha) Cenote, Cenote Chac Mool, Cenote Maravilla, Cenote Zapote (Hell’s Bells), Cenotes, Cerebros, Chikin Ha Cenote, Chun Zumbul, Cozumel, Dos Ojos Cenote, Jardines, Los Arcos, Mama Viña (Wreck), Moc-che, Moc-che Deep, Punta Venado, Sabalos, The Pit (El Pit) Cenote, Tortuga, Tortugas, Tulum, Yucatan Peninsula",,,
Scuba Life Cozumel,"Marina Fonatur, Carr. Costera Sur km 6, Zona Hotelera Sur, 77688 Cozumel, Quintana Roo, Mexico",https://scubalifecozumel.com/,Cozumel,Quintana Roo,Mexico,North America, +1 210-940-1671 , info@scubalifecozumel.com ,,"Snorkel, Mask, Fins",,Dive Shop,"Barracuda, Chun Chacaab Reef, Columbia, La Francesa Reef, Las Palmas Reef, Maracaibo Reef, Palancar, Palancar Caves, Palancar Horseshoe, Palancar Wall (Cozumel), Paraíso Reef (Cozumel), Paso del Cedral Reef, Playa del Carmen, Punta Dalila, Punta Sur, Punta Tunich Wall, San Francisco Wall (Cozumel), San Juan, Santa Rosa Wall, Tormentos Reef, Villa Blanca Wall, Yucab",*****,https://scubalifecozumel.com/cozumel-dive-sites/,
Scuba Mau,"Carr. Costera Sur Km 4.5, Zona hotelera sur, 77600 Cozumel, Quintana Roo, Mexico",https://scubamau.com/,Cozumel,Quintana Roo,Mexico,North America, +52 987 141 8878 , info@scubamau.com ,"Open Water Diver, Advanced Open Water Diver, Rescue Diver, Night Diver, Divemaster, Discover Scuba Diving, Junior Open Water Diver","Wetsuit, Regulator, Mask, BCD, Snorkel",,Dive Shop,Cozumel,,,
Scuba Playa,"C. 10 Nte. entre 1a y Quinta Avenida, Centro, 77710 Playa del Carmen, Quintana Roo, Mexico",https://www.scubaplaya.com/,Playa del Carmen,Quintana Roo,Mexico,North America, +52 984 803 3123 , info@scubaplaya.com ,"Try Scuba / Intro Scuba, Open Water Diver, Advanced Open Water Diver, Rescue Diver, Junior Open Water Diver, Deep Diver, Enriched Air Nitrox, Wreck Diver, Night Diver, Underwater Navigator, Dry Suit Diver","Wetsuit, Regulator, Fins, Mask, BCD, Snorkel, Dive Computer",Nitrox,Dive Shop,"Barracuda, Cenotes, Cerebros, Chun Zumbul, Cozumel, El Cofre, El Esfuerzo, Inah, Jardines, Jolanda’s Reef, La Mancha Chica, La Mancha Grande, Los Arcos, Mama Viña (Wreck), Moc-Che, Moc-che Deep, Punta Maroma, Punta Venaditos, Punta Venados, Riviera Maya Cenotes, Shangri-La, Tortuga, Xcalacoco",,,
Scuba Schools of America & Swim,"4420 Holt Blvd, Montclair, CA 91763, United States",https://www.scubaschoolsofamerica.com/,Upland,California,United States,North America, +1 909-621-4171 , https://scubadiversaruba.com/?page_id=209 ,"Advanced Nitrox, Deco Procedures, Trimix Diver, Tech 1, Cave 1","Regulator, BCD, Dive Computer","Nitrox, Trimix",Dive Shop,Destination Diving,,Primarily Dive equipment and classes,
Scuba Shack Cozumel,"Carretera Costera Sur KM 3.5, Between Park Royal and Casa del Mar Hotels, 77675 Cozumel, Quintana Roo, Mexico",https://scubashackcoz.com/,Cozumel,Quintana Roo,Mexico,North America, +52 987 872 4240 , roberta@scubashackcoz.com ,"Open Water Diver, Open Water Scuba Diver, One Star Diver (★), Open Water 20, Advanced Adventurer, Two Star Diver (★★), Advanced 35, Stress & Rescue Diver, Three Star Diver (★★★), Enriched Air Nitrox, Divemaster, Advanced Nitrox, Deco Procedures, Trimix Diver, Junior Open Water Diver, Try Scuba / Intro Scuba, Introductory Scuba","Wetsuit, Regulator, Fins, Mask, BCD, Snorkel","Nitrox, Trimix",Dive Resort,"Barracuda Reef, San Juan Reef, Cantarel Sand Reef, Villa Blanca Wall, Paradise Reef, Las Palmas Reef, Chankanaab Reef, Tormentos Reef, Yucab Reef, San Francisco Reef, Santa Rosa Wall, Paso del Cedral Reef, La Francesa Reef, Palancar Reef, Columbia Reef, Punta Sur Reef, Chun Chacaab Reef, Maracaibo Reef, Chen Rio, Playa Bosh, El Islote, Wreck C-53, Punta Tunich Wall, Cardona, Punta Dalila, El Mirador, Punta Morena, Los Atolones",,https://scubashackcoz.com/wp-content/uploads/2017/02/Cozumel-Reef-Map.png,
Scuba Shack Diving Cape Town,"16 Corfu Ave, Capri, Cape Town, 7975, South Africa",https://scubashack.co.za/,Capri,WC,South Africa,Southern Africa,072 567 9457, bookings@scubashack.co.za ,"Open Water Diver, Scuba Diver, Advanced Open Water Diver, Rescue Diver, Deep Diver, Enriched Air Nitrox, Wreck Diver, Night Diver, Underwater Navigator, Divemaster, Open Water Scuba Instructor, Master Scuba Diver Trainer, Course Director, Discover Scuba Diving, Junior Open Water Diver","Wetsuit, Regulator, Fins, Mask, BCD, Snorkel",Nitrox,Dive Shop,"Whittle Rock, The Lusitania (1911), The Clan Stuart (1914), Smitswinkel Bay, Smits Reef, SAS Pietermaritzburg (1994), Roman Rock, Pyramid Rock, Partridge Point, Outer Castle, Castle Rock, Boat Rock, Batsata Rock, A-Frame, Vulcan Rock, The Steps, The Oakburn (1906), The Maori (1909), The Boss 400, The Antipolis (1977), Stonehenge, Katzu Maru and Aster, Nick’s Caves, Het Huis te Kraaienstjin, Duiker (Seal) Island, Coral Gardens",,,
Scuba Shack Koh Tao,"15/1 Moo 1, Sairee Beach, Koh Tao 84360, Thailand",https://scubashackkohtao.com/,Koh Tao,Surat Thani,Thailand,Southeast Asia, +66 84 344 7846 , stefandivekohtao@gmail.com ,"Open Water Diver, Advanced Open Water Diver, Rescue Diver, Deep Diver, Wreck Diver, Enriched Air Nitrox, Night Diver, Underwater Navigator, Dry Suit Diver, Divemaster, Divemaster / Assistant Instructor, Open Water Scuba Instructor, Master Scuba Diver Trainer, Course Director, Discover Scuba Diving, Junior Open Water Diver","Regulator, Wetsuit, BCD, Hood, Drysuit, Dive Computer",Nitrox,Dive Shop,"Aow Leuk, Chumphon Pinnacle, Japanese Gardens, Mango Bay, Southwest Pinnacle, Twins Pinnacle",,,
Scuba St. Lucia,"Anse Chastanet Resort, Soufriere, St. Lucia",https://scubastlucia.com,Soufri√®re,Soufrière,Saint Lucia,Caribbean, +1 758-459-7755 , scuba@ansechastanet.com ,"Open Water Diver, Advanced Open Water Diver, Advanced Adventurer, Rescue Diver, Stress & Rescue Diver, Deep Diver, Enriched Air Nitrox, Night Diver, Underwater Navigator, Discover Scuba Diving, Junior Open Water Diver","Wetsuit, Regulator, Fins, BCD, Dive Computer",Nitrox,Dive Resort,"Anse Chastanet, Coral Gardens, Fairyland, Grand Caille, Lesleen M Wreck, Pinnacles, Superman’s Flight, Tou Diable, Turtle, Piton Wall, Anse La Raye Wall, Anse Couchon, Jalousie",,,
Scuba Steve's Diving,"Harmony Marina Suites, Flamboyant Dr, Rodney Bay, St. Lucia",https://www.scubastevesdiving.com,Rodney Bay,Gros Islet,Saint Lucia,Caribbean, +1 758-450-9433 , info@lsdscuba.com ,"Discover Scuba Diving, Scuba Diver, Open Water Diver, Advanced Open Water Diver, Rescue Diver, Enriched Air Nitrox, Divemaster, Open Water Scuba Instructor","Snorkel, Fins, Mask, BCD",Nitrox,Dive Shop,"Lesleen M Wreck, Saint Lucia",,Features dive sites St Lucia map with no names... Review - also redirects to divesaintlucia.com,
Scuba Total Cancun,"Blvd. Kukulcan km 16,2, Zona Hotelera, 77500 Cancún, Quintana Roo, Mexico",https://www.scubatotal.com/,Cancún,Quintana Roo,Mexico,North America, +52 998 131 3571 , info@scubatotal.com ,"Open Water Diver, Scuba Diver, Advanced Open Water Diver, Rescue Diver, Deep Diver, Enriched Air Nitrox, Wreck Diver, Night Diver, Underwater Navigator, Divemaster, Divemaster / Assistant Instructor, Open Water Scuba Instructor, Master Scuba Diver Trainer, Course Director, Discover Scuba Diving, Junior Open Water Diver, Try Scuba / Intro Scuba","Wetsuit, Regulator, Fins, Mask, BCD, Snorkel, Dive Computer",Nitrox,Dive Shop,"Columbia, El Túnel, Grampín, La Herradura, MUSA Underwater Museum, Manchones, Palancar, Punta Negra, San Francisco Wall (Cozumel), San Miguel, Santa Rosa Wall (Cozumel), Yucab, La Iglesia, San Toribio, Cuevas de Afuera, Chitales, Santo Remedio, C-55 Barrera, C-58 Anaya, Riviera Maya Cenotes,Punta Sur,Maracaibo",,,
Scuba with Alison,"Fonatur Marina, F29C+5V San Miguel de Cozumel, Quintana Roo, Mexico Costera Sur Km. 6.5m, Hotelera Sur, 77675 Cozumel, Quintana Roo, Mexico",https://www.scubawithalison.com/,Cozumel,Quintana Roo,Mexico,North America, +1 409-203-7998 , alison@scubawithalison.com ,"Open Water Diver, Discover Scuba Diving, Junior Open Water Diver","Wetsuit, Regulator, Fins, Mask, BCD, Snorkel",,Dive Shop,Cozumel,,,
Scuba World Divers,"KM 49 Hurghada-Safaga Road, Mövenpick Waterpark Resort & Spa, Soma Bay, Egypt",https://www.scubaworlddivers.com/soma-bay,Soma Bay,Red Sea Governorate,Egypt,Northern Africa,+20 10 95933811, info@scubaworlddivers.com ,"Open Water Diver, Scuba Diver, Advanced Open Water Diver, Advanced Scuba Diver, Rescue Diver, Enriched Air Nitrox, Divemaster, Divemaster / Assistant Instructor, Discover Scuba Diving, Junior Open Water Diver, Try Scuba / Intro Scuba","Wetsuit, Regulator, Fins, Mask, BCD, Drysuit, Hood, Boots, Snorkel, Dive Computer","Nitrox, Trimix",Dive Shop,"Abu Soma Garden, Middle Reef, Panorama Reef, Ras Abu Soma, Salem Express, Shaab Sheer, Tobia Arbaa, Tobia Hamra, Tobia Kebir,Abu Kifan,Tobia Al Saghaira,Gamul Al Saghir,Gamul Al Kabeir",,,
Scubacao Diving Adventures,"41 A Nijmegenstraat, Willemstad, Curaçao",https://scubacao.com/,Curaçao,Curaçao,Curaçao,Caribbean, +599 9 523 8581 , info@scubacao.com ,"Scuba Diver, Discover Scuba Diving, Open Water Diver, Advanced Open Water Diver, Rescue Diver, Junior Open Water Diver, Deep Diver, Enriched Air Nitrox, Wreck Diver, Night Diver, Underwater Navigator, Marine Ecology, Divemaster, Divemaster / Assistant Instructor, Open Water Scuba Instructor, Master Scuba Diver Trainer, Course Director","BCD, Regulator, Snorkel","Hydrox, Nitrox",Dive Shop,"Marie Pampoen, Atlantis, Car Pile at Marie Pampoen, Tugboat, Director´s Bay, Caracasbaai, Double Reef, Superior Producer, Fisherman´s Wharf, Barracuda Point, Turtle Rock, Jan Thiel, Divers Leap, Kokomo, Snake Bay (Playa Wachi), Santa Martha Bay (Sunset Waters), Porto Marie, Daibooi, Cas Abao, Lagun Beach, Jeremy, Grote Knip, Playa Forti, Playa Piskado / Playa Grandi, Alice in Wonderland, Mushroom Forest, I Love Curaçao Sign Viewpoint, Watamula Reef, Playa Guepi, Blue Room, Eastpoint, Klein Curaçao, Flamingo Habitat / Jan Kok, Flamingo Habitat / Sint Michiel, Christoffel National Park, Punda, Otrobanda, Fort Beekenburg, Quarantine House, Mistral Curaçao, Olas y Copas, Hofi Cas Cora, La Boheme Curaçao, Sol Food at Sunshine Getaway Curaçao",,,
ScubaCaribe,"Av. Xaman-Ha Mz 9 y 10 Lt 1 Fase II Solidaridad, Playacar, 77710 Playa del Carmen, Quintana Roo, Mexico",https://www.scubacaribe.com/diving/,Playa del Carmen,Quintana Roo,Mexico,North America, +52 984 803 2938 , fonts.gst@ic.com ,,,,Dive Shop,"Wreck C-56, Punta Maroma, Cerebros, The Arch, Captain Laffite, Green Wall, Moc-Che, Moc-che Deep, Pargo Cave, Chun Zumbul, Shangri-La, Jardines, Bull Shark Point, Esfuerzo, Sabalos, Barracuda, Tortuga, Mama Viña, Inah, Punta Venado, Islotes",,https://www.scubacaribe.com/wp-content/uploads/2024/05/Mexico-PDC-Dive-Site-Map-1-scaled.jpg,
ScubaCo Diving & Travel,"32 Harvey Street, Umkomaas, Durban, 4170, South Africa",https://www.scubaco.co.za/,Umkomaas,KZN,South Africa,Southern Africa, +27 79 779 4242 , info@scubaco.co.za ,"Scuba Diver, Open Water Diver, Enriched Air Nitrox, Advanced Open Water Diver, Rescue Diver, Divemaster, Try Scuba / Intro Scuba, Advanced Adventurer","BCD, Regulator, Fins, Mask, Boots, Snorkel, Wetsuit",Nitrox,Dive Shop,"Aliwal Shoal, North Sands & South Sands, Raggie Cave,Chunnel,Northern Pinnacles,The Produce,The Nebo",,,
ScubaFun,"Calle Principal 28, Bayahibe, La Romana, Dominican Republic",https://www.scubafun.info/,Bayahibe,La Altagracia,Dominican Republic,Caribbean, +1 809-330-5982 , info@scubafun.info ,"Open Water Diver, Open Water Scuba Diver, Scuba Diver, Discover Scuba Diving, Try Scuba / Intro Scuba, Introductory Scuba, Advanced Open Water Diver, Advanced Adventurer, Rescue Diver, Stress & Rescue Diver, Deep Diver, Enriched Air Nitrox, Wreck Diver, Night Diver, Underwater Navigator, Dry Suit Diver, Divemaster, Divemaster / Assistant Instructor, Open Water Scuba Instructor","Wetsuit, BCD, Regulator",Nitrox,Dive Shop,"Atlantic Princess Wreck, Catalina Wall, El Chicho, Guaraguao, Penon, Saona Island, St George Wreck,Viva Shallow,Coco Reef,Coco Wreck,Mama Reef,Piki Reef",,,
Scubaspa Indonesia,"Scubaspa Global Operations FZCO, Dubai Digital Park, Dubai Silicon Oasis, UAE",https://www.scubaspa-indonesia.com/,Malé,Bali,Maldives,South Asia, +971 58 549 6555 , sales@scubaspa.com ,"Open Water Diver, Scuba Diver, Discover Scuba Diving, Try Scuba / Intro Scuba, Introductory Scuba, Advanced Open Water Diver, Advanced Adventurer, Rescue Diver, Deep Diver, Enriched Air Nitrox, Wreck Diver, Night Diver, Underwater Navigator, Dry Suit Diver, Divemaster",Drysuit,Nitrox,Liveaboard,"Castle Rock, Crystal Rock, Dampier Strait, Komodo, Misool, Raja Ampat, The Cauldron (Shotgun), Triton Bay, Yellow Wall,Gam Island,Mansuar,Maluku Islands",,,
Scubaspa Maldives,"Scubaspa Global Operations FZCO, Dubai Digital Park, Dubai Silicon Oasis, UAE",https://scubaspa.com/maldives,Malé,Malé,Maldives,South Asia,971 58 549 6555, sales@scubaspa.com ,"Open Water Diver, Open Water Scuba Diver, Discover Scuba Diving, Try Scuba / Intro Scuba, Advanced Open Water Diver, Advanced Adventurer, Rescue Diver, Deep Diver, Night Diver, Underwater Navigator, Divemaster",,Nitrox,Dive Shop,"Banana Reef (Gaathugiri), Kudhimaa Wreck, North Ari, North Male, South Ari, South Male, Vaavu",,,
ScubaTech Grenada,"Calabash Hotel, Lance aux Epines, St. George's, Grenada",https://scubawestindies.com/,L'Anse aux Epines,Saint George,Grenada,Caribbean, +1 473-405-0577 , info@scubawestindies.com ,"Discover Scuba Diving, Try Scuba / Intro Scuba, Advanced Open Water Diver, Advanced Adventurer, Rescue Diver","Wetsuit, Regulator, Drysuit, Dive Computer, Mask, Fins, BCD, Snorkel",,Dive Shop,"Grenada, Flamingo Bay, Happy Valley, Dragon Bay, Underwater Sculpture Park, Buccaneer, Hildur, Northern Exposure, Veronica L., Upper Boss Reef, Lower Boss Reef, Quater Wreck, Shakem, Moonshine, Bianca C., Wibbles, Purple Rain, Red Reef, Shark Reef, Hema, King Mitch, Persia, Snapper Grand",,https://scubawestindies.com/wp-content/uploads/2023/10/2023-08-28-0849-2-2.png,
Scubatech of Northwest Florida,"301 Harbor Blvd. Hwy, Destin, FL 32541, United States",https://scubatechnwfl.com/,Destin,Florida,United States,North America, +1 850-837-2822 , scubatechdestin@scubatechdestin.com ,"Try Scuba / Intro Scuba, Open Water Diver, Scuba Diver, Wreck Diver, Advanced Adventurer, Stress & Rescue Diver, Deep Diver, Enriched Air Nitrox, Divemaster, Discover Scuba Diving, Introductory Scuba","Wetsuit, Regulator, Fins, Mask, BCD, Snorkel, Dive Computer",Nitrox,Dive Shop,"Destin Jetties, Destin , Miss Louise Tugboat, Walton Beach",,,
ScubaTony,"Carrefera Costerce sur k m Interior Marina Fonatur, Zona Hotelera Nte., 77688 Cozumel, Quintana Roo, Mexico",https://scubatony.com/,Cozumel,Quintana Roo,Mexico,North America, +52 00000000 , info@scubatony.com ,,,Nitrox,Dive Shop,Cozumel,,,
Sea Bees Diving,"1/3 Moo 9, Viset Road, Chalong, Phuket 83130, Thailand",https://www.sea-bees.com/,Phuket,Phuket,Thailand,Southeast Asia, +66 81 270 8817 , info@sea-bees.com ,"Open Water Diver, Advanced Adventurer, Advanced Open Water Diver, Wreck Diver, Deep Diver, Enriched Air Nitrox, Night Diver, Underwater Navigator, Dry Suit Diver, Marine Ecology, Divemaster, Divemaster / Assistant Instructor, Open Water Scuba Instructor, Try Scuba / Intro Scuba","BCD, Drysuit, Mask, Regulator",Nitrox,"Liveaboard, Dive Shop","Anemone, Christmas Point, Khao Na Yak, King Cruiser Wreck, Koh Bida Nai, Koh Bida Nok, Koh Bon, Koh Doc Mai, Koh Tachai Pinnacle, North Point, Phi Phi Islands, Racha Noi Island, Racha Yai Island, Richelieu Rock, Similan Islands, Similan National Park, West of Eden,Loh Samah Bay,Palong Wall,Nai Yang,Sirinat National Park",,,
Sea Dragon Dive Center,"5/51 Moo 7, Khuk Khak, Takua Pa, Phang Nga 82220, Thailand",https://www.seadragondivecenter.com/,Khao Lak,Chang Wat Phang-nga,Thailand,Southeast Asia, +66 83 176 5873 , info@seadragondivecenter.com ,"Open Water Diver, Scuba Diver, Open Water Scuba Diver, Discover Scuba Diving, Try Scuba / Intro Scuba, Introductory Scuba, Advanced Open Water Diver, Advanced Adventurer, Rescue Diver, Open Water 20, Deep Diver, Enriched Air Nitrox, Night Diver, Wreck Diver, Underwater Navigator, Divemaster, Advanced Nitrox, Trimix Diver","Snorkel, Regulator, BCD, Fins, Wetsuit, Mask",Nitrox,"Liveaboard, Dive Shop","Similan Islands, Similan National Park,Khao Na Yak,Bangsak Wreck",,,
Sea Dwellers Dive Center,"105 Laguna Ave E5, Key Largo, FL 33037, United States",https://www.seadwellers.com/,Key Largo,Florida,United States,North America, +1 305-451-3640 , inkyocto@seadwellers.com ,"Open Water Diver, Scuba Diver, Open Water Scuba Diver, Discover Scuba Diving, Try Scuba / Intro Scuba, Introductory Scuba, Advanced Open Water Diver, Advanced Adventurer, Rescue Diver, Deep Diver, Enriched Air Nitrox, Night Diver, Underwater Navigator, Divemaster, Divemaster / Assistant Instructor","Wetsuit, Regulator, Fins, Mask, BCD, Snorkel",Nitrox,Dive Shop,"Christ of the Abyss (Dry Rocks), Florida Keys, Molasses,John Pennekamp Coral Reef State Park",,,
Sea Experience,"801 Seabreeze Blvd, Fort Lauderdale, FL 33316, United States",https://seaexperience.com/,Fort Lauderdale,Florida,United States,North America, +1 954-770-3483 , info@seaxp.com ,,"Wetsuit, Regulator, Fins, Mask, BCD, Dive Computer, Snorkel, Boots",Nitrox,Dive Resort,"Tracy (Ken Vitale), Hog Heaven, Mercedes, Captain Dan, Robert Edminster, Jim Atria, Jay Scutti, Peter B. McAllister, Donal G. McAllister, Rebel, Tenneco Towers, Pride, Merci Jesus, Houseboat, Miss Dania Beach, Ebenezer II, Copenhagen, Hammerhead Reef, Willie’s Way Reef, Sunrise Ledge Reef, Fisher’s Pedestal Reef, Oakland Ridges Reef, The Caves Reef, Barracuda Reef, Twin Ledges Reef, Hall of Fame Reef, Pompano Ledge Reef",,,
Sea Fun Divers,"c/o Le Méridien Phuket Beach Resort, 29 Soi Karon Nui, Karon, Mueang Phuket District, Phuket 83100, Thailand",https://www.seafundivers.com/,Phuket,Phuket,Thailand,Southeast Asia,66 81 367 4542, info@seafundivers.com ,"Open Water Diver, Advanced Open Water Diver, Rescue Diver, Deep Diver, Wreck Diver, Night Diver, Underwater Navigator, Divemaster, Open Water Scuba Instructor, Master Scuba Diver Trainer, Discover Scuba Diving, Junior Open Water Diver","Wetsuit, Regulator, Fins, Mask, BCD, Snorkel, Dive Computer",Nitrox,Dive Shop,"Destination Diving, King Cruiser Wreck, Koh Bida Nok, Koh Doc Mai, Koh Phi Phi Ley, Racha Noi Island, Racha Yai Island, Shark Point (Hin Musang)",,,
Sea Rovers,"Unnamed Road, Culoort, Co. Donegal, Ireland",https://searovers.net/,Singaraja,Bali,Indonesia,Southeast Asia,62-811-3857118, dive@searovers.net ,,"Snorkel, Mask, Fins",,Dive Shop,"Mucky Mosque, Pemuteran Bay, Puri Jati, Secret Bay (Gilimanuk)",,,
Sea Saba Dive Center,"Lambert Hassell Road #10, Windwardside, Saba",https://www.seasaba.com,Windwardside,Caribbean Netherlands,Saba,Caribbean, +599 416 2246 , office@seasaba.com ,"Open Water Diver, Advanced Open Water Diver, Rescue Diver, Night Diver, Divemaster, Discover Scuba Diving, Junior Open Water Diver","Wetsuit, Regulator, Mask, BCD, Snorkel",,Dive Shop,"Mt. Michel, Third Encounter, Twilight Zone, Outer Limits, Shark Shoals, Diamond Rock, Man O'War Shoals, Otto Limits, Torrens Point, Saba Coral Nursery, Customs House, Porites Point, Babylon, Ladder Labyrinth, 50/50, Hot Springs, Rays 'n' Anchors, Tedran Wall, Tent Reef Wall, Tent Reef, Tent Reef Shallow, Tent Reef Deep, Mooring / Muck Dive, Greer Gut, Big Rock Market, Big Rock Deep, Hole in the Corner, David's Dropoff, Core Gut, Cove Bay, Green Island",,,
Sea Safari Cruises,"Jl. Raya Pelabuhan Benoa No.102b, Pedungan, Denpasar Selatan, Kota Denpasar, Bali 80222, Indonesia",https://www.seasafaricruises.com/,Denpasar,Bali,Indonesia,Southeast Asia, +62 361 721212 , info@seasafaricruises.com ,"Open Water Diver, Advanced Open Water Diver, Rescue Diver, Deep Diver, Wreck Diver, Night Diver, Underwater Navigator, Dry Suit Diver, Divemaster, Open Water 20, Open Water Scuba Instructor, Master Scuba Diver Trainer, Course Director, Discover Scuba Diving, Junior Open Water Diver","Wetsuit, Regulator, Fins, Mask, BCD, Snorkel, Dive Computer",Nitrox,Liveaboard,"Alor, Banda Sea, Komodo, Raja Ampat, Labuan Bajo, Wakatobi, Morotai, Sumbawa, South Halmahera",,,
Sea Sports Belize,"83 North Front Street, Belize City, Belize",https://www.seasportsbelize.com/,Belize City,Belize District,Belize,Central America, +501 223-5505 , reservations@seasportsbelize.com ,"Try Scuba / Intro Scuba, Open Water Diver, Advanced Open Water Diver, Rescue Diver, Junior Open Water Diver, Deep Diver, Enriched Air Nitrox, Wreck Diver, Night Diver, Underwater Navigator, Dry Suit Diver","Wetsuit, Regulator, Fins, Mask, BCD, Snorkel, Dive Computer",Nitrox,Dive Shop,"Belize Barrier Reef, Blue Hole, George’s Cay, Glover’s Reef Atoll - Long Caye Wall, Half Moon Caye Wall, Lighthouse Reef Atoll, Shark Ray Alley, Turneffe Atoll",,,
Sea Stallion Scuba Outfitters,"21098 Bake Pkwy # 108, Lake Forest, CA 92630",https://www.seastallion.com/,Lake Forest,California,United States,North America, +1 949-699-3600 , info@seastallion.com ,"Open Water Diver, Advanced Open Water Diver, Rescue Diver, Deep Diver, Wreck Diver, Night Diver, Underwater Navigator, Dry Suit Diver, Divemaster, Discover Scuba Diving, Junior Open Water Diver",,,Dive Shop,"Crescent Bay (Seal Rock), Destination Diving, La Jolla Cove, La Jolla Shores, Point Dume, Scripps Canyon (La Jolla), Shaw’s Cove, Leo Carrillo, Veteran's Park, Malaga Cove, Old Marineland, Cleo Street, Foss 125",,,
Sea Star Diving,"Happy Park, Thulusdhoo, North Malé 08040, Maldives",http://www.seastarsdiving.com,Thulusdhoo,Kaafu Atoll,Maldives,South Asia,+960 783-2179, seastarsdiving@gmail.com ,"Open Water Diver, Advanced Open Water Diver, Rescue Diver, Deep Diver, Enriched Air Nitrox, Wreck Diver, Night Diver, Divemaster, Discover Scuba Diving, Junior Open Water Diver","Wetsuit, Regulator, Fins, Mask, BCD, Snorkel",Nitrox,Dive Resort,"Kani Beyru, Palm Reef, Faana Faru, Mas Faru, Colosseum, Kahanbu Faru, Zig Zag, Chicken Channel, Randhaa Reef, Asdhoo Wreck, Coral Nursery, Thulusdhoo Channel, Aquarium, Chicken Corner, Big Sister, Bodu Giri, Kuda Giri, Banner Reef, Kani Front, Abaa Rock, Dolphin Reef, Anemone Garden, HP Reef, Nassimo Thila, Pasta Reef, Lankan, Himmafushi Corner, Noo Faru, Lhohi Faru, Prisca Head, Prisca Corner, One Palm, Hook Reef",,https://seastarsdiving.com/dive-sites,
Sea Turtle Divers Khao Lak,"Sea Turtle Divers 57/12 Moo 5 Khuk Khak, Takua Pa District, Phang Nga 82220, Thailand",https://www.seaturtledivers.com/,Khao Lak,Phang Nga,Thailand,Southeast Asia, +66 86 127 7794 , www.se@urtledivers.com ,"Open Water Diver, Open Water Scuba Diver, Advanced Adventurer, Rescue Diver, Stress & Rescue Diver, Enriched Air Nitrox, Night Diver, Discover Scuba Diving, Junior Open Water Diver","Wetsuit, Regulator, Fins, Mask, BCD, Snorkel, Dive Computer",Nitrox,Dive Shop,"Anemone Reef, King Cruiser Wreck, Koh Bida Nok, Koh Bon, Koh Tachai Pinnacle, Phi Phi Islands, Racha Noi Island, Racha Yai Island, Richelieu Rock, Shark Point (Hin Musang), Similan Islands, Surin Islands",,,
Seafari Dive Center,"262 Mike Shopping Mall, Pattaya 2nd Road, Nong Prue, Bang Lamung, Chonburi 20150, Thailand",https://www.seafari.co.th/,Pattaya,Chon Buri,Thailand,Southeast Asia, +66 38 429 060 , diving@seafari.co.th ,"Advanced Nitrox, Deco Procedures, Trimix Diver, Tech 1, Cave 1","Regulator, BCD, Dive Computer","Nitrox, Trimix",Dive Shop,"T94 / T95 Patrol Boats, SS Suddhadib – Hardeep Wreck, HTMS Kut (Khood) Wreck, HTMS Khram Wreck, HTMS Mataphon Wreck, Bremen / Kaeo Samud Wreck, Koh Rin (Pattaya Far Islands), The Hardeep Wreck (Samae San Marine Park), Hin Yai Pinnacle (Sattahip Region), Chumphon Pinnacle (Koh Tao), HTMS Chang (Koh Chang – Trat), Sail Rock (Koh Tao / Koh Samui), Shark Fin Rock / Lek Bet (Samae San Marine Park), Koh Man Wichai (Pattaya Far Islands), Koh Sak (Pattaya Near Islands), Koh Khrok (Pattaya Near Islands)",,,
Seahorse Dive Shop,"Main Street, Placencia Village, Stann Creek, Belize",https://belizescuba.com/,Placencia,Stann Creek District,Belize,Central America, +501 523-3166 , seahorsedive@gmail.com ,"Open Water Diver, Open Water Scuba Diver, One Star Diver (★), Open Water 20, Advanced Adventurer, Two Star Diver (★★), Advanced 35, Stress & Rescue Diver, Three Star Diver (★★★), Enriched Air Nitrox, Divemaster, Advanced Nitrox, Deco Procedures, Trimix Diver, Junior Open Water Diver, Try Scuba / Intro Scuba, Introductory Scuba","Wetsuit, Regulator, Fins, Mask, BCD, Snorkel","Nitrox, Trimix",Dive Shop,"Blue Hole, Glover’s Reef Atoll - Long Caye Wall, Laughing Bird, Silk Caye, South Water Caye, The Shark Hole, Moho Caye",,https://belizescuba.com/wp-content/uploads/2017/10/placencia-map-small.jpg,
Seals Watersports,"2112 Armory Dr, Santa Rosa, CA 95401",https://www.sealswatersports.com/,Santa Rosa,California,United States,North America, +1 707-542-3100 , fun@sealswatersports.com ,"Open Water Diver, Scuba Diver, Advanced Open Water Diver, Rescue Diver, Deep Diver, Enriched Air Nitrox, Wreck Diver, Night Diver, Underwater Navigator, Divemaster, Open Water Scuba Instructor, Master Scuba Diver Trainer, Course Director, Discover Scuba Diving, Junior Open Water Diver","Wetsuit, Regulator, Fins, Mask, BCD, Snorkel",Nitrox,Dive Shop,"Casper Cove, Destination Diving",,,
SeaPro Divers,"Calle Marcio Veloz Maggiolo, Punta Cana 23000, Dominican Republic",https://seaprodivers.com/,Punta Cana,La Altagracia,Dominican Republic,Caribbean, +1 809-754-3632 , info@seaprodivers.com ,"Open Water Diver, Advanced Open Water Diver, Rescue Diver, Deep Diver, Wreck Diver, Enriched Air Nitrox, Night Diver, Underwater Navigator, Dry Suit Diver, Divemaster, Divemaster / Assistant Instructor, Open Water Scuba Instructor, Master Scuba Diver Trainer, Course Director, Discover Scuba Diving, Junior Open Water Diver","Regulator, Wetsuit, BCD, Hood, Drysuit, Dive Computer",Nitrox,Dive Shop,"Catalina Wall, Puntilla, Larimar, Ray Point, 3 Rocks, Coral Garden, Astron Shipwreck, Rondana, Batato, Cavernas, Cuevitas, Park Reef, The Submarine, El Niño, Monica Wreck, Ancla, Saona Island",,,
Seasport Divers,"2827 Poipu Rd, Poipu, HI 96756, United States",https://seasportdivers.com/,Poipu,Hawaii,United States,North America, +1 808-742-9303 , info@seasportdivers.com ,"Open Water Diver, Advanced Open Water Diver, Advanced Adventurer, Rescue Diver, Stress & Rescue Diver, Deep Diver, Enriched Air Nitrox, Night Diver, Underwater Navigator, Discover Scuba Diving, Junior Open Water Diver","Wetsuit, Regulator, Fins, BCD, Dive Computer",Nitrox,Dive Shop,"Koloa Landing, Niihau",,,
Seattle Dive Tours,"4217 SW Admiral Wy, Seattle, WA 98116, United States",https://www.seattledivetours.com/,Seattle,Washington,United States,North America, +1 206-265-0006 , tours@seattledivetours.com ,"Discover Scuba Diving, Scuba Diver, Open Water Diver, Advanced Open Water Diver, Rescue Diver, Enriched Air Nitrox, Divemaster, Open Water Scuba Instructor","Snorkel, Fins, Mask, BCD",Nitrox,Dive Shop,"Edmonds Underwater Park, Saltwater State Park, Seacrest Cove, Redondo Beach, Three Tree Point, Alki Beach Junkyard, Sund Rock Marine Preserve, Rockaway Beach, KVI Tower, Barges at Maury Island, Dalco Wall, Sunrise County Park, Point Richmond Minesweeper, Point Defiance North Wall, Point Defiance West Wall, East Side Tacoma Narrows, West Stanchion Tacoma Narrows, Day Island Wall, Z’s Reef, Fox Island East Wall, Elephant wall, Flagpole Point",,,
Seawolf Safari,"Old Sheraton Street, Sekalla, Hurghada, Red Sea, Egypt",https://www.seawolf-safari.de/,Hurghada,Red Sea Governorate,Egypt,Northern Africa,20 12 27 46 1076 , info@seawolf-diving.de ,"Open Water Diver, Discover Scuba Diving, Junior Open Water Diver","Wetsuit, Regulator, Fins, Mask, BCD, Snorkel",,Liveaboard,"Abington Reef, Abu Dabab, Abu Galawa Kebir, Abu Galawa Soraya, Abu Kafan, Abu Nuhas / Carnatic, Abu Nuhas / Chrisoula K, Abu Nuhas / Giannis D, Aida, Angarosh, Barra Musa Kebir, Big Brother Island, Blue Hole, Bluff Point, Canyon, Careless Reef, Cave Reef, Daedalus, Dahra Wadi Gimal, Dahrat Abid, Dahrat Ghab, Dangerous Reef, Darraka, Dunraven, Elba Reef, Elphinstone, Erg Abu Diab, Fasna Abu Fendera, Gordon Reef, Gota Eden, Gota Wahed / Etnein Abu Fendera, Habili Ali, Habili Jafar, Habili Qab Isa, Habili Radr, Habili Seil Ada, Hindi Gider, Jackson Reef, Jumna Reef, Keary Reef, Laguna Reef North & South, Logan Reef, Masamir, Merlo Reef, Mesharifa, Numidia, Panorama Reef, Paradise Reef, Pinnacle, Protector Reef, Qab Miyun, Qita El Banna, Ras Abu Soma, Ras Mohammed with Yolanda Reef, Rocky Island, Rosalie Moller, SS Thistlegorm, SS Turkia, Salem Express, Sanganeb South West North, Sataya Gota Kebir, Sataya Gota Soraya, Seil Ada Kebir, Shaab Ambar, Shaab Claude, Shaab El Erg, Shaab Loka, Shaab Mahmoud with Dunraven, Shaab Maksur, Shaab Malahi, Shaab Marsa Alam, Shaab Ras Disha, Shaab Rumi, Shaab Rumi South Plateau, Shaab Sataya, Shaab Sharm / Gota Sharm, Shaab Sheer, Shaab Shona, Shaab Suedi, Shaab Umm Usk, Shaabruhr Umm Gamar, Shambaya, Shelanit, Siyoul Kebira, Siyoul Soraya, Small Brother Island, Small Giftun Island, St. Johns Gota Kebir, St. Johns Gota Soraya, Tamashiya, Thomas Reef, Towartit Reef, Umbria Wreck, Umm Aruk, Umm Gammar, Umm Hal Hal, Wingate Reef, Woodhouse Reef, Yolanda Reef, Zabargad",,,
Seemore Adventures - Dive & Adventure Shop,"Hopkins Village, Stann Creek, Belize",https://seemoreadventures.com/,Hopkins,Stann Creek District,Belize,Central America,(501) 676 5779, seemorediveshop@gmail.com ,"Open Water Diver, Scuba Diver, Advanced Open Water Diver, Advanced Scuba Diver, Rescue Diver, Enriched Air Nitrox, Divemaster, Divemaster / Assistant Instructor, Discover Scuba Diving, Junior Open Water Diver, Try Scuba / Intro Scuba","Wetsuit, Regulator, Fins, Mask, BCD, Drysuit, Hood, Boots, Snorkel, Dive Computer","Nitrox, Trimix",Dive Shop,"Belize Barrier Reef, Glover’s Reef Atoll - Long Caye Wall, South Water Caye",,,
Seminole Scuba,"3869 Lake Emma Rd, Lake Mary, FL 32746, United States",https://www.seminolescuba.com/,Lake Mary,Florida,United States,North America, +1 407-333-8856 , dive@seminolescuba.com ,"Scuba Diver, Discover Scuba Diving, Open Water Diver, Advanced Open Water Diver, Rescue Diver, Junior Open Water Diver, Deep Diver, Enriched Air Nitrox, Wreck Diver, Night Diver, Underwater Navigator, Marine Ecology, Divemaster, Divemaster / Assistant Instructor, Open Water Scuba Instructor, Master Scuba Diver Trainer, Course Director","BCD, Regulator, Snorkel","Hydrox, Nitrox",Dive Shop,"Alexander Springs, Blue Grotto, Blue Heron Bridge (Phil Foster Park), Destination Diving, Devil’s Den, Rainbow River, USS Spiegel Grove, Caspersen Beach",,,
Seven Seas Indonesia,"Pertokoan Simpang Siur Poleng C1 Jl. Setiabudi, Kuta, Kec. Kuta, Kabupaten Badung, Bali 80361, Indonesia",https://thesevenseas.net/,Kuta,Bali,Indonesia,Southeast Asia, +62 811-3860-078 , info@thesevenseas.net ,,,,"Dive Shop, Liveaboard","Alor, Banda Sea, Komodo, Raja Ampat, The Forgotten islands, Triton Bay",,,
Shipwreck Explorers,"McKinley Marina, 1750 N Lincoln Memorial Dr, Milwaukee, WI 53202, United States",https://www.shipwreckexplorers.com/,Milwaukee,Wisconsin,United States,North America, +1 414-807-8233 , Jitka@ShipwreckExplorers.com ,"Scuba Diver, Open Water Diver, Enriched Air Nitrox, Advanced Open Water Diver, Rescue Diver, Divemaster, Try Scuba / Intro Scuba, Advanced Adventurer","BCD, Regulator, Fins, Mask, Boots, Snorkel, Wetsuit",Nitrox,Dive Shop,"Milwaukee, Sheboygan, Manitowoc, Sturgeon Bay, Two Rivers, Port Washington, Kenosha, Milwaukee Carferry, Prins Willem V, Dredge #6, Norlund, Edward E. Gillen Tug",,,
Signature Scuba Diving,"11955 Jack Benny Dr STE 102, Rancho Cucamonga, CA 91739",https://www.signaturescubadiving.com/,Rancho Cucamonga,California,United States,North America, +1 909-476-8183 , info@signaturescuba.com ,"Open Water Diver, Scuba Diver, Discover Scuba Diving, Try Scuba / Intro Scuba, Introductory Scuba, Advanced Open Water Diver, Advanced Adventurer, Rescue Diver, Deep Diver, Enriched Air Nitrox, Wreck Diver, Night Diver, Underwater Navigator, Dry Suit Diver, Divemaster",Drysuit,Nitrox,Dive Shop,"Catalina, Destination Diving",,,
Siladen Resort & Spa,"Bunaken National Marine Park, Kotak Pos No.1196, Bunaken, Bunaken Kepulauan, Manado City, North Sulawesi 95011, Indonesia",https://www.siladen.com/,Bunaken,Sulawesi Utara,Indonesia,Southeast Asia, +62 811-4300-641 , reservations@siladen.com ,"Open Water Diver, Open Water Scuba Diver, Discover Scuba Diving, Try Scuba / Intro Scuba, Advanced Open Water Diver, Advanced Adventurer, Rescue Diver, Deep Diver, Night Diver, Underwater Navigator, Divemaster",,Nitrox,"Dive Shop, Dive Resort","Lekuan I, Lekuan II, Lekuan III, Celah-Celah, Jahang Point, Bunaken Point, Ron’s Point, Mandolin Point, Raymond Point, Mike’s Point, Tanjung Parigi, Sachiko Point, Bunaken Timur I, Bunaken Timur II, Bunaken Timur III, Deep Slope, Siladen Jetty, Siladen Timur, Siladen Utara, Bunaken, Tanjung Kopi, Barracuda Point, Gorango, Bango, Tongkoko, Tanjung Pisok, Laken Masuk, Batu Kapal, Budo, Kampung Baru, Wori, Wori II, Chi Chi, Manado Tua, Siladen Reef, Tanjung Pisok II, Napo, Kali Lape, Arakan, Tanjung Bulo, Tanjung Sereh, Manado Tua Point, Siladen Wall, Siladen Drop-Off",,,
Silent Divers,"39 Chaweng Beach Rd, BoPhut, Koh Samui 84320, Thailand",https://silentdivers.com/,Koh Samui,Surat Thani,Thailand,Southeast Asia, +66 81 933 6641 , bookings@silentdivers.com ,"Discover Scuba Diving, Try Scuba / Intro Scuba, Advanced Open Water Diver, Advanced Adventurer, Rescue Diver","Wetsuit, Regulator, Drysuit, Dive Computer, Mask, Fins, BCD, Snorkel",,Dive Shop,"Ang Thong National Marine Park, Aow Leuk, Chumphon Pinnacle, Green Rock, HTMS Sattakut (wreck), Hin Wong Bay, Japanese Gardens, Mango Bay, Red Rock Pinnacle, Sail Rock, Shark Island, Twins Pinnacle, White Rock, Koh Wao, Koh Yippon Lek, Koh Yippon",,,
Silent World Dive Center,"51 Garden Cove Dr, Key Largo, FL 33037, United States",https://www.silentworld.com/,Key Largo,Florida,United States,North America, +1 305-451-3252 , info@silentworld.com ,"Try Scuba / Intro Scuba, Open Water Diver, Scuba Diver, Wreck Diver, Advanced Adventurer, Stress & Rescue Diver, Deep Diver, Enriched Air Nitrox, Divemaster, Discover Scuba Diving, Introductory Scuba","Wetsuit, Regulator, Fins, Mask, BCD, Snorkel, Dive Computer",Nitrox,Dive Shop,"Christ of the Abyss, Fingers Reef, Carysfort Reef & Carysfort Ledge, Train Wheels Reef, Anchor Chain Reef, Banana Reef, Benwood Wreck, North Ledges Reef, City of Washington Wreck, Spiegel Grove Wreck, South Ledges Reef, Grecian Rocks, Cannon Patch Reef, Carysfort Lighthouse",,,
Silent World Divers PV,"Blvd Francisco Medina Ascencio 1989 Centro Comercial Villas Vallarta Local G-16, Zona Hotelera Nte., 48333 Puerto Vallarta, Jal., Mexico",https://silentworlddivers.com/,Puerto Vallarta,Jal.,Mexico,North America, +52 322 294 0608 , godive@silentworlddivers.com ,,,Nitrox,Dive Shop,"Islas Marietas, Los Arcos, Chimo, Majahuitas",,,
Simple Life Divers,"3, Sairee Beach, 90, Koh Tao, Koh Phangan, Surat Thani 84360, Thailand",https://www.simplelifedivers.com/,Koh Tao,Surat Thani,Thailand,Southeast Asia, +66 77 456 329 , info@simplelifedivers.com ,"Open Water Diver, Enriched Air Nitrox, Advanced Adventurer, Rescue Diver, Discover Scuba Diving, Dry Suit Diver, Advanced Open Water Diver, Divemaster","Wetsuit, Regulator, Gloves, BCD, Drysuit, Hood, Fins, Mask, Snorkel, Boots",Nitrox,"Dive Shop, Dive Resort","3 Rocks & Pottery, Alotment, Aow Leuk, Biorock / Hin Fai, Chumphon Pinnacle, Green Rock, HTMS Sattakut, Hin Pee Wee, Hin Wong Bay, Hin Wong Pinnacle, Japanese Gardens, June Juea Beach, Junkyard, Laem Thian, Lang Khai, Lighthouse Bay, MV Trident, Mango Bay, Mao Bay, Nangyuan Pinnacle, No Name Pinnacle, Sai Nuan Beach, Sail Rock, Sairee Beach, Shark Island, Southwest Pinnacle, Tanote Bay, Twins & Buoyancy World, Unicorn Wreck, White Rock",,,
Sinai Dive Club,"Hilton Sharks Bay Resort, Sharm El Sheikh, South Sinai, Egypt",https://www.sinaidive.club/sharm/en/,Hilton Sharks Bay,South Sinai Governorate,Egypt,Northern Africa, +20 12 22815210 , info@sinaidive.club ,"Open Water Diver, Advanced Adventurer, Advanced Open Water Diver, Wreck Diver, Deep Diver, Enriched Air Nitrox, Night Diver, Underwater Navigator, Dry Suit Diver, Marine Ecology, Divemaster, Divemaster / Assistant Instructor, Open Water Scuba Instructor, Try Scuba / Intro Scuba","BCD, Drysuit, Mask, Regulator",Nitrox,Dive Shop,"SS Thistlegorm, Straits of Tiran - Gordon, Straits of Tiran - Jackson, Straits of Tiran - Thomas, Straits of Tiran - Woodhouse, Ras Mohammed, Sharm El Sheikh, Dahab",,,
Sirius Dive Shop,"Bahía Sur Oeste, Hotel Sirius, Providencia",https://www.siriusdiveshop.com/,Providencia,San Andrés y Providencia,Colombia,South America, +57 315 3223017 , siriusdiveshop@hotmail.com ,"Open Water Diver, Discover Scuba Diving, Advanced Open Water Diver, Rescue Diver, Deep Diver, Enriched Air Nitrox, Wreck Diver, Night Diver, Underwater Navigator, Dry Suit Diver, Divemaster","Wetsuit, Regulator, BCD, Hood, Mask, Drysuit",Nitrox,Dive Shop,Providencia and Santa Catalina Islands,,,
Sodwana Bay Lodge Scuba Centre,"Sodwana Bay Main Road, Sodwana, KwaZulu-Natal, 3974, South Africa",https://sodwanadiving.co.za/,Sodwana Bay,KZN,South Africa,Southern Africa, +27 35 571 0001 , admin@myscubacentre.co.za ,"Open Water Diver, Scuba Diver, Open Water Scuba Diver, Discover Scuba Diving, Try Scuba / Intro Scuba, Introductory Scuba, Advanced Open Water Diver, Advanced Adventurer, Rescue Diver, Deep Diver, Enriched Air Nitrox, Night Diver, Underwater Navigator, Divemaster, Divemaster / Assistant Instructor","Wetsuit, Regulator, Fins, Mask, BCD, Snorkel",Nitrox,Dive Shop,"Quarter Mile Reef, Stringer, The Bikini Reef System, Two Mile Reef, The Five Mile Reef System, Ribbon Five Mile, Pothole Five Mile, Zombie Five Mile, Gotham Five Mile, Six Mile Reef, Seven Mile Reef, Eight Mile Reef, Nine Mile Reef",,,
Solo Buceo,"Blvd. Kukulcan Km 5.5, Kukulcan Boulevard, Zona Hotelera, 77500 Cancún, Quintana Roo, Mexico",https://www.solobuceo.com/,Cancún,Quintana Roo,Mexico,North America, +52 998 260 4995 , scuba@solobuceo.com ,,"Wetsuit, Regulator, Fins, Mask, BCD, Dive Computer, Snorkel, Boots",Nitrox,Dive Shop,"Dos Ojos Cenote, El Túnel, Grampín, Isla Mujeres, La Herradura, MUSA Underwater Museum, Punta Negra, San Miguel, Tajma Ha (Taj - Mahal) Cenote, C-55 USS Scuffle, C-58 USS Harlequin, Cenote 7 Bocas, Cenote Maravilla, Cenote Chikin-Ha, Cenote Zapote (Hell’s Bells), Cenote Chac Mool",,,
Sonoma Coast Divers,"5702 Commerce Blvd, Rohnert Park, CA 94928",https://www.sonomacoastdivers.com/,Rohnert Park,California,United States,North America, +1 707-586-0272 , info@sonomacoastdivers.com ,"Open Water Diver, Advanced Open Water Diver, Rescue Diver, Deep Diver, Wreck Diver, Night Diver, Underwater Navigator, Divemaster, Open Water Scuba Instructor, Master Scuba Diver Trainer, Discover Scuba Diving, Junior Open Water Diver","Wetsuit, Regulator, Fins, Mask, BCD, Snorkel, Dive Computer",Nitrox,Dive Shop,"Little Cayman Beach, Catalina Island, Voli Voli Jiji, Monterey, Sonoma Coast",,,
Southpoint Divers,"606 Front St, Key West, FL 33040, United States",https://www.southpointdivers.com/,Key West,Florida,United States,North America, +1 305-292-9778 , diving@southpointdivers.com ,"Open Water Diver, Advanced Open Water Diver, Rescue Diver, Deep Diver, Wreck Diver, Night Diver, Underwater Navigator, Dry Suit Diver, Divemaster, Open Water 20, Open Water Scuba Instructor, Master Scuba Diver Trainer, Course Director, Discover Scuba Diving, Junior Open Water Diver","Wetsuit, Regulator, Fins, Mask, BCD, Snorkel, Dive Computer",Nitrox,Dive Shop,"Destination Diving, USNS General Hoyt S. Vandenberg, Florida Keys",,,
Spice Island Divers,"Jalan Way Latuputty Air Manis, Laha, Teluk Ambon, Kota Ambon, Maluku 97236, Indonesia",https://spiceislanddivers.com/,Ambon,Maluku,Indonesia,Southeast Asia, +62 811-4714-849 , info@spiceislanddivers.com ,"Try Scuba / Intro Scuba, Open Water Diver, Advanced Open Water Diver, Rescue Diver, Junior Open Water Diver, Deep Diver, Enriched Air Nitrox, Wreck Diver, Night Diver, Underwater Navigator, Dry Suit Diver","Wetsuit, Regulator, Fins, Mask, BCD, Snorkel, Dive Computer",Nitrox,"Dive Shop, Dive Resort","Maluku - Ambon - Laha Muck Dives, Maluku - Ambon - Twilight Zone",,,
Spirit of Freedom,"319 Draper Street, Cairns QLD 4870, Australia",https://www.spiritoffreedom.com.au/,Cairns,QLD,Australia,Oceania, +61 7 4047 9150 , info@spiritoffreedom.com.au ,"Open Water Diver, Advanced Open Water Diver, Rescue Diver, Deep Diver, Wreck Diver, Night Diver, Underwater Navigator, Dry Suit Diver, Divemaster, Discover Scuba Diving, Junior Open Water Diver",,,Liveaboard,"The Cod Hole, Dynamite Pass, The Snake Pit, Lighthouse Bommie, Challenger Bay, Monolith, Pixie Pinnacle, Vertical Gardens, Wonderland, Two Towers, Steve's Bommie, Flare Point, Joanie's Joy, North Horn, North Horn Wall, Half Way Wall, Admiralty, False Entrance, Around The Bend, Castles, Silver City, Secret Cave, Rapid Horn",,,
Splash Dive Center,"Peninsula Club Marina, Placencia Village, Stann Creek, Belize",https://splashbelize.com/,Placencia,Stann Creek District,Belize,Central America, +501 523-3080 , DiveBelizeWithSplash@gmail.com ,"Open Water Diver, Advanced Open Water Diver, Rescue Diver, Deep Diver, Enriched Air Nitrox, Wreck Diver, Night Diver, Divemaster, Discover Scuba Diving, Junior Open Water Diver","Wetsuit, Regulator, Fins, Mask, BCD, Snorkel",Nitrox,Dive Shop,"Blue Hole, Gladden Spit Whale Shark Zone, Glover’s Reef Atoll - Long Caye Wall, Half Moon Caye Wall, Laughing Bird, Silk Caye, Turneffe Atoll, South Water Caye, Grand Channel, Pompion Caye",,,
Splash Inn Dive Center,"Main Street, West End, Roatán, Bay Islands, Honduras",https://roatansplashinn.com/en/about-our-dive-center/,West End,Bay Islands Department,Honduras,Central America, +504 9626-7919 , info@roatansplashinn.com ,"Open Water Diver, Open Water Scuba Diver, Advanced Adventurer, Rescue Diver, Stress & Rescue Diver, Enriched Air Nitrox, Night Diver, Discover Scuba Diving, Junior Open Water Diver","Wetsuit, Regulator, Fins, Mask, BCD, Snorkel, Dive Computer",Nitrox,"Dive Shop, Dive Resort","Hole in the Wall, El Aguila (Shipwreck), Mandy’s Eel Garden, The Odyssey, Blue Channel, West End Wall, Turtle Crossing, Bear’s Den, Pablo’s Place, Spooky Channel, Half Moon Bay Wall, Gibson Bight, Canyon Reef, Insidious Wall, Church Wall, Keyhole Reef, Texas, White Hole, Pete’s Place, Front Porch, Pillar Coral, Green Outhouse Reef, Overheat Reef, Melissa’s Reef, Fish Den, Grape Escape, Dive Master’s Choice, Dixie’s, Lighthouse Reef, El Aquario, The Bight, Bikini Bottom, Octopus Acre, Sea Quest Shallow, Sea Quest Deep, Puncher’s Paradise, Tabyana, Butcher’s Bank, Temptation Reef, Black Rock",,https://roatansplashinn.com/en/roatan-diving-sites/roatan-dive-sites-map/,
Splashdown Divers,"728 Casa Loma Blvd, Boynton Beach, FL 33435, United States",https://www.splashdowndivers.com/,Boynton Beach,Florida,United States,North America, +1 561-736-0712 , splashdowndiversboyntonbeach@gmail.com ,"Advanced Nitrox, Deco Procedures, Trimix Diver, Tech 1, Cave 1","Regulator, BCD, Dive Computer","Nitrox, Trimix",Dive Shop,Boynton Beach,,,
Spot Plongée,"ZA des 2 Pins, 6 rue de Pourguedeuil, 40130 Capbreton",https://spotplongee.fr,Capbreton,Nouvelle-Aquitaine,France,Europe,05 58 47 16 25, info@spotplongee.fr ,"Open Water Diver, Open Water Scuba Diver, One Star Diver (★), Open Water 20, Advanced Adventurer, Two Star Diver (★★), Advanced 35, Stress & Rescue Diver, Three Star Diver (★★★), Enriched Air Nitrox, Divemaster, Advanced Nitrox, Deco Procedures, Trimix Diver, Junior Open Water Diver, Try Scuba / Intro Scuba, Introductory Scuba","Wetsuit, Regulator, Fins, Mask, BCD, Snorkel","Nitrox, Trimix",Dive Shop,,,mainly dive accessory rentals,
Squalo Adventures,"Plaza Isla Mujeres S/N, Centro, 77400 centro, 77400 Isla Mujeres, Quintana Roo, Mexico",https://squaloadventures.com/,Isla Mujeres,Quintana Roo,Mexico,North America, +52 998 274 1644 , info@squaloadventures.com ,"Open Water Diver, Scuba Diver, Advanced Open Water Diver, Rescue Diver, Deep Diver, Enriched Air Nitrox, Wreck Diver, Night Diver, Underwater Navigator, Divemaster, Open Water Scuba Instructor, Master Scuba Diver Trainer, Course Director, Discover Scuba Diving, Junior Open Water Diver","Wetsuit, Regulator, Fins, Mask, BCD, Snorkel",Nitrox,Dive Shop,"Dos Ojos Cenote, Isla Mujeres, MUSA Underwater Museum, Manchones, Atlantis Reef, C-58 Shipwreck, Sleeping Shark Cave, Pailas Reef",,,
Squalo Divers,"16604 NE 2nd Ave, Miami, FL 33162, United States",https://www.squalodivers.com/,Cancún,Quintana Roo,Mexico,North America,52 9985272618, contact@squalodivers.com ,"Open Water Diver, Advanced Open Water Diver, Rescue Diver, Deep Diver, Wreck Diver, Enriched Air Nitrox, Night Diver, Underwater Navigator, Dry Suit Diver, Divemaster, Divemaster / Assistant Instructor, Open Water Scuba Instructor, Master Scuba Diver Trainer, Course Director, Discover Scuba Diving, Junior Open Water Diver","Regulator, Wetsuit, BCD, Hood, Drysuit, Dive Computer",Nitrox,Dive Shop,"Brothers, C-56 Juan Escutia, Cabo Pulmo, Cancun, Cenotes, Cousins Rock, Cozumel, Daedalus, Darwin’s Arch/Towers, Elphinstone, Isla Mujeres, Magdalena Bay, National Parks, Playa del Carmen, Puerto Morelos, Punta Vicente Roca, Roca Partida, Rocky Island - North Plateau, SS Thistlegorm, Sea of Cortez, Straits of Tiran - Gordon, Straits of Tiran - Jackson, The Canyon (El Canyon), Wolf, Yucatan Peninsula, Zabargad Island - Turtle, The Boiler, Cabo Pearce, Cocos Island, Guadalupe Island, Caño Island, Galapagos Islands, Malpelo Island, Socorro Island",,,
St. Croix Ultimate Bluewater Adventures,"81 Queen Cross St; Mailing: 1104 Strand St Suite 109, Christiansted, VI 00820",https://stcroixscuba.com,St. Croix,St Croix,United States Virgin Islands,, +1 340-773-5994 , info@stcroixscuba.com ,"Open Water Diver, Advanced Open Water Diver, Advanced Adventurer, Rescue Diver, Stress & Rescue Diver, Deep Diver, Enriched Air Nitrox, Night Diver, Underwater Navigator, Discover Scuba Diving, Junior Open Water Diver","Wetsuit, Regulator, Fins, BCD, Dive Computer",Nitrox,Dive Shop,"Butler Bay Deep Wrecks, Butler Bay Shallow Wrecks, Armageddon, Chub Hole, Cables, Mill Point, Rainbow Reef, Spratt Hole, Spanish Anchor, Swirling Reef of Death, Frederiksted Pier, Aquarium, Tide Bottle, Alien Nation, King’s Alley, King’s Corner, Ham’s Bluff, Vertigo, Carambola, Twin Palms, Jungle, North Star, Willie’s Wish, Cane Bay Dropoff, Pavilions, Trench, Pinnacle, Two Dive Four, Lobster Reef, Rusty Op Twist, Gentle Winds, NOAA Buoy, Shooter’s, Grouper Grotto, Columbus Bluff, Barracuda Bank, Russ Rock, Shark Shanty, White Horse Reef, Little Cozumel, Twin Anchors, Knobby Knoll, Cruzan Comfort, Cormorant, Love Shack, Turquoise Bay, Sugar Beach, WAPA, Sleeping Shark Hole, Blue Chute, Blue Hole, Eagle Ray, Stingray Stead, Scotch Bank, 19th Hole, Green Cay Slope",,https://stcroixscuba.com/scuba-diving-st-croix,
Stuart Cove's Dive Bahamas,"Coral Harbour Road, Coral Harbour, Nassau, Bahamas",https://stuartcove.com/,Nassau,New Providence,Bahamas,Caribbean, +1 242-362-4171 , info@stuartcove.com ,"Discover Scuba Diving, Scuba Diver, Open Water Diver, Advanced Open Water Diver, Rescue Diver, Enriched Air Nitrox, Divemaster, Open Water Scuba Instructor","Snorkel, Fins, Mask, BCD",Nitrox,Dive Shop,"Oasis Wall, Abilene Wreck, Tunnel Wall, Lampton Wall, Elkhorn Garden, Hollywood Bowl, Watawee Wreck, James Bond Wreck, DC-3 Wreck, Trinaran Wall, Palace Wall, Sand Castle, David Tucker Wreck, Nari Nari / Cessna, Clifton Wall, Steel Forest, Twin Sisters Wrecks, Ray of Hope, Shark Wall North, Pumpkin Patch, Schoolhouse, Treasure Wreck, Bahama Mama, Shark Arena, Mike’s Reef, The Ridge, Sea Viking Wreck, Port Nelson, Sliding Anchor, Playground, Southwest Reef, Shark Wall, Edward Williams, Stuart Cove’s, Dive Bahamas",,,
Sub Now Diving Center,"Via Renato Fucini 452, 57034 Marina di Campo, Italy",https://www.subnow.it/,Marina di Campo,Toscana,Italy,Europe, +39 348 158 0495 , info@subnow.it ,"Open Water Diver, Scuba Diver, Advanced Open Water Diver, Rescue Diver, Deep Diver, Enriched Air Nitrox, Wreck Diver, Night Diver, Underwater Navigator, Divemaster, Divemaster / Assistant Instructor, Open Water Scuba Instructor, Master Scuba Diver Trainer, Course Director, Discover Scuba Diving, Junior Open Water Diver, Try Scuba / Intro Scuba","Wetsuit, Regulator, Fins, Mask, BCD, Snorkel, Dive Computer",Nitrox,Dive Shop,Isola Piana,,,
Diventures,"347 North Helmer Road Battle Creek, MI 49037​",https://www.sassdive.com/,Battle Creek,Michigan,United States,North America,(269) 968-8551, battle.creek@diventures.com ,"Open Water Diver, Discover Scuba Diving, Junior Open Water Diver","Wetsuit, Regulator, Fins, Mask, BCD, Snorkel",,Dive Shop,"Destination Diving, Blue Grotto, Devil’s Den",,,
Subaqua Club La Rochelle,"5 Rue Léonce Mailho, 17000 La Rochelle, France",https://subaqua17.com,La Rochelle,Nouvelle-Aquitaine,France,Europe, +33 5 46 34 00 20 , secretariat@subaqua17.com ,"Open Water Diver, Scuba Diver, Advanced Open Water Diver, Advanced Scuba Diver, Rescue Diver, Enriched Air Nitrox, Divemaster, Divemaster / Assistant Instructor, Discover Scuba Diving, Junior Open Water Diver, Try Scuba / Intro Scuba","Wetsuit, Regulator, Fins, Mask, BCD, Drysuit, Hood, Boots, Snorkel, Dive Computer","Nitrox, Trimix",Dive Shop,"Rocha, Ilates, Marches d'Elodie, Nautilus, Les Arches, Cornelis, Oléron, Sauerland, Caroni, Allier, Niobé, L'Afrique, Rochebonne, Dieppe",,,
Subsurface Fiji,"Port Denarau Marina, Denarau Island, Nadi, Fiji",https://fijidiving.com/,Nadi,Western Division,Fiji,Pacific Islands, +679 675 0600 , info@subsurfacefiji.com ,"Scuba Diver, Discover Scuba Diving, Open Water Diver, Advanced Open Water Diver, Rescue Diver, Junior Open Water Diver, Deep Diver, Enriched Air Nitrox, Wreck Diver, Night Diver, Underwater Navigator, Marine Ecology, Divemaster, Divemaster / Assistant Instructor, Open Water Scuba Instructor, Master Scuba Diver Trainer, Course Director","BCD, Regulator, Snorkel","Hydrox, Nitrox",Dive Shop,"Sunflower Reef, Plantation Pinnacle, Coral Garden, Wilke’s Passage, Wilke’s Wall, Namotu Wall, Tavua Wall, Castaway Passage, Gotham City, Charlie’s Reef, Castaway Wall, Mushroom Reef, Barrel Head, Mana Wall, Mana Pyramids, Supermarket, Sunset Wall, Bird Rock, North Reef, Yadua Pinnacle, Yawa Reef, Salamanda, Jackie’s Reef, Stonehenge, Cross Roads, Turtle Head, Mana Sandbar",,,
Subway Watersports,"Turquoise Bay Resort, Roatán, Bay Islands, Honduras",https://www.subwaywatersports.com/,Roatán,Bay Islands Department,Honduras,Central America, +504 9959-1140 , info@subwaywatersports.com ,,,,Dive Shop,"The End, Texas, West, Josie J Wreck, Black Rock, Willie’s Wonder, Mandy’s Eel Garden, Temptation Reef, Bucho’s Bank, Tabyana’s, Puncher’s Paradise, Seaquest Deep, Seaquest Shallow, Turtle Crossing, Barman’s Choice, Octopus Acre, Bikini Bottom, The Bight, Blue Channel, Jolly Roger, Davey Jones Locker, Ocean Grove, El Aquario, Lighthouse, Moonlight Reef, Dixie’s Cross, Herbie’s Cross, Half Moon Bay Wall, Divemaster’s, Grape Escape, Hole in the Wall, Second Hole, Canyon Reef, Fish Den, Gibson Bight, Melissa’s Reef, Overheat Reef, Green Outhouse, Pillar Coral, El Aguila Wreck, Mike’s Place, Front Porch, Peter’s Place, Bear’s Den, White Hole, Spooky Channel, Spooky Hole, Wrasse Hole, Four Sponges, Odysen Wreck, Double Wall, Stovall’s Serenity, Chaz’s Choice, Tuk’s Treasure, Keyhole, Milk Jug, Magic Bobby, Canyon Lands, Cathy’s Corner, Crazy Canyons, Moray Lagoon, Stingray Coral, Mickey’s Place, 1912 Shipwreck, Julian’s Wall, Garden of Eden, Barracuda, The View, Fish Spot, Andy’s Wall, Sponges, Labyrinth, The Slide, Stingray Passage, Milton Bight, Pondy Wall, Fuego del Mar, Dolphin’s Graveyard, Yuba, Aquarium, Turtle Wall, Hide and Seek, Ben’s Dive, Spyglass, Mongoose, Punta Blanca Channel, Gretchen’s Shell, Church Wall, Diamond Rock, Tutu’s Place, McNab’s Pinnacle, Camp Bay Reef, Joe’s Place, North Morat Wall, Pablo’s Place, Key Hole, Church Reef, Flower’s Bay Wall, Matt’s Wet Spot, Shark Dive, Enchanted Forest, Insidious Reef, Lita’s Hole, Connie’s Dream, Marilyn’s Front Porch, Elbow, Cemetery Wall, John’s Spot, Doc’s Retreat, Mary’s Place, French Cay Cut, Mister Bud Wreck, Pat’s Place, French Cay Bank, Little French Cay Wall, Valley of the Kings, Fantasy Island, Forty Foot Point, Fish Soup, Newman’s Wall, Prince Albert Wreck, Coco View Wall, Too Tall Too Small, Doc’s Dive, Anka’s Place, Castle Canyon, Ironshore, Chimneys, Inside Outside, Parrot Tree, Everything Right, Carib Point, Casablanca, Alcoholic Dog, Pond View Wall, Tortuga Reef, Lucy Point, Antenna Wall, Silent Springs, Crab Wall, Reef House Wall, Fidler’s Bight Wall, Calabas Caves, Las Dos Hermanas, Sponge Garden, Carlos & Charlie’s, Conch Cay, Lime Cay Wall, Horseshoe Reef, Bogan’s Reef, Port Royal Gorge, Fort Cay Wall, Military Shipwreck, Blue Hole, Old Shrimp Boat, Carmen’s Way, Rocky Point, Helene Wall, Morat Wall, Barbareta Wall, Barbareta Beach Club, Jade Beach, Trunk Turtle Wall, Shark Point, Pigeon Cays, Fuego de mar, Dolphins Den, Sponges Wall, Rock Star, Groupers Galley",,https://www.turquoisedivers.com/divesites.jpg,
Sun Divers Roatan,"West End Road, steps from Half Moon Bay, Roatán, Honduras",https://sundiversroatan.com/,West End,Bay Islands Department,Honduras,Central America, +504 9585-2113 , info@sundiversroatan.com ,"Scuba Diver, Open Water Diver, Enriched Air Nitrox, Advanced Open Water Diver, Rescue Diver, Divemaster, Try Scuba / Intro Scuba, Advanced Adventurer","BCD, Regulator, Fins, Mask, Boots, Snorkel, Wetsuit",Nitrox,Dive Shop,"McField’s Field, Tranquility Base, The Church, Angie’s, Papa Ron’s, Beach Bar, Training Site, Blue House, Cisneros Point, Kristi’s Cove, Cave East, The Cave, Boss Cave, Cave West, Aaron’s Backyard, Kate’s Key, Al’s Garden, Addie’s Garden, Four Amigos, Triple D, Sandra’s Grotto, Rhino’s Phorest, Salt Life Point, Janie’s Garden, Todd’s Last Dance, Dustin’s Dropoff, Marie’s Kitchen, Single Divers 2018, Michelle’s Smile, Marilyn’s Mystery, Bucca Quay, Weebo’s Way, Black Rock, Tommy’s Pit Stop, Snow 2, Snow 1, Dona Cleta, Willie’s Wonder, Mandy’s Garden, Joe Wagner’s Dew Drop, Boba’s Bommie, Temptation, Kaylee’s Daydream, Pop N Bubbles, Coral Reef, Chloe’s Coral, Single Divers 2022, Butcher’s Bank, Bill Perkins’ Peace, John Gow’s Gallows, Jack’s Place, Zoe’s Midnight, Jumpin’ Jack, Eddie’s Trifecta, Fun With Dick and Jane, Sondra’s Surprise, Cab’s Zen Garden, Tabyana’s, Manic Monday, Pubudu’s Playground, Puncher’s Paradise, Queen B, Deep Sea Quest, Fiasco in Paradise, Quarantine Buddies, Dorte’s Escape, Alice’s Wonderland, Rothschild’s Mistress, Madre Reef, Patti’s Paradise, Three Brothers, Shallow Sea Quest, Blue Moonshine, Kristen’s Crystal, Shallow Turtle Crossing, Luna’s Lair, Deep Turtle Crossing, Dara’s Dream, Patrick’s Stash, Chief’s Quarters, Inside Luna Beach, The Buck Stops Here, Mickey’s, Boris Moose & Squirrel, Blatt’s Bank, Bikini Bottom, The Bight, Chris Fisher, Inside Blue 1, Inside Blue 2, Inside Blue 3, Inside Blue 4, Mr. Bill’s Happy Place, Diane’s Dream, Haller Deep, Phillip’s Peace, Angus’ Aquarium, MB’s Wall, Ocean Groove, Shallow El Aquario, Shallow Snorkel, Saaya’s, Lighthouse, Moonlight, Dixie’s, Vern’s Dropoff, Cocobolo, Lara’s Rainbows, Glory to Ukraine, The Wife, Gerri’s Gem, Hole in the Wall, Rocktopus Reef, Rena’s Rollercoaster, Chloe Bean’s Canyon, Zig Zag, Happy Jack’s Wall, Fish Den, Happily Ever After, Dennis’ Dropoff, Rick’s Refuge, Lee’s One Love, Robin’s Nest, Melissa’s Reef, Overheat, Scuba Mermaids, Diane’s Delight, Green Outhouse, Schafftown, Pirate’s Dream, Pillar Coral, Drury’s Dilemma, Billy’s Happy Place, El Aguila, Dos Anguilas, Aguila, El Aguila Shallow, Rip’s Reef, Tommy’s Laugh, Summer’s Bliss, Barry’s Corner, William’s Playground, Conrad’s Cave, Canals Zen, Nelson’s Nest, Mack’s Wall, Zack’s Patch, Green Pearl, Hooker’s Hole, Baby Steinberg, Bear’s Den, Deep White Hole, Dragon’s Maze, White Hole, CJ’s Place, Dorothy’s Dance, Dylan’s Dive, Spooky Channel, Richard’s Realm, Uncle Jim’s Pool, Zambito’s Hideaway, Wrasse Hole, Barry’s Reef, Mr. Charlie’s Reef, Marsha’s Reef, Linda’s Lagoon, Chris’ Cove, Turtle Patch, Blue Lagoon, Sunrise Wall, Serpent’s Lair, Green Turtle Cave, Paradise Reef, Redfin Reef",,RMP DIve sites,
Sundiver,"182 N. Marina Drive Long Beach, CA 90803",https://sundiverinternational.com/,Long Beach,California,United States,North America,562-370-0059, info@sundiver.net ,"Open Water Diver, Open Water Scuba Diver, Scuba Diver, Discover Scuba Diving, Try Scuba / Intro Scuba, Introductory Scuba, Advanced Open Water Diver, Advanced Adventurer, Rescue Diver, Stress & Rescue Diver, Deep Diver, Enriched Air Nitrox, Wreck Diver, Night Diver, Underwater Navigator, Dry Suit Diver, Divemaster, Divemaster / Assistant Instructor, Open Water Scuba Instructor","Wetsuit, BCD, Regulator",Nitrox,Dive Shop,"Star of Scotland, Owens Wreck, Sailboat Wreck, Long Wharf, American Boy, Ameco, LCM 3, Palawan, Sacramento, Avalon, Dominator, Southern Lights, Jenny Lynne, Santa Clara, Radio Tower, Olympic II, The Caissons, USS Moody, Ace I, Georgia Straights, FS Loop, 14 Minute Wreck, February 19th Wreck, Southwest Wreck, Centennial (Dipley’s), Fog Wreck, East Fog Wreck, Chain Wreck, Monfalcone (Gambler), Sunset Wreck, Gary’s Barge, Savino’s, Elsie I, Barge Rock, HB Trawler, HB Barge, Margaret F., Corsair, P-38 Lightning, Frontier, Izor’s Reef, Cleo Street Barge, Macassar Strait, USS Cabildo, Valiant, Toro, Grumman Goose, Starlight Wreck, Blue Cavern Wreck, Piper, Charles F. Crocker, Palmyra, S.N. Castle, Dreamer II",,,
Sunn Odyssey Divers,"30 Beach Way Drive, Freeport, Grand Bahama, Bahamas",https://sunnodysseydivers.com/,Freeport,Freeport,Bahamas,Caribbean, +1 242-373-4014 , karen@sunnodysseydivers.com ,"Open Water Diver, Scuba Diver, Discover Scuba Diving, Try Scuba / Intro Scuba, Introductory Scuba, Advanced Open Water Diver, Advanced Adventurer, Rescue Diver, Deep Diver, Enriched Air Nitrox, Wreck Diver, Night Diver, Underwater Navigator, Dry Suit Diver, Divemaster",Drysuit,Nitrox,Dive Shop,"Theo’s Wreck, Sea Star II, Silver Point, Pygmy Caves, Eden Banks, Shark Encounter, Moray Manor, Ben’s Cavern, Littlehale’s Lair, Fish Farm",,,
Sunrise Divers,"269/24 Patak Road, Karon Beach, Muang, Phuket 83100, Thailand",https://www.sunrise-divers.com/,Phuket,Phuket,Thailand,Southeast Asia, +66 84 626 4646 , info@sunrise-divers.com ,"Open Water Diver, Open Water Scuba Diver, Discover Scuba Diving, Try Scuba / Intro Scuba, Advanced Open Water Diver, Advanced Adventurer, Rescue Diver, Deep Diver, Night Diver, Underwater Navigator, Divemaster",,Nitrox,"Dive Shop, Liveaboard","Anemone Reef, Hin Daeng, King Cruiser Wreck, Koh Bon West Ridge, Koh Tachai Pinnacle, Komodo, Phi Phi Islands, Racha Noi Island, Racha Yai Island, Raja Ampat, Richelieu Rock, Shark Point (Hin Musang), Similan Islands, Surin Islands, Koh Doc Mai",,,
Sunset House,"390 South Church Street, George Town KY1-1106, Cayman Islands",https://sunsethouse.com/diving/,George Town,Grand Cayman,Cayman Islands,Caribbean, +1 585-467-3524 , reservations@sunsethouse.com ,"Discover Scuba Diving, Try Scuba / Intro Scuba, Advanced Open Water Diver, Advanced Adventurer, Rescue Diver","Wetsuit, Regulator, Drysuit, Dive Computer, Mask, Fins, BCD, Snorkel",,Dive Shop,"Kittiwake, The Mermaid, Sunset House Reef",,,
Sunshine Divers,"2/1 Moo 3, Chalok Baan Kao, Koh Tao, Thailand",https://sunshine-divers.de/,Koh Tao,Surat Thani,Thailand,Southeast Asia, +41 71 245 31 51 , shop@sunshine-divers.ch ,"Try Scuba / Intro Scuba, Open Water Diver, Scuba Diver, Wreck Diver, Advanced Adventurer, Stress & Rescue Diver, Deep Diver, Enriched Air Nitrox, Divemaster, Discover Scuba Diving, Introductory Scuba","Wetsuit, Regulator, Fins, Mask, BCD, Snorkel, Dive Computer",Nitrox,Dive Shop,"Ras Mohammed, SS Thistlegorm, Sharm El Sheikh, Straits of Tiran - Gordon, Straits of Tiran - Jackson, Straits of Tiran - Thomas, Straits of Tiran - Woodhouse",,,
Swan Dive,"Busselton Foreshore, Geographe Bay Road, Busselton WA 6280, Australia",https://swandive.com.au/,Busselton Foreshore,Western Australia,Australia,Oceania, +61 439 108 760 , info@swandive.com.au ,,,Nitrox,Dive Shop,"4 Mile Reef, Busselton Jetty, HMAS Swan Wreck, Wright's Bank",,,
Sweet Bottom Dive Center,"110-C Estate Cane Bay, Kingshill, VI 00850",https://www.sweetbottomdive.com,St. Croix,St Croix,United States Virgin Islands,, +1 340-773-3483 , info@sweetbottomdive.com ,"Open Water Diver, Open Water Scuba Diver, Discover Scuba Diving, Try Scuba / Intro Scuba, Advanced Open Water Diver, Advanced Adventurer, Rescue Diver, Divemaster, Wreck Diver, Deep Diver","Wetsuit, Regulator, Fins, Mask, BCD, Boots, Snorkel",Nitrox,Dive Shop,"Cane Bay, Davis Bay Wall (Carambola House Reef), Northstar, The Frederiksted Pier",,,
Tarpoon Lagoon Diving Center,"3200 Palm Ave, Hialeah, FL 33012, United States",https://www.tarpoondivecenter.com/,Hialeah,Florida,United States,North America, +1 305-532-1445 , tarpoonlagoon@gmail.com ,"Open Water Diver, Enriched Air Nitrox, Advanced Adventurer, Rescue Diver, Discover Scuba Diving, Dry Suit Diver, Advanced Open Water Diver, Divemaster","Wetsuit, Regulator, Gloves, BCD, Drysuit, Hood, Fins, Mask, Snorkel, Boots",Nitrox,Dive Shop,"Neptune Memorial, Miami Beach",,,
Tasik Ria Resort,"Kahuku, Kecamatan, Kec. Likupang Tim., Kabupaten Minahasa Utara, Sulawesi Utara, Indonesia",https://tasikria.com/,Manado,Sulawesi Utara,Indonesia,Southeast Asia,+62 853-9721-4811, info@tasikria.com ,"Open Water Diver, Advanced Adventurer, Advanced Open Water Diver, Wreck Diver, Deep Diver, Enriched Air Nitrox, Night Diver, Underwater Navigator, Dry Suit Diver, Marine Ecology, Divemaster, Divemaster / Assistant Instructor, Open Water Scuba Instructor, Try Scuba / Intro Scuba","BCD, Drysuit, Mask, Regulator",Nitrox,"Dive Shop, Dive Resort","Kopi, Pangalingan, Raymond’s Point, Bualo, Tengah, Mandolin, Ron’s Point, Fukui, Johnson’s Wall, Alung Banua, Celah-Celah, Lekuan 1, Lekuan 2, Lekuan 3, Bunaken Timur 1, Bunaken Timur 2, Pangalisan, Sachiko Point, Siladen Utara, Siladen Timur, Ghuntur’s, Tiwoho, Bahowo, Kalumpang, Sal’s Point, DJ Point, Mukah Kampung, Bunaken Timur 3, Tanjung Pisok, Batu Hitam, Batu Tiga, Barracuda, Engine Point, Molas Shipwreck, Kima Bajo, Bulo 1, Bulo 2, Batu Hitam 2, Batu Hitam 3, Tanjung Boka",,,
Tauch Terminal Tulamben,"PHFV+C82, Jl. Kubu, Tulamben, Kabupaten Karangasem, Bali 80852, Indonesia",https://www.tauchterminal.com/,Tulamben,Bali,Indonesia,Southeast Asia, +62 363 22911 , resort@tulamben.com ,"Open Water Diver, Discover Scuba Diving, Advanced Open Water Diver, Rescue Diver, Deep Diver, Enriched Air Nitrox, Wreck Diver, Night Diver, Underwater Navigator, Dry Suit Diver, Divemaster","Wetsuit, Regulator, BCD, Hood, Mask, Drysuit",Nitrox,"Dive Shop, Dive Resort","Bulakan (Bulakan), Batu Belah / Sidem, Batu Niti, Seraya Secrets, Kwanji, Melasti, Blue Hill, Emerald, Batu Kelebit, Palung Palung, Drop Off, Coral Garden, USAT Liberty Wreck, Liberty Coral Garden, Rubaya Coral Garden, Kubu Coral Garden, Kubu Wreck, Monkey Reef, Mina Labuan, Satoshi Rock, Nusa",,,
Taveuni Ocean Sports,"Taveuni Island, Fiji",https://www.taveunioceansports.com/,Taveuni,Northern Division,Fiji,Pacific Islands, +679 867 7513 , dive@taveunioceansports.com ,"Open Water Diver, Scuba Diver, Open Water Scuba Diver, Discover Scuba Diving, Try Scuba / Intro Scuba, Introductory Scuba, Advanced Open Water Diver, Advanced Adventurer, Rescue Diver, Open Water 20, Deep Diver, Enriched Air Nitrox, Night Diver, Wreck Diver, Underwater Navigator, Divemaster, Advanced Nitrox, Trimix Diver","Snorkel, Regulator, BCD, Fins, Wetsuit, Mask",Nitrox,Dive Shop,"Great White Wall, Rainbow Reef, Somosomo Strait (general),The Ledge, Patch Reef",,,
Tavolara Diving,"Via Molara 4/6, 07020 Porto San Paolo, Italy",https://www.tavolaradiving.it/,Porto San Paolo,Sardegna,Italy,Europe, +39 0789 40360 , info@tavolaradiving.it ,"Open Water Diver, Scuba Diver, Open Water Scuba Diver, Discover Scuba Diving, Try Scuba / Intro Scuba, Introductory Scuba, Advanced Open Water Diver, Advanced Adventurer, Rescue Diver, Deep Diver, Enriched Air Nitrox, Night Diver, Underwater Navigator, Divemaster, Divemaster / Assistant Instructor","Wetsuit, Regulator, Fins, Mask, BCD, Snorkel",Nitrox,Dive Shop,"Scoglio del Muzzone, Beach Rock 1, Beach Rock 2, Isola Piana, Isola del Reulino, Relitto Chrissa, Punta Don Diego, Secca della Mandria, Secca dell’Elefante, Secca delle Ancore, Secca del Papa 1, Secca del Papa 2, Secca Punta Arresto 1, Secca Punta Arresto 2, Scoglio del Fico, Isola Molara, Isola di Molara (South), Relitto Omega, Isola dei Cavalli, Secca di Punta Molara, Isola di Tavolara, Cala Girgolu, Capo Ceraso",,,
Thailand Divers,"79 Soi Saiyuan, Rawai, Phuket, 83150, Thailand",https://thailand-divers.com/,Phuket,Phuket,Thailand,Southeast Asia, +66 82 669 8983 , info@thailand-divers.com ,,"Wetsuit, Regulator, Fins, Mask, BCD, Dive Computer, Snorkel, Boots",Nitrox,"Dive Shop, Liveaboard","King Cruiser Wreck, Koh Tachai Pinnacle, Phi Phi Islands, Racha Yai Island, Richelieu Rock, Shark Point (Hin Musang), Similan Islands",,,
The Cortez Club,"Hotel La Concha, Carretera a Pichilingue Esquina-km 5, 23010 La Paz, B.C.S., Mexico",https://cortezclub.com/,La Paz,B.C.S.,Mexico,North America, +52 612 127 1614 , jcurtiss@cortezclub.com ,,"Snorkel, Mask, Fins",,Dive Shop,"El Bajo Seamount, Fang Ming, Los Islotes (Sea Lions), Salvatierra",,,
The Dive Academy,"Beach Garden Plaza, Las Terrenas, Samaná, Dominican Republic",https://tdalasterrenas.com/,Las Terrenas,Samaná,Dominican Republic,Caribbean, +1 829-906-9618 , contact@tdalasterrenas.com ,"Open Water Diver, Advanced Open Water Diver, Rescue Diver, Night Diver, Divemaster, Discover Scuba Diving, Junior Open Water Diver","Wetsuit, Regulator, Mask, BCD, Snorkel",,Dive Shop,"Las Cuevitas de Las Ballenas, Wreck of The Dolphin, Creole Reef, The Canyons, Portillo Reef, Jackson Reef, Sunken Island",,,
The Dive Academy,"157/15 Moo 1, Bophut, Koh Samui, Surat Thani 84320, Thailand",https://www.thediveacademysamui.com/,Koh Samui,Surat Thani,Thailand,Southeast Asia, +66 92 464 3264 , info@thediveacademysamui.com ,"Open Water Diver, Advanced Open Water Diver, Rescue Diver, Deep Diver, Wreck Diver, Night Diver, Underwater Navigator, Dry Suit Diver, Divemaster, Open Water 20, Open Water Scuba Instructor, Master Scuba Diver Trainer, Course Director, Discover Scuba Diving, Junior Open Water Diver","Wetsuit, Regulator, Fins, Mask, BCD, Snorkel, Dive Computer",Nitrox,Dive Shop,"Ang Thong National Marine Park, Ao Leuk, Chumphon Pinnacle, HTMS Sattakut (wreck), Koh Tao, Sail Rock, Shark Island, Southwest Pinnacle",,,
The Dive Ao Nang,"249, 2, Ao Nang, Muang, Krabi 81180, Thailand",https://thediveaonang.com/,Ao Nang,Krabi,Thailand,Southeast Asia, +66 82 282 2537 , info@thediveaonang.com ,"Try Scuba / Intro Scuba, Open Water Diver, Advanced Open Water Diver, Rescue Diver, Junior Open Water Diver, Deep Diver, Enriched Air Nitrox, Wreck Diver, Night Diver, Underwater Navigator, Dry Suit Diver","Wetsuit, Regulator, Fins, Mask, BCD, Snorkel, Dive Computer",Nitrox,Dive Shop,"Hin Daeng, Hin Muang, King Cruiser Wreck, Koh Haa - Cathedral, Shark Point (Hin Musang), Similan Islands, Phi Phi Islands, Ao Nang Bay Local Islands, The A-S-K Cluster, Koh Haa Yai",,,
The Dive Bus,"Goetoeweg, Willemstad, Curaçao",https://www.thedivebus.com/,Curaçao,Curaçao,Curaçao,Caribbean, +599 9 693 8305 , suzy@thedivebus.com ,"Open Water Diver, Advanced Open Water Diver, Rescue Diver, Deep Diver, Wreck Diver, Night Diver, Underwater Navigator, Dry Suit Diver, Divemaster, Discover Scuba Diving, Junior Open Water Diver",,,Dive Shop,"Playa Piskado / Playa Grandi, Klein Curaçao, Eastpoint (Oostpunt), Director's Bay, Tugboat, Kathy's Paradise, Smokey's, Booby Trap, Eel Valley, Barracuda Point, Small Wall, Lost Anchor, Beacon Point, Diver's Leap, Jan Thiel, Sweet Bottom, Sandy's Plateau, Saba Wreck, Cornelius Bay, Shipwreck Point, Stella Maris Shipwreck, Oswaldo's Drop-off, Car Pile (Carpile), Superior Producer, Double Reef, Snake Bay / Slaagbaai, Playa Porto Marie, Cas Abou, Playa Santa Martha, The Blue Room, Mushroom Forest, Black Sand Beach / Playa Santu Pretu, North Point (Klein Curaçao), East Point (Klein Curaçao), South Point (Klein Curaçao), Playa Kanoa, North Point, Black Rock, Awa Blancu, Playa Santa Cruz, Playa Lagun, Playa Jeremi, Paradise, Kleine Knip (Kenepa Chikitu), Grote Knip (Kenepa Grandi), Kortape, Sweet Alice (Playa Forti), Alice in Wonderland (Playa Kalki), Elvin's Plane Wreck, Watamula, Watamula South, Watamula North, North Point West, North Point East, Pierbaai (Marie Pampoen), Dive City House Reef, Tarpon City, Water Factory, Piscadera Bay, Long Beach Piscadera, Blue Bay Beach, Blue Bay Garden, Blue Bay Wall, Boca Sami, Kokomo Beach, Vaersenbaai / Kokomo Wrecks, Pestbaai, Seldom, Seldom West, Rif Sint Marie, Daaibooi, Playa Largu (San Juan), Shon Mosa (San Juan), Playa Manzalina (San Juan), Playa Chiki (San Juan), Playa Hundu, San Nicolas, Makos Mountain, Hell's Corner, Black Coral Garden, Rediho, Duane's Release (Scooter), Playa Hulu, Sponge Forest, Newport",,,
The Dive Shop Old Providence,"Bahía de Manzanillo, Sector Casa Baja, Providencia",https://www.thediveshopoldprovidence.com/,Providencia,San Andrés y Providencia,Colombia,South America, +57 315 6169495 , info@thediveshopoldprovidence.com ,"Open Water Diver, Advanced Open Water Diver, Rescue Diver, Deep Diver, Enriched Air Nitrox, Wreck Diver, Night Diver, Divemaster, Discover Scuba Diving, Junior Open Water Diver","Wetsuit, Regulator, Fins, Mask, BCD, Snorkel",Nitrox,Dive Shop,"One Hook, Cantil de Santa Catalina, Felipe’s Place, Chromis, Channel White and Blue, Confussion, Conoly, Contur, Turtle Rock, Nick’s Place, Espiral, The Cave, El Planchón, Bajo de San Felipe, Convento, Tete’s Place, Tres Casitas, Snapper Shoal, Bajos de Manzanillo, Only One, Manta’s City, Loro Town",,,
The Reef Marina,"Paseo Xaman Ha, Retorno Sayil, Interior Hotel The Reef Playacar, Playacar Fase2, 77710 Playa del Carmen, Quintana Roo, Mexico",https://www.thereefmarina.com/divecenter/en/,Playa del Carmen,Quintana Roo,Mexico,North America, +52 984 168 9693 , templ@e.css ,"Open Water Diver, Open Water Scuba Diver, Advanced Adventurer, Rescue Diver, Stress & Rescue Diver, Enriched Air Nitrox, Night Diver, Discover Scuba Diving, Junior Open Water Diver","Wetsuit, Regulator, Fins, Mask, BCD, Snorkel, Dive Computer",Nitrox,"Dive Shop, Dive Resort","Pared Verde, Moc-che, Chun-zumbul, Jardines, Sabalos, Tortugas, Barracuda Reef, Mama Viña (Wreck), Palancar Wall (Cozumel), Santa Rosa Wall (Cozumel), Colombia Wall (Cozumel), San Francisco Wall (Cozumel), Yucab Reef (Cozumel), Paraíso Reef (Cozumel)",,Shashwat Rajvaidya These are the same place. Look like the same location.,
The Reef Marina,"Paseo Xaman Ha, Retorno Sayil, Interior Hotel The Reef Playacar, Playacar Fase2, 77710 Playa del Carmen, Quintana Roo, Mexico",https://thereefmarina.com/,Puerto Aventuras,Quintana Roo,Mexico,North America, +52 984 168 9693 , templ@e.css ,"Advanced Nitrox, Deco Procedures, Trimix Diver, Tech 1, Cave 1","Regulator, BCD, Dive Computer","Nitrox, Trimix","Dive Shop, Dive Resort","Punta Maroma, Tres Rios, Xcalacoco, Playa del Carmen, Xcaret, Palmul, Xel-Ha, Chacal, Tulsayab, Manchones, Acuario, Cerebros, Los Arcos, Pared Verde, Moc-Che, Chun Zumbul, Jardines, Sabalos, Barracuda, Tortuga, Mama Viña, Punta Venado",,,
The Smiling Seahorse,"170 Ruangrat Rd, Khao Niwet, Mueang Ranong District, Ranong 85000, Thailand",https://thesmilingseahorse.com/,Ranong,Ranong,Thailand,Southeast Asia, +66 86 011 0614 , d@aLayer.push ,"Open Water Diver, Open Water Scuba Diver, One Star Diver (★), Open Water 20, Advanced Adventurer, Two Star Diver (★★), Advanced 35, Stress & Rescue Diver, Three Star Diver (★★★), Enriched Air Nitrox, Divemaster, Advanced Nitrox, Deco Procedures, Trimix Diver, Junior Open Water Diver, Try Scuba / Intro Scuba, Introductory Scuba","Wetsuit, Regulator, Fins, Mask, BCD, Snorkel","Nitrox, Trimix",Liveaboard,"Tarutao National Marine Park, Koh Haa - Cathedral, Hin Daeng, Hin Muang, Similan Islands, Koh Bon, Koh Tachai Pinnacle, Surin Islands, King Cruiser Wreck, Anemone Reef, Koh Bida Nok, Racha Yai Island",,,
Tiaré Cruise,"Jl Raya Tuban N. 62 Gedung Pasar Raya Kuta, Bali 80361",https://www.tiarecruise.com/,Kuta,Bali,Indonesia,Southeast Asia,62 811-386-586, reservation@tiarecruise.com ,"Open Water Diver, Scuba Diver, Advanced Open Water Diver, Rescue Diver, Deep Diver, Enriched Air Nitrox, Wreck Diver, Night Diver, Underwater Navigator, Divemaster, Open Water Scuba Instructor, Master Scuba Diver Trainer, Course Director, Discover Scuba Diving, Junior Open Water Diver","Wetsuit, Regulator, Fins, Mask, BCD, Snorkel",Nitrox,"Dive Shop, Liveaboard","Komodo, Raja Ampat, Triton Bay, Halmahera, Pantar - The Arch, Adunara, Lembata, Banda Sea, The Forgotten islands",,**,
Toga Plongée,"Port de Toga, 20200 Bastia",https://www.togaplongee.com,Bastia,Corse,France,Europe,(0)33676463416, togaplongee@orange.fr ,"Open Water Diver, Advanced Open Water Diver, Rescue Diver, Deep Diver, Wreck Diver, Enriched Air Nitrox, Night Diver, Underwater Navigator, Dry Suit Diver, Divemaster, Divemaster / Assistant Instructor, Open Water Scuba Instructor, Master Scuba Diver Trainer, Course Director, Discover Scuba Diving, Junior Open Water Diver","Regulator, Wetsuit, BCD, Hood, Drysuit, Dive Computer",Nitrox,Dive Shop,Toga Marina,,,
Tokoriki Diving,"By the jetty at Tokoriki Island Resort, Tokoriki Island, Fiji",https://www.tokorikidiving.com/,Tokoriki Island,Western Division,Fiji,Pacific Islands, +679 666 1999 , enquiries@tokorikidiving.com ,"Open Water Diver, Advanced Open Water Diver, Advanced Adventurer, Rescue Diver, Stress & Rescue Diver, Deep Diver, Enriched Air Nitrox, Night Diver, Underwater Navigator, Discover Scuba Diving, Junior Open Water Diver","Wetsuit, Regulator, Fins, BCD, Dive Computer",Nitrox,Dive Shop,"Fiji Islands, Seven Sisters, Dunk’s Canyon, Sherwood Forest, Tokoriki Wall, Shrimptastic, Fantasia, Alaska Reef, Monu Patch, Monu Maze, Shark Reef, Monu Garden, Edenville, Bird Rock Reef, Salamander Wreck, Supermarket North, Supermarket South, Two Rogers Reef, Outer Limits, Barrelhead, Gotham City",,,
Toulon Plongée,"125 Quai des Sous-mariniers, 83000 Toulon, France",https://www.toulonplongee.com,Toulon,Provence-Alpes-Côte d'Azur,France,Europe, +33 6 09 43 16 23 , toulonplongee@gmail.com ,"Discover Scuba Diving, Scuba Diver, Open Water Diver, Advanced Open Water Diver, Rescue Diver, Enriched Air Nitrox, Divemaster, Open Water Scuba Instructor","Snorkel, Fins, Mask, BCD",Nitrox,Dive Shop,"Blue Cave, The Arroyo, The Mustang P51, Toga Marina, Anse Méjean, Anse San Peyre, Horseshoe Cove, The Blue Caves, The Ant of Giens, Pointe des Chevaliers, Anse au Blé, Escampobariou Point, The Two Brothers Falls, The Blunderbuss, The Dornier 24, The Glenn Martin 167F, The Mustang P-51, The Super Mystery B2, S 640 Ariane (Type Arethuse)",,,
Trawangan Dive,"Jl Raya Pantai Trawangan Lombok, Nusa Tenggara Bar. 83352, Indonesia",https://www.trawangandive.com/,Gili Trawangan,Nusa Tenggara Bar.,Indonesia,Southeast Asia, +62 811-3810-2929 , bookings@trawangandive.com ,"Open Water Diver, Scuba Diver, Advanced Open Water Diver, Rescue Diver, Deep Diver, Enriched Air Nitrox, Wreck Diver, Night Diver, Underwater Navigator, Divemaster, Divemaster / Assistant Instructor, Open Water Scuba Instructor, Master Scuba Diver Trainer, Course Director, Discover Scuba Diving, Junior Open Water Diver, Try Scuba / Intro Scuba","Wetsuit, Regulator, Fins, Mask, BCD, Snorkel, Dive Computer",Nitrox,"Dive Shop, Dive Resort","Gili Islands, Turtle Heaven, Halik, Sunset Reef, Deep Turbo, Bounty Wreck, Bio Rock, Hans Reef, Gili Meno Wall, Shallow Turbo, Simon’s Reef, Seahorse Bay, Hidden Reef, Tunang Wall, Batu Belah, Pyramids, Shark Point, Umeeds, Thunder Reef, Donyeng Wall, Japanese WWII Wreck",,,
Tres Pelicanos,"Calle 5 Sur entre Ave Rafael Melgar y 5th Ave #400B, Centro, 77600 San Miguel de Cozumel, Quintana Roo, Mexico",https://trespelicanos.com/,Cozumel,Quintana Roo,Mexico,North America, +1 866-779-9986 , dive@trespelicanos.com ,"Open Water Diver, Discover Scuba Diving, Junior Open Water Diver","Wetsuit, Regulator, Fins, Mask, BCD, Snorkel",,Dive Shop,Cozumel,,,
Triton Bay Divers,"Kaimana Kota, Kaimana, Kaimana Regency, West Papua 98654, Indonesia",https://www.tritonbaydivers.com/,Kaimana,West Papua,Indonesia,Southeast Asia,62(0)82112873043, info@tritonbaydivers.com ,"Open Water Diver, Scuba Diver, Advanced Open Water Diver, Advanced Scuba Diver, Rescue Diver, Enriched Air Nitrox, Divemaster, Divemaster / Assistant Instructor, Discover Scuba Diving, Junior Open Water Diver, Try Scuba / Intro Scuba","Wetsuit, Regulator, Fins, Mask, BCD, Drysuit, Hood, Boots, Snorkel, Dive Computer","Nitrox, Trimix",Dive Shop,"Triton Bay, Triton Bay - Little Komodo, Saruenus Island, Little Komodo, Aquarium, Bo’s Rainbow, White Rock, Macro Rock, Andy’s Point, Batu Jatuh, Flasher Beach, TBD House Reef, Boulders, Christmas Rock",,,
Triton Dive Lodge,"Sodwana Bay, KwaZulu-Natal, South Africa",https://www.tritondiving.co.za/,Sodwana Bay,KZN,South Africa,Southern Africa, +27 82 494 8761 , tritondiving@mweb.co.za ,"Scuba Diver, Discover Scuba Diving, Open Water Diver, Advanced Open Water Diver, Rescue Diver, Junior Open Water Diver, Deep Diver, Enriched Air Nitrox, Wreck Diver, Night Diver, Underwater Navigator, Marine Ecology, Divemaster, Divemaster / Assistant Instructor, Open Water Scuba Instructor, Master Scuba Diver Trainer, Course Director","BCD, Regulator, Snorkel","Hydrox, Nitrox",Dive Shop,Sodwana Bay,,,
TropeaSub Diving Center,"c/o Porto di Tropea, Molo Pescatori - 89861 Tropea, Italy",https://www.tropeasub.it,Tropea,Calabria,Italy,Europe, +39 347 831 7437 , info@tropeasub.it ,,,,Dive Shop,"Costa degli Dei, Blue Grotto, Bay of Riaci, Formicoli",,,
Tropical Sea Divers,"44 Av. Duarte, 15700 Boca Chica, Santo Domingo, Dominican Republic",http://www.tropicalseadivers.com/,Boca Chica,DN,Dominican Republic,Caribbean, +1 829-697-9522 , info@tropicalseadivers.com ,"Scuba Diver, Open Water Diver, Enriched Air Nitrox, Advanced Open Water Diver, Rescue Diver, Divemaster, Try Scuba / Intro Scuba, Advanced Adventurer","BCD, Regulator, Fins, Mask, Boots, Snorkel, Wetsuit",Nitrox,Dive Shop,"Boca Chica, Coral Garden, Catuan, Canyon, Nitrox Garden, Manta Reef, Three Reef, Almendra, Mallita, Picadilly, Cueva Taina",,,
True North Adventure Cruises,"Shop 2, 6 Carnarvon Street, Broome WA 6725, Australia",https://truenorth.com.au/,Broome,WA,Australia,Oceania, +61 8 9192 1829 , cruise@truenorth.com.au ,"Open Water Diver, Open Water Scuba Diver, Scuba Diver, Discover Scuba Diving, Try Scuba / Intro Scuba, Introductory Scuba, Advanced Open Water Diver, Advanced Adventurer, Rescue Diver, Stress & Rescue Diver, Deep Diver, Enriched Air Nitrox, Wreck Diver, Night Diver, Underwater Navigator, Dry Suit Diver, Divemaster, Divemaster / Assistant Instructor, Open Water Scuba Instructor","Wetsuit, BCD, Regulator",Nitrox,Dive Shop,"Raja Ampat, Komodo, New Guinea",,,
Tulamben Dive Center,"Tulamben, Kubu, Karangasem Regency, Bali 80852, Indonesia",https://tulambendive.com/,Tulamben,Bali,Indonesia,Southeast Asia, +62 819-1569-9681 , info@tulambendive.com ,"Open Water Diver, Scuba Diver, Discover Scuba Diving, Try Scuba / Intro Scuba, Introductory Scuba, Advanced Open Water Diver, Advanced Adventurer, Rescue Diver, Deep Diver, Enriched Air Nitrox, Wreck Diver, Night Diver, Underwater Navigator, Dry Suit Diver, Divemaster",Drysuit,Nitrox,Dive Shop,"Tulamben, USAT Liberty Wreck, Boga, Kubu, Coral Garden, Tulamben Drop - Off, Alamanda, Batu Kelebit, Seraya Secrets, Batu Belah, Boga Wreck, Kubu Reef, Liberty Wreck, Drop Off, Melasti, Seraya Secret, Ghost Bay, Jemeluk Bay, Bunutan, Lipah Bay, Japanese Wreck",,,
Tulamben Wreck Divers,"Wreck Divers Resort, Jl. Amlapura-Singaraja, Tulamben, Kec. Karangasem, Kabupaten Karangasem, Bali 80852, Indonesia",https://www.tulambenwreckdivers.com/,Tulamben,Bali,Indonesia,Southeast Asia, +62 813-3871-1389 , info@tulambenwreckdivers.com ,"Open Water Diver, Open Water Scuba Diver, Discover Scuba Diving, Try Scuba / Intro Scuba, Advanced Open Water Diver, Advanced Adventurer, Rescue Diver, Deep Diver, Night Diver, Underwater Navigator, Divemaster",,Nitrox,Dive Shop,"Tulamben, Tulamben Drop - Off, USAT Liberty Wreck, Shark Point, Kubu, Amed, Padang Bai, Nusa Penida, Nusa Lembongan, Menjangan Island - POS II",,,
Turneffe Flats Dive Center,"Turneffe Flats, Turneffe Atoll, Belize",https://www.tflats.com/,Turneffe Atoll,Belize,Belize,Central America, +501 280-9022 , reservations@tflats.com ,"Discover Scuba Diving, Try Scuba / Intro Scuba, Advanced Open Water Diver, Advanced Adventurer, Rescue Diver","Wetsuit, Regulator, Drysuit, Dive Computer, Mask, Fins, BCD, Snorkel",,"Dive Shop, Dive Resort","Turneffe Atoll, Blue Hole, Lighthouse Reef Atoll",,,
Uber Scuba Komodo,"Jl. Soekarno Hatta, Labuan Bajo, Flores, Indonesia 86554",https://uberscubakomodo.com/,Labuan Bajo,Nusa Tenggara Tim.,Indonesia,Southeast Asia, +62 813-3961-9724 , dive@uberscubakomodo.com ,"Try Scuba / Intro Scuba, Open Water Diver, Scuba Diver, Wreck Diver, Advanced Adventurer, Stress & Rescue Diver, Deep Diver, Enriched Air Nitrox, Divemaster, Discover Scuba Diving, Introductory Scuba","Wetsuit, Regulator, Fins, Mask, BCD, Snorkel, Dive Computer",Nitrox,"Dive Shop, Liveaboard","Komodo, Castle Rock, Crystal Rock, The Cauldron, Golden Passage, Mauan, Manta Point, Batu Bolong, Tatawa Besar, Tatawa Kecil, Siaba Besar, Siaba Kecil, Police Corner, Pillarsteen, Three Sisters, Cannibal Rock, Yellow Wall, Eagle Rock, Secret Garden",,,
Ulysse Plongée,"3298 Route de la Madrague, 83400 Hyères, France",https://www.ulysseplongee.fr,Hyères,Provence-Alpes-Côte d'Azur,France,Europe,+33 4 94 58 25 07, info@ulysseplongee.fr ,,,Nitrox,Dive Shop,"Cape Medes, The Gabiniere, The Arroyo, The City of Grasse, The Donator, The Greek (Sagona), The Cement Maker, The Mustang P51, The tip of the Cross, The Ship's Tip, French Mediterranean Islands",,,
Umbi Sharks Bay Diving Village,"Sharks Bay, Sharm El Sheikh, South Sinai, Egypt",https://sharksbay.com/,Sharks Bay,South Sinai Governorate,Egypt,Northern Africa, +20 12 77244001 , info@sharksbay.com ,"Open Water Diver, Open Water Scuba Diver, Discover Scuba Diving, Try Scuba / Intro Scuba, Advanced Open Water Diver, Advanced Adventurer, Rescue Diver, Divemaster, Wreck Diver, Deep Diver","Wetsuit, Regulator, Fins, Mask, BCD, Boots, Snorkel",Nitrox,"Dive Shop, Liveaboard, Dive Resort","Red Sea Jackson Reef, Thomas Reef, Woodhouse Reef, Gordon Reef, South Laguna, Million Hope, Kormoran, Ras Ghamila, Ras Nasrani, Ras Bob, White Knights, Far Garden, Near Garden, Shark’s Bay, Sofa, Middle Garden, Naama Bay, Tower, Amphoras, Pinkie’s Wall, Ras Umm Sid, Paradise, Temple, Ras Katy, Anemone City, Shark & Yolanda Reef, Jackfish Alley, Eel Garden, Ras Ghozlani, Ras Za’atar, Shark Observatory, Stingray Station, Alternatives, Kingston / Shag Rock, Thistlegorm, Carnatic, Lonely Mushroom, Dunraven, Bluff Point / Barge, Small Crack, Chrisoula, Giannis D, Wreck of the Lentil (Lentil Wreck), Ras Mamlah, Ras Abu Galum, Blue Hole, Abu Talha, Ras Abu Helal, The Bells, The Canyon, Napoleon Reef, The Islands, Golden Blocks, Moray Garden, Umm Sid, The Caves, Gabr El Bint",,,
Under The Jungle,"México 307 km 269, 77776 Puerto Aventuras, Quintana Roo, Mexico",https://www.underthejungle.com/,Tulum,Quintana Roo,Mexico,North America, +52 984 205 8558 , info@underthejungle.com ,"Open Water Diver, Enriched Air Nitrox, Advanced Adventurer, Rescue Diver, Discover Scuba Diving, Dry Suit Diver, Advanced Open Water Diver, Divemaster","Wetsuit, Regulator, Gloves, BCD, Drysuit, Hood, Fins, Mask, Snorkel, Boots",Nitrox,Dive Shop,"Cozumel, El Eden (Ponderosa) Cenote, The Pit (El Pit) Cenote, Yucatan Peninsula",,,
Underwater Vision,"La Punta, Calle Principal, Utila 34201, Honduras",https://utilascubadiving.com/,Utila,Bay Islands Department,Honduras,Central America,504 9584 - 8027, info@utilascubadiving.com ,"Open Water Diver, Advanced Adventurer, Advanced Open Water Diver, Wreck Diver, Deep Diver, Enriched Air Nitrox, Night Diver, Underwater Navigator, Dry Suit Diver, Marine Ecology, Divemaster, Divemaster / Assistant Instructor, Open Water Scuba Instructor, Try Scuba / Intro Scuba","BCD, Drysuit, Mask, Regulator",Nitrox,Dive Shop,Utila,,,
Underworld Tulum,"Rio el Playon Mz 526 Lote 1, C. 19 Colonia Tumben Kaa, 77760 Tulum, Quintana Roo, Mexico",https://underworldtulum.com/,Tulum,Quintana Roo,Mexico,North America, +52 984 178 1873 , lanny@underworldtulum.com ,"Open Water Diver, Discover Scuba Diving, Advanced Open Water Diver, Rescue Diver, Deep Diver, Enriched Air Nitrox, Wreck Diver, Night Diver, Underwater Navigator, Dry Suit Diver, Divemaster","Wetsuit, Regulator, BCD, Hood, Mask, Drysuit",Nitrox,Dive Shop,"Cozumel, Playa del Carmen, Tulum, Tankah Bay, Akumal, Sistema Minotauro",,,
UNEXSO - Underwater Explorers Society,"Sanctuary Bay, Sterling Circle, Freeport, Grand Bahama, The Bahamas",https://www.unexso.com/,Freeport,Freeport,Bahamas,Caribbean,+1 800 992 3483, info@unexso.com ,"Open Water Diver, Scuba Diver, Open Water Scuba Diver, Discover Scuba Diving, Try Scuba / Intro Scuba, Introductory Scuba, Advanced Open Water Diver, Advanced Adventurer, Rescue Diver, Open Water 20, Deep Diver, Enriched Air Nitrox, Night Diver, Wreck Diver, Underwater Navigator, Divemaster, Advanced Nitrox, Trimix Diver","Snorkel, Regulator, BCD, Fins, Wetsuit, Mask",Nitrox,Dive Shop,Sanctuary Bay,,Diving sites coming soon. Only Dolphin snorkel,
URPEAN Espace Plongée,"10 Rue des Orangers, 64700 Hendaye, France",https://www.urpean.com,Hendaye,Nouvelle-Aquitaine,France,Europe,(+33) 6 88 74 68 69, info@urpean.com ,"Open Water Diver, Scuba Diver, Open Water Scuba Diver, Discover Scuba Diving, Try Scuba / Intro Scuba, Introductory Scuba, Advanced Open Water Diver, Advanced Adventurer, Rescue Diver, Deep Diver, Enriched Air Nitrox, Night Diver, Underwater Navigator, Divemaster, Divemaster / Assistant Instructor","Wetsuit, Regulator, Fins, Mask, BCD, Snorkel",Nitrox,Dive Shop,"Basque Country, The Wall, El Molino, The Anchors, Canyon, Cap Figuier, Los Pinos, Caseta, Daisies, Cape Biosnar, Etxehandi, Pekachilla, Belarra, The Cod Fisherman, Chicharvel, The Menhir, The Dolmen, Illarguita, Placeta, JP’s Cave, The Scree",,,
Utila Cays Diving,"Jewel Cay, Utila, Bay Islands, Honduras",https://utilacaysdiving.com/,Utila,Islas de la Bahía,Honduras,Central America, +1 619-304-8740 , info@utilacaysdiving.com ,,"Wetsuit, Regulator, Fins, Mask, BCD, Dive Computer, Snorkel, Boots",Nitrox,Dive Shop,"Utila, Utila - Duppy Waters, Black Bird Point, Iron Bound, Rock Harbour, Pumpkin Hill, Big Bight, Red Cliff, Black Hills, North Side, Joshua’s Swash, Great Wall West, Great Wall, Pinnacles, Fish Bowl, The Maze, Willy’s Hole, Old House, Turtle Harbour, CJ’s Drop Off, Don Quixote, Spotted Bay, West End, Raggedy Cay, Utila Cays, Ted’s Point, Airport Caves, Stingray Point, Moon Hole, Eagle Ray Alley, Halliburton, Ron’s Wreck, Lighthouse Reef, Black Coral Wall, Silver Gardens, Labyrinth, Jack Neal Beach, Pretty Bush, Utila Bight, Little Bight, Jack Neil Point, Madeline’s, Big Rock Beach, Big Rock, Cabanas, Sting Ray Point, Diamond Cay, South Side, Utila Town, Lower Lagoon, East Harbour, Laguna Beach, Blackish Point, Jack’s Bight, Aquarium, Linda’s Wall, Rocky Point",,https://utilacaysdiving.com/dive-with-us/dive-sites/,
Utila Dive Center,"Barrio La Punta, Utila, Islas de la Bahía, Honduras 34201",https://utiladivecenter.com/,Utila,Bay Islands Department,Honduras,Central America, +1 619-304-8740 , info@utiladivecenter.com ,"Open Water Diver, Advanced Open Water Diver, Rescue Diver, Deep Diver, Wreck Diver, Night Diver, Underwater Navigator, Divemaster, Open Water Scuba Instructor, Master Scuba Diver Trainer, Discover Scuba Diving, Junior Open Water Diver","Wetsuit, Regulator, Fins, Mask, BCD, Snorkel, Dive Computer",Nitrox,"Dive Shop, Liveaboard, Dive Resort","Utila, Villingili Kandu, Kuredhdhoo Kandu, Mafzoo Thila, Tiger Harbour, South Plateau",,,
Vallarta Undersea,"Proa 22, Marina Vallarta, 48450 Puerto Vallarta, Jal., Mexico",https://vallartaundersea.com/,Puerto Vallarta,Jal.,Mexico,North America, +52 322 209 0025 , godive@vallartaundersea.com ,,"Snorkel, Mask, Fins",,Dive Shop,"Puerto Vallarta, Los Arcos, Islas Marietas",,,
Venice Diving,"Camping Marina di Venezia & Camping Mediterraneo, 30013 Cavallino-Treporti, Italy",https://www.venicediving.com,Cavallino-Treporti,Veneto,Italy,Europe, +39 340 628 9095 , info@venicediving.com ,"Open Water Diver, Advanced Open Water Diver, Rescue Diver, Night Diver, Divemaster, Discover Scuba Diving, Junior Open Water Diver","Wetsuit, Regulator, Mask, BCD, Snorkel",,Dive Shop,"Gulf of Venice, Secca Alberto, Piramyd, Nadio, Severin, Madonnina, Pesca, Secca Grande, Shore Dive, SS Villa, Vrmac, Evdokia 2, S88, 5 PN",,,
Ventura Dive & Sport,"1559 Spinnaker Dr, Suite 108",https://venturadive.com/,Ventura,California,United States,North America, +1 805-650-6500 , VDSStaff@VenturaDive.com ,"Open Water Diver, Advanced Open Water Diver, Rescue Diver, Deep Diver, Wreck Diver, Night Diver, Underwater Navigator, Dry Suit Diver, Divemaster, Open Water 20, Open Water Scuba Instructor, Master Scuba Diver Trainer, Course Director, Discover Scuba Diving, Junior Open Water Diver","Wetsuit, Regulator, Fins, Mask, BCD, Snorkel, Dive Computer",Nitrox,Dive Shop,Channel Island - Santa Cruz Island,,,
Villa on Dunbar Rock,"Dunbar Rock, Sandy Bay, Guanaja 34301, Honduras",https://www.dunbarrock.com/,Guanaja,Islas de la Bahía,Honduras,Central America, +1 800-353-8953 , reservations@dunbarrock.com ,"Try Scuba / Intro Scuba, Open Water Diver, Advanced Open Water Diver, Rescue Diver, Junior Open Water Diver, Deep Diver, Enriched Air Nitrox, Wreck Diver, Night Diver, Underwater Navigator, Dry Suit Diver","Wetsuit, Regulator, Fins, Mask, BCD, Snorkel, Dive Computer",Nitrox,"Dive Shop, Dive Resort","Guanaja Bay Island, Black Rock Canyon, Tito’s Labyrinth, Black Rock Point, North East Bight, East End Cliff, Caldera del Diablo, George’s Cay, Hector’s Cay, Josh’s Cay, Brick Point, Black Rock, Guanaja Channel, Michael’s Rock, Sandbar Reef, Paradise Reef, Diana’s Wall, Bayman Drop, Eel Garden, Fantasy Reef, Thomas Reef, Tortuga Reef, Spayer Reef, Columbus Landing, Pure Ridge, Pine Ridge, Freshwater Bay, Indian Hill, Blue Hole, Blue Rock, West Peak, Caribbean Harbor, Denis’ Playground, Daniel’s Reef, Rainbow Reef, Jim’s Pleasure, Verde Reef, Gorgonian Wall, Captain’s Crack, Southwest Wall, Blacktip Shark Reef, Blacktip Slumberland",,https://www.dunbarrock.com/portfolio/dive-sites-map/,
VIP Diving,"Kaya Pedro Luis Brion 24, Kralendijk",https://www.vipdiving.com/,Kralendijk,Bonaire,Bonaire,Caribbean, +599 701 7701 , info@vipdiving.com ,"Open Water Diver, Advanced Open Water Diver, Rescue Diver, Deep Diver, Enriched Air Nitrox, Wreck Diver, Night Diver, Divemaster, Discover Scuba Diving, Junior Open Water Diver","Wetsuit, Regulator, Fins, Mask, BCD, Snorkel",Nitrox,Dive Shop,Bonaire Island,,,
Shams Diving Centers,"Shams Alam Beach Resort, Marsa Alam, Red Sea, Egypt",https://shamsdivingcenters.com/,Shams Alam,Red Sea Governate,Egypt,Northern Africa,+20 10 22234508, wadigiMal@shamsdivingcenters.com ,"Open Water Diver, Open Water Scuba Diver, Advanced Adventurer, Rescue Diver, Stress & Rescue Diver, Enriched Air Nitrox, Night Diver, Discover Scuba Diving, Junior Open Water Diver","Wetsuit, Regulator, Fins, Mask, BCD, Snorkel, Dive Computer",Nitrox,Dive Shop,"Shams Safaga, Marsa Alam,Ras Abu Soma, Abu Soma Garden, Tobia Arbaa, Tobia Hamra, Tobia Kebir, Tobia Island, Tobia Soraya, Gamul Soraya, Gamul Kebir, Panorama Reef, Middle Reef, Salem Express, Shoab Quais, Shoab Sheer, Shoab Claude, Shoab Bagul, Shoab Sheer Soraya, Shoab Hamdalla, Abu Kefan",,,
Waidroka Bay Resort,"PO Box 323, Pacific Harbour, Deuba, Fiji",https://www.waidroka.com/,Deuba,Central Division,Fiji,Pacific Islands, +679 992 4944 , reservations@waidroka.com ,"Advanced Nitrox, Deco Procedures, Trimix Diver, Tech 1, Cave 1","Regulator, BCD, Dive Computer","Nitrox, Trimix","Dive Shop, Dive Resort","Fiji Shark Dives, Tasu II,Aquarium, Mata Point, Tukini & Serua Wall, Twilight Zone, Frigates Walls, Ponti’s Playground, Fantasea, Side Streets, Golden Arch, Caesars’ Rock, Cakau Lekaleka",,,
Waikiki Dive Center,"The Only Dive Shop in Waikiki, 424 Nāhua St, Honolulu, HI 96815, United States",https://waikikidivecenter.com/,Honolulu,Hawaii,United States,North America, +1 808-922-2121 , info@waikikidiving.com ,"Open Water Diver, Open Water Scuba Diver, One Star Diver (★), Open Water 20, Advanced Adventurer, Two Star Diver (★★), Advanced 35, Stress & Rescue Diver, Three Star Diver (★★★), Enriched Air Nitrox, Divemaster, Advanced Nitrox, Deco Procedures, Trimix Diver, Junior Open Water Diver, Try Scuba / Intro Scuba, Introductory Scuba","Wetsuit, Regulator, Fins, Mask, BCD, Snorkel","Nitrox, Trimix",Dive Shop,"Sea Tiger, YO - 257 & San Pedro, Oahu - Nautilus, Kewalo Pipe, Horseshoe Reef, Corsair,Turtle Canyons, Koko Craters, Spitting Caves, San Pedro, Angler’s Reef, Hawaii Loa Ridge, Portlock Reef, Pawa’a, Fantasea Reef, Baby Barge, LCU (Landing Craft Utility)",,,
Wakatobi Dive Resort,"Desa, Lamanggau, Tomia, Kabupaten Wakatobi, Sulawesi Tenggara, Indonesia",https://www.wakatobi.com/,Tomia/Wakatobi,Sulawesi Tenggara,Indonesia,Southeast Asia, +62 361 759669 , office@wakatobi.com ,"Open Water Diver, Scuba Diver, Advanced Open Water Diver, Rescue Diver, Deep Diver, Enriched Air Nitrox, Wreck Diver, Night Diver, Underwater Navigator, Divemaster, Open Water Scuba Instructor, Master Scuba Diver Trainer, Course Director, Discover Scuba Diving, Junior Open Water Diver","Wetsuit, Regulator, Fins, Mask, BCD, Snorkel",Nitrox,"Dive Shop, Liveaboard, Dive Resort","Sulawesi, House Reef, Turkey Beach, Conchita, The Zoo, Barracuda, Usuku Top, Usuku Selatan, Liable East, Liable West, Malabea East, Malabea West, Teluk Maya, Trailblazer, Tanjung Lintea, Pockets, Fan 38 East, Fan 38 West, Spiral Corner, Sawa Utara, Magnifica, Cornucopia, Batfish Wall, Fan Garden, Starship, Galaxy, Pinky’s Wall, Vivien’s Reef, Black Forest, Valentine’s Point, Lorenzo’s Delight, Pastel, Inka’s Palette, Brian’s Choice, Channel, Tanjung Patok, Dunia Baru, Waitii Ridge, Table Coral City, Teluk Waitii, Allegras Wall, Pantai Kollo Soha, Pantai Waitii, Roma, Mari Mabuk, Gunung Waha, Ali Reef, Eel Valley, Waha Top, Kulati, Blade, Coral Hill, Pintu Timur, Mermaid, Fish Wall, Cavern Wall",,,
Walker's Dive Charters,"Slip #25, 200 E 13th St, Riviera Beach, FL 33404, United States",https://walkersdivecharters.com/,Riviera Beach,Florida,United States,North America, +1 561-797-3483 , info@walkersdivecharters.com ,"Open Water Diver, Advanced Open Water Diver, Rescue Diver, Deep Diver, Wreck Diver, Enriched Air Nitrox, Night Diver, Underwater Navigator, Dry Suit Diver, Divemaster, Divemaster / Assistant Instructor, Open Water Scuba Instructor, Master Scuba Diver Trainer, Course Director, Discover Scuba Diving, Junior Open Water Diver","Regulator, Wetsuit, BCD, Hood, Drysuit, Dive Computer",Nitrox,Dive Shop,Palm Beach,,,
Wannadive Bonaire,"Kaya Gobernador N. Debrot 150, Kralendijk",https://wannadive.com/,Kralendijk,Bonaire,Bonaire,Caribbean, +599 717 8884 , info@wannadive.com ,"Open Water Diver, Advanced Open Water Diver, Advanced Adventurer, Rescue Diver, Stress & Rescue Diver, Deep Diver, Enriched Air Nitrox, Night Diver, Underwater Navigator, Discover Scuba Diving, Junior Open Water Diver","Wetsuit, Regulator, Fins, BCD, Dive Computer",Nitrox,Dive Shop,"Boka Bartol, Playa Benge, Playa Funchi, Bise Morto, Wayaka, Boka Slagbaai North, Nukove, Carel’s Vision, Karpata, La Dania’s Leap, Rappel, Bloodlet, Tolo, Country Garden, Bon Bini na Kas, 1000 Steps, Weber’s Joy, Jeff Davis Memorial, Kalli’s Reef, Oil Slick Leap, Barcadera, Andrea I, Andrea II, Petries Pillar, Small Wall, Cliff, La Machaca, Reef Scientifico, Buddy’s Reef, Bari’s Reef, Front Porch, Something Special, Town Pier, Calabas Reef, 18th Palm, Windsock, Corporal Meiss, Bachelor’s Beach, Chez Hines, Lighthouse Point, Punt Vierkant, The Lake, Hilma Hooker, Angel City, Alice in Wonderland, Aquarius, Larry’s Lair, Jeannie’s Glory, Salt Pier, Salt City, Invisibles, Tori’s Reef, Pink Beach, White Slave, Margate Bay, Red Beryl, Atlantis, Vista Blue, Sweet Dreams, Red Slave, Willemstoren Lighthouse, White Hole, No Name Beach, Ebo’s Reef, Jerry’s Reef, Just a Nice Dive, Nearest Point, Keepsake, Bonaventura, Monte’s Divi, Rock Pile, Joanne’s Sunchi, Cap. Don’s Reef, South Bay, Hands Off, Forest, South West Corner, Munk’s Haven, Twix, Sharon’s Serenity, Valerie’s Hill, Mi Dushi, Yellowman, Carl’s Hill, Ebo’s Special, Leonora’s Reef, Knife, Sampler",,,
Waterhorse Charters,"1617 Quivira Rd, San Diego, CA 92109, United States",https://www.waterhorsecharters.com/,San Diego,California,United States,North America, +1 858-800-4860 , rankm@h.com ,"Discover Scuba Diving, Scuba Diver, Open Water Diver, Advanced Open Water Diver, Rescue Diver, Enriched Air Nitrox, Divemaster, Open Water Scuba Instructor","Snorkel, Fins, Mask, BCD",Nitrox,Dive Shop,"La Jolla Cove, La Jolla Shores, La Jolla Pinnacles, Scripps Canyon (La Jolla), HMC Yukon (Wreck Alley), Ruby E. (Wreck Alley), El Rey (Wreck Alley), 6 Fathoms (Point Loma), New Hope Rock (Point Loma), Horsehead Reef (Point Loma), Dino Head (Point Loma), Train Wheels (Point Loma), Lobster Shack (Coronado Islands), Keyhole (Coronado Islands), Middle Grounds (Coronado Islands)",,,
WAVES Project,"42225 Remington Ave, Suite A-18",https://www.wavesproject.org/,Temecula,California,United States,North America,951-308-0049, fonts.gst@ic.com ,"Open Water Diver, Scuba Diver, Advanced Open Water Diver, Rescue Diver, Deep Diver, Enriched Air Nitrox, Wreck Diver, Night Diver, Underwater Navigator, Divemaster, Divemaster / Assistant Instructor, Open Water Scuba Instructor, Master Scuba Diver Trainer, Course Director, Discover Scuba Diving, Junior Open Water Diver, Try Scuba / Intro Scuba","Wetsuit, Regulator, Fins, Mask, BCD, Snorkel, Dive Computer",Nitrox,Dive Shop,,,,
West Bay Divers,"Fosters Road, West Bay, Roatán, Bay Islands, Honduras",https://www.westbaydivers.com/,West Bay,Bay Islands Department,Honduras,Central America, +1 888-348-3923 , dive@westbaydivers.com ,"Open Water Diver, Discover Scuba Diving, Junior Open Water Diver","Wetsuit, Regulator, Fins, Mask, BCD, Snorkel",,"Dive Shop, Dive Resort",West Bay,,,
West End Divers,"West End Road, West End, Roatán, Bay Islands, Honduras",https://www.westenddivers.com/,West End,Bay Islands Department,Honduras,Central America, +504 9513-2287 , courtney@westenddivers.com ,"Open Water Diver, Scuba Diver, Advanced Open Water Diver, Advanced Scuba Diver, Rescue Diver, Enriched Air Nitrox, Divemaster, Divemaster / Assistant Instructor, Discover Scuba Diving, Junior Open Water Diver, Try Scuba / Intro Scuba","Wetsuit, Regulator, Fins, Mask, BCD, Drysuit, Hood, Boots, Snorkel, Dive Computer","Nitrox, Trimix","Dive Shop, Dive Resort",Roatán,,"selected "" 40 morred dive sites"" link to view dive site info, security alert from page. Caution",
West Shore Scuba,"203 Valley Rd, Enola, PA 17025, United States",https://www.westshorescuba.com/,Harrisburg,Pennsylvania,United States,North America, +1 717-836-7699 , info@westshorescuba.com ,,,,Dive Shop,"Bonaire Island, Statia, Malé, Grenada, Coxen Hole, Little Cayman Beach, Blackbird Caye Turneffe Atoll",,,
Wetzone Divers Khao Lak,"Wetzone 67/3, Khuekkhak, Takua Pa District, Phang Nga 82220, Thailand",https://www.wetzonedivers.com/,Khao Lak,Phang Nga,Thailand,Southeast Asia, +66 85 785 8065 , info@wetzonedivers.com ,,,,Dive Shop,"Richelieu Rock, Koh Bon, Koh Tachai Pinnacle, Similan Islands, Surin Islands",,German site with Translations,
White Pearl,2 Leng Kee Road #05-09 Thye Hong Centre Singapore 159086,https://pearlfleet.org/,Malé,Nouvelle-Aquitaine,Maldives,South Asia,65 80118123, info@pearlfleet.org ,,,,"Dive Shop, Liveaboard","Rock Islands Southern Lagoon, Blue Corner, German, Ulong, Chandelier Cave, Central Atolls, Hanifaru, Northern Atolls, Deep South, South & Central Atolls, Banda Sea, Komodo, Raja Ampat, Alor",,"The ""Versace"" of Aquatic activities. Some trips are different times",
White Sands Dive Shop,"6.5 Miles North, San Pedro, Ambergris Caye, Belize",https://www.whitesandsdiveshop.com/,San Pedro,Corozal District,Belize,Central America,501 226 2405 , frontdesk@whitesandsdiveshop.com ,,,,Dive Shop,"Belize Barrier Reef, Finger Reef, Hol Chan Marine Reserve, Hol Chan Cut",,,
White/Blue Manta Liveaboards,"77 Gardenia Road, SINGAPORE 578880, Rep. Of Singapore",https://www.whitemanta.com/,Singapore,Singapore,Singapore,Southeast Asia,65 9692 2001, info@whitemanta.com ,,,,Liveaboard,"Banda Sea, Komodo, Raja Ampat, Triton Bay, Derawan Islands, Lembata, Halmahera",,"Site has a dive destination map that has a lot more destinations then the featured destinations. When checking link to ""trip schedule"", it refreshes page. Broken link.",
Whitetip Marine Adventures,"Port Denarau Marina, Nadi, Fiji",https://whitetipmarineadventures.com/,Nadi,Western Division,Fiji,Pacific Islands, +679 999 4540 , info@whitetipmarineadventures.com ,,,,Dive Shop,Port Denarau Marina,,,
World Diving Lembongan,"Jalan Jungutbatu Raya, Nusa Lembongan, Bali, Indonesia",https://www.world-diving.com/,Nusa Lembongan,Bali,Indonesia,Southeast Asia, +62 812-3900-686 , info@world-diving.com ,,,,Dive Shop,"Crystal Bay, Toyapakeh, Manta Point, pura mas gading, Sekolah Dasar, Buyuk, Pura Ped, Mangroves(Nusa Lembongan)",,DK Start,
XTC Dive Center,"Km 54 Camino Costero, 77940 Xcalak, Quintana Roo, Mexico",https://www.xtcdivecenter.com/,Xcalak,Quintana Roo,Mexico,North America, +52 983 836 5790 , reserve@xtcdivecenter.com ,,,,Dive Shop,"LA POSA, LA CHIMENEA, SANTA JULIA, DOÑA NICA, HOB NA (AKA GROUPER HANGOUT)",,,
YCPAC,"Courseulles-sur-Mer, 14470",https://arromanches-plongees-epaves.fr,Courseulles-sur-Mer,Normandie,France,Europe, +33 6 68 13 34 36 , renseignementplongeeycpac@gmail.com ,,,,Dive Shop,Arromanches,,,
YOS Dive Lembeh,"F6MP+6V8, Makawidey, Aertembaga, Kota Bitung, Sulawesi Utara 95528, Indonesia",https://www.yosdivelembeh.com/,Lembeh,Sulawesi Utara,Indonesia,Southeast Asia, +62 823-4811-5888 , info@yosdivelembeh.com ,,,,"Dive Shop, Dive Resort","Batu Kapal, Pulau Dua, Madidir, Pantai Jiko, Goby Crab, Trikora, Pulau Abadi, Critter hunt, Tandu Rusa, Mawali Wreck, Tanjung Kusu Kusu, Bianca, Pantai Kecil, Pintu Kota Besar (SeaGrass), Sarena Patah, Nudi Fals, Police Pair 2, Sarena Besar, Jandri's Beach, Pintu Colada, Pintu Kota Kecil, Pantai Parigi, Air Prang, Kareko, Tanjung Kubur, Jahir, Makawidey, Tanjung Tebal, Air Bajo, Magic Crack, Nudi Retreat, Magic Rock, Slow Poke, Larry's Crack, Batu Sandar, TK, Hairbal Too, Hairbal, Binuang, Angel's Window, Heynus, Batu Merah, AW Shucks, Batu Angus, California Dreaming, Kainah's Treasure, Pulau Putus, Jiko Yansi, Dante's Wall",,,
Zen Resort Bali,"Desa Ume Anyar, Serrirrit, Singaraja, PO Box 18, Bali, Bali 81153, Indonesia",https://zenresortbali.com/,Singaraja,Bali,Indonesia,Southeast Asia, 62 813-3779-3038 , contact@zenresortbali.com ,"Open Water Diver, Advanced Open Water Diver, Rescue Diver, Divemaster, Discover Scuba Diving",Yes (unspecified gear),,Dive Shop,"Puri Jati, Menjangan Island - POS II, Manta Point, USAT Liberty Wreck",,,
Okinawa Diving Center,,https://okinawadc.com/,,,,,+81 98-965-4700,[email protected],,,,,,,,
Best Dive Okinawa,,https://www.bestdiveokinawa.com/,,,,,+81 703-124-7160,,,,,,,,,
Aloha Divers,,http://www.alohadiversokinawa.com/,,,,,+81 90-5289-9095,,,,,,,,,
Okidives,,https://www.okidives.com/,,,,,+81 70-2795-7539,,,,,,,,,
Dive Centre Okinawa 39ers,,http://www.okinawa39ers.com/,,,,,+81 80-2085-9138,info@okinawa39ers.com,,,,,,,,
Alpha Dive,,https://www.a-diveokinawa.com/,,,,,+81 98-955-4430,,,,,,,,,
English Empire Divers Okinawa,,http://englishempiredivers.com/,,,,,,,,,,,,,,
Isles,,https://www.isles-dc.com/,,,,,+81 90-9095-7644,isles.dc@gmail.com,,,,,,,,
Marine Club UMI,,https://umi.okinawa.jp/,,,,,+81 98-989-7730,,,,,,,,,
SEALOVERS OKINAWA,,https://sealovers-okinawa.co.jp/,,,,,+81 98-965-7535,,,,,,,,,
Piranha Divers,,http://piranha-divers.jp/,,,,,+81 80-4277-1155,,,,,,,,,
Lagoon Dive Shop,,https://lagoon-diving.com/,,,,,+81 98-966-2818,,,,,,,,,
Divers 7,,http://www.divers7okinawa.com/,,,,,+81 98-967-7050,info@divers7okinawa.com,,,,,,,,
Tsunami Scuba,,https://www.okinawa.usmc-mccs.org/shopping-services/tsunami-scuba,,,,,+81 98-970-4206,,,,,,,,,
Blue Magic,,http://bluemagicsds.com/,,,,,+81 90-8012-8349,,,,,,,,,
Reef Encounters,,http://www.reefencounters.org/,,,,,+81 98-995-9414,,,,,,,,,
Bubble Addict Okinawa,,http://www.bubbleaddictokinawa.com/,,,,,+81 80-4510-0445,,,,,,,,,
Johnny's Diving Okinawa,,https://www.johnnysdiving.com,,,,,+81 50-3743-4150,okinawa@johnnysdiving.com,,,,,,,,
OKINAWA DIVING SERVICE SENSUIYA,,http://www.okinawa-d-s.com,,,,,+81 98-988-9398,[email protected],,,,,,,,
Okinawa Diving Shop Suimy,,http://www.suimy.jp,,,,,+81 98-861-7271,[email protected],,,,,,,,
Kaiyo Aventure Tours,,,,,,,+81 98-887-5555,info@inorvexa.com,,,,,,,,