Dive Site,Type,Country,Notes,,Dive Site,Type,Country,City,,,Dive Site,Type,Country,,,Dive Site,Type,Country,,,Dive Site,Type,Country,,Dive Site,Type,Country,,,Dive Site,Type,Country
1000 Steps,Beach,Bonaire,,,San Carlos Beach (Breakwater),Beach,USA,,,,Devil’s Den,Cavern/Cave,USA,,,Molasses,Geographic Site,USA,,,Alexander Springs,Lake,USA,,MUSA Underwater Museum,Other,Mexico,,,USNS General Hoyt S. Vandenberg,Wreck,USA
7 Mile,Geographic Site,South Africa,,,Point Lobos - Whalers Cove,Beach,USA,,,,Ginnie Springs - Devil’s Eye/Devil’s Ear,Cavern/Cave,USA,,,Christ of the Abyss (Dry Rocks),Geographic Site,USA,,,Silfra Fissure,Lake,Iceland,,Frederiksted Pier,Other,,,,USS Spiegel Grove,Wreck,USA
Abrolhos Archipelago - Chapeirão,Geographic Site,Brazil,,,Bluefish Cove (Point Lobos),Beach,USA,,,,Morrison Springs,Cavern/Cave,USA,,,Alligator,Geographic Site,USA,,,Barracuda Lake,Lake,Philippines,,Christ of the Abyss (San Fruttuoso),Other,Italy,,,USCGC Duane,Wreck,USA
Abrolhos Archipelago - Naufragio Rosalinda,Wreck,Brazil,,,Lovers Point,Beach,USA,,,,Vortex Spring,Cavern/Cave,USA,,,Looe Key,Geographic Site,USA,,,Lake Tahoe - Rubicon Wall,Lake,USA,,Museo Atlántico,Other,Spain,,,USCGC Bibb,Wreck,USA
Abrolhos Archipelago - Parcel dos Abrolhos,Geographic Site,Brazil,,,Monastery Beach,Beach,USA,,,,Devil’s Throat,Cavern/Cave,Mexico,,,Sombrero,Geographic Site,USA,,,Lake Baikal - Under - Ice Diving,Lake,Russia,,Secret Bay (Muck),Other,Philippines,,,Thunderbolt,Wreck,USA
Abu Dabbab,Geographic Site,Egypt,,,Monastery North (The Finger),Beach,USA,,,,Tajma Ha (Taj - Mahal) Cenote,Cavern/Cave,Mexico,,,Carysfort,Geographic Site,USA,,,Grüner See,Lake,Green Lake,,Navy Pier,Other,Australia,,,The Eagle,Wreck,USA
Abu Dabbab (Dugong Bay),Geographic Site,Egypt,,,Casino Point Dive Park,Beach,USA,,,,Dos Ojos Cenote,Cavern/Cave,Mexico,,,Santa Rosa Wall,Geographic Site,Mexico,,,Kreidesee Hemmoor,Lake,,,Rapid Bay Jetty,Other,Australia,,,Benwood,Wreck,USA
Adolphus Busch Sr.,Wreck,USA,,,La Jolla Shores,Beach,USA,,,,The Pit (El Pit) Cenote,Cavern/Cave,Mexico,,,Palancar,Geographic Site,Mexico,,,Capernwray Quarry,Lake,,,Edithburgh Jetty,Other,Australia,,,USS Oriskany,Wreck,USA
Aida Wreck,Wreck,Egypt,,,La Jolla Cove,Beach,USA,,,,Angelita Cenote,Cavern/Cave,Mexico,,,Columbia,Geographic Site,Mexico,,,Lac du Bourget - Les Moines,Lake,France,,Blairgowrie Pier,Other,Australia,,,HMCS Yukon,Wreck,USA
Airport Wall,Geographic Site,Dominican Republic,,,Shaw’s Cove,Beach,USA,,,,Gran Cenote,Cavern/Cave,Mexico,,,Barracuda,Geographic Site,Mexico,,,Rummu Quarry,Lake,Estonia,,Keystone Jetty,Other,USA,,,Ruby E (Cutter),Wreck,USA
Akitsushima,Wreck,Philippines,,,Crescent,Beach,USA,,,,Carwash (Aktun Ha) Cenote,Cavern/Cave,Mexico,,,Paradise,Geographic Site,Mexico,,,White Star Quarry,Lake,USA,,Edmonds Underwater Park,Other,USA,,,Fang Ming,Wreck,Mexico
Al Lith - Five Sisters,Geographic Site,Saudi Arabia,,,Fisherman’s Cove,Beach,USA,,,,Calavera (Temple of Doom) Cenote,Cavern/Cave,Mexico,,,Cabo Pulmo National Park,Geographic Site,Mexico,,,Dutch Springs (Lake Hydra),Lake,USA,,Yonaguni Monument,Other,Japan,,,Salvatierra,Wreck,Mexico
Aldabra,Geographic Site,Seychelles,,,Blue Heron Bridge (Phil Foster Park),Beach,USA,,,,Dreamgate Cenote,Cavern/Cave,Mexico,,,Los Islotes (Sea Lions),Geographic Site,Mexico,,,Gilboa Quarry,Lake,USA,,Dinah’s Beach,Other,Papua New Guinea,,,SS Sapona,Wreck,Bahamas
Alexander Springs,Lake,USA,,,Salt Pier,Beach,Bonaire,,,,Chikin Ha Cenote,Cavern/Cave,Mexico,,,El Bajo Seamount,Geographic Site,Mexico,,,Lake Constance,Lake,Überlingen Wall,,Hanifaru,Other,Maldives,,,Austin Smith,Wreck,Bahamas
Älgön,Geographic Site,Sweden,,,1000 Steps,Beach,Bonaire,,,,El Eden (Ponderosa) Cenote,Cavern/Cave,Mexico,,,Roca Partida,Geographic Site,Mexico,,,Walchensee,Lake,Galerie,,Mabul Artificial,Other,Malaysia,,,Ray of Hope,Wreck,Bahamas
Alice in Wonderland,Beach,Bonaire,,,Bari,Beach,Bonaire,,,,Nohoch Nah Chich System,Cavern/Cave,Mexico,,,El Boiler,Geographic Site,Mexico,,,Attersee,Lake,Hinkelsteine,,Kapalai House,Other,Malaysia,,,James Bond Wrecks (Tears of Allah),Wreck,Bahamas
Alice in Wonderland,Geographic Site,Bahamas,,,Karpata,Beach,Bonaire,,,,Sistema Sac Actun,Cavern/Cave,Mexico,,,The Canyon (El Canyon),Geographic Site,Mexico,,,Traunsee,Lake,Schlierwand,,Nudi Falls,Other,Indonesia,,,Kittiwake,Wreck,Cayman Islands
Alimatha House Reef (Nurse Shark Night),Geographic Site,Maldives,,,Director’s,Beach,Curaçao,,,,Ox Bel Ha System,Cavern/Cave,Mexico,,,Great Blue Hole,Geographic Site,Belize,,,Grüner See,Lake,,,Hairball,Other,Indonesia,,,Captain Keith Tibbetts (356),Wreck,Cayman Islands
Aliwal Shoal,Geographic Site,South Africa,,,Playa Kalki (Alice in Wonderland),Beach,Curaçao,,,,Inland Sea & Tunnel,Cavern/Cave,Malta,,,Half Moon Caye Wall,Geographic Site,Belize,,,Stoney Cove Quarry,Lake,,,Police Pier,Other,Indonesia,,,Hilma Hooker,Wreck,Bonaire
Alligator,Geographic Site,USA,,,El Cabrón Marine Reserve,Beach,Spain,,,,Grotta del Nereo,Cavern/Cave,Italy,,,Hol Chan Cut,Geographic Site,Belize,,,Dorothea Quarry,Lake,,,Laha 1,Other,Indonesia,,,Tugboat,Wreck,Curaçao
Amanyara Wall,Geographic Site,Turks and Caicos,,,Green,Beach,Cyprus,,,,Cathedral (La Cueva),Cavern/Cave,Spain,,,Shark Ray Alley,Geographic Site,Belize,,,Vivian Quarry,Lake,,,Twilight Zone,Other,Indonesia,,,Superior Producer,Wreck,Curaçao
Amed Pyramids,Other,Indonesia,,,Port Noarlunga,Beach,Australia,,,,Caves & Tunnels,Cavern/Cave,Cyprus,,,Dean’s Blue Hole,Geographic Site,Bahamas,,,Loch Long,Lake,A Frames,,Kakaban Jellyfish Lake,Other,Indonesia,,,Bianca C,Wreck,Grenada
Anaho,Geographic Site,French Polynesia,,,Whytecliff Park,Beach,Canada,,,,The Canyon,Cavern/Cave,Egypt,,,Tiger Beach,Geographic Site,Bahamas,,,Loch Fyne,Lake,Stallion Rock,,San Miguel Pyramids,Other,Philippines,,,Veronica L,Wreck,Grenada
Anchor,Geographic Site,St. Vincent,,,Porteau Cove,Beach,Canada,,,,Koh Haa - Cathedral,Cavern/Cave,Thailand,,,Bloody Bay Wall,Geographic Site,Cayman Islands,,,Loch Ness,Lake,Urquhart,,Secret Bay (Mainit),Other,Philippines,,,Stavronikita,Wreck,Barbados
Andaman Island - Dixon’s Pinnacle,Geographic Site,India,,,Saltwater State Park,Beach,USA,,,,Boo Windows,Cavern/Cave,Indonesia,,,Jackson’s Bight,Geographic Site,Cayman Islands,,,Llyn Tegid,Lake,Bala Lake,,Hoi Ha Wan Marine Park,Other,Hong Kong,,,Charles Brown,Wreck,Cable Layer
Andaman Island - Fish Rock,Cavern/Cave,India,,,Black Rock,Beach,USA,,,,Farondi Cave System,Cavern/Cave,Indonesia,,,Devil’s Grotto,Geographic Site,Cayman Islands,,,Plitvice Lakes - Submerged Forest,Lake,Croatia,,Dadonghai,Other,China,,,El Aguila,Wreck,Honduras
Andaman Island - Johnny’s Gorge,Geographic Site,India,,,Izu Oceanic Park (IOP),Beach,Japan,,,,Fish Rock Cave,Cavern/Cave,Australia,,,Eden Rock,Geographic Site,Cayman Islands,,,Lake Ohrid,Lake,,,Mosquito Pier,Other,Puerto Rico,,,Odyssey,Wreck,Honduras
Andaman Island - South Button,Geographic Site,India,,,Osezaki,Beach,Japan,,,,Rottnest Island - Shark Cave,Cavern/Cave,Australia,,,Babylon,Geographic Site,Cayman Islands,,,Lake Tanganyika - Kipili,Lake,Tanzania,,Puhi,Other,USA,,,Um El Faroud,Wreck,Malta
Andaman Island - The Wall (Havelock),Geographic Site,India,,,Nazumado,Beach,Japan,,,,Kilsby Sinkhole,Cavern/Cave,Australia,,,Stingray City Sandbar,Geographic Site,Cayman Islands,,,Lake Tanganyika,Lake,Kalemie,,Ogden Point Breakwater,Other,Canada,,,P29 (Boltenhagen),Wreck,Malta
Andrea I,Beach,Bonaire,,,Anse Chastanet,Beach,,,,,Cathedral Cave,Cavern/Cave,Australia,,,Northstar Wall,Geographic Site,,,,Lake Malawi,Lake,Cape Maclear,,Rainbow River,Other,USA,,,HMS Maori,Wreck,Malta
Andrea II,Beach,Bonaire,,,Sharks Cove,Beach,USA,,,,Cathedral (Nine Mile),Cavern/Cave,South Africa,,,Champagne,Geographic Site,Dominica,,,Lake Malawi - Chizumulu,Lake,Japan,,Bimini Road (Atlantis Stones),Other,Bahamas,,,Haven (MT Haven),Wreck,Italy
Anemone,Geographic Site,Thailand,,,Barking Sands,Beach,USA,,,,Cathedral,Cavern/Cave,Mauritius,,,Dangleben’s Pinnacles,Geographic Site,Dominica,,,Lake Malawi,Lake,Likoma,,Tektite Site,Other,U.S. Virgin Islands,,,Donator (SS Prosper Schiaffino),Wreck,France
Angel City,Beach,Bonaire,,,Monastery South,Beach,USA,,,,Maeda Point (Blue Cave),Cavern/Cave,Japan,,,Réserve Cousteau (Pigeon Island),Geographic Site,Guadeloupe,,,Lake Victoria - Ssese,Lake,Australia,,Kavieng Harbor,Other,New Ireland,,,Le Grec (Sagone),Wreck,France
Angel Fish Blue Hole,Geographic Site,Bahamas,,,Point Dume,Beach,USA,,,,Plura Cave,Cavern/Cave,Norway,,,Third Encounter,Geographic Site,Pinnacles,,,Lake Victoria - Jinja Source,Lake,Australia,,Sha’ab Rumi - Cousteau’s Precontinent,Other,Sudan,,,Rubis Submarine,Wreck,France
Angelita Cenote,Cavern/Cave,Mexico,,,Shark Fin Cove,Beach,USA,,,,Orda Cave,Cavern/Cave,Russia,,,Eye of the Needle,Geographic Site,Pinnacles,,,Lake Kivu,Lake,Rubavu,,Hanifaru,Other,Maldives,,,Naranjito (Isla Grosa) Wreck,Wreck,Spain
Angra dos Reis - Ilha Grande - Jorge Grego,Geographic Site,Brazil,,,Butterfly House,Beach,USA,,,,Elephant Cave,Cavern/Cave,Greece,,,Mary’s Place,Geographic Site,Honduras,,,Lake Kivu,Lake,Idjwi,,Exmouth Navy Pier,Other,Australia,,,Zenobia,Wreck,Cyprus
Angra dos Reis - Ilha Grande - Naufragio Aquidabã,Wreck,Brazil,,,Carmel River State Beach (North),Beach,USA,,,,Blue Holes,Cavern/Cave,Palau,,,Spooky,Geographic Site,Honduras,,,Baikal - Listvyanka,Lake,Russia,,Weeki Wachee Springs,Other,USA,,,SS Thistlegorm,Wreck,Egypt
Anse Chastanet,Beach,,,,Cates Park,Beach,Canada,,,,Chandelier Cave,Cavern/Cave,Palau,,,Black Hills,Geographic Site,Honduras,,,Baikal - Olkhon,Lake,Russia,,Crystal River - Three Sisters,Other,USA,,,Giannis D,Wreck,Egypt
Anse Chastanet,Beach,St. Lucia,,,Brewers,Beach,,,,,Leru Cut,Cavern/Cave,Solomon Islands,,,Cocos Island - Alcyone,Geographic Site,Costa Rica,,,Blue Lake,Lake,Russia,,Neptune Memorial,Other,USA,,,Carnatic,Wreck,Egypt
Antilla Wreck,Wreck,Aruba,,,Escambrón Marine Park,Beach,Puerto Rico,,,,Twin Tunnels,Cavern/Cave,Solomon Islands,,,Cocos Island - Dirty Rock,Geographic Site,Costa Rica,,,Thingvellir - Davíðsgjá,Lake,Iceland,,Oil Slick Leap,Other,Bonaire,,,Chrisoula K,Wreck,Egypt
Antons,Geographic Site,South Africa,,,Playa Hermosa - Punta Argentina,Beach,Costa Rica,,,,Mariner’s Cave,Cavern/Cave,Tonga,,,Bat Island (Islas Murciélagos),Geographic Site,Costa Rica,,,Dutch Springs,Lake,USA,,Critter Corner,Other,St. Vincent,,,Kimon M,Wreck,Egypt
Apataki Atoll Wall,Geographic Site,French Polynesia,,,Taganga - El Rodadero,Beach,Colombia,,,,Cathedral Cave,Cavern/Cave,New Zealand,,,Catalina,Geographic Site,Costa Rica,,,Juturna Springs,Lake,USA,,Seraya Secrets,Other,Indonesia,,,Rosalie Moller,Wreck,Egypt
Apo Island Marine Reserve,Geographic Site,Philippines,,,Wing Beach,Beach,,,,,Buracona - Blue Eye,Cavern/Cave,Cape Verde,,,Gordon Rocks,Geographic Site,Ecuador,,,Lake Rawlings (Lake Phoenix),Lake,USA,,Amed Pyramids,Other,Indonesia,,,Dunraven,Wreck,Egypt
Apo Reef Natural Park,Geographic Site,Philippines,,,Obyan Beach,Beach,,,,,Piccaninnie Ponds,Cavern/Cave,Australia,,,Darwin’s Arch/Towers,Geographic Site,Ecuador,,,Blue Hole,Lake,USA,,Secret Bay (Gilimanuk),Other,Indonesia,,,Salem Express,Wreck,Egypt
Apolima Gardens,Geographic Site,Samoa,,,Ningaloo Reef - Turquoise,Beach,Australia,,,,Ewens Ponds,Cavern/Cave,Australia,,,Wolf,Geographic Site,Ecuador,,,Saimaa Lake - Underwater Forest,Lake,Finland,,Arborek Jetty,Other,Indonesia,,,Umbria Wreck,Wreck,Sudan
Apra Harbor,Wreck,Tokai Maru,,,Christmas Island - Flying Fish Cove,Beach,Australia,,,,Little Blue Lake (Mount Gambier),Cavern/Cave,Australia,,,Kicker Rock (León Dormido),Geographic Site,Ecuador,,,Lake Baikal - Olkhon,Lake,Russia,,Maluku - Ambon - Twilight Zone,Other,Indonesia,,,Satil (Saar) Wreck,Wreck,Israel
Apra Harbor,Wreck,SMS Cormoran,,,Sydney - Bare,Beach,Australia,,,,Ojamo Mine,Cavern/Cave,Finland,,,Strytan HydrotherMal Chimneys,Geographic Site,Iceland,,,Lake Baikal - Listvyanka,Lake,Russia,,Maluku - Ambon - Laha Muck Dives,Other,Indonesia,,,Cedar Pride,Wreck,Jordan
Aqaba - C - 130 Hercules Wreck,Wreck,Jordan,,,Sydney - Clifton Gardens,Beach,Australia,,,,Kuredu Caves (Turtle Caves),Cavern/Cave,Maldives,,,Blue Hole,Geographic Site,Malta,,,Gilboa Quarry,Lake,USA,,Puget Sound,Other,Edmonds Underwater Park,,,C - 130 Hercules Wreck,Wreck,Jordan
Aqaba - Cedar Pride,Wreck,Jordan,,,Andrea I,Beach,Bonaire,,,,Turtle Tomb,Cavern/Cave,Malaysia,,,Secca del Papa,Geographic Site,Italy,,,White Star Quarry,Lake,USA,,Puget Sound,Other,Keystone Jetty,,,Zainab Wreck,Wreck,
Aqaba - Japanese Garden,Geographic Site,Jordan,,,Andrea II,Beach,Bonaire,,,,The Cathedral,Cavern/Cave,Indonesia,,,Riou Archipelago - Moyade,Geographic Site,France,,,Dutch Springs,Lake,USA,,Ogden Point Breakwater,Other,Canada,,,Inchcape 1 Wreck,Wreck,
Aqaba - Seven Sisters,Geographic Site,Jordan,,,Angel City,Beach,Bonaire,,,,Pantar - The Arch,Cavern/Cave,Indonesia,,,Medes Island Marine Reserve,Geographic Site,Spain,,,Lake Phoenix (Rawlings),Lake,USA,,Weeki Wachee Springs,Other,USA,,,King Cruiser Wreck,Wreck,Thailand
Aqaba - Tank Wreck,Wreck,Jordan,,,Red Slave,Beach,Bonaire,,,,Cave,Cavern/Cave,Philippines,,,Punta de Teno,Geographic Site,Spain,,,Juturna Springs,Lake,USA,,Crystal River - Three Sisters,Other,USA,,,HTMS Kled Kaew,Wreck,Thailand
Aquarium Wrecks,Wreck,French Polynesia,,,Margate,Beach,Bonaire,,,,Pescador Island - Cathedral,Cavern/Cave,Philippines,,,Blue Hole,Geographic Site,Egypt,,,Not Listed,,,,Not Listed,,,,,HTMS Chang,Wreck,Thailand
Arabia,Wreck,USA,,,Alice in Wonderland,Beach,Bonaire,,,,Minamijima Arch,Cavern/Cave,Japan,,,Bells to Blue Hole,Geographic Site,Egypt,,,,,,,,,,,,Irako Maru,Wreck,Philippines
Arashi,Geographic Site,Aruba,,,Directors,Beach,Curaçao,,,,Blue Cave,Cavern/Cave,Taiwan,,,Shark & Yolanda Reef,Geographic Site,Egypt,,,,,,,,,,,,Akitsushima,Wreck,Philippines
Aratika,Geographic Site,French Polynesia,,,Grand Anse d’Arlet,Beach,Martinique,,,,Berlengas Island - Caves,Cavern/Cave,Portugal,,,Brothers,Geographic Site,Egypt,,,,,,,,,,,,Okikawa Maru,Wreck,Philippines
Arborek Jetty,Other,Indonesia,,,Montserrat - Rendezvous,Beach,USA,,,,Cabrera National Park - La Catedral,Cavern/Cave,Spain,,,Daedalus,Geographic Site,Egypt,,,,,,,,,,,,USAT Liberty,Wreck,Indonesia
Archipelago - Egmont,Geographic Site,Chagos,,,Anse Chastanet,Beach,St. Lucia,,,,Palm - Mar Cave,Cavern/Cave,Spain,,,Elphinstone,Geographic Site,Egypt,,,,,,,,,,,,HMAS Brisbane,Wreck,Australia
Archipelago - Salomon,Geographic Site,Chagos,,,Arinaga (El Cabrón),Beach,Spain,,,,Blue Grotto (Grotta Azzurra),Cavern/Cave,Italy,,,Straits of Tiran - Jackson,Geographic Site,Egypt,,,,,,,,,,,,Tangalooma Wrecks,Wreck,Australia
Arinaga (El Cabrón),Beach,Spain,,,Izu Peninsula - Osezaki,Beach,Japan,,,,Grotta delle Sirene,Cavern/Cave,Italy,,,Straits of Tiran - Thomas,Geographic Site,Egypt,,,,,,,,,,,,SS Yongala,Wreck,Australia
Armageddon Wreck,Wreck,,,,Jemeluk,Beach,Indonesia,,,,The Cathedral,Cavern/Cave,Spain,,,Straits of Tiran - Woodhouse,Geographic Site,Egypt,,,,,,,,,,,,HMAS Hobart (scuttled),Wreck,Australia
Arraial do Cabo - Gruta Azul,Cavern/Cave,Brazil,,,Blue,Beach,Indonesia,,,,The Caves,Cavern/Cave,British Virgin Islands,,,Straits of Tiran - Gordon,Geographic Site,Egypt,,,,,,,,,,,,SS Nord,Wreck,Australia
Arraial do Cabo - Ilha dos Porcos,Geographic Site,Brazil,,,Bias Tugal (White Sand Beach),Beach,Indonesia,,,,Nabaa Al - Hamra (The Caves),Cavern/Cave,Martinique,,,Sha’ab Rumi,Geographic Site,Sudan,,,,,,,,,,,,HMCS Saskatchewan,Wreck,Canada
Arraial do Cabo - Naufragio Pinguino,Wreck,Brazil,,,Pink Beach,Beach,Indonesia,,,,Arraial do Cabo - Gruta Azul,Cavern/Cave,Brazil,,,Sanganeb,Geographic Site,Sudan,,,,,,,,,,,,HMCS Cape Breton,Wreck,Canada
Arutanga,Geographic Site,Aitutaki,,,Monterey Bay - San Carlos Beach (Breakwater),Beach,USA,,,,Raggie Cave,Cavern/Cave,South Africa,,,Daymaniyat,Geographic Site,Oman,,,,,,,,,,,,Emerald Bay - Historic Barge Wrecks,Wreck,USA
Arutanga,Geographic Site,Cook Islands,,,Monterey Bay - Lovers Point,Beach,USA,,,,Cathedral,Cavern/Cave,South Africa,,,Musandam - Lima Rock,Geographic Site,Oman,,,,,,,,,,,,Isle Royale - SS Emperor,Wreck,USA
Ashmore,Geographic Site,Australia,,,Point Lobos - Whalers Cove,Beach,USA,,,,Poor Knights - Rikoriko Cave,Cavern/Cave,New Zealand,,,Richelieu Rock,Geographic Site,Thailand,,,,,,,,,,,,Isle Royale - SS America,Wreck,USA
Atlantic Princess Wreck,Wreck,Dominican Republic,,,Bluefish Cove,Beach,USA,,,,Blue Grotto,Cavern/Cave,USA,,,Hin Daeng,Geographic Site,Thailand,,,,,,,,,,,,Isle Royale - SS Congdon,Wreck,USA
Attersee,Lake,Hinkelsteine,,,Monastery Beach,Beach,USA,,,,Double Caves,Cavern/Cave,Bahamas,,,Hin Muang,Geographic Site,Thailand,,,,,,,,,,,,Thunder Bay - SS Monohansett,Wreck,USA
Austin Smith,Wreck,Bahamas,,,Monastery North (The Finger),Beach,USA,,,,Palancar Caves,Cavern/Cave,Mexico,,,Shark Point (Hin Musang),Geographic Site,Thailand,,,,,,,,,,,,Thunder Bay - SS Isaac M. Scott,Wreck,USA
Avaavaroa Passage,Geographic Site,Cook Islands,,,Butterfly House,Beach,USA,,,,Parguera Caverns,Cavern/Cave,Puerto Rico,,,Anemone,Geographic Site,Thailand,,,,,,,,,,,,Tobermory - Sweepstakes,Wreck,USA
Avatoru,Geographic Site,Rangiroa,,,Carmel River State Beach,Beach,USA,,,,Cave of Love (Hidden Beach),Cavern/Cave,Mexico,,,Koh Bida Nok,Geographic Site,Thailand,,,,,,,,,,,,Tobermory - Arabia,Wreck,USA
Avatoru Wall,Geographic Site,Rangiroa,,,Big Sur - Jade Cove,Beach,USA,,,,Roatán - Dolphin’s Den,Cavern/Cave,Honduras,,,Sail Rock,Geographic Site,Thailand,,,,,,,,,,,,Tobermory - Forest City,Wreck,USA
B - 17 Bomber Wreck,Wreck,Croatia,,,Santa Cruz,Beach,Davenport Landing,,,,Blue Hole,Cavern/Cave,Belize,,,Chumphon Pinnacle,Geographic Site,Thailand,,,,,,,,,,,,Niagara II,Wreck,USA
Babylon,Geographic Site,Cayman Islands,,,Santa Cruz,Beach,Shark Fin Cove,,,,Grotto,Cavern/Cave,,,,Green Rock,Geographic Site,Thailand,,,,,,,,,,,,Ennerdale Wreck,Wreck,Seychelles
Bahama Mama Wreck,Wreck,Bahamas,,,La Jolla Cove,Beach,USA,,,,Russell Island - Mirror Pond,Cavern/Cave,Russell Islands,,,Shark Airport,Geographic Site,Philippines,,,,,,,,,,,,Stella Maru,Wreck,Mauritius
Baikal - Listvyanka,Lake,Russia,,,La Jolla Shores,Beach,USA,,,,Florida Island - Twin Tunnels,Cavern/Cave,Florida Islands,,,Apo Reef Natural Park,Geographic Site,Philippines,,,,,,,,,,,,USS Emmons,Wreck,Japan
Baikal - Olkhon,Lake,Russia,,,Catalina Island - Casino Point Dive Park,Beach,USA,,,,Caves of Tutuba,Cavern/Cave,Vanuatu,,,Apo Island Marine Reserve,Geographic Site,Philippines,,,,,,,,,,,,Frankenwald Wreck,Wreck,Norway
Bajo de Piles,Geographic Site,Spain,,,Channel Island - Anacapa,Beach,Landing Cove,,,,Swallows Cave,Cavern/Cave,Tonga,,,Verde Island Drop - Off,Geographic Site,Philippines,,,,,,,,,,,,HMS Scylla,Wreck,
Baker Island - Wreck Point,Wreck,USA,,,Florence,Beach,Neptune State Park,,,,Mariners Cave,Cavern/Cave,Tonga,,,Cathedral Rock,Geographic Site,Philippines,,,,,,,,,,,,Scapa Flow,Wreck,SMS Karlsruhe
Balboa Wreck,Wreck,Cayman Islands,,,Puget Sound,Beach,Saltwater State Park,,,,Broken Rock,Cavern/Cave,Maldives,,,Twin Rocks,Geographic Site,Philippines,,,,,,,,,,,,Scapa Flow,Wreck,SMS Markgraf
Banana Reef (Gaathugiri),Geographic Site,Maldives,,,Whytecliff Park,Beach,Canada,,,,Kuredu Caves,Cavern/Cave,Maldives,,,Crystal,Geographic Site,Indonesia,,,,,,,,,,,,Dori (SS Douriense),Wreck,Portugal
Banda Island - Lava Flow,Geographic Site,Indonesia,,,Porteau Cove,Beach,Canada,,,,Piton de la Fournaise Lava Tubes,Cavern/Cave,Reunion,,,Manta Point,Geographic Site,Indonesia,,,,,,,,,,,,HMS Perseus,Wreck,Greece
Banda Sea,Geographic Site,Indonesia,,,Cates Park,Beach,Canada,,,,Hvar Caves,Cavern/Cave,Croatia,,,Blue Corner,Geographic Site,Indonesia,,,,,,,,,,,,Iro Maru,Wreck,Palau
Bandar Khayran - Mermaid Cove,Geographic Site,Oman,,,Not Listed,,,,,,Gozo Inland Sea,Cavern/Cave,Malta,,,Toyapakeh,Geographic Site,Indonesia,,,,,,,,,,,,Helmet Wreck,Wreck,Palau
Bandrélé,Geographic Site,Mayotte,,,,,,,,,La Catedral,Cavern/Cave,Spain,,,Batu Bolong,Geographic Site,Indonesia,,,,,,,,,,,,Lagoon - Fujikawa Maru,Wreck,Chuuk
Barcadera,Geographic Site,Aruba,,,,,,,,,Palm - Mar Caves,Cavern/Cave,Spain,,,Castle Rock,Geographic Site,Indonesia,,,,,,,,,,,,Lagoon - Shinkoku Maru,Wreck,Chuuk
Bari,Beach,Bonaire,,,,,,,,,Fury Shoals - Sha’ab Claudio,Cavern/Cave,Egypt,,,Crystal Rock,Geographic Site,Indonesia,,,,,,,,,,,,Lagoon - San Francisco Maru,Wreck,Chuuk
Barking Sands,Beach,USA,,,,,,,,,Fury Shoals - Malahi,Cavern/Cave,Egypt,,,The Cauldron (Shotgun),Geographic Site,Indonesia,,,,,,,,,,,,USS Saratoga,Wreck,Bikini Atoll
Baron Gautsch,Wreck,Croatia,,,,,,,,,The Crack,Cavern/Cave,Djibouti,,,Karang Makassar (Manta Alley),Geographic Site,Indonesia,,,,,,,,,,,,HIJMS Nagato,Wreck,Bikini Atoll
Barracuda,Geographic Site,Mexico,,,,,,,,,Grand Coude,Cavern/Cave,Reunion,,,Cape Kri,Geographic Site,Indonesia,,,,,,,,,,,,SS President Coolidge,Wreck,Vanuatu
Barracuda Lake,Lake,Philippines,,,,,,,,,Mitsamiouli Caves,Cavern/Cave,Comoros,,,Blue Magic,Geographic Site,Indonesia,,,,,,,,,,,,Million Dollar Point,Wreck,Vanuatu
Barracuda Point,Geographic Site,Malaysia,,,,,,,,,Andaman Island - Fish Rock,Cavern/Cave,India,,,Melissa’s Garden,Geographic Site,Indonesia,,,,,,,,,,,,Rainbow Warrior Wreck,Wreck,New Zealand
Barracuda Point,Geographic Site,Mexico,,,,,,,,,The Shark Hole,Cavern/Cave,Tikehau,,,Manta Sandy,Geographic Site,Indonesia,,,,,,,,,,,,HMNZS Canterbury,Wreck,New Zealand
Bartolomé - Pinnacle Rock,Geographic Site,Ecuador,,,,,,,,,Ngatangiia Swim - Through,Cavern/Cave,Cook Islands,,,Sardine,Geographic Site,Indonesia,,,,,,,,,,,,YO - 257 & San Pedro,Wreck,USA
Bat Cave,Cavern/Cave,St. Vincent,,,,,,,,,Niue,Cavern/Cave,Cathedral Cave,,,The Magnet (Belongas),Geographic Site,Indonesia,,,,,,,,,,,,Sea Tiger,Wreck,USA
Bat Island (Islas Murciélagos),Geographic Site,Costa Rica,,,,,,,,,Niue,Cavern/Cave,Chimney Caverns,,,Menjangan Island - POS II,Geographic Site,Indonesia,,,,,,,,,,,,Corsair Wreck,Wreck,USA
Batu Bolong,Geographic Site,Indonesia,,,,,,,,,Lanai,Cavern/Cave,Cathedral I,,,Gili Trawangan - Shark Point,Geographic Site,Indonesia,,,,,,,,,,,,Hermes Wreck,Wreck,Bermuda
Batu Kelebit,Geographic Site,Indonesia,,,,,,,,,Lanai,Cavern/Cave,Cathedral II,,,Gili Air - Turtle Heaven,Geographic Site,Indonesia,,,,,,,,,,,,Ocean Revival Park - Oliveira e Carmo,Wreck,Portugal
Bay of Island - HMNZS Canterbury,Wreck,New Zealand,,,,,,,,,Kona,Cavern/Cave,Au Au Crater,,,Julian Rocks (Nguthungulli),Geographic Site,Australia,,,,,,,,,,,,Ocean Revival Park - Zambeze,Wreck,Portugal
Bay of Island - Rainbow Warrior Memorial,Wreck,New Zealand,,,,,,,,,Bonne Terre Mine,Cavern/Cave,USA,,,Wolf Rock,Geographic Site,Australia,,,,,,,,,,,,Ocean Revival Park - Almeida Carvalho,Wreck,Portugal
Bay Wall,Geographic Site,France,,,,,,,,,Homestead Crater,Cavern/Cave,USA,,,Flinders Reef (Moreton),Geographic Site,Australia,,,,,,,,,,,,Ocean Revival Park - Hermenegildo Capelo,Wreck,Portugal
Bells to Blue Hole,Geographic Site,Egypt,,,,,,,,,Ginnie Springs - Devil’s Eye,Cavern/Cave,USA,,,Ribbon Reef #10 - Cod Hole,Geographic Site,Australia,,,,,,,,,,,,Tabaiba - El Peñón Wreck,Wreck,Spain
Benwood,Wreck,USA,,,,,,,,,Peacock Springs,Cavern/Cave,USA,,,Steve’s Bommie (Ribbon #3),Geographic Site,Australia,,,,,,,,,,,,Baron Gautsch,Wreck,Croatia
Berlengas - Nau dos Corvos,Geographic Site,Portugal,,,,,,,,,Madison Blue Spring,Cavern/Cave,USA,,,Osprey Reef - North Horn,Geographic Site,Australia,,,,,,,,,,,,Teti Wreck,Wreck,Croatia
Berlengas Island - Caves,Cavern/Cave,Portugal,,,,,,,,,Hudson Grotto,Cavern/Cave,USA,,,Ningaloo Reef - Lighthouse,Geographic Site,Australia,,,,,,,,,,,,B - 17 Bomber Wreck,Wreck,Croatia
Bianca C,Wreck,Grenada,,,,,,,,,King Spring,Cavern/Cave,USA,,,Muiron,Geographic Site,Australia,,,,,,,,,,,,Don Pedro Wreck,Wreck,Spain
Bias Tugal (White Sand Beach),Beach,Indonesia,,,,,,,,,Les Heures Saines Caves,Cavern/Cave,Guadeloupe,,,Lonsdale Wall,Geographic Site,Australia,,,,,,,,,,,,RMS Rhone,Wreck,British Virgin Islands
Big Sur - Jade Cove,Beach,USA,,,,,,,,,Bat Cave,Cavern/Cave,St. Vincent,,,Browning Pass Wall,Geographic Site,Canada,,,,,,,,,,,,The James Eagan Layne,Wreck,
Big Sur - Partington Canyon,Geographic Site,USA,,,,,,,,,The Crack,Cavern/Cave,Turks & Caicos,,,Race Rocks,Geographic Site,Canada,,,,,,,,,,,,MV Lucy,Wreck,
Bimini Road (Atlantis Stones),Other,Bahamas,,,,,,,,,Stargate Blue Hole,Cavern/Cave,Bahamas,,,Granite Point Wall,Geographic Site,Canada,,,,,,,,,,,,Kristiansund - Wreck Frankenwald Area,Wreck,Norway
Bird,Geographic Site,Seychelles,,,,,,,,,Uncle Charlie’s Blue Hole,Cavern/Cave,Bahamas,,,Octopus Hole,Geographic Site,USA,,,,,,,,,,,,Chikuzen Wreck,Wreck,British Virgin Islands
Bird Island,Geographic Site,Seychelles,,,,,,,,,Uncle Tom’s Blue Hole,Cavern/Cave,Bahamas,,,Protea Banks,Geographic Site,South Africa,,,,,,,,,,,,St George Wreck,Wreck,Dominican Republic
Black Coral Garden,Geographic Site,Turks & Caicos,,,,,,,,,Guardian Blue Hole,Cavern/Cave,Bahamas,,,Aliwal Shoal,Geographic Site,South Africa,,,,,,,,,,,,Atlantic Princess Wreck,Wreck,Dominican Republic
Black Forest,Geographic Site,Philippines,,,,,,,,,Deep Blue Hole,Cavern/Cave,Bahamas,,,Sodwana Bay - Two Mile,Geographic Site,South Africa,,,,,,,,,,,,Antilla Wreck,Wreck,Aruba
Black Forest,Geographic Site,Turks and Caicos,,,,,,,,,Cat Cay Blue Hole,Cavern/Cave,Bahamas,,,Shark Alley,Geographic Site,South Africa,,,,,,,,,,,,Jane Sea Wreck,Wreck,Aruba
Black Hills,Geographic Site,Honduras,,,,,,,,,Cypress Tunnels,Cavern/Cave,Belize,,,Manta,Geographic Site,Mozambique,,,,,,,,,,,,Pedernales Wreck,Wreck,Aruba
Black Rock,Beach,USA,,,,,,,,,Corn Island - White Hole,Cavern/Cave,Nicaragua,,,Giants Castle,Geographic Site,Mozambique,,,,,,,,,,,,MV Maverick,Wreck,
Blairgowrie Pier,Other,Australia,,,,,,,,,Malpelo - La Catedral,Cavern/Cave,Colombia,,,Mnemba,Geographic Site,Tanzania,,,,,,,,,,,,Nahoon Wreck,Wreck,Martinique
Bligh Water - - - Passage,Geographic Site,Vatu-i-Ra,,,,,,,,,Mochima National Park - Cueva de los Osos,Cavern/Cave,Venezuela,,,Mafia Island - Kinasi,Geographic Site,Tanzania,,,,,,,,,,,,Mataora Wreck,Wreck,Cook Islands
Bloody Bay Wall,Geographic Site,Cayman Islands,,,,,,,,,La Tortuga - Boca del Inferno,Cavern/Cave,Venezuela,,,Nosy Tanikely Marine Reserve,Geographic Site,Madagascar,,,,,,,,,,,,Whitefish Point - SS Cedarville,Wreck,USA
Blue,Beach,Indonesia,,,,,,,,,Fernando de Noronha - Caverna da Sapata,Cavern/Cave,Brazil,,,Brissare Rocks,Geographic Site,Seychelles,,,,,,,,,,,,Whitefish Point - SS John B. Cowle,Wreck,USA
Blue Bay Wall,Geographic Site,Curaçao,,,,,,,,,Fernando de Noronha - Buraco do Inferno,Cavern/Cave,Brazil,,,Kerama Island - Tokashiki Reef,Geographic Site,Japan,,,,,,,,,,,,Straits of Mackinac - Cedarville,Wreck,USA
Blue Belt Wreck,Wreck,Sudan,,,,,,,,,Sal - Buracona Blue Eye,Cavern/Cave,Cape Verde,,,Saltstraumen,Geographic Site,Norway,,,,,,,,,,,,Straits of Mackinac - Eber Ward,Wreck,USA
Blue Cave,Cavern/Cave,Taiwan,,,,,,,,,Sal - Olho Azul (Blue Eye Cave),Cavern/Cave,Cape Verde,,,The Manacles,Geographic Site,,,,,,,,,,,,,The Straits - Sandusky,Wreck,USA
Blue Corner,Geographic Site,Indonesia,,,,,,,,,Pico - Arcos do Pico,Cavern/Cave,Portugal,,,Farne,Geographic Site,,,,,,,,,,,,,Lake Superior - Madeira,Wreck,USA
Blue Corner,Geographic Site,Palau,,,,,,,,,Gato Island Cave,Cavern/Cave,Philippines,,,Princess Alice Bank,Geographic Site,Portugal,,,,,,,,,,,,Cristóbal Colón Wreck,Wreck,Bermuda
Blue Grotto,Cavern/Cave,USA,,,,,,,,,Catalina Island - Blue Cavern Point,Cavern/Cave,USA,,,Formigas Islets,Geographic Site,Portugal,,,,,,,,,,,,Armageddon Wreck,Wreck,
Blue Grotto (Grotta Azzurra),Cavern/Cave,Italy,,,,,,,,,Channel Island - Anacapa,Cavern/Cave,Cathedral Cove,,,Garajau Marine Reserve,Geographic Site,Portugal,,,,,,,,,,,,Cartanser Senior,Wreck,
Blue Heron Bridge (Phil Foster Park),Beach,USA,,,,,,,,,Channel Island - Santa Cruz Island,Cavern/Cave,Painted Cave,,,Blue Corner,Geographic Site,Palau,,,,,,,,,,,,Joe’s Tug,Wreck,USA
Blue Hole,Cavern/Cave,Belize,,,,,,,,,Bonne Terre Mine,Cavern/Cave,USA,,,German,Geographic Site,Palau,,,,,,,,,,,,Adolphus Busch Sr.,Wreck,USA
Blue Hole,Geographic Site,Malta,,,,,,,,,Homestead Crater,Cavern/Cave,USA,,,Ulong,Geographic Site,Palau,,,,,,,,,,,,The Duane’s Sister Ship (USS Bibb area),Wreck,USA
Blue Hole,Geographic Site,Egypt,,,,,,,,,Devil’s Den,Cavern/Cave,USA,,,Reef,Geographic Site,Kimbe Bay,,,,,,,,,,,,HMS Rhone,Wreck,Bow Section
Blue Hole,Lake,USA,,,,,,,,,Blue Grotto,Cavern/Cave,USA,,,Deacon’s,Geographic Site,Papua New Guinea,,,,,,,,,,,,HMS Rhone,Wreck,Stern Section
Blue Hole National Park,Geographic Site,Bahamas,,,,,,,,,Peacock Springs,Cavern/Cave,USA,,,Devil’s Highway (Manta),Geographic Site,Solomon Islands,,,,,,,,,,,,Sapona Wreck,Wreck,Bahamas
Blue Holes,Cavern/Cave,Palau,,,,,,,,,Madison Blue Spring,Cavern/Cave,USA,,,Great White Wall,Geographic Site,Fiji,,,,,,,,,,,,George Town Wreck,Wreck,Bahamas
Blue Lake,Lake,Russia,,,,,,,,,Hudson Grotto,Cavern/Cave,USA,,,Nigali Passage,Geographic Site,Fiji,,,,,,,,,,,,Endymion Wreck,Wreck,Turks and Caicos
Blue Magic,Geographic Site,Indonesia,,,,,,,,,King Spring,Cavern/Cave,USA,,,E6,Geographic Site,Fiji,,,,,,,,,,,,Lesleen M Wreck,Wreck,Saint Lucia
Blue Wall,Geographic Site,Micronesia,,,,,,,,,Ginnie Springs - Devil’s Ear,Cavern/Cave,USA,,,Grand Central Station,Geographic Site,Namena,,,,,,,,,,,,Daini Koyomaru,Wreck,Sint Maarten
Bluefish Cove,Beach,USA,,,,,,,,,Not Listed,,,,,Lagoon - Shark Reef Marine Reserve,Geographic Site,Beqa,,,,,,,,,,,,Rosa Maria Wreck,Wreck,Sint Maarten
Bluefish Cove (Point Lobos),Beach,USA,,,,,,,,,,,,,,Needle,Geographic Site,Prony,,,,,,,,,,,,Isla Uvita Wreck,Wreck,Costa Rica
Bluff,Geographic Site,Hong Kong,,,,,,,,,,,,,,Poor Knights - Blue Maomao Arch,Geographic Site,New Zealand,,,,,,,,,,,,Isla del Caño - El Barco Hundido,Wreck,Costa Rica
Boa Vista - Cabo Santa Maria Wreck,Wreck,Cape Verde,,,,,,,,,,,,,,Molokini Crater,Geographic Site,USA,,,,,,,,,,,,Cartagena - El Varadero Wreck,Wreck,Colombia
Boa Vista - Curral Velho,Geographic Site,Cape Verde,,,,,,,,,,,,,,Manta Night Dive (Keauhou),Geographic Site,USA,,,,,,,,,,,,Islas Perlas - Wreck Express,Wreck,Panama
Bocas del Toro - Crawl Cay,Geographic Site,Panama,,,,,,,,,,,,,,North Rock,Geographic Site,Bermuda,,,,,,,,,,,,Apra Harbor,Wreck,Tokai Maru
Bocas del Toro - Hospital Point,Geographic Site,Panama,,,,,,,,,,,,,,Maaya Thila,Geographic Site,Maldives,,,,,,,,,,,,Apra Harbor,Wreck,SMS Cormoran
Bocas del Toro - Tiger Rock,Geographic Site,Panama,,,,,,,,,,,,,,Fish Head (Mushimasmigili Thila),Geographic Site,Maldives,,,,,,,,,,,,Lagoon - Heian Maru,Wreck,Chuuk
Bodø - Skerjøy Pinnacle,Geographic Site,Norway,,,,,,,,,,,,,,Banana Reef (Gaathugiri),Geographic Site,Maldives,,,,,,,,,,,,Lagoon - Nippo Maru,Wreck,Chuuk
Boo Windows,Cavern/Cave,Indonesia,,,,,,,,,,,,,,HP Reef (Girifushi Thila),Geographic Site,Maldives,,,,,,,,,,,,Lagoon - Betty Bomber,Wreck,Chuuk
Booby High Shoals,Geographic Site,St. Kitts,,,,,,,,,,,,,,Lankan Manta Point,Geographic Site,Maldives,,,,,,,,,,,,Lagoon - Kensho Maru,Wreck,Chuuk
Boot,Geographic Site,Barbados,,,,,,,,,,,,,,Fotteyo Kandu,Geographic Site,Maldives,,,,,,,,,,,,USS Arkansas,Wreck,Bikini Atoll
Breakers,Geographic Site,USA,,,,,,,,,,,,,,Alimatha House Reef (Nurse Shark Night),Geographic Site,Maldives,,,,,,,,,,,,HIJMS Nagato Tower,Wreck,Bikini Atoll
Bretagne (Nice Airport Reef),Geographic Site,France,,,,,,,,,,,,,,Kuredu Express,Geographic Site,Maldives,,,,,,,,,,,,USS Saratoga Flight Deck,Wreck,Bikini Atoll
Brewers,Beach,,,,,,,,,,,,,,,Rangali Madivaru (Manta),Geographic Site,Maldives,,,,,,,,,,,,USS Lamson,Wreck,Bikini Atoll
Brissare Rocks,Geographic Site,Seychelles,,,,,,,,,,,,,,Maamigili Beyru (Whale Shark Zone),Geographic Site,Maldives,,,,,,,,,,,,Russell Island - White Beach Wrecks,Wreck,Russell Islands
British Loyalty Wreck,Wreck,Maldives,,,,,,,,,,,,,,Fushivaru Thila,Geographic Site,Maldives,,,,,,,,,,,,Honiara - Bonegi I (Kyusyu Maru),Wreck,Solomon Islands
Broken Rock,Cavern/Cave,Maldives,,,,,,,,,,,,,,Barracuda Point,Geographic Site,Malaysia,,,,,,,,,,,,Honiara - Bonegi II (Hirokawa Maru),Wreck,Solomon Islands
Brothers,Geographic Site,Egypt,,,,,,,,,,,,,,South Point,Geographic Site,Malaysia,,,,,,,,,,,,Iron Bottom Sound - Kinugawa Maru,Wreck,Solomon Islands
Browning Pass - Browning Wall,Geographic Site,Canada,,,,,,,,,,,,,,Sipadan Drop - Off,Geographic Site,Malaysia,,,,,,,,,,,,Iron Bottom Sound - Tassafaronga Wrecks,Wreck,Solomon Islands
Browning Pass Wall,Geographic Site,Canada,,,,,,,,,,,,,,Layang Layang Wall,Geographic Site,Malaysia,,,,,,,,,,,,SS President Coolidge - Engine Room,Wreck,Vanuatu
Buracona - Blue Eye,Cavern/Cave,Cape Verde,,,,,,,,,,,,,,Tiger,Geographic Site,Malaysia,,,,,,,,,,,,Million Dollar Point - Machinery Dump,Wreck,Vanuatu
Butterfly House,Beach,USA,,,,,,,,,,,,,,Chebeh,Geographic Site,Malaysia,,,,,,,,,,,,MV Konanda Wreck,Wreck,Vanuatu
C - 130 Hercules Wreck,Wreck,Jordan,,,,,,,,,,,,,,Tanjung Tokong,Geographic Site,Malaysia,,,,,,,,,,,,British Loyalty Wreck,Wreck,Maldives
Cabbage Patch,Geographic Site,Bahamas,,,,,,,,,,,,,,Tokong Laut (Temple),Geographic Site,Malaysia,,,,,,,,,,,,Yanbu - Iona Wreck,Wreck,Saudi Arabia
Cabo Douglas - Iguana,Geographic Site,Ecuador,,,,,,,,,,,,,,Lekuan Wall,Geographic Site,Indonesia,,,,,,,,,,,,Port - Umbria Wreck,Wreck,Sudan
Cabo Marshall,Geographic Site,Ecuador,,,,,,,,,,,,,,Sahaung,Geographic Site,Indonesia,,,,,,,,,,,,Stella Maru Wreck,Wreck,Mauritius
Cabo Pucuna,Geographic Site,Ecuador,,,,,,,,,,,,,,Mandolin,Geographic Site,Indonesia,,,,,,,,,,,,Oslofjord - WWII Wreck Fernedale,Wreck,Norway
Cabo Pulmo National Park,Geographic Site,Mexico,,,,,,,,,,,,,,Kal’s Dream,Geographic Site,Indonesia,,,,,,,,,,,,Kristiansand - Seattle Wreck,Wreck,Norway
Cabrera National Park - La Catedral,Cavern/Cave,Spain,,,,,,,,,,,,,,Banda Island - Lava Flow,Geographic Site,Indonesia,,,,,,,,,,,,Narvik - Stråssa Wrecks,Wreck,Norway
Cairn’s Wall,Geographic Site,Turks and Caicos,,,,,,,,,,,,,,Roma,Geographic Site,Indonesia,,,,,,,,,,,,Cavtat Wrecks,Wreck,Croatia
Caja de Muertos,Geographic Site,Puerto Rico,,,,,,,,,,,,,,Maratua,Geographic Site,Indonesia,,,,,,,,,,,,Tabaiba Wreck,Wreck,Spain
Calavera (Temple of Doom) Cenote,Cavern/Cave,Mexico,,,,,,,,,,,,,,Sangalaki Manta Point,Geographic Site,Indonesia,,,,,,,,,,,,Fury Shoals - Abu Galawa Soraya,Wreck,Egypt
Cane Bay Wall,Geographic Site,,,,,,,,,,,,,,,Monad Shoal (Threshers),Geographic Site,Philippines,,,,,,,,,,,,Numidia Wreck,Wreck,Egypt
Cap La Houssaye,Geographic Site,Reunion,,,,,,,,,,,,,,Sardine Run,Geographic Site,Philippines,,,,,,,,,,,,Aida Wreck,Wreck,Egypt
Cape Arago,Geographic Site,Simpson,,,,,,,,,,,,,,Black Forest,Geographic Site,Philippines,,,,,,,,,,,,Blue Belt Wreck,Wreck,Sudan
Cape Douglas,Geographic Site,Ecuador,,,,,,,,,,,,,,Lighthouse,Geographic Site,Philippines,,,,,,,,,,,,Aquarium Wrecks,Wreck,French Polynesia
Cape Kri,Geographic Site,Indonesia,,,,,,,,,,,,,,The Canyons,Geographic Site,Philippines,,,,,,,,,,,,Christmas Island - Bay of Wrecks,Wreck,Kiritimati
Capernwray Quarry,Lake,,,,,,,,,,,,,,,Janao,Geographic Site,Philippines,,,,,,,,,,,,Baker Island - Wreck Point,Wreck,USA
Capital Wrecks,Wreck,St. Vincent,,,,,,,,,,,,,,Dinahogan,Geographic Site,Philippines,,,,,,,,,,,,Wreck of Akagi Maru,Wreck,Wake Island
Captain Dan,Wreck,USA,,,,,,,,,,,,,,Mikomoto,Geographic Site,Japan,,,,,,,,,,,,Midway Atoll,Wreck,Reef Hotel Wreck
Captain Keith Tibbetts (356),Wreck,Cayman Islands,,,,,,,,,,,,,,Munseom,Geographic Site,South Korea,,,,,,,,,,,,Bay of Island - HMNZS Canterbury,Wreck,New Zealand
Cardona,Geographic Site,Puerto Rico,,,,,,,,,,,,,,Seopseom,Geographic Site,South Korea,,,,,,,,,,,,Bay of Island - Rainbow Warrior Memorial,Wreck,New Zealand
Careless,Geographic Site,Egypt,,,,,,,,,,,,,,Shilang,Geographic Site,Taiwan,,,,,,,,,,,,HMAS Perth,Wreck,Australia
Carlisle Bay Wrecks,Wreck,Barbados,,,,,,,,,,,,,,Berlengas - Nau dos Corvos,Geographic Site,Portugal,,,,,,,,,,,,HMAS Swan,Wreck,Australia
Carmel River State Beach,Beach,USA,,,,,,,,,,,,,,El Toro Marine Reserve,Geographic Site,Spain,,,,,,,,,,,,SS Coolidge (ex reference),Wreck,Australia
Carmel River State Beach (North),Beach,USA,,,,,,,,,,,,,,La Restinga - El Bajón,Geographic Site,Spain,,,,,,,,,,,,SS Cedarville,Wreck,USA
Carnatic,Wreck,Egypt,,,,,,,,,,,,,,Las Eras,Geographic Site,Spain,,,,,,,,,,,,SS Daniel J. Morrell,Wreck,USA
Cartagena - El Varadero Wreck,Wreck,Colombia,,,,,,,,,,,,,,Bajo de Piles,Geographic Site,Spain,,,,,,,,,,,,SS Edmund Fitzgerald,Wreck,USA
Cartanser Senior,Wreck,,,,,,,,,,,,,,,La Llosa,Geographic Site,Spain,,,,,,,,,,,,SS Emperor,Wreck,USA
Carval Rock,Geographic Site,U.S. Virgin Islands,,,,,,,,,,,,,,Tabarca Marine Reserve,Geographic Site,Spain,,,,,,,,,,,,SS America,Wreck,USA
Carwash (Aktun Ha) Cenote,Cavern/Cave,Mexico,,,,,,,,,,,,,,Bretagne (Nice Airport Reef),Geographic Site,France,,,,,,,,,,,,SS Congdon,Wreck,USA
Carysfort,Geographic Site,USA,,,,,,,,,,,,,,Le Donator - Seagrass Plateau,Geographic Site,France,,,,,,,,,,,,SS Kamloops,Wreck,USA
Casino Point Dive Park,Beach,USA,,,,,,,,,,,,,,Secca di Spargi,Geographic Site,Italy,,,,,,,,,,,,SS Monarch,Wreck,USA
Castle Rock,Geographic Site,Indonesia,,,,,,,,,,,,,,Secca delle Formiche,Geographic Site,Italy,,,,,,,,,,,,SS Algoma,Wreck,USA
Cat Cay Blue Hole,Cavern/Cave,Bahamas,,,,,,,,,,,,,,The Indians,Geographic Site,British Virgin Islands,,,,,,,,,,,,Arabia,Wreck,USA
Catalina,Geographic Site,Costa Rica,,,,,,,,,,,,,,St Abbs & Eyemouth Voluntary Marine Reserve,Geographic Site,,,,,,,,,,,,,Sweepstakes,Wreck,USA
Catalina Island - Blue Cavern Point,Cavern/Cave,USA,,,,,,,,,,,,,,Lundy Marine Protected Area,Geographic Site,,,,,,,,,,,,,Niagara II,Wreck,USA
Catalina Island - Casino Point Dive Park,Beach,USA,,,,,,,,,,,,,,Hilsea Point,Geographic Site,,,,,,,,,,,,,Forest City,Wreck,USA
Catalina Island - Farnsworth Bank,Geographic Site,USA,,,,,,,,,,,,,,HMS Scylla Reef,Geographic Site,area,,,,,,,,,,,,John B. King,Wreck,USA
Catalina Island - Ship Rock,Geographic Site,USA,,,,,,,,,,,,,,Skomer Marine Conservation Zone,Geographic Site,,,,,,,,,,,,,Robert Gaskin,Wreck,USA
Catalina Wall,Geographic Site,Dominican Republic,,,,,,,,,,,,,,Lofoten - Saltstraumen Pinnacle,Geographic Site,Norway,,,,,,,,,,,,Lillie Parsons,Wreck,USA
Cates Park,Beach,Canada,,,,,,,,,,,,,,Älgön,Geographic Site,Sweden,,,,,,,,,,,,Oconto,Wreck,USA
Cathedral,Cavern/Cave,Mauritius,,,,,,,,,,,,,,West Caicos,Geographic Site,Spanish Anchor,,,,,,,,,,,,Manasoo,Wreck,USA
Cathedral,Cavern/Cave,South Africa,,,,,,,,,,,,,,Northwest Point,Geographic Site,,,,,,,,,,,,,Wexford,Wreck,USA
Cathedral (La Cueva),Cavern/Cave,Spain,,,,,,,,,,,,,,Cay - Gully,Geographic Site,France,,,,,,,,,,,,Mary Ward,Wreck,USA
Cathedral (Nine Mile),Cavern/Cave,South Africa,,,,,,,,,,,,,,Grace Bay,Geographic Site,Pinnacles,,,,,,,,,,,,Charles S. Price,Wreck,USA
Cathedral Cave,Cavern/Cave,Australia,,,,,,,,,,,,,,Current Cut,Geographic Site,Bahamas,,,,,,,,,,,,The Castor Wreck,Wreck,USA
Cathedral Cave,Cavern/Cave,New Zealand,,,,,,,,,,,,,,The Washing Machine,Geographic Site,Bahamas,,,,,,,,,,,,Captain Dan,Wreck,USA
Cathedral Rock,Geographic Site,Philippines,,,,,,,,,,,,,,Lost Blue Hole,Geographic Site,Bahamas,,,,,,,,,,,,USS Oriskany,Wreck,USA
Cave,Cavern/Cave,Philippines,,,,,,,,,,,,,,The Blue Hole,Geographic Site,Bahamas,,,,,,,,,,,,Carlisle Bay Wrecks,Wreck,Barbados
Cave of Love (Hidden Beach),Cavern/Cave,Mexico,,,,,,,,,,,,,,Mixing Bowl (Three Fathom Wall),Geographic Site,Cayman Islands,,,,,,,,,,,,River Taw Wreck,Wreck,St. Kitts
Caves & Tunnels,Cavern/Cave,Cyprus,,,,,,,,,,,,,,Wilderness Wall,Geographic Site,Cayman Islands,,,,,,,,,,,,Talata Wreck,Wreck,St. Kitts
Caves of Tutuba,Cavern/Cave,Vanuatu,,,,,,,,,,,,,,The Indians - Coral Gardens,Geographic Site,British Virgin Islands,,,,,,,,,,,,Capital Wrecks,Wreck,St. Vincent
Cavtat Wrecks,Wreck,Croatia,,,,,,,,,,,,,,Airport Wall,Geographic Site,Dominican Republic,,,,,,,,,,,,Debbie II Wreck,Wreck,Aruba
Cay - Gully,Geographic Site,France,,,,,,,,,,,,,,La Parguera Wall,Geographic Site,Puerto Rico,,,,,,,,,,,,Renaissance Airplane Wreck,Wreck,Aruba
Cay Wall,Geographic Site,France,,,,,,,,,,,,,,Tamarindo,Geographic Site,Puerto Rico,,,,,,,,,,,,Lesleen M Wreck,Wreck,St. Lucia
Cayo Diablo,Geographic Site,Puerto Rico,,,,,,,,,,,,,,Purple Rain,Geographic Site,Grenada,,,,,,,,,,,,Daini Koyomaru Wreck,Wreck,St. Lucia
Cayo Enrique,Geographic Site,Puerto Rico,,,,,,,,,,,,,,Flamingo,Geographic Site,Grenada,,,,,,,,,,,,Doc Poulson Wreck,Wreck,Cayman Islands
Cayo Icacos,Geographic Site,Puerto Rico,,,,,,,,,,,,,,Kelleston Drain,Geographic Site,Brain Coral,,,,,,,,,,,,Oro Verde Wreck,Wreck,Cayman Islands
Cayo Lobos,Geographic Site,Puerto Rico,,,,,,,,,,,,,,Superman’s Flight,Geographic Site,,,,,,,,,,,,,Balboa Wreck,Wreck,Cayman Islands
Cayo Santiago,Geographic Site,Puerto Rico,,,,,,,,,,,,,,The Pitons Wall,Geographic Site,Mexico,,,,,,,,,,,,The Dome,Wreck,Turks & Caicos
Cayos Cochinos - Pelican Point,Geographic Site,Honduras,,,,,,,,,,,,,,Coiba - Wahoo Rock,Geographic Site,Panama,,,,,,,,,,,,James Bond Wrecks,Wreck,Bahamas
Cayos Cochinos - Sea Mounts,Geographic Site,Honduras,,,,,,,,,,,,,,Isla Iguana,Geographic Site,Panama,,,,,,,,,,,,Bahama Mama Wreck,Wreck,Bahamas
Cays,Geographic Site,Trinidad,,,,,,,,,,,,,,Malpelo - La Nevera,Geographic Site,Colombia,,,,,,,,,,,,Cessna Airplane Wreck,Wreck,Bahamas
Cedar Pride,Wreck,Jordan,,,,,,,,,,,,,,Gorgona Island - El Remanso,Geographic Site,Colombia,,,,,,,,,,,,Sapona Wreck,Wreck,Bahamas
Cessna Airplane Wreck,Wreck,Bahamas,,,,,,,,,,,,,,San Andrés - Blue Wall,Geographic Site,Colombia,,,,,,,,,,,,Theo’s Wreck,Wreck,Bahamas
Chagos Archipelago,Geographic Site,Peros Banhos,,,,,,,,,,,,,,Fernando de Noronha - Pedras Secas,Geographic Site,Brazil,,,,,,,,,,,,Sea Star Wreck,Wreck,Bahamas
Champagne,Geographic Site,Dominica,,,,,,,,,,,,,,Laje de Santos Marine Park,Geographic Site,Brazil,,,,,,,,,,,,Sugar Wreck,Wreck,Bahamas
Chandelier Cave,Cavern/Cave,Palau,,,,,,,,,,,,,,Rocky,Geographic Site,,,,,,,,,,,,,Roatán - El Aguila,Wreck,Honduras
Chankanaab,Geographic Site,Mexico,,,,,,,,,,,,,,Zabargad,Geographic Site,,,,,,,,,,,,,Roatán - Odyssey,Wreck,Honduras
Channel Island - Anacapa,Beach,Landing Cove,,,,,,,,,,,,,,St. John’s - Habili Ali,Geographic Site,Egypt,,,,,,,,,,,,Utila - Halliburton Wreck,Wreck,Honduras
Channel Island - Anacapa,Cavern/Cave,Cathedral Cove,,,,,,,,,,,,,,Fury Shoals - Sataya,Geographic Site,Egypt,,,,,,,,,,,,Fernando de Noronha - Naufragio Corveta Ipiranga,Wreck,Brazil
Channel Island - San Miguel Island,Geographic Site,Wyckoff Ledge,,,,,,,,,,,,,,Abu Dabbab (Dugong Bay),Geographic Site,Egypt,,,,,,,,,,,,Abrolhos Archipelago - Naufragio Rosalinda,Wreck,Brazil
Channel Island - Santa Cruz Island,Cavern/Cave,Painted Cave,,,,,,,,,,,,,,Farasan Banks,Geographic Site,Saudi Arabia,,,,,,,,,,,,Arraial do Cabo - Naufragio Pinguino,Wreck,Brazil
Charles Brown,Wreck,Cable Layer,,,,,,,,,,,,,,Five Sisters (Shi'b Suflani),Geographic Site,Saudi Arabia,,,,,,,,,,,,Angra dos Reis - Ilha Grande - Naufragio Aquidabã,Wreck,Brazil
Charles S. Price,Wreck,USA,,,,,,,,,,,,,,Dahlak Archipelago - Deset,Geographic Site,Eritrea,,,,,,,,,,,,Santos - Naufragio Moreia,Wreck,Brazil
Chatham,Geographic Site,St. Vincent,,,,,,,,,,,,,,Seven Brothers (Sawabi),Geographic Site,Djibouti,,,,,,,,,,,,Ilha Bela - Naufragio Velasquez,Wreck,Brazil
Chebeh,Geographic Site,Malaysia,,,,,,,,,,,,,,Fahal Island - Aquarium,Geographic Site,Oman,,,,,,,,,,,,Recife - Naufragio Pirapama,Wreck,Brazil
Chikin Ha Cenote,Cavern/Cave,Mexico,,,,,,,,,,,,,,Bandar Khayran - Mermaid Cove,Geographic Site,Oman,,,,,,,,,,,,Recife - Naufragio Corveta V17,Wreck,Brazil
Chikuzen Wreck,Wreck,British Virgin Islands,,,,,,,,,,,,,,Shark Bank,Geographic Site,Seychelles,,,,,,,,,,,,Recife - Naufragio Servemar X,Wreck,Brazil
Chrisoula K,Wreck,Egypt,,,,,,,,,,,,,,L’îlot,Geographic Site,Seychelles,,,,,,,,,,,,Recife - Naufragio Gonçalo Coelho,Wreck,Brazil
Christ of the Abyss (Dry Rocks),Geographic Site,USA,,,,,,,,,,,,,,Four Brothers (Les Quatre Frères),Geographic Site,Madagascar,,,,,,,,,,,,Salvador - Naufragio Blackadder,Wreck,Brazil
Christ of the Abyss (San Fruttuoso),Other,Italy,,,,,,,,,,,,,,Ponta do Ouro - Pinnacles,Geographic Site,Mozambique,,,,,,,,,,,,Salvador - Naufragio Maraldi,Wreck,Brazil
Christmas Island - Bay of Wrecks,Wreck,Kiritimati,,,,,,,,,,,,,,The Canyon,Geographic Site,Mozambique,,,,,,,,,,,,Boa Vista - Cabo Santa Maria Wreck,Wreck,Cape Verde
Christmas Island - Flying Fish Cove,Beach,Australia,,,,,,,,,,,,,,Manta Point,Geographic Site,Mozambique,,,,,,,,,,,,Dori Wreck,Wreck,Portugal
Christmas Island - London,Geographic Site,Kiritimati,,,,,,,,,,,,,,Antons,Geographic Site,South Africa,,,,,,,,,,,,Scapa Flow - SMS König,Wreck,UK
Chumphon Pinnacle,Geographic Site,Thailand,,,,,,,,,,,,,,7 Mile,Geographic Site,South Africa,,,,,,,,,,,,Scapa Flow - SMS Dresden,Wreck,UK
Citrus Ridge,Geographic Site,Indonesia,,,,,,,,,,,,,,Pinnacles,Geographic Site,South Africa,,,,,,,,,,,,Scapa Flow - SMS Brummer,Wreck,UK
Clerke,Geographic Site,Australia,,,,,,,,,,,,,,Tiputa,Geographic Site,Rangiroa,,,,,,,,,,,,Scapa Flow - SMS Cöln,Wreck,UK
Clifton Wall,Geographic Site,Bahamas,,,,,,,,,,,,,,Avatoru,Geographic Site,Rangiroa,,,,,,,,,,,,Scapa Flow - UB - 116 Submarine,Wreck,UK
Coconut Tree,Geographic Site,St. Kitts,,,,,,,,,,,,,,North Pass (Garuae),Geographic Site,Fakarava,,,,,,,,,,,,Scapa Flow - F2 Wreck,Wreck,UK
Cocos Island - Alcyone,Geographic Site,Costa Rica,,,,,,,,,,,,,,South Pass (Tumakohua),Geographic Site,Fakarava,,,,,,,,,,,,Lundy Island - MV Robert Wreck,Wreck,UK
Cocos Island - Dirty Rock,Geographic Site,Costa Rica,,,,,,,,,,,,,,Tuheiava,Geographic Site,Tikehau,,,,,,,,,,,,RMS Lusitania,Wreck,Ireland
Cocos Island - Manuelita,Geographic Site,Costa Rica,,,,,,,,,,,,,,The Wall (Taapuna),Geographic Site,French Polynesia,,,,,,,,,,,,Malin Head - U - Boat Graveyard,Wreck,Ireland
Cocos Island - Punta Maria,Geographic Site,Costa Rica,,,,,,,,,,,,,,Arutanga,Geographic Site,Aitutaki,,,,,,,,,,,,Narvik - Foca Wreck,Wreck,Norway
Cocos Keeling Island - Direction Island Drift,Geographic Site,Australia,,,,,,,,,,,,,,Savaii - Lava Fields,Geographic Site,Savai'i,,,,,,,,,,,,Kristiansund - Frankenwald,Wreck,Norway
Coffins Patch,Geographic Site,USA,,,,,,,,,,,,,,Phoenix Island - Nikumaroro,Geographic Site,Kiribati,,,,,,,,,,,,Vättern - Eric Nordevall II Wreck,Wreck,Sweden
Coiba - Wahoo Rock,Geographic Site,Panama,,,,,,,,,,,,,,White Island (Whakaari) - Volkner Rocks,Geographic Site,New Zealand,,,,,,,,,,,,Tallinn Bay - Maasilinn Wreck,Wreck,Estonia
Coin de Mire,Geographic Site,Mauritius,,,,,,,,,,,,,,Kaikoura Canyon,Geographic Site,New Zealand,,,,,,,,,,,,Liepaja - Submarine S - 363,Wreck,Latvia
Colombia Shallows,Geographic Site,Mexico,,,,,,,,,,,,,,Shark Alley,Geographic Site,USA,,,,,,,,,,,,Sabang Wrecks,Wreck,Philippines
Colombo - Cargo Wreck (SS Perseus),Wreck,Sri Lanka,,,,,,,,,,,,,,Yawn Wall,Geographic Site,Canada,,,,,,,,,,,,USAT Liberty Wreck,Wreck,Indonesia
Colombo - Taprobane East Wreck,Wreck,Sri Lanka,,,,,,,,,,,,,,Race Rocks - Great Race,Geographic Site,Canada,,,,,,,,,,,,Papua - Cenderawasih Bay - WWII Wrecks,Wreck,Indonesia
Colombo - Thermopylae Sierra Wreck,Wreck,Sri Lanka,,,,,,,,,,,,,,North Rock - Cathedrals,Geographic Site,Bermuda,,,,,,,,,,,,Colombo - Thermopylae Sierra Wreck,Wreck,Sri Lanka
Colorado,Geographic Site,Mauritius,,,,,,,,,,,,,,Cane Bay Wall,Geographic Site,,,,,,,,,,,,,Colombo - Taprobane East Wreck,Wreck,Sri Lanka
Columbia,Geographic Site,Mexico,,,,,,,,,,,,,,The Maze,Geographic Site,,,,,,,,,,,,,Colombo - Cargo Wreck (SS Perseus),Wreck,Sri Lanka
Columbus Point,Geographic Site,Bahamas,,,,,,,,,,,,,,French,Geographic Site,USA,,,,,,,,,,,,Galle - Rangoon Wreck,Wreck,Sri Lanka
Conception Island Wall,Geographic Site,Bahamas,,,,,,,,,,,,,,Grecian Rocks,Geographic Site,USA,,,,,,,,,,,,Galle - Conch Wreck,Wreck,Sri Lanka
Conch,Geographic Site,USA,,,,,,,,,,,,,,Conch,Geographic Site,USA,,,,,,,,,,,,Jeddah - Cable Wreck,Wreck,Saudi Arabia
Cook Island Marine Reserve,Geographic Site,Australia,,,,,,,,,,,,,,Snapper Ledge,Geographic Site,USA,,,,,,,,,,,,Jeddah - Ann Ann Wreck,Wreck,Saudi Arabia
Coral Bay - Outer,Geographic Site,Australia,,,,,,,,,,,,,,Horseshoe,Geographic Site,USA,,,,,,,,,,,,Jeddah - Chicken Wreck,Wreck,Saudi Arabia
Coral Garden,Geographic Site,Turks and Caicos,,,,,,,,,,,,,,Coffins Patch,Geographic Site,USA,,,,,,,,,,,,Dahlak Archipelago - Dessi Wreck,Wreck,Eritrea
Coral Garden,Geographic Site,St. Vincent,,,,,,,,,,,,,,Hen and Chickens,Geographic Site,USA,,,,,,,,,,,,Eilat - Satil Wreck,Wreck,Israel
Coral Gardens,Geographic Site,Saint Lucia,,,,,,,,,,,,,,Western Sambo,Geographic Site,USA,,,,,,,,,,,,Aqaba - Cedar Pride,Wreck,Jordan
Coral Gardens,Geographic Site,Vanuatu,,,,,,,,,,,,,,Eastern Dry Rocks,Geographic Site,USA,,,,,,,,,,,,Aqaba - C - 130 Hercules Wreck,Wreck,Jordan
Coral Gardens,Geographic Site,St. Lucia,,,,,,,,,,,,,,Sand Key,Geographic Site,USA,,,,,,,,,,,,Aqaba - Tank Wreck,Wreck,Jordan
Coral Stairway,Geographic Site,Turks & Caicos,,,,,,,,,,,,,,The Chimneys,Geographic Site,,,,,,,,,,,,,HMCS Yukon,Wreck,USA
Corn Island - Blowing Rock,Geographic Site,Nicaragua,,,,,,,,,,,,,,Alice in Wonderland,Geographic Site,Bahamas,,,,,,,,,,,,Ruby E Wreck,Wreck,USA
Corn Island - Tarpon,Geographic Site,Nicaragua,,,,,,,,,,,,,,Pelican Cays Land & Sea Park,Geographic Site,Bahamas,,,,,,,,,,,,Nanaimo - HMCS Saskatchewan,Wreck,Canada
Corn Island - White Hole,Cavern/Cave,Nicaragua,,,,,,,,,,,,,,Hole in the Wall,Geographic Site,Bahamas,,,,,,,,,,,,Nanaimo - HMCS Cape Breton,Wreck,Canada
Cornucopia,Geographic Site,Indonesia,,,,,,,,,,,,,,Shark Arena,Geographic Site,Bahamas,,,,,,,,,,,,Lake Superior - SS America,Wreck,USA
Corsair Wreck,Wreck,USA,,,,,,,,,,,,,,Devil’s Backbone,Geographic Site,Bahamas,,,,,,,,,,,,Lake Superior - SS Emperor,Wreck,USA
Cousins Rock,Geographic Site,Ecuador,,,,,,,,,,,,,,Fish Bowl,Geographic Site,Bahamas,,,,,,,,,,,,Lake Superior - SS Chester A. Congdon,Wreck,USA
Cow and Calf Rocks,Geographic Site,U.S. Virgin Islands,,,,,,,,,,,,,,Clifton Wall,Geographic Site,Bahamas,,,,,,,,,,,,Lake Superior - SS Kamloops,Wreck,USA
Creole Rock,Geographic Site,Saint Martin,,,,,,,,,,,,,,Cabbage Patch,Geographic Site,Bahamas,,,,,,,,,,,,Lake Superior - Madeira Wreck,Wreck,USA
Crescent,Beach,USA,,,,,,,,,,,,,,Devil’s Claw,Geographic Site,Bahamas,,,,,,,,,,,,Lake Superior - Hesper Wreck,Wreck,USA
Cristóbal Colón Wreck,Wreck,Bermuda,,,,,,,,,,,,,,Bay Wall,Geographic Site,France,,,,,,,,,,,,Lake Superior - Samuel P. Ely Wreck,Wreck,USA
Critter Corner,Other,St. Vincent,,,,,,,,,,,,,,North Point,Geographic Site,Bahamas,,,,,,,,,,,,Lake Superior - Monarch Wreck,Wreck,USA
Crystal,Geographic Site,Indonesia,,,,,,,,,,,,,,Angel Fish Blue Hole,Geographic Site,Bahamas,,,,,,,,,,,,Lake Superior - Algoma Wreck,Wreck,USA
Crystal River - Three Sisters,Other,USA,,,,,,,,,,,,,,Tongue of the Ocean Wall,Geographic Site,Bahamas,,,,,,,,,,,,Lake Michigan - SS Carl D. Bradley,Wreck,USA
Crystal Rock,Geographic Site,Indonesia,,,,,,,,,,,,,,Great Isaac,Geographic Site,Bahamas,,,,,,,,,,,,Lake Michigan - SS Wisconsin,Wreck,USA
Current Cut,Geographic Site,Bahamas,,,,,,,,,,,,,,Long Bay Wall,Geographic Site,Turks and Caicos,,,,,,,,,,,,Lake Michigan - SS Rouse Simmons (Christmas Tree Ship),Wreck,USA
Cypress Tunnels,Cavern/Cave,Belize,,,,,,,,,,,,,,Amanyara Wall,Geographic Site,Turks and Caicos,,,,,,,,,,,,Lake Michigan - SS Vernon,Wreck,USA
Dabaisha,Geographic Site,Taiwan,,,,,,,,,,,,,,Molasses,Geographic Site,Turks and Caicos,,,,,,,,,,,,Lake Michigan - SS Eber Ward,Wreck,USA
Dadonghai,Other,China,,,,,,,,,,,,,,McDonald’s Arch,Geographic Site,Turks and Caicos,,,,,,,,,,,,Lake Michigan - SS Sandusky,Wreck,USA
Daedalus,Geographic Site,Egypt,,,,,,,,,,,,,,Cairn’s Wall,Geographic Site,Turks and Caicos,,,,,,,,,,,,Lake Michigan - SS Milwaukee Car Ferry,Wreck,USA
Dahlak Archipelago - Deset,Geographic Site,Eritrea,,,,,,,,,,,,,,Black Forest,Geographic Site,Turks and Caicos,,,,,,,,,,,,Lake Michigan - SS Cedarville,Wreck,USA
Dahlak Archipelago - Dessi Wreck,Wreck,Eritrea,,,,,,,,,,,,,,Diver’s Delight,Geographic Site,Turks and Caicos,,,,,,,,,,,,Lake Huron - SS Daniel J. Morrell,Wreck,USA
Dahlak Archipelago - Nora,Geographic Site,Eritrea,,,,,,,,,,,,,,Coral Garden,Geographic Site,Turks and Caicos,,,,,,,,,,,,Lake Huron - SS Regina,Wreck,USA
Daini Koyomaru,Wreck,Sint Maarten,,,,,,,,,,,,,,Devil’s Table,Geographic Site,Trinidad and Tobago,,,,,,,,,,,,Lake Huron - SS Grecian,Wreck,USA
Daini Koyomaru Wreck,Wreck,St. Lucia,,,,,,,,,,,,,,Mount Irvine Wall,Geographic Site,Trinidad and Tobago,,,,,,,,,,,,Lake Huron - SS D.M. Wilson,Wreck,USA
Dangleben’s Pinnacles,Geographic Site,Dominica,,,,,,,,,,,,,,Flying,Geographic Site,Barbados,,,,,,,,,,,,Lake Huron - SS John B. Lyons,Wreck,USA
Darwin’s Arch - The Theater,Geographic Site,Ecuador,,,,,,,,,,,,,,Japanese Gardens,Geographic Site,Saint Lucia,,,,,,,,,,,,Lake Erie - SS Dean Richmond,Wreck,USA
Darwin’s Arch/Towers,Geographic Site,Ecuador,,,,,,,,,,,,,,Fairyland,Geographic Site,Saint Lucia,,,,,,,,,,,,Lake Erie - SS Adventure,Wreck,USA
Daymaniyat,Geographic Site,Oman,,,,,,,,,,,,,,Coral Gardens,Geographic Site,Saint Lucia,,,,,,,,,,,,Lake Erie - SS Dundee,Wreck,USA
Daymaniyat Island - Aquarium,Geographic Site,Oman,,,,,,,,,,,,,,Keyhole Pinnacles,Geographic Site,Saint Lucia,,,,,,,,,,,,Lake Erie - SS Niagara,Wreck,USA
Daymaniyat Island - Three Sisters,Geographic Site,Oman,,,,,,,,,,,,,,Rosemond’s Trench,Geographic Site,Saint Lucia,,,,,,,,,,,,Lake Erie - SS Atlantic,Wreck,USA
Daymaniyat Island - Turtle City,Geographic Site,Oman,,,,,,,,,,,,,,Fish Bowl,Geographic Site,,,,,,,,,,,,,Lake Erie - SS W.H. Gilcher,Wreck,USA
Deacon’s,Geographic Site,Papua New Guinea,,,,,,,,,,,,,,Proselyte,Geographic Site,Sint Maarten,,,,,,,,,,,,Lake Ontario - Hamilton & Scourge,Wreck,USA
Dean’s Blue Hole,Geographic Site,Bahamas,,,,,,,,,,,,,,Creole Rock,Geographic Site,Saint Martin,,,,,,,,,,,,Lake Ontario - HMS Speedy,Wreck,USA
Debbie II Wreck,Wreck,Aruba,,,,,,,,,,,,,,Grand Case,Geographic Site,Saint Martin,,,,,,,,,,,,Lake Ontario - George A. Marsh,Wreck,USA
Deep Blue Hole,Cavern/Cave,Bahamas,,,,,,,,,,,,,,Turtle,Geographic Site,Saint Martin,,,,,,,,,,,,Lake Ontario - The City of Sheboygan,Wreck,USA
Desecheo Island - Candy Land,Geographic Site,Puerto Rico,,,,,,,,,,,,,,Man of War Shoals,Geographic Site,Sint Maarten,,,,,,,,,,,,Lake Ontario - Katie Eccles,Wreck,USA
Desecheo Island - Yellow,Geographic Site,Puerto Rico,,,,,,,,,,,,,,Carval Rock,Geographic Site,U.S. Virgin Islands,,,,,,,,,,,,Not Listed,,
Desertas,Geographic Site,Portugal,,,,,,,,,,,,,,Cow and Calf Rocks,Geographic Site,U.S. Virgin Islands,,,,,,,,,,,,,,
Desroches Drop - Off,Geographic Site,Seychelles,,,,,,,,,,,,,,Thatch Cay,Geographic Site,U.S. Virgin Islands,,,,,,,,,,,,,,
Devil’s Backbone,Geographic Site,Bahamas,,,,,,,,,,,,,,Santa Rosa,Geographic Site,Mexico,,,,,,,,,,,,,,
Devil’s Claw,Geographic Site,Bahamas,,,,,,,,,,,,,,Paso del Cedral,Geographic Site,Mexico,,,,,,,,,,,,,,
Devil’s Den,Cavern/Cave,USA,,,,,,,,,,,,,,Palancar Horseshoe,Geographic Site,Mexico,,,,,,,,,,,,,,
Devil’s Grotto,Geographic Site,Cayman Islands,,,,,,,,,,,,,,Yucab,Geographic Site,Mexico,,,,,,,,,,,,,,
Devil’s Highway (Manta),Geographic Site,Solomon Islands,,,,,,,,,,,,,,Chankanaab,Geographic Site,Mexico,,,,,,,,,,,,,,
Devil’s Table,Geographic Site,Trinidad and Tobago,,,,,,,,,,,,,,La Francesa,Geographic Site,Mexico,,,,,,,,,,,,,,
Devil’s Table,Geographic Site,St. Vincent,,,,,,,,,,,,,,Colombia Shallows,Geographic Site,Mexico,,,,,,,,,,,,,,
Devil’s Throat,Cavern/Cave,Mexico,,,,,,,,,,,,,,Barracuda Point,Geographic Site,Mexico,,,,,,,,,,,,,,
Dhigurah Thila,Geographic Site,Maldives,,,,,,,,,,,,,,San Juan,Geographic Site,Mexico,,,,,,,,,,,,,,
Diamond Rock,Geographic Site,Martinique,,,,,,,,,,,,,,Paradise Shallows,Geographic Site,Mexico,,,,,,,,,,,,,,
Dinah’s Beach,Other,Papua New Guinea,,,,,,,,,,,,,,Villa Blanca Wall,Geographic Site,Mexico,,,,,,,,,,,,,,
Dinahogan,Geographic Site,Philippines,,,,,,,,,,,,,,Tunich,Geographic Site,Mexico,,,,,,,,,,,,,,
Dingle Bay - The Pinnacles,Geographic Site,Ireland,,,,,,,,,,,,,,Cardona,Geographic Site,Puerto Rico,,,,,,,,,,,,,,
Director’s,Beach,Curaçao,,,,,,,,,,,,,,Isla de Mona - The Wall,Geographic Site,Puerto Rico,,,,,,,,,,,,,,
Directors,Beach,Curaçao,,,,,,,,,,,,,,Cayo Diablo,Geographic Site,Puerto Rico,,,,,,,,,,,,,,
Diver’s Delight,Geographic Site,Turks and Caicos,,,,,,,,,,,,,,Cayo Icacos,Geographic Site,Puerto Rico,,,,,,,,,,,,,,
Doc Poulson Wreck,Wreck,Cayman Islands,,,,,,,,,,,,,,Cayo Lobos,Geographic Site,Puerto Rico,,,,,,,,,,,,,,
Dollabarat,Geographic Site,Portugal,,,,,,,,,,,,,,Caja de Muertos,Geographic Site,Puerto Rico,,,,,,,,,,,,,,
Dollabarat Seamount,Geographic Site,Portugal,,,,,,,,,,,,,,The Wall,Geographic Site,Puerto Rico,,,,,,,,,,,,,,
Dolphin House (Sha’ab Samadai),Geographic Site,Egypt,,,,,,,,,,,,,,Cayo Enrique,Geographic Site,Puerto Rico,,,,,,,,,,,,,,
Don Pedro Wreck,Wreck,Spain,,,,,,,,,,,,,,Desecheo Island - Candy Land,Geographic Site,Puerto Rico,,,,,,,,,,,,,,
Donator (SS Prosper Schiaffino),Wreck,France,,,,,,,,,,,,,,Desecheo Island - Yellow,Geographic Site,Puerto Rico,,,,,,,,,,,,,,
Donegal Bay - St. Catherine’s,Geographic Site,Ireland,,,,,,,,,,,,,,San Cristobal Canyon,Geographic Site,Dominican Republic,,,,,,,,,,,,,,
Dori (SS Douriense),Wreck,Portugal,,,,,,,,,,,,,,La Caleta Underwater National Park,Geographic Site,Dominican Republic,,,,,,,,,,,,,,
Dori Wreck,Wreck,Portugal,,,,,,,,,,,,,,La Sirena,Geographic Site,Dominican Republic,,,,,,,,,,,,,,
Dorothea Quarry,Lake,,,,,,,,,,,,,,,Catalina Wall,Geographic Site,Dominican Republic,,,,,,,,,,,,,,
Dos Ojos Cenote,Cavern/Cave,Mexico,,,,,,,,,,,,,,Guaraguao,Geographic Site,Dominican Republic,,,,,,,,,,,,,,
Dottins,Geographic Site,Barbados,,,,,,,,,,,,,,Monito,Geographic Site,Puerto Rico,,,,,,,,,,,,,,
Double,Geographic Site,,,,,,,,,,,,,,,Cayo Santiago,Geographic Site,Puerto Rico,,,,,,,,,,,,,,
Double,Geographic Site,Curaçao,,,,,,,,,,,,,,Islas Secas - The Point,Geographic Site,Panama,,,,,,,,,,,,,,
Double Caves,Cavern/Cave,Bahamas,,,,,,,,,,,,,,Islas Contreras - Coiba Ridge,Geographic Site,Panama,,,,,,,,,,,,,,
Dreamgate Cenote,Cavern/Cave,Mexico,,,,,,,,,,,,,,Isla Coiba - Bajo Piñon,Geographic Site,Panama,,,,,,,,,,,,,,
Dunraven,Wreck,Egypt,,,,,,,,,,,,,,Isla Iguana - Coral Gardens,Geographic Site,Panama,,,,,,,,,,,,,,
Dutch Springs,Lake,USA,,,,,,,,,,,,,,Isla Tortuga - El Aquario,Geographic Site,Costa Rica,,,,,,,,,,,,,,
Dutch Springs (Lake Hydra),Lake,USA,,,,,,,,,,,,,,Isla Catalina - La Pared,Geographic Site,Costa Rica,,,,,,,,,,,,,,
E6,Geographic Site,Fiji,,,,,,,,,,,,,,Isla del Caño - Bajo del Diablo,Geographic Site,Costa Rica,,,,,,,,,,,,,,
Eagle Ray Roundup,Geographic Site,Cayman Islands,,,,,,,,,,,,,,Los Arcos,Geographic Site,Mexico,,,,,,,,,,,,,,
Eastern Dry Rocks,Geographic Site,USA,,,,,,,,,,,,,,El Morro,Geographic Site,Mexico,,,,,,,,,,,,,,
Eden Rock,Geographic Site,Cayman Islands,,,,,,,,,,,,,,Islas Revillagigedo - Cabo Pearce,Geographic Site,Mexico,,,,,,,,,,,,,,
Edithburgh Jetty,Other,Australia,,,,,,,,,,,,,,Islas Revillagigedo - Punta Tosca,Geographic Site,Mexico,,,,,,,,,,,,,,
Edmonds Underwater Park,Other,USA,,,,,,,,,,,,,,Roca O’Neal,Geographic Site,Ecuador,,,,,,,,,,,,,,
Eilat - Coral Beach Nature Reserve,Geographic Site,Israel,,,,,,,,,,,,,,Cape Douglas,Geographic Site,Ecuador,,,,,,,,,,,,,,
Eilat - Neptune’s Tables,Geographic Site,Israel,,,,,,,,,,,,,,Punta Vicente Roca,Geographic Site,Ecuador,,,,,,,,,,,,,,
Eilat - Satil Wreck,Wreck,Israel,,,,,,,,,,,,,,Cousins Rock,Geographic Site,Ecuador,,,,,,,,,,,,,,
El Aguila,Wreck,Honduras,,,,,,,,,,,,,,Bartolomé - Pinnacle Rock,Geographic Site,Ecuador,,,,,,,,,,,,,,
El Bajo Seamount,Geographic Site,Mexico,,,,,,,,,,,,,,Cabo Marshall,Geographic Site,Ecuador,,,,,,,,,,,,,,
El Bajón,Geographic Site,Spain,,,,,,,,,,,,,,Cabo Douglas - Iguana,Geographic Site,Ecuador,,,,,,,,,,,,,,
El Boiler,Geographic Site,Mexico,,,,,,,,,,,,,,Mosquera Islet,Geographic Site,Ecuador,,,,,,,,,,,,,,
El Cabrón Marine Reserve,Beach,Spain,,,,,,,,,,,,,,Cabo Pucuna,Geographic Site,Ecuador,,,,,,,,,,,,,,
El Eden (Ponderosa) Cenote,Cavern/Cave,Mexico,,,,,,,,,,,,,,Darwin’s Arch - The Theater,Geographic Site,Ecuador,,,,,,,,,,,,,,
El Morro,Geographic Site,Mexico,,,,,,,,,,,,,,Isla de la Plata - El Acuario,Geographic Site,Ecuador,,,,,,,,,,,,,,
El Toro Marine Reserve,Geographic Site,Spain,,,,,,,,,,,,,,Santa Marta - Morro Shoal,Geographic Site,Colombia,,,,,,,,,,,,,,
Elephant Cave,Cavern/Cave,Greece,,,,,,,,,,,,,,Tayrona National Park - La Piedra del Medio,Geographic Site,Colombia,,,,,,,,,,,,,,
Elphinstone,Geographic Site,Egypt,,,,,,,,,,,,,,Tayrona - Granate,Geographic Site,Colombia,,,,,,,,,,,,,,
Elphinstone North Plateau,Geographic Site,Egypt,,,,,,,,,,,,,,San Blas Island - Dog Island,Geographic Site,Panama,,,,,,,,,,,,,,
Elphinstone South Plateau,Geographic Site,Egypt,,,,,,,,,,,,,,Bocas del Toro - Hospital Point,Geographic Site,Panama,,,,,,,,,,,,,,
Emerald Bay - Historic Barge Wrecks,Wreck,USA,,,,,,,,,,,,,,Bocas del Toro - Crawl Cay,Geographic Site,Panama,,,,,,,,,,,,,,
Endymion Wreck,Wreck,Turks and Caicos,,,,,,,,,,,,,,Bocas del Toro - Tiger Rock,Geographic Site,Panama,,,,,,,,,,,,,,
Ennerdale Wreck,Wreck,Seychelles,,,,,,,,,,,,,,Islas Perlas - Las Perlas,Geographic Site,Panama,,,,,,,,,,,,,,
Escambrón Marine Park,Beach,Puerto Rico,,,,,,,,,,,,,,Cayos Cochinos - Pelican Point,Geographic Site,Honduras,,,,,,,,,,,,,,
Ewens Ponds,Cavern/Cave,Australia,,,,,,,,,,,,,,Cayos Cochinos - Sea Mounts,Geographic Site,Honduras,,,,,,,,,,,,,,
Exmouth Navy Pier,Other,Australia,,,,,,,,,,,,,,Utila - Duppy Waters,Geographic Site,Honduras,,,,,,,,,,,,,,
Exuma Cays - Angelfish Blue Hole,Geographic Site,Bahamas,,,,,,,,,,,,,,Utila - Raggedy Cay,Geographic Site,Honduras,,,,,,,,,,,,,,
Exuma Cays - Cathedral,Geographic Site,Bahamas,,,,,,,,,,,,,,Utila - Black Coral Wall,Geographic Site,Honduras,,,,,,,,,,,,,,
Exuma Cays - Dog Rocks Wall,Geographic Site,Bahamas,,,,,,,,,,,,,,Roatán,Geographic Site,Honduras,,,,,,,,,,,,,,
Exuma Cays - Jeep,Geographic Site,Bahamas,,,,,,,,,,,,,,Roatán - Pablo’s Place,Geographic Site,Honduras,,,,,,,,,,,,,,
Exuma Cays - Washing Machine,Geographic Site,Bahamas,,,,,,,,,,,,,,Gab Gab,Geographic Site,,,,,,,,,,,,,,,
Eye of the Needle,Geographic Site,Pinnacles,,,,,,,,,,,,,,The Crevice,Geographic Site,,,,,,,,,,,,,,,
Fahal Island - Aquarium,Geographic Site,Oman,,,,,,,,,,,,,,Double,Geographic Site,,,,,,,,,,,,,,,
Faial - Capelinhos,Geographic Site,Portugal,,,,,,,,,,,,,,Blue Wall,Geographic Site,Micronesia,,,,,,,,,,,,,,
Fairyland,Geographic Site,Saint Lucia,,,,,,,,,,,,,,M’il Channel - Manta Ridge,Geographic Site,Micronesia,,,,,,,,,,,,,,
Fairyland,Geographic Site,St. Lucia,,,,,,,,,,,,,,Valley of the Rays,Geographic Site,Micronesia,,,,,,,,,,,,,,
Fang Ming,Wreck,Mexico,,,,,,,,,,,,,,Magic Kingdom,Geographic Site,Micronesia,,,,,,,,,,,,,,
Farasan Banks,Geographic Site,Saudi Arabia,,,,,,,,,,,,,,German,Geographic Site,Micronesia,,,,,,,,,,,,,,
Farasan Banks - Dohra,Geographic Site,Saudi Arabia,,,,,,,,,,,,,,Fathers Reef,Geographic Site,Kimbe Bay,,,,,,,,,,,,,,
Farasan Banks - Shi’b Abu Madafi,Geographic Site,Saudi Arabia,,,,,,,,,,,,,,Susan’s,Geographic Site,Kimbe Bay,,,,,,,,,,,,,,
Farne,Geographic Site,,,,,,,,,,,,,,,Wahoo Point,Geographic Site,Milne Bay,,,,,,,,,,,,,,
Farne Island - Blue Caps,Geographic Site,UK,,,,,,,,,,,,,,Observation Point,Geographic Site,Milne Bay,,,,,,,,,,,,,,
Farne Island - Longstone,Geographic Site,UK,,,,,,,,,,,,,,Fjords - Cliffs,Geographic Site,Tufi,,,,,,,,,,,,,,
Farondi Cave System,Cavern/Cave,Indonesia,,,,,,,,,,,,,,Fjords - Minor’s,Geographic Site,Tufi,,,,,,,,,,,,,,
Fastnet Rock,Geographic Site,Ireland,,,,,,,,,,,,,,New Hanover - Albatross Passage,Geographic Site,Papua New Guinea,,,,,,,,,,,,,,
Fathers Reef,Geographic Site,Kimbe Bay,,,,,,,,,,,,,,Florida Island - Devil’s Highway,Geographic Site,Florida Islands,,,,,,,,,,,,,,
Fernando de Noronha - Buraco do Inferno,Cavern/Cave,Brazil,,,,,,,,,,,,,,Hideaway Island,Geographic Site,Vanuatu,,,,,,,,,,,,,,
Fernando de Noronha - Caverna da Sapata,Cavern/Cave,Brazil,,,,,,,,,,,,,,Coral Gardens,Geographic Site,Vanuatu,,,,,,,,,,,,,,
Fernando de Noronha - Naufragio Corveta Ipiranga,Wreck,Brazil,,,,,,,,,,,,,,Shark Point,Geographic Site,Vanuatu,,,,,,,,,,,,,,
Fernando de Noronha - Pedras Secas,Geographic Site,Brazil,,,,,,,,,,,,,,Marine Reserve - Chimneys,Geographic Site,Namena,,,,,,,,,,,,,,
Fingers,Geographic Site,Aruba,,,,,,,,,,,,,,Rainbow Reef - White Wall,Geographic Site,Taveuni,,,,,,,,,,,,,,
Fish Bowl,Geographic Site,Bahamas,,,,,,,,,,,,,,Island - Jim’s Alley,Geographic Site,Gau,,,,,,,,,,,,,,
Fish Bowl,Geographic Site,,,,,,,,,,,,,,,Lagoon - Caesar’s Rock,Geographic Site,Beqa,,,,,,,,,,,,,,
Fish Head,Geographic Site,Maldives,,,,,,,,,,,,,,Bligh Water - - - Passage,Geographic Site,Vatu-i-Ra,,,,,,,,,,,,,,
Fish Head (Mushimasmigili Thila),Geographic Site,Maldives,,,,,,,,,,,,,,Great Astrolabe Reef - Naiqoro Passage,Geographic Site,Kadavu,,,,,,,,,,,,,,
Fish Rock Cave,Cavern/Cave,Australia,,,,,,,,,,,,,,Uoleva,Geographic Site,Ha’apai,,,,,,,,,,,,,,
Fisherman’s Cove,Beach,USA,,,,,,,,,,,,,,Fish Head,Geographic Site,Maldives,,,,,,,,,,,,,,
Five Sisters (Shi'b Suflani),Geographic Site,Saudi Arabia,,,,,,,,,,,,,,North Male Atoll - Banana,Geographic Site,Maldives,,,,,,,,,,,,,,
Fjords - Cliffs,Geographic Site,Tufi,,,,,,,,,,,,,,North Male Atoll - HP,Geographic Site,Maldives,,,,,,,,,,,,,,
Fjords - Minor’s,Geographic Site,Tufi,,,,,,,,,,,,,,North Male Atoll - Lankan Manta Point,Geographic Site,Maldives,,,,,,,,,,,,,,
Flamingo,Geographic Site,Grenada,,,,,,,,,,,,,,Miyaru Kandu,Geographic Site,Maldives,,,,,,,,,,,,,,
Flinders Reef (Moreton),Geographic Site,Australia,,,,,,,,,,,,,,Kudarah Thila,Geographic Site,Maldives,,,,,,,,,,,,,,
Florence,Beach,Neptune State Park,,,,,,,,,,,,,,Rangali Madivaru,Geographic Site,Maldives,,,,,,,,,,,,,,
Florida Island - Devil’s Highway,Geographic Site,Florida Islands,,,,,,,,,,,,,,Manta Point,Geographic Site,Maldives,,,,,,,,,,,,,,
Florida Island - Twin Tunnels,Cavern/Cave,Florida Islands,,,,,,,,,,,,,,Maa Kandu,Geographic Site,Maldives,,,,,,,,,,,,,,
Flying,Geographic Site,Barbados,,,,,,,,,,,,,,Farasan Banks - Shi’b Abu Madafi,Geographic Site,Saudi Arabia,,,,,,,,,,,,,,
Forest City,Wreck,USA,,,,,,,,,,,,,,Al Lith - Five Sisters,Geographic Site,Saudi Arabia,,,,,,,,,,,,,,
Formigas Islets,Geographic Site,Portugal,,,,,,,,,,,,,,Dahlak Archipelago - Nora,Geographic Site,Eritrea,,,,,,,,,,,,,,
Fotteyo Kandu,Geographic Site,Maldives,,,,,,,,,,,,,,Abu Dabbab,Geographic Site,Egypt,,,,,,,,,,,,,,
Four Brothers (Les Quatre Frères),Geographic Site,Madagascar,,,,,,,,,,,,,,Elphinstone South Plateau,Geographic Site,Egypt,,,,,,,,,,,,,,
Four Brothers Islets,Geographic Site,Madagascar,,,,,,,,,,,,,,Sha’ab Samadai (Dolphin House),Geographic Site,Egypt,,,,,,,,,,,,,,
Frankenwald Wreck,Wreck,Norway,,,,,,,,,,,,,,Panorama,Geographic Site,Egypt,,,,,,,,,,,,,,
Frederiksted Pier,Other,,,,,,,,,,,,,,,Middle,Geographic Site,Egypt,,,,,,,,,,,,,,
French,Geographic Site,USA,,,,,,,,,,,,,,Giftun,Geographic Site,Egypt,,,,,,,,,,,,,,
Fury Shoals - Abu Galawa Soraya,Wreck,Egypt,,,,,,,,,,,,,,Umm Gamar,Geographic Site,Egypt,,,,,,,,,,,,,,
Fury Shoals - Malahi,Cavern/Cave,Egypt,,,,,,,,,,,,,,Ras Umm Sid,Geographic Site,Egypt,,,,,,,,,,,,,,
Fury Shoals - Sataya,Geographic Site,Egypt,,,,,,,,,,,,,,Shark Observatory,Geographic Site,Egypt,,,,,,,,,,,,,,
Fury Shoals - Sha’ab Claudio,Cavern/Cave,Egypt,,,,,,,,,,,,,,Sanganeb Atoll - Lighthouse,Geographic Site,Sudan,,,,,,,,,,,,,,
Fushivaru Thila,Geographic Site,Maldives,,,,,,,,,,,,,,Ras Korali,Geographic Site,Djibouti,,,,,,,,,,,,,,
Gab Gab,Geographic Site,,,,,,,,,,,,,,,L’ilot,Geographic Site,Seychelles,,,,,,,,,,,,,,
Galle - Conch Wreck,Wreck,Sri Lanka,,,,,,,,,,,,,,Aldabra,Geographic Site,Seychelles,,,,,,,,,,,,,,
Galle - Rangoon Wreck,Wreck,Sri Lanka,,,,,,,,,,,,,,Nosy Tanikely,Geographic Site,Madagascar,,,,,,,,,,,,,,
Gambier Deep,Geographic Site,Bahamas,,,,,,,,,,,,,,Mitsio Archipelago,Geographic Site,Madagascar,,,,,,,,,,,,,,
Garajau Marine Reserve,Geographic Site,Portugal,,,,,,,,,,,,,,Four Brothers Islets,Geographic Site,Madagascar,,,,,,,,,,,,,,
Gato Island Cave,Cavern/Cave,Philippines,,,,,,,,,,,,,,Nosy Be - Tanikely Marine Park,Geographic Site,Madagascar,,,,,,,,,,,,,,
George Town Wreck,Wreck,Bahamas,,,,,,,,,,,,,,Whale Rock,Geographic Site,Mauritius,,,,,,,,,,,,,,
German,Geographic Site,Palau,,,,,,,,,,,,,,Snake,Geographic Site,Mauritius,,,,,,,,,,,,,,
German,Geographic Site,Micronesia,,,,,,,,,,,,,,Cap La Houssaye,Geographic Site,Reunion,,,,,,,,,,,,,,
Giannis D,Wreck,Egypt,,,,,,,,,,,,,,Trois Chapeaux,Geographic Site,Reunion,,,,,,,,,,,,,,
Giants Castle,Geographic Site,Mozambique,,,,,,,,,,,,,,Moheli Marine Park,Geographic Site,Comoros,,,,,,,,,,,,,,
Giftun,Geographic Site,Egypt,,,,,,,,,,,,,,Mitsamiouli,Geographic Site,Comoros,,,,,,,,,,,,,,
Gilboa Quarry,Lake,USA,,,,,,,,,,,,,,Passe en S,Geographic Site,Mayotte,,,,,,,,,,,,,,
Gili Air - Turtle Heaven,Geographic Site,Indonesia,,,,,,,,,,,,,,La Passe de Bandrélé,Geographic Site,Mayotte,,,,,,,,,,,,,,
Gili Trawangan - Shark Point,Geographic Site,Indonesia,,,,,,,,,,,,,,White Sea - Polar Circle Wall,Geographic Site,Russia,,,,,,,,,,,,,,
Ginnie Springs - Devil’s Ear,Cavern/Cave,USA,,,,,,,,,,,,,,Lofoten Island - Saltstraumen Current,Geographic Site,Norway,,,,,,,,,,,,,,
Ginnie Springs - Devil’s Eye,Cavern/Cave,USA,,,,,,,,,,,,,,Elphinstone,Geographic Site,Egypt,,,,,,,,,,,,,,
Ginnie Springs - Devil’s Eye/Devil’s Ear,Cavern/Cave,USA,,,,,,,,,,,,,,Secca di Spargi,Geographic Site,Italy,,,,,,,,,,,,,,
Gladden Spit Whale Shark Zone,Geographic Site,Belize,,,,,,,,,,,,,,Porto Santo Stefano,Geographic Site,Italy,,,,,,,,,,,,,,
Glover’s Reef Atoll - Long Caye Wall,Geographic Site,Belize,,,,,,,,,,,,,,Lantern Point,Geographic Site,Malta,,,,,,,,,,,,,,
Gordon Rocks,Geographic Site,Ecuador,,,,,,,,,,,,,,Blue Hole,Geographic Site,Malta,,,,,,,,,,,,,,
Gorgona Island - El Remanso,Geographic Site,Colombia,,,,,,,,,,,,,,Dollabarat,Geographic Site,Portugal,,,,,,,,,,,,,,
Goulding Cay,Geographic Site,Bahamas,,,,,,,,,,,,,,Los Chuchos,Geographic Site,Spain,,,,,,,,,,,,,,
Gozo Inland Sea,Cavern/Cave,Malta,,,,,,,,,,,,,,Montaña Amarilla,Geographic Site,Spain,,,,,,,,,,,,,,
Grace Bay,Geographic Site,Pinnacles,,,,,,,,,,,,,,St. John’s - Dangerous,Geographic Site,Egypt,,,,,,,,,,,,,,
Grace Bay Reef,Geographic Site,Turks & Caicos,,,,,,,,,,,,,,St. John’s - Gota Soraya,Geographic Site,Egypt,,,,,,,,,,,,,,
Graciosa - Vila da Praia,Geographic Site,Portugal,,,,,,,,,,,,,,St. John’s - Paradise,Geographic Site,Egypt,,,,,,,,,,,,,,
Gran Cenote,Cavern/Cave,Mexico,,,,,,,,,,,,,,Rocky Island - North Plateau,Geographic Site,Egypt,,,,,,,,,,,,,,
Grand Anse d’Arlet,Beach,Martinique,,,,,,,,,,,,,,Zabargad Island - Turtle,Geographic Site,Egypt,,,,,,,,,,,,,,
Grand Case,Geographic Site,Saint Martin,,,,,,,,,,,,,,Lighthouse,Geographic Site,Egypt,,,,,,,,,,,,,,
Grand Central Station,Geographic Site,Namena,,,,,,,,,,,,,,Dolphin House (Sha’ab Samadai),Geographic Site,Egypt,,,,,,,,,,,,,,
Grand Coude,Cavern/Cave,Reunion,,,,,,,,,,,,,,Elphinstone North Plateau,Geographic Site,Egypt,,,,,,,,,,,,,,
Granite Point Wall,Geographic Site,Canada,,,,,,,,,,,,,,Sha’ab Sharm,Geographic Site,Egypt,,,,,,,,,,,,,,
Great Astrolabe Reef - Naiqoro Passage,Geographic Site,Kadavu,,,,,,,,,,,,,,Port Ghalib - Marsa Mubarak,Geographic Site,Egypt,,,,,,,,,,,,,,
Great Astrolabe Reef - Outer Wall,Geographic Site,Kadavu,,,,,,,,,,,,,,Sha’ab El Erg (Dolphin Reef),Geographic Site,Egypt,,,,,,,,,,,,,,
Great Blue Hole,Geographic Site,Belize,,,,,,,,,,,,,,Careless,Geographic Site,Egypt,,,,,,,,,,,,,,
Great Isaac,Geographic Site,Bahamas,,,,,,,,,,,,,,Sha’ab Sabina,Geographic Site,Egypt,,,,,,,,,,,,,,
Great Wall East,Geographic Site,Cayman Islands,,,,,,,,,,,,,,Ras Katy,Geographic Site,Egypt,,,,,,,,,,,,,,
Great Wall West,Geographic Site,Cayman Islands,,,,,,,,,,,,,,Temple,Geographic Site,Egypt,,,,,,,,,,,,,,
Great White Wall,Geographic Site,Fiji,,,,,,,,,,,,,,Wingate,Geographic Site,Sudan,,,,,,,,,,,,,,
Grecian Rocks,Geographic Site,USA,,,,,,,,,,,,,,Sha’ab Rumi,Geographic Site,Sudan,,,,,,,,,,,,,,
Green,Beach,Cyprus,,,,,,,,,,,,,,Moucha,Geographic Site,Djibouti,,,,,,,,,,,,,,
Green Rock,Geographic Site,Thailand,,,,,,,,,,,,,,Socotra - Dihamri Marine Protected Area,Geographic Site,Yemen,,,,,,,,,,,,,,
Grotta del Nereo,Cavern/Cave,Italy,,,,,,,,,,,,,,Socotra - Ras Irisseyl,Geographic Site,Yemen,,,,,,,,,,,,,,
Grotta delle Sirene,Cavern/Cave,Italy,,,,,,,,,,,,,,Socotra - Qalansiyah,Geographic Site,Yemen,,,,,,,,,,,,,,
Grotto,Cavern/Cave,,,,,,,,,,,,,,,Desroches Drop - Off,Geographic Site,Seychelles,,,,,,,,,,,,,,
Grouper Hole,Geographic Site,Bahamas,,,,,,,,,,,,,,Bird Island,Geographic Site,Seychelles,,,,,,,,,,,,,,
Grüner See,Lake,Green Lake,,,,,,,,,,,,,,Marianne,Geographic Site,Seychelles,,,,,,,,,,,,,,
Grüner See,Lake,,,,,,,,,,,,,,,Colorado,Geographic Site,Mauritius,,,,,,,,,,,,,,
Guaraguao,Geographic Site,Dominican Republic,,,,,,,,,,,,,,Round,Geographic Site,Mauritius,,,,,,,,,,,,,,
Guardian Blue Hole,Cavern/Cave,Bahamas,,,,,,,,,,,,,,Coin de Mire,Geographic Site,Mauritius,,,,,,,,,,,,,,
Gulen - Havda,Geographic Site,Norway,,,,,,,,,,,,,,Passe de l’Hermitage,Geographic Site,Reunion,,,,,,,,,,,,,,
Hainan - Dadonghai,Geographic Site,China,,,,,,,,,,,,,,Passe Bandrélé,Geographic Site,Comoros,,,,,,,,,,,,,,
Hainan - Xiaodonghai,Geographic Site,China,,,,,,,,,,,,,,Dhigurah Thila,Geographic Site,Maldives,,,,,,,,,,,,,,
Hairball,Other,Indonesia,,,,,,,,,,,,,,Maamigili Corner,Geographic Site,Maldives,,,,,,,,,,,,,,
Hakatea,Geographic Site,French Polynesia,,,,,,,,,,,,,,Lakshadweep - Bangaram,Geographic Site,India,,,,,,,,,,,,,,
Half Moon Caye Wall,Geographic Site,Belize,,,,,,,,,,,,,,Lakshadweep - Kadmat,Geographic Site,India,,,,,,,,,,,,,,
Hanifaru,Other,Maldives,,,,,,,,,,,,,,Lakshadweep - Kavaratti,Geographic Site,India,,,,,,,,,,,,,,
Haven (MT Haven),Wreck,Italy,,,,,,,,,,,,,,Andaman Island - South Button,Geographic Site,India,,,,,,,,,,,,,,
Helmet Wreck,Wreck,Palau,,,,,,,,,,,,,,Andaman Island - Dixon’s Pinnacle,Geographic Site,India,,,,,,,,,,,,,,
Hen and Chickens,Geographic Site,USA,,,,,,,,,,,,,,Andaman Island - Johnny’s Gorge,Geographic Site,India,,,,,,,,,,,,,,
Hermes Wreck,Wreck,Bermuda,,,,,,,,,,,,,,Andaman Island - The Wall (Havelock),Geographic Site,India,,,,,,,,,,,,,,
Hideaway Island,Geographic Site,Vanuatu,,,,,,,,,,,,,,Nicobar Island - Barren,Geographic Site,India,,,,,,,,,,,,,,
HIJMS Nagato,Wreck,Bikini Atoll,,,,,,,,,,,,,,Papa Whiskey (Taapuna),Geographic Site,French Polynesia,,,,,,,,,,,,,,
HIJMS Nagato Tower,Wreck,Bikini Atoll,,,,,,,,,,,,,,White Valley,Geographic Site,French Polynesia,,,,,,,,,,,,,,
Hilma Hooker,Wreck,Bonaire,,,,,,,,,,,,,,Opunohu Canyon,Geographic Site,French Polynesia,,,,,,,,,,,,,,
Hilsea Point,Geographic Site,,,,,,,,,,,,,,,Shark Observatory,Geographic Site,French Polynesia,,,,,,,,,,,,,,
Hin Daeng,Geographic Site,Thailand,,,,,,,,,,,,,,Tiputa Pass Outer Wall,Geographic Site,Rangiroa,,,,,,,,,,,,,,
Hin Muang,Geographic Site,Thailand,,,,,,,,,,,,,,Avatoru Wall,Geographic Site,Rangiroa,,,,,,,,,,,,,,
HMAS Brisbane,Wreck,Australia,,,,,,,,,,,,,,North Pass Outer,Geographic Site,French Polynesia,,,,,,,,,,,,,,
HMAS Hobart (scuttled),Wreck,Australia,,,,,,,,,,,,,,South Pass Wall,Geographic Site,French Polynesia,,,,,,,,,,,,,,
HMAS Perth,Wreck,Australia,,,,,,,,,,,,,,Shark Wall,Geographic Site,French Polynesia,,,,,,,,,,,,,,
HMAS Swan,Wreck,Australia,,,,,,,,,,,,,,Anaho,Geographic Site,French Polynesia,,,,,,,,,,,,,,
HMCS Cape Breton,Wreck,Canada,,,,,,,,,,,,,,Hakatea,Geographic Site,French Polynesia,,,,,,,,,,,,,,
HMCS Saskatchewan,Wreck,Canada,,,,,,,,,,,,,,Apataki Atoll Wall,Geographic Site,French Polynesia,,,,,,,,,,,,,,
HMCS Yukon,Wreck,USA,,,,,,,,,,,,,,Aratika,Geographic Site,French Polynesia,,,,,,,,,,,,,,
HMNZS Canterbury,Wreck,New Zealand,,,,,,,,,,,,,,Kauehi,Geographic Site,French Polynesia,,,,,,,,,,,,,,
HMS Maori,Wreck,Malta,,,,,,,,,,,,,,Avaavaroa Passage,Geographic Site,Cook Islands,,,,,,,,,,,,,,
HMS Perseus,Wreck,Greece,,,,,,,,,,,,,,Arutanga,Geographic Site,Cook Islands,,,,,,,,,,,,,,
HMS Rhone,Wreck,Bow Section,,,,,,,,,,,,,,Hunga,Geographic Site,Tonga,,,,,,,,,,,,,,
HMS Rhone,Wreck,Stern Section,,,,,,,,,,,,,,Niue,Geographic Site,Snake Gully,,,,,,,,,,,,,,
HMS Scylla,Wreck,,,,,,,,,,,,,,,Palolo Deep,Geographic Site,Samoa,,,,,,,,,,,,,,
HMS Scylla Reef,Geographic Site,area,,,,,,,,,,,,,,Apolima Gardens,Geographic Site,Samoa,,,,,,,,,,,,,,
Hobihu,Geographic Site,Taiwan,,,,,,,,,,,,,,Marine Reserve - North Save - a - Tack,Geographic Site,Namena,,,,,,,,,,,,,,
Hogsty,Geographic Site,Bahamas,,,,,,,,,,,,,,Wakaya Passage,Geographic Site,Fiji,,,,,,,,,,,,,,
Hoi Ha Wan Marine Park,Other,Hong Kong,,,,,,,,,,,,,,Nigali Passage Outer Wall,Geographic Site,Fiji,,,,,,,,,,,,,,
Hol Chan Cut,Geographic Site,Belize,,,,,,,,,,,,,,Great Astrolabe Reef - Outer Wall,Geographic Site,Kadavu,,,,,,,,,,,,,,
Hole in the Wall,Geographic Site,Bahamas,,,,,,,,,,,,,,Shark Reef Marine Reserve - Cathedral,Geographic Site,Fiji,,,,,,,,,,,,,,
Homestead Crater,Cavern/Cave,USA,,,,,,,,,,,,,,Christmas Island - London,Geographic Site,Kiritimati,,,,,,,,,,,,,,
Honiara - Bonegi I (Kyusyu Maru),Wreck,Solomon Islands,,,,,,,,,,,,,,Johnston Atoll - Shark Ridge,Geographic Site,USA,,,,,,,,,,,,,,
Honiara - Bonegi II (Hirokawa Maru),Wreck,Solomon Islands,,,,,,,,,,,,,,Palmyra Atoll - Kingman,Geographic Site,USA,,,,,,,,,,,,,,
Horseshoe Reef,Geographic Site,USA,,,,,,,,,,,,,,Howland Island - Reef Wall,Geographic Site,USA,,,,,,,,,,,,,,
Howland Island - Reef Wall,Geographic Site,USA,,,,,,,,,,,,,,Wake Island - Peacock Point,Geographic Site,USA,,,,,,,,,,,,,,
HP Reef (Girifushi Thila),Geographic Site,Maldives,,,,,,,,,,,,,,Midway Atoll - Frigate Point,Geographic Site,USA,,,,,,,,,,,,,,
HTMS Chang,Wreck,Thailand,,,,,,,,,,,,,,Molokai,Geographic Site,Fish Rain,,,,,,,,,,,,,,
HTMS Kled Kaew,Wreck,Thailand,,,,,,,,,,,,,,Lanai,Geographic Site,Shark Fin,,,,,,,,,,,,,,
Hudson Grotto,Cavern/Cave,USA,,,,,,,,,,,,,,Kona,Geographic Site,Black Coral Forest,,,,,,,,,,,,,,
Hunga,Geographic Site,Tonga,,,,,,,,,,,,,,Oahu - Nautilus,Geographic Site,USA,,,,,,,,,,,,,,
Hvar Caves,Cavern/Cave,Croatia,,,,,,,,,,,,,,Oahu,Geographic Site,Fantasy,,,,,,,,,,,,,,
Ile Sainte Marie - Coco,Geographic Site,Madagascar,,,,,,,,,,,,,,Poor Knights - Northern Arch,Geographic Site,New Zealand,,,,,,,,,,,,,,
Ile Sainte Marie - Ile aux Nattes,Geographic Site,Madagascar,,,,,,,,,,,,,,Poor Knights - Middle Arch,Geographic Site,New Zealand,,,,,,,,,,,,,,
Ile Sainte Marie - Lagoon,Geographic Site,Madagascar,,,,,,,,,,,,,,Poor Knights - Nursery Cove,Geographic Site,New Zealand,,,,,,,,,,,,,,
Ilha Bela - Ilhote das Cabras,Geographic Site,Brazil,,,,,,,,,,,,,,White Island (Whakaari) - Crater,Geographic Site,New Zealand,,,,,,,,,,,,,,
Ilha Bela - Naufragio Velasquez,Wreck,Brazil,,,,,,,,,,,,,,White Island - Volkner Rocks Pinnacle,Geographic Site,New Zealand,,,,,,,,,,,,,,
Imperieuse,Geographic Site,Australia,,,,,,,,,,,,,,Kaikoura - Whale Rock,Geographic Site,New Zealand,,,,,,,,,,,,,,
Inchcape 1 Wreck,Wreck,,,,,,,,,,,,,,,Milford Sound - Penguin Cove,Geographic Site,New Zealand,,,,,,,,,,,,,,
Inishbofin - The Thresher,Geographic Site,Ireland,,,,,,,,,,,,,,Milford Sound - Harrison Cove,Geographic Site,New Zealand,,,,,,,,,,,,,,
Inland Sea & Tunnel,Cavern/Cave,Malta,,,,,,,,,,,,,,Julian Rocks Marine Reserve,Geographic Site,Australia,,,,,,,,,,,,,,
Irako Maru,Wreck,Philippines,,,,,,,,,,,,,,Ningaloo Reef - Oyster Stacks,Geographic Site,Australia,,,,,,,,,,,,,,
Iro Maru,Wreck,Palau,,,,,,,,,,,,,,Ningaloo Reef - Muiron,Geographic Site,Australia,,,,,,,,,,,,,,
Iron Bottom Sound - Kinugawa Maru,Wreck,Solomon Islands,,,,,,,,,,,,,,Coral Bay - Outer,Geographic Site,Australia,,,,,,,,,,,,,,
Iron Bottom Sound - Tassafaronga Wrecks,Wreck,Solomon Islands,,,,,,,,,,,,,,Clerke,Geographic Site,Australia,,,,,,,,,,,,,,
Isla Catalina - La Pared,Geographic Site,Costa Rica,,,,,,,,,,,,,,Mermaid,Geographic Site,Australia,,,,,,,,,,,,,,
Isla Coiba - Bajo Piñon,Geographic Site,Panama,,,,,,,,,,,,,,Imperieuse,Geographic Site,Australia,,,,,,,,,,,,,,
Isla de la Plata - El Acuario,Geographic Site,Ecuador,,,,,,,,,,,,,,North,Geographic Site,Australia,,,,,,,,,,,,,,
Isla de Margarita - El Farallon,Geographic Site,Venezuela,,,,,,,,,,,,,,Ashmore,Geographic Site,Australia,,,,,,,,,,,,,,
Isla de Mona - The Wall,Geographic Site,Puerto Rico,,,,,,,,,,,,,,Cocos Keeling Island - Direction Island Drift,Geographic Site,Australia,,,,,,,,,,,,,,
Isla del Caño - Bajo del Diablo,Geographic Site,Costa Rica,,,,,,,,,,,,,,Lord Howe Island - Ball’s Pyramid,Geographic Site,Australia,,,,,,,,,,,,,,
Isla del Caño - El Barco Hundido,Wreck,Costa Rica,,,,,,,,,,,,,,Solitary Island Marine Reserve,Geographic Site,Australia,,,,,,,,,,,,,,
Isla Gorgona - El Remanso,Geographic Site,Colombia,,,,,,,,,,,,,,Montague,Geographic Site,Australia,,,,,,,,,,,,,,
Isla Gorgona - Montañita,Geographic Site,Colombia,,,,,,,,,,,,,,Cook Island Marine Reserve,Geographic Site,Australia,,,,,,,,,,,,,,
Isla Iguana,Geographic Site,Panama,,,,,,,,,,,,,,Sydney - Magic Point,Geographic Site,Australia,,,,,,,,,,,,,,
Isla Iguana - Coral Gardens,Geographic Site,Panama,,,,,,,,,,,,,,Shark Ledge,Geographic Site,USA,,,,,,,,,,,,,,
Isla Tortuga - El Aquario,Geographic Site,Costa Rica,,,,,,,,,,,,,,Breakers,Geographic Site,USA,,,,,,,,,,,,,,
Isla Uvita Wreck,Wreck,Costa Rica,,,,,,,,,,,,,,Mushroom Forest,Geographic Site,Curaçao,,,,,,,,,,,,,,
Island - Jim’s Alley,Geographic Site,Gau,,,,,,,,,,,,,,Double,Geographic Site,Curaçao,,,,,,,,,,,,,,
Islas Contreras - Coiba Ridge,Geographic Site,Panama,,,,,,,,,,,,,,Blue Bay Wall,Geographic Site,Curaçao,,,,,,,,,,,,,,
Islas Perlas - Las Perlas,Geographic Site,Panama,,,,,,,,,,,,,,Rum Runner’s,Geographic Site,Grenada,,,,,,,,,,,,,,
Islas Perlas - Wreck Express,Wreck,Panama,,,,,,,,,,,,,,Shark,Geographic Site,Grenada,,,,,,,,,,,,,,
Islas Revillagigedo - Cabo Pearce,Geographic Site,Mexico,,,,,,,,,,,,,,Dottins,Geographic Site,Barbados,,,,,,,,,,,,,,
Islas Revillagigedo - Punta Tosca,Geographic Site,Mexico,,,,,,,,,,,,,,Boot,Geographic Site,Barbados,,,,,,,,,,,,,,
Islas Secas - The Point,Geographic Site,Panama,,,,,,,,,,,,,,Scott’s Head Pinnacle,Geographic Site,Dominica,,,,,,,,,,,,,,
Isle Royale - SS America,Wreck,USA,,,,,,,,,,,,,,Rodney’s Rock,Geographic Site,Dominica,,,,,,,,,,,,,,
Isle Royale - SS Congdon,Wreck,USA,,,,,,,,,,,,,,Pigeon Island (Réserve Cousteau),Geographic Site,Guadeloupe,,,,,,,,,,,,,,
Isle Royale - SS Emperor,Wreck,USA,,,,,,,,,,,,,,Sec Pâté,Geographic Site,Guadeloupe,,,,,,,,,,,,,,
Izu Oceanic Park (IOP),Beach,Japan,,,,,,,,,,,,,,Diamond Rock,Geographic Site,Martinique,,,,,,,,,,,,,,
Izu Peninsula - Mikomoto,Geographic Site,Japan,,,,,,,,,,,,,,Pointe Burgos,Geographic Site,Martinique,,,,,,,,,,,,,,
Izu Peninsula - Osezaki,Beach,Japan,,,,,,,,,,,,,,Monkey Shoals,Geographic Site,St. Kitts,,,,,,,,,,,,,,
Jackson’s Bight,Geographic Site,Cayman Islands,,,,,,,,,,,,,,Coconut Tree,Geographic Site,St. Kitts,,,,,,,,,,,,,,
James Bond Wrecks,Wreck,Bahamas,,,,,,,,,,,,,,Booby High Shoals,Geographic Site,St. Kitts,,,,,,,,,,,,,,
James Bond Wrecks (Tears of Allah),Wreck,Bahamas,,,,,,,,,,,,,,Nag’s Head,Geographic Site,St. Kitts,,,,,,,,,,,,,,
Janao,Geographic Site,Philippines,,,,,,,,,,,,,,Montserrat,Geographic Site,Little Redonda,,,,,,,,,,,,,,
Jane Sea Wreck,Wreck,Aruba,,,,,,,,,,,,,,Montserrat,Geographic Site,The Pinnacle,,,,,,,,,,,,,,
Japanese Garden,Geographic Site,St. Vincent,,,,,,,,,,,,,,Anchor,Geographic Site,St. Vincent,,,,,,,,,,,,,,
Japanese Gardens,Geographic Site,Saint Lucia,,,,,,,,,,,,,,Layou Wall,Geographic Site,St. Vincent,,,,,,,,,,,,,,
Jeddah - Ann Ann Wreck,Wreck,Saudi Arabia,,,,,,,,,,,,,,New Guinea,Geographic Site,St. Vincent,,,,,,,,,,,,,,
Jeddah - Cable Wreck,Wreck,Saudi Arabia,,,,,,,,,,,,,,Devil’s Table,Geographic Site,St. Vincent,,,,,,,,,,,,,,
Jeddah - Chicken Wreck,Wreck,Saudi Arabia,,,,,,,,,,,,,,Moonhole Point,Geographic Site,St. Vincent,,,,,,,,,,,,,,
Jeju Island - Beomseom,Geographic Site,South Korea,,,,,,,,,,,,,,The Wall,Geographic Site,St. Vincent,,,,,,,,,,,,,,
Jeju Island - Dragon Head Rock,Geographic Site,South Korea,,,,,,,,,,,,,,Coral Garden,Geographic Site,St. Vincent,,,,,,,,,,,,,,
Jeju Island - Munseom,Geographic Site,South Korea,,,,,,,,,,,,,,Japanese Garden,Geographic Site,St. Vincent,,,,,,,,,,,,,,
Jeju Island - Seopseom,Geographic Site,South Korea,,,,,,,,,,,,,,Mayreau Gardens,Geographic Site,St. Vincent,,,,,,,,,,,,,,
Jemeluk,Beach,Indonesia,,,,,,,,,,,,,,Cays,Geographic Site,Trinidad,,,,,,,,,,,,,,
Joe’s Tug,Wreck,USA,,,,,,,,,,,,,,Chatham,Geographic Site,St. Vincent,,,,,,,,,,,,,,
John B. King,Wreck,USA,,,,,,,,,,,,,,Fingers,Geographic Site,Aruba,,,,,,,,,,,,,,
Johnston Atoll - Shark Ridge,Geographic Site,USA,,,,,,,,,,,,,,Arashi,Geographic Site,Aruba,,,,,,,,,,,,,,
Julian Rocks (Nguthungulli),Geographic Site,Australia,,,,,,,,,,,,,,Mas Bango,Geographic Site,Aruba,,,,,,,,,,,,,,
Julian Rocks Marine Reserve,Geographic Site,Australia,,,,,,,,,,,,,,Barcadera,Geographic Site,Aruba,,,,,,,,,,,,,,
Juturna Springs,Lake,USA,,,,,,,,,,,,,,Sonesta,Geographic Site,Aruba,,,,,,,,,,,,,,
Kagoshima - Sakurajima Lava Formations,Geographic Site,Japan,,,,,,,,,,,,,,Superman’s Flight,Geographic Site,St. Lucia,,,,,,,,,,,,,,
Kaikoura - Whale Rock,Geographic Site,New Zealand,,,,,,,,,,,,,,Coral Gardens,Geographic Site,St. Lucia,,,,,,,,,,,,,,
Kaikoura Canyon,Geographic Site,New Zealand,,,,,,,,,,,,,,Fairyland,Geographic Site,St. Lucia,,,,,,,,,,,,,,
Kakaban Jellyfish Lake,Other,Indonesia,,,,,,,,,,,,,,Keyhole Pinnacles,Geographic Site,St. Lucia,,,,,,,,,,,,,,
Kakeroma Island Reef,Geographic Site,Japan,,,,,,,,,,,,,,Rosemond’s Trench,Geographic Site,St. Lucia,,,,,,,,,,,,,,
Kal’s Dream,Geographic Site,Indonesia,,,,,,,,,,,,,,Pinnacles,Geographic Site,St. Lucia,,,,,,,,,,,,,,
Kaleidoscope,Geographic Site,Indonesia,,,,,,,,,,,,,,Turtle,Geographic Site,St. Lucia,,,,,,,,,,,,,,
Kandooma Thila,Geographic Site,Maldives,,,,,,,,,,,,,,Mixing Bowl,Geographic Site,Cayman Islands,,,,,,,,,,,,,,
Kapalai House,Other,Malaysia,,,,,,,,,,,,,,Lea Lea’s Lookout,Geographic Site,Cayman Islands,,,,,,,,,,,,,,
Karang Makassar (Manta Alley),Geographic Site,Indonesia,,,,,,,,,,,,,,Eagle Ray Roundup,Geographic Site,Cayman Islands,,,,,,,,,,,,,,
Karpata,Beach,Bonaire,,,,,,,,,,,,,,Randy’s Gazebo,Geographic Site,Cayman Islands,,,,,,,,,,,,,,
Kauehi,Geographic Site,French Polynesia,,,,,,,,,,,,,,Great Wall East,Geographic Site,Cayman Islands,,,,,,,,,,,,,,
Kavieng Harbor,Other,New Ireland,,,,,,,,,,,,,,Great Wall West,Geographic Site,Cayman Islands,,,,,,,,,,,,,,
Kelleston Drain,Geographic Site,Brain Coral,,,,,,,,,,,,,,Tarpon Alley,Geographic Site,Cayman Islands,,,,,,,,,,,,,,
Kerama Island - Tokashiki Reef,Geographic Site,Japan,,,,,,,,,,,,,,Orange Canyon,Geographic Site,Cayman Islands,,,,,,,,,,,,,,
Kerama Island Reef,Geographic Site,Japan,,,,,,,,,,,,,,Trinity Caves,Geographic Site,Cayman Islands,,,,,,,,,,,,,,
Keyhole Pinnacles,Geographic Site,Saint Lucia,,,,,,,,,,,,,,West Caicos Wall,Geographic Site,Turks & Caicos,,,,,,,,,,,,,,
Keyhole Pinnacles,Geographic Site,St. Lucia,,,,,,,,,,,,,,Cay Wall,Geographic Site,France,,,,,,,,,,,,,,
Keystone Jetty,Other,USA,,,,,,,,,,,,,,Northwest Point Wall,Geographic Site,Turks & Caicos,,,,,,,,,,,,,,
Kicker Rock (León Dormido),Geographic Site,Ecuador,,,,,,,,,,,,,,Grace Bay Reef,Geographic Site,Turks & Caicos,,,,,,,,,,,,,,
Kilkee Reef,Geographic Site,Ireland,,,,,,,,,,,,,,Molasses,Geographic Site,Turks & Caicos,,,,,,,,,,,,,,
Kilsby Sinkhole,Cavern/Cave,Australia,,,,,,,,,,,,,,Black Coral Garden,Geographic Site,Turks & Caicos,,,,,,,,,,,,,,
Kimon M,Wreck,Egypt,,,,,,,,,,,,,,Coral Stairway,Geographic Site,Turks & Caicos,,,,,,,,,,,,,,
King Cruiser Wreck,Wreck,Thailand,,,,,,,,,,,,,,Blue Hole National Park,Geographic Site,Bahamas,,,,,,,,,,,,,,
King Spring,Cavern/Cave,USA,,,,,,,,,,,,,,Conception Island Wall,Geographic Site,Bahamas,,,,,,,,,,,,,,
Kittiwake,Wreck,Cayman Islands,,,,,,,,,,,,,,Hogsty,Geographic Site,Bahamas,,,,,,,,,,,,,,
Koh Bida Nok,Geographic Site,Thailand,,,,,,,,,,,,,,Exuma Cays - Washing Machine,Geographic Site,Bahamas,,,,,,,,,,,,,,
Koh Haa - Cathedral,Cavern/Cave,Thailand,,,,,,,,,,,,,,Exuma Cays - Jeep,Geographic Site,Bahamas,,,,,,,,,,,,,,
Kona,Cavern/Cave,Au Au Crater,,,,,,,,,,,,,,Exuma Cays - Dog Rocks Wall,Geographic Site,Bahamas,,,,,,,,,,,,,,
Kona,Geographic Site,Black Coral Forest,,,,,,,,,,,,,,Exuma Cays - Angelfish Blue Hole,Geographic Site,Bahamas,,,,,,,,,,,,,,
Kreidesee Hemmoor,Lake,,,,,,,,,,,,,,,Exuma Cays - Cathedral,Geographic Site,Bahamas,,,,,,,,,,,,,,
Kristiansand - Seattle Wreck,Wreck,Norway,,,,,,,,,,,,,,Telephone Pole,Geographic Site,Bahamas,,,,,,,,,,,,,,
Kristiansund - Frankenwald,Wreck,Norway,,,,,,,,,,,,,,Grouper Hole,Geographic Site,Bahamas,,,,,,,,,,,,,,
Kristiansund - Wreck Frankenwald Area,Wreck,Norway,,,,,,,,,,,,,,Gambier Deep,Geographic Site,Bahamas,,,,,,,,,,,,,,
Kudarah Thila,Geographic Site,Maldives,,,,,,,,,,,,,,Goulding Cay,Geographic Site,Bahamas,,,,,,,,,,,,,,
Kuredu Caves,Cavern/Cave,Maldives,,,,,,,,,,,,,,Rainbow,Geographic Site,Bahamas,,,,,,,,,,,,,,
Kuredu Caves (Turtle Caves),Cavern/Cave,Maldives,,,,,,,,,,,,,,Lighthouse,Geographic Site,Bahamas,,,,,,,,,,,,,,
Kuredu Express,Geographic Site,Maldives,,,,,,,,,,,,,,Silver Cable,Geographic Site,Bahamas,,,,,,,,,,,,,,
L’ilot,Geographic Site,Seychelles,,,,,,,,,,,,,,Victory,Geographic Site,Bahamas,,,,,,,,,,,,,,
L’îlot,Geographic Site,Seychelles,,,,,,,,,,,,,,Tuna Alley,Geographic Site,Bahamas,,,,,,,,,,,,,,
La Caleta Underwater National Park,Geographic Site,Dominican Republic,,,,,,,,,,,,,,Nodules,Geographic Site,Bahamas,,,,,,,,,,,,,,
La Catedral,Cavern/Cave,Spain,,,,,,,,,,,,,,Columbus Point,Geographic Site,Bahamas,,,,,,,,,,,,,,
La Francesa,Geographic Site,Mexico,,,,,,,,,,,,,,Shark Junction,Geographic Site,Bahamas,,,,,,,,,,,,,,
La Jolla Cove,Beach,USA,,,,,,,,,,,,,,Littlehale’s Lair,Geographic Site,Bahamas,,,,,,,,,,,,,,
La Jolla Shores,Beach,USA,,,,,,,,,,,,,,Lighthouse Reef Atoll - Half Moon Caye Wall,Geographic Site,Belize,,,,,,,,,,,,,,
La Llosa,Geographic Site,Spain,,,,,,,,,,,,,,Lighthouse Reef Atoll - Long Caye Aquarium,Geographic Site,Belize,,,,,,,,,,,,,,
La Parguera Wall,Geographic Site,Puerto Rico,,,,,,,,,,,,,,Lighthouse Reef Atoll - Cathedral,Geographic Site,Belize,,,,,,,,,,,,,,
La Passe de Bandrélé,Geographic Site,Mayotte,,,,,,,,,,,,,,Lighthouse Reef Atoll - Quebrada,Geographic Site,Belize,,,,,,,,,,,,,,
La Restinga - El Bajón,Geographic Site,Spain,,,,,,,,,,,,,,Turneffe Atoll - The Elbow,Geographic Site,Belize,,,,,,,,,,,,,,
La Restinga Marine Reserve,Geographic Site,Spain,,,,,,,,,,,,,,Turneffe Atoll - Black Coral Wall,Geographic Site,Belize,,,,,,,,,,,,,,
La Sirena,Geographic Site,Dominican Republic,,,,,,,,,,,,,,Turneffe Atoll - Grand Bogue,Geographic Site,Belize,,,,,,,,,,,,,,
La Tortuga - Boca del Inferno,Cavern/Cave,Venezuela,,,,,,,,,,,,,,Glover’s Reef Atoll - Long Caye Wall,Geographic Site,Belize,,,,,,,,,,,,,,
Lac du Bourget - Les Moines,Lake,France,,,,,,,,,,,,,,Tuffy Canyon,Geographic Site,Belize,,,,,,,,,,,,,,
Lagoon - Betty Bomber,Wreck,Chuuk,,,,,,,,,,,,,,Laughing Bird,Geographic Site,Belize,,,,,,,,,,,,,,
Lagoon - Caesar’s Rock,Geographic Site,Beqa,,,,,,,,,,,,,,Silk Caye,Geographic Site,Belize,,,,,,,,,,,,,,
Lagoon - Fujikawa Maru,Wreck,Chuuk,,,,,,,,,,,,,,Gladden Spit Whale Shark Zone,Geographic Site,Belize,,,,,,,,,,,,,,
Lagoon - Heian Maru,Wreck,Chuuk,,,,,,,,,,,,,,Roatán - Mary’s Place,Geographic Site,Honduras,,,,,,,,,,,,,,
Lagoon - Kensho Maru,Wreck,Chuuk,,,,,,,,,,,,,,Roatán - Spooky,Geographic Site,Honduras,,,,,,,,,,,,,,
Lagoon - Nippo Maru,Wreck,Chuuk,,,,,,,,,,,,,,Corn Island - Blowing Rock,Geographic Site,Nicaragua,,,,,,,,,,,,,,
Lagoon - San Francisco Maru,Wreck,Chuuk,,,,,,,,,,,,,,Corn Island - Tarpon,Geographic Site,Nicaragua,,,,,,,,,,,,,,
Lagoon - Shark Reef Marine Reserve,Geographic Site,Beqa,,,,,,,,,,,,,,Cocos Island - Manuelita,Geographic Site,Costa Rica,,,,,,,,,,,,,,
Lagoon - Shinkoku Maru,Wreck,Chuuk,,,,,,,,,,,,,,Cocos Island - Punta Maria,Geographic Site,Costa Rica,,,,,,,,,,,,,,
Lagoon - Yamagiri Maru,Wreck,Chuuk,,,,,,,,,,,,,,San Andrés - La Piscinita,Geographic Site,Colombia,,,,,,,,,,,,,,
Laha 1,Other,Indonesia,,,,,,,,,,,,,,San Andrés - El Faro,Geographic Site,Colombia,,,,,,,,,,,,,,
Laje de Santos Marine Park,Geographic Site,Brazil,,,,,,,,,,,,,,Providencia - McBean,Geographic Site,Colombia,,,,,,,,,,,,,,
Lake Baikal - Listvyanka,Lake,Russia,,,,,,,,,,,,,,Providencia - Felipe’s Place,Geographic Site,Colombia,,,,,,,,,,,,,,
Lake Baikal - Olkhon,Lake,Russia,,,,,,,,,,,,,,Isla Gorgona - El Remanso,Geographic Site,Colombia,,,,,,,,,,,,,,
Lake Baikal - Under - Ice Diving,Lake,Russia,,,,,,,,,,,,,,Isla Gorgona - Montañita,Geographic Site,Colombia,,,,,,,,,,,,,,
Lake Constance,Lake,Überlingen Wall,,,,,,,,,,,,,,Malpelo - El Freezer,Geographic Site,Colombia,,,,,,,,,,,,,,
Lake Erie - SS Adventure,Wreck,USA,,,,,,,,,,,,,,Los Roques - Cayo de Agua,Geographic Site,Venezuela,,,,,,,,,,,,,,
Lake Erie - SS Atlantic,Wreck,USA,,,,,,,,,,,,,,Los Roques - Boca de Cote,Geographic Site,Venezuela,,,,,,,,,,,,,,
Lake Erie - SS Dean Richmond,Wreck,USA,,,,,,,,,,,,,,Los Roques - Sebastopol,Geographic Site,Venezuela,,,,,,,,,,,,,,
Lake Erie - SS Dundee,Wreck,USA,,,,,,,,,,,,,,Mochima National Park - Las Maritas,Geographic Site,Venezuela,,,,,,,,,,,,,,
Lake Erie - SS Niagara,Wreck,USA,,,,,,,,,,,,,,Isla de Margarita - El Farallon,Geographic Site,Venezuela,,,,,,,,,,,,,,
Lake Erie - SS W.H. Gilcher,Wreck,USA,,,,,,,,,,,,,,Abrolhos Archipelago - Chapeirão,Geographic Site,Brazil,,,,,,,,,,,,,,
Lake Huron - SS D.M. Wilson,Wreck,USA,,,,,,,,,,,,,,Abrolhos Archipelago - Parcel dos Abrolhos,Geographic Site,Brazil,,,,,,,,,,,,,,
Lake Huron - SS Daniel J. Morrell,Wreck,USA,,,,,,,,,,,,,,Arraial do Cabo - Ilha dos Porcos,Geographic Site,Brazil,,,,,,,,,,,,,,
Lake Huron - SS Grecian,Wreck,USA,,,,,,,,,,,,,,Angra dos Reis - Ilha Grande - Jorge Grego,Geographic Site,Brazil,,,,,,,,,,,,,,
Lake Huron - SS John B. Lyons,Wreck,USA,,,,,,,,,,,,,,Santos - Laje de Santos,Geographic Site,Brazil,,,,,,,,,,,,,,
Lake Huron - SS Regina,Wreck,USA,,,,,,,,,,,,,,Ilha Bela - Ilhote das Cabras,Geographic Site,Brazil,,,,,,,,,,,,,,
Lake Kivu,Lake,Rubavu,,,,,,,,,,,,,,Salvador - Banco da Panela,Geographic Site,Brazil,,,,,,,,,,,,,,
Lake Kivu,Lake,Idjwi,,,,,,,,,,,,,,Salvador - Banco da Gaioba,Geographic Site,Brazil,,,,,,,,,,,,,,
Lake Malawi,Lake,Cape Maclear,,,,,,,,,,,,,,Sal - Santa Maria,Geographic Site,Cape Verde,,,,,,,,,,,,,,
Lake Malawi,Lake,Likoma,,,,,,,,,,,,,,Boa Vista - Curral Velho,Geographic Site,Cape Verde,,,,,,,,,,,,,,
Lake Malawi - Chizumulu,Lake,Japan,,,,,,,,,,,,,,São Vicente - São Pedro,Geographic Site,Cape Verde,,,,,,,,,,,,,,
Lake Michigan - SS Carl D. Bradley,Wreck,USA,,,,,,,,,,,,,,Santo Antão - Tarrafal Pinnacle,Geographic Site,Cape Verde,,,,,,,,,,,,,,
Lake Michigan - SS Cedarville,Wreck,USA,,,,,,,,,,,,,,Senegal - Dakar,Geographic Site,Madeleine,,,,,,,,,,,,,,
Lake Michigan - SS Eber Ward,Wreck,USA,,,,,,,,,,,,,,Senegal - Dakar,Geographic Site,Les Almadies,,,,,,,,,,,,,,
Lake Michigan - SS Milwaukee Car Ferry,Wreck,USA,,,,,,,,,,,,,,Senegal - Dakar,Geographic Site,Ngor,,,,,,,,,,,,,,
Lake Michigan - SS Rouse Simmons (Christmas Tree Ship),Wreck,USA,,,,,,,,,,,,,,La Restinga Marine Reserve,Geographic Site,Spain,,,,,,,,,,,,,,
Lake Michigan - SS Sandusky,Wreck,USA,,,,,,,,,,,,,,El Bajón,Geographic Site,Spain,,,,,,,,,,,,,,
Lake Michigan - SS Vernon,Wreck,USA,,,,,,,,,,,,,,Playa Blanca Reef,Geographic Site,Spain,,,,,,,,,,,,,,
Lake Michigan - SS Wisconsin,Wreck,USA,,,,,,,,,,,,,,Reis Magos,Geographic Site,Portugal,,,,,,,,,,,,,,
Lake Ohrid,Lake,,,,,,,,,,,,,,,Desertas,Geographic Site,Portugal,,,,,,,,,,,,,,
Lake Ontario - George A. Marsh,Wreck,USA,,,,,,,,,,,,,,Dollabarat Seamount,Geographic Site,Portugal,,,,,,,,,,,,,,
Lake Ontario - Hamilton & Scourge,Wreck,USA,,,,,,,,,,,,,,Graciosa - Vila da Praia,Geographic Site,Portugal,,,,,,,,,,,,,,
Lake Ontario - HMS Speedy,Wreck,USA,,,,,,,,,,,,,,Faial - Capelinhos,Geographic Site,Portugal,,,,,,,,,,,,,,
Lake Ontario - Katie Eccles,Wreck,USA,,,,,,,,,,,,,,Terceira - Fradinhos,Geographic Site,Portugal,,,,,,,,,,,,,,
Lake Ontario - The City of Sheboygan,Wreck,USA,,,,,,,,,,,,,,São Miguel - Vila Franca Islet,Geographic Site,Portugal,,,,,,,,,,,,,,
Lake Phoenix (Rawlings),Lake,USA,,,,,,,,,,,,,,São Jorge - Topo,Geographic Site,Portugal,,,,,,,,,,,,,,
Lake Rawlings (Lake Phoenix),Lake,USA,,,,,,,,,,,,,,Farne Island - Longstone,Geographic Site,UK,,,,,,,,,,,,,,
Lake Superior - Algoma Wreck,Wreck,USA,,,,,,,,,,,,,,Farne Island - Blue Caps,Geographic Site,UK,,,,,,,,,,,,,,
Lake Superior - Hesper Wreck,Wreck,USA,,,,,,,,,,,,,,Lundy Island - Knoll Pins,Geographic Site,UK,,,,,,,,,,,,,,
Lake Superior - Madeira,Wreck,USA,,,,,,,,,,,,,,Lundy Island - Gull Rock,Geographic Site,UK,,,,,,,,,,,,,,
Lake Superior - Madeira Wreck,Wreck,USA,,,,,,,,,,,,,,Fastnet Rock,Geographic Site,Ireland,,,,,,,,,,,,,,
Lake Superior - Monarch Wreck,Wreck,USA,,,,,,,,,,,,,,Skellig Michael,Geographic Site,Ireland,,,,,,,,,,,,,,
Lake Superior - Samuel P. Ely Wreck,Wreck,USA,,,,,,,,,,,,,,Dingle Bay - The Pinnacles,Geographic Site,Ireland,,,,,,,,,,,,,,
Lake Superior - SS America,Wreck,USA,,,,,,,,,,,,,,Kilkee Reef,Geographic Site,Ireland,,,,,,,,,,,,,,
Lake Superior - SS Chester A. Congdon,Wreck,USA,,,,,,,,,,,,,,Inishbofin - The Thresher,Geographic Site,Ireland,,,,,,,,,,,,,,
Lake Superior - SS Emperor,Wreck,USA,,,,,,,,,,,,,,Donegal Bay - St. Catherine’s,Geographic Site,Ireland,,,,,,,,,,,,,,
Lake Superior - SS Kamloops,Wreck,USA,,,,,,,,,,,,,,Lofoten - Saltstraumen Current,Geographic Site,Norway,,,,,,,,,,,,,,
Lake Tahoe - Rubicon Wall,Lake,USA,,,,,,,,,,,,,,Bodø - Skerjøy Pinnacle,Geographic Site,Norway,,,,,,,,,,,,,,
Lake Tanganyika,Lake,Kalemie,,,,,,,,,,,,,,Gulen - Havda,Geographic Site,Norway,,,,,,,,,,,,,,
Lake Tanganyika - Kipili,Lake,Tanzania,,,,,,,,,,,,,,Lysekil - Cathedral Wall,Geographic Site,Sweden,,,,,,,,,,,,,,
Lake Victoria - Jinja Source,Lake,Australia,,,,,,,,,,,,,,Väderöarna - Pinnacle,Geographic Site,Sweden,,,,,,,,,,,,,,
Lake Victoria - Ssese,Lake,Australia,,,,,,,,,,,,,,Stockholm Archipelago - Ljusterö Wall,Geographic Site,Sweden,,,,,,,,,,,,,,
Lakshadweep - Bangaram,Geographic Site,India,,,,,,,,,,,,,,Kerama Island Reef,Geographic Site,Japan,,,,,,,,,,,,,,
Lakshadweep - Kadmat,Geographic Site,India,,,,,,,,,,,,,,Twin Arches,Geographic Site,Japan,,,,,,,,,,,,,,
Lakshadweep - Kavaratti,Geographic Site,India,,,,,,,,,,,,,,Pyramid,Geographic Site,Japan,,,,,,,,,,,,,,
Lanai - Cathedral I,Cavern/Cave,USA,,,,,,,,,,,,,,Kakeroma Island Reef,Geographic Site,Japan,,,,,,,,,,,,,,
Lanai - Cathedral II,Cavern/Cave,USA,,,,,,,,,,,,,,Kagoshima - Sakurajima Lava Formations,Geographic Site,Japan,,,,,,,,,,,,,,
Lanai,Geographic Site,USA,,,,,,,,,,,,,,Shikoku - Kashiwa - jima Reef,Geographic Site,Japan,,,,,,,,,,,,,,
Lankan Manta Point,Geographic Site,Maldives,,,,,,,,,,,,,,Izu Peninsula - Mikomoto,Geographic Site,Japan,,,,,,,,,,,,,,
Lantern Point,Geographic Site,Malta,,,,,,,,,,,,,,Jeju Island - Munseom,Geographic Site,South Korea,,,,,,,,,,,,,,
Las Eras,Geographic Site,Spain,,,,,,,,,,,,,,Jeju Island - Seopseom,Geographic Site,South Korea,,,,,,,,,,,,,,
Laughing Bird,Geographic Site,Belize,,,,,,,,,,,,,,Jeju Island - Beomseom,Geographic Site,South Korea,,,,,,,,,,,,,,
Layang Layang Wall,Geographic Site,Malaysia,,,,,,,,,,,,,,Jeju Island - Dragon Head Rock,Geographic Site,South Korea,,,,,,,,,,,,,,
Layou Wall,Geographic Site,St. Vincent,,,,,,,,,,,,,,Dabaisha,Geographic Site,Taiwan,,,,,,,,,,,,,,
Le Donator - Seagrass Plateau,Geographic Site,France,,,,,,,,,,,,,,Sail Rock,Geographic Site,Taiwan,,,,,,,,,,,,,,
Le Grec (Sagone),Wreck,France,,,,,,,,,,,,,,Hobihu,Geographic Site,Taiwan,,,,,,,,,,,,,,
Lea Lea’s Lookout,Geographic Site,Cayman Islands,,,,,,,,,,,,,,Hainan - Dadonghai,Geographic Site,China,,,,,,,,,,,,,,
Lekuan Wall,Geographic Site,Indonesia,,,,,,,,,,,,,,Hainan - Xiaodonghai,Geographic Site,China,,,,,,,,,,,,,,
Leru Cut,Cavern/Cave,Solomon Islands,,,,,,,,,,,,,,Xisha Island - Yongle,Geographic Site,China,,,,,,,,,,,,,,
Les Heures Saines Caves,Cavern/Cave,Guadeloupe,,,,,,,,,,,,,,Xisha Island - Yagong,Geographic Site,China,,,,,,,,,,,,,,
Lesleen M Wreck,Wreck,Saint Lucia,,,,,,,,,,,,,,Bluff,Geographic Site,Hong Kong,,,,,,,,,,,,,,
Lesleen M Wreck,Wreck,St. Lucia,,,,,,,,,,,,,,Tung Ping Chau,Geographic Site,Hong Kong,,,,,,,,,,,,,,
Liepaja - Submarine S - 363,Wreck,Latvia,,,,,,,,,,,,,,Tubbataha Reef - North Atoll Wall,Geographic Site,Philippines,,,,,,,,,,,,,,
Lighthouse,Geographic Site,Philippines,,,,,,,,,,,,,,Tubbataha Reef - South,Geographic Site,Philippines,,,,,,,,,,,,,,
Lighthouse,Geographic Site,Egypt,,,,,,,,,,,,,,Shark Ridge,Geographic Site,Philippines,,,,,,,,,,,,,,
Lighthouse,Geographic Site,Bahamas,,,,,,,,,,,,,,Marine Sanctuary,Geographic Site,Philippines,,,,,,,,,,,,,,
Lighthouse Reef Atoll - Cathedral,Geographic Site,Belize,,,,,,,,,,,,,,Monad Shoal,Geographic Site,Philippines,,,,,,,,,,,,,,
Lighthouse Reef Atoll - Half Moon Caye Wall,Geographic Site,Belize,,,,,,,,,,,,,,Tulamben Drop - Off,Geographic Site,Indonesia,,,,,,,,,,,,,,
Lighthouse Reef Atoll - Long Caye Aquarium,Geographic Site,Belize,,,,,,,,,,,,,,Batu Kelebit,Geographic Site,Indonesia,,,,,,,,,,,,,,
Lighthouse Reef Atoll - Quebrada,Geographic Site,Belize,,,,,,,,,,,,,,Shark Point,Geographic Site,Indonesia,,,,,,,,,,,,,,
Lillie Parsons,Wreck,USA,,,,,,,,,,,,,,Mangrove Point,Geographic Site,Indonesia,,,,,,,,,,,,,,
Little Blue Lake (Mount Gambier),Cavern/Cave,Australia,,,,,,,,,,,,,,Manta Alley,Geographic Site,Indonesia,,,,,,,,,,,,,,
Littlehale’s Lair,Geographic Site,Bahamas,,,,,,,,,,,,,,Tatawa Besar,Geographic Site,Indonesia,,,,,,,,,,,,,,
Llyn Tegid,Lake,Bala Lake,,,,,,,,,,,,,,Siaba Kecil,Geographic Site,Indonesia,,,,,,,,,,,,,,
Loch Fyne,Lake,Stallion Rock,,,,,,,,,,,,,,Mike’s Point,Geographic Site,Indonesia,,,,,,,,,,,,,,
Loch Long,Lake,A Frames,,,,,,,,,,,,,,The Passage,Geographic Site,Indonesia,,,,,,,,,,,,,,
Loch Ness,Lake,Urquhart,,,,,,,,,,,,,,Mayhem,Geographic Site,Indonesia,,,,,,,,,,,,,,
Lofoten - Saltstraumen Current,Geographic Site,Norway,,,,,,,,,,,,,,Citrus Ridge,Geographic Site,Indonesia,,,,,,,,,,,,,,
Lofoten - Saltstraumen Pinnacle,Geographic Site,Norway,,,,,,,,,,,,,,Kaleidoscope,Geographic Site,Indonesia,,,,,,,,,,,,,,
Lofoten Island - Saltstraumen Current,Geographic Site,Norway,,,,,,,,,,,,,,Maluku - Banda Island - Lava Flow,Geographic Site,Indonesia,,,,,,,,,,,,,,
Long Bay Wall,Geographic Site,Turks and Caicos,,,,,,,,,,,,,,Cornucopia,Geographic Site,Indonesia,,,,,,,,,,,,,,
Lonsdale Wall,Geographic Site,Australia,,,,,,,,,,,,,,Magnifica,Geographic Site,Indonesia,,,,,,,,,,,,,,
Looe Key,Geographic Site,USA,,,,,,,,,,,,,,Papua - Cenderawasih Bay - Manokwari Reef,Geographic Site,Indonesia,,,,,,,,,,,,,,
Lord Howe Island - Ball’s Pyramid,Geographic Site,Australia,,,,,,,,,,,,,,Papua - Triton Bay - Little Komodo,Geographic Site,Indonesia,,,,,,,,,,,,,,
Los Arcos,Geographic Site,Mexico,,,,,,,,,,,,,,Papua - Triton Bay - Batu Tiga,Geographic Site,Indonesia,,,,,,,,,,,,,,
Los Chuchos,Geographic Site,Spain,,,,,,,,,,,,,,Papua - Triton Bay - Aquarium,Geographic Site,Indonesia,,,,,,,,,,,,,,
Los Islotes (Sea Lions),Geographic Site,Mexico,,,,,,,,,,,,,,North Male Atoll - Manta Point (Lankan Beyru),Geographic Site,Maldives,,,,,,,,,,,,,,
Los Roques - Boca de Cote,Geographic Site,Venezuela,,,,,,,,,,,,,,TrincoMalee - Swami Rock,Geographic Site,Sri Lanka,,,,,,,,,,,,,,
Los Roques - Cayo de Agua,Geographic Site,Venezuela,,,,,,,,,,,,,,Chagos Archipelago,Geographic Site,Peros Banhos,,,,,,,,,,,,,,
Los Roques - Sebastopol,Geographic Site,Venezuela,,,,,,,,,,,,,,Archipelago - Salomon,Geographic Site,Chagos,,,,,,,,,,,,,,
Lost Blue Hole,Geographic Site,Bahamas,,,,,,,,,,,,,,Archipelago - Egmont,Geographic Site,Chagos,,,,,,,,,,,,,,
Lovers Point,Beach,USA,,,,,,,,,,,,,,Bird,Geographic Site,Seychelles,,,,,,,,,,,,,,
Lundy Island - Gull Rock,Geographic Site,UK,,,,,,,,,,,,,,Nosy Be - Mitsio Archipelago,Geographic Site,Madagascar,,,,,,,,,,,,,,
Lundy Island - Knoll Pins,Geographic Site,UK,,,,,,,,,,,,,,Nosy Be - Four Brothers,Geographic Site,Madagascar,,,,,,,,,,,,,,
Lundy Island - MV Robert Wreck,Wreck,UK,,,,,,,,,,,,,,Ile Sainte Marie - Ile aux Nattes,Geographic Site,Madagascar,,,,,,,,,,,,,,
Lundy Marine Protected Area,Geographic Site,,,,,,,,,,,,,,,Ile Sainte Marie - Coco,Geographic Site,Madagascar,,,,,,,,,,,,,,
Lysekil - Cathedral Wall,Geographic Site,Sweden,,,,,,,,,,,,,,Ile Sainte Marie - Lagoon,Geographic Site,Madagascar,,,,,,,,,,,,,,
M’il Channel - Manta Ridge,Geographic Site,Micronesia,,,,,,,,,,,,,,Bandrélé,Geographic Site,Mayotte,,,,,,,,,,,,,,
Maa Kandu,Geographic Site,Maldives,,,,,,,,,,,,,,Musandam - Ras Marovi,Geographic Site,Oman,,,,,,,,,,,,,,
Maamigili Beyru (Whale Shark Zone),Geographic Site,Maldives,,,,,,,,,,,,,,Muscat - Fahal Island - Aquarium,Geographic Site,Oman,,,,,,,,,,,,,,
Maamigili Corner,Geographic Site,Maldives,,,,,,,,,,,,,,Muscat - Bandar Khayran - Mermaid Cove,Geographic Site,Oman,,,,,,,,,,,,,,
Maaya Thila,Geographic Site,Maldives,,,,,,,,,,,,,,Daymaniyat Island - Aquarium,Geographic Site,Oman,,,,,,,,,,,,,,
Mabul Artificial,Other,Malaysia,,,,,,,,,,,,,,Daymaniyat Island - Three Sisters,Geographic Site,Oman,,,,,,,,,,,,,,
Madison Blue Spring,Cavern/Cave,USA,,,,,,,,,,,,,,Daymaniyat Island - Turtle City,Geographic Site,Oman,,,,,,,,,,,,,,
Maeda Point (Blue Cave),Cavern/Cave,Japan,,,,,,,,,,,,,,Yanbu - Five Sisters (Shi’b Suflani),Geographic Site,Saudi Arabia,,,,,,,,,,,,,,
Mafia Island - Kinasi,Geographic Site,Tanzania,,,,,,,,,,,,,,Farasan Banks - Dohra,Geographic Site,Saudi Arabia,,,,,,,,,,,,,,
Magic Kingdom,Geographic Site,Micronesia,,,,,,,,,,,,,,Eilat - Neptune’s Tables,Geographic Site,Israel,,,,,,,,,,,,,,
Magnifica,Geographic Site,Indonesia,,,,,,,,,,,,,,Eilat - Coral Beach Nature Reserve,Geographic Site,Israel,,,,,,,,,,,,,,
Malin Head - U - Boat Graveyard,Wreck,Ireland,,,,,,,,,,,,,,Aqaba - Japanese Garden,Geographic Site,Jordan,,,,,,,,,,,,,,
Malpelo - El Freezer,Geographic Site,Colombia,,,,,,,,,,,,,,Aqaba - Seven Sisters,Geographic Site,Jordan,,,,,,,,,,,,,,
Malpelo - La Catedral,Cavern/Cave,Colombia,,,,,,,,,,,,,,Big Sur - Partington Canyon,Geographic Site,USA,,,,,,,,,,,,,,
Malpelo - La Nevera,Geographic Site,Colombia,,,,,,,,,,,,,,Catalina Island - Farnsworth Bank,Geographic Site,USA,,,,,,,,,,,,,,
Maluku - Ambon - Laha Muck Dives,Other,Indonesia,,,,,,,,,,,,,,Catalina Island - Ship Rock,Geographic Site,USA,,,,,,,,,,,,,,
Maluku - Ambon - Twilight Zone,Other,Indonesia,,,,,,,,,,,,,,Channel Island - San Miguel Island,Geographic Site,Wyckoff Ledge,,,,,,,,,,,,,,
Maluku - Banda Island - Lava Flow,Geographic Site,Indonesia,,,,,,,,,,,,,,Cape Arago,Geographic Site,Simpson,,,,,,,,,,,,,,
Man of War Shoals,Geographic Site,Sint Maarten,,,,,,,,,,,,,,Puget Sound - Octopus Hole,Geographic Site,USA,,,,,,,,,,,,,,
Manasoo,Wreck,USA,,,,,,,,,,,,,,San Juan Island,Geographic Site,Deadman’s Wall,,,,,,,,,,,,,,
Mandolin,Geographic Site,Indonesia,,,,,,,,,,,,,,San Juan Island,Geographic Site,Eagle Point,,,,,,,,,,,,,,
Mangrove Point,Geographic Site,Indonesia,,,,,,,,,,,,,,Resurrection Bay,Geographic Site,Thumb Cove,,,,,,,,,,,,,,
Manta,Geographic Site,Mozambique,,,,,,,,,,,,,,Resurrection Bay,Geographic Site,Sunny Cove,,,,,,,,,,,,,,
Manta Alley,Geographic Site,Indonesia,,,,,,,,,,,,,,Resurrection Bay,Geographic Site,Bulldog Cove,,,,,,,,,,,,,,
Manta Night Dive (Keauhou),Geographic Site,USA,,,,,,,,,,,,,,Resurrection Bay,Geographic Site,Mary’s Rock,,,,,,,,,,,,,,
Manta Point,Geographic Site,Indonesia,,,,,,,,,,,,,,Prince William Sound,Geographic Site,Bligh,,,,,,,,,,,,,,
Manta Point,Geographic Site,Mozambique,,,,,,,,,,,,,,Race Rocks,Geographic Site,Canada,,,,,,,,,,,,,,
Manta Point,Geographic Site,Maldives,,,,,,,,,,,,,,Browning Pass - Browning Wall,Geographic Site,Canada,,,,,,,,,,,,,,
Manta Sandy,Geographic Site,Indonesia,,,,,,,,,,,,,,Not Listed,,,,,,,,,,,,,,,,
Maratua,Geographic Site,Indonesia,,,,,,,,,,,,,,,,,,,,,,,,,,,,,,
Margate,Beach,Bonaire,,,,,,,,,,,,,,,,,,,,,,,,,,,,,,
Marianne,Geographic Site,Seychelles,,,,,,,,,,,,,,,,,,,,,,,,,,,,,,
Marine Reserve - Chimneys,Geographic Site,Namena,,,,,,,,,,,,,,,,,,,,,,,,,,,,,,
Marine Reserve - North Save - a - Tack,Geographic Site,Namena,,,,,,,,,,,,,,,,,,,,,,,,,,,,,,
Marine Sanctuary,Geographic Site,Philippines,,,,,,,,,,,,,,,,,,,,,,,,,,,,,,
Mariner’s Cave,Cavern/Cave,Tonga,,,,,,,,,,,,,,,,,,,,,,,,,,,,,,
Mariners Cave,Cavern/Cave,Tonga,,,,,,,,,,,,,,,,,,,,,,,,,,,,,,
Mary Ward,Wreck,USA,,,,,,,,,,,,,,,,,,,,,,,,,,,,,,
Mary’s Place,Geographic Site,Honduras,,,,,,,,,,,,,,,,,,,,,,,,,,,,,,
Mas Bango,Geographic Site,Aruba,,,,,,,,,,,,,,,,,,,,,,,,,,,,,,
Mataora Wreck,Wreck,Cook Islands,,,,,,,,,,,,,,,,,,,,,,,,,,,,,,
Mayhem,Geographic Site,Indonesia,,,,,,,,,,,,,,,,,,,,,,,,,,,,,,
Mayreau Gardens,Geographic Site,St. Vincent,,,,,,,,,,,,,,,,,,,,,,,,,,,,,,
McDonald’s Arch,Geographic Site,Turks and Caicos,,,,,,,,,,,,,,,,,,,,,,,,,,,,,,
Medes Island Marine Reserve,Geographic Site,Spain,,,,,,,,,,,,,,,,,,,,,,,,,,,,,,
Melissa’s Garden,Geographic Site,Indonesia,,,,,,,,,,,,,,,,,,,,,,,,,,,,,,
Menjangan Island - POS II,Geographic Site,Indonesia,,,,,,,,,,,,,,,,,,,,,,,,,,,,,,
Mermaid,Geographic Site,Australia,,,,,,,,,,,,,,,,,,,,,,,,,,,,,,
Middle,Geographic Site,Egypt,,,,,,,,,,,,,,,,,,,,,,,,,,,,,,
Midway Atoll,Wreck,Reef Hotel Wreck,,,,,,,,,,,,,,,,,,,,,,,,,,,,,,
Midway Atoll - Frigate Point,Geographic Site,USA,,,,,,,,,,,,,,,,,,,,,,,,,,,,,,
Mike’s Point,Geographic Site,Indonesia,,,,,,,,,,,,,,,,,,,,,,,,,,,,,,
Mikomoto,Geographic Site,Japan,,,,,,,,,,,,,,,,,,,,,,,,,,,,,,
Milford Sound - Harrison Cove,Geographic Site,New Zealand,,,,,,,,,,,,,,,,,,,,,,,,,,,,,,
Milford Sound - Penguin Cove,Geographic Site,New Zealand,,,,,,,,,,,,,,,,,,,,,,,,,,,,,,
Million Dollar Point,Wreck,Vanuatu,,,,,,,,,,,,,,,,,,,,,,,,,,,,,,
Million Dollar Point - Machinery Dump,Wreck,Vanuatu,,,,,,,,,,,,,,,,,,,,,,,,,,,,,,
Minamijima Arch,Cavern/Cave,Japan,,,,,,,,,,,,,,,,,,,,,,,,,,,,,,
Mitsamiouli,Geographic Site,Comoros,,,,,,,,,,,,,,,,,,,,,,,,,,,,,,
Mitsamiouli Caves,Cavern/Cave,Comoros,,,,,,,,,,,,,,,,,,,,,,,,,,,,,,
Mitsio Archipelago,Geographic Site,Madagascar,,,,,,,,,,,,,,,,,,,,,,,,,,,,,,
Mixing Bowl,Geographic Site,Cayman Islands,,,,,,,,,,,,,,,,,,,,,,,,,,,,,,
Mixing Bowl (Three Fathom Wall),Geographic Site,Cayman Islands,,,,,,,,,,,,,,,,,,,,,,,,,,,,,,
Miyaru Kandu,Geographic Site,Maldives,,,,,,,,,,,,,,,,,,,,,,,,,,,,,,
Miyaru Kandu (Shark Channel),Geographic Site,Maldives,,,,,,,,,,,,,,,,,,,,,,,,,,,,,,
Mnemba,Geographic Site,Tanzania,,,,,,,,,,,,,,,,,,,,,,,,,,,,,,
Mochima National Park - Cueva de los Osos,Cavern/Cave,Venezuela,,,,,,,,,,,,,,,,,,,,,,,,,,,,,,
Mochima National Park - Las Maritas,Geographic Site,Venezuela,,,,,,,,,,,,,,,,,,,,,,,,,,,,,,
Moheli Marine Park,Geographic Site,Comoros,,,,,,,,,,,,,,,,,,,,,,,,,,,,,,
Molasses,Geographic Site,USA,,,,,,,,,,,,,,,,,,,,,,,,,,,,,,
Molasses,Geographic Site,Turks and Caicos,,,,,,,,,,,,,,,,,,,,,,,,,,,,,,
Molasses,Geographic Site,Turks & Caicos,,,,,,,,,,,,,,,,,,,,,,,,,,,,,,
Molokai,Geographic Site,Fish Rain,,,,,,,,,,,,,,,,,,,,,,,,,,,,,,
Molokini Crater,Geographic Site,USA,,,,,,,,,,,,,,,,,,,,,,,,,,,,,,
Monad Shoal,Geographic Site,Philippines,,,,,,,,,,,,,,,,,,,,,,,,,,,,,,
Monad Shoal (Threshers),Geographic Site,Philippines,,,,,,,,,,,,,,,,,,,,,,,,,,,,,,
Monastery Beach,Beach,USA,,,,,,,,,,,,,,,,,,,,,,,,,,,,,,
Monastery North (The Finger),Beach,USA,,,,,,,,,,,,,,,,,,,,,,,,,,,,,,
Monastery South,Beach,USA,,,,,,,,,,,,,,,,,,,,,,,,,,,,,,
Monito,Geographic Site,Puerto Rico,,,,,,,,,,,,,,,,,,,,,,,,,,,,,,
Monkey Shoals,Geographic Site,St. Kitts,,,,,,,,,,,,,,,,,,,,,,,,,,,,,,
Montague,Geographic Site,Australia,,,,,,,,,,,,,,,,,,,,,,,,,,,,,,
Montaña Amarilla,Geographic Site,Spain,,,,,,,,,,,,,,,,,,,,,,,,,,,,,,
Monterey Bay - Lovers Point,Beach,USA,,,,,,,,,,,,,,,,,,,,,,,,,,,,,,
Monterey Bay - San Carlos Beach (Breakwater),Beach,USA,,,,,,,,,,,,,,,,,,,,,,,,,,,,,,
Montserrat,Geographic Site,Little Redonda,,,,,,,,,,,,,,,,,,,,,,,,,,,,,,
Montserrat,Geographic Site,The Pinnacle,,,,,,,,,,,,,,,,,,,,,,,,,,,,,,
Montserrat - Rendezvous,Beach,USA,,,,,,,,,,,,,,,,,,,,,,,,,,,,,,
Moonhole Point,Geographic Site,St. Vincent,,,,,,,,,,,,,,,,,,,,,,,,,,,,,,
Morrison Springs,Cavern/Cave,USA,,,,,,,,,,,,,,,,,,,,,,,,,,,,,,
Mosquera Islet,Geographic Site,Ecuador,,,,,,,,,,,,,,,,,,,,,,,,,,,,,,
Mosquito Pier,Other,Puerto Rico,,,,,,,,,,,,,,,,,,,,,,,,,,,,,,
Moucha,Geographic Site,Djibouti,,,,,,,,,,,,,,,,,,,,,,,,,,,,,,
Mount Irvine Wall,Geographic Site,Trinidad and Tobago,,,,,,,,,,,,,,,,,,,,,,,,,,,,,,
Muiron,Geographic Site,Australia,,,,,,,,,,,,,,,,,,,,,,,,,,,,,,
Munseom,Geographic Site,South Korea,,,,,,,,,,,,,,,,,,,,,,,,,,,,,,
MUSA Underwater Museum,Other,Mexico,,,,,,,,,,,,,,,,,,,,,,,,,,,,,,
Musandam - Lima Rock,Geographic Site,Oman,,,,,,,,,,,,,,,,,,,,,,,,,,,,,,
Musandam - Ras Marovi,Geographic Site,Oman,,,,,,,,,,,,,,,,,,,,,,,,,,,,,,
Muscat - Bandar Khayran - Mermaid Cove,Geographic Site,Oman,,,,,,,,,,,,,,,,,,,,,,,,,,,,,,
Muscat - Fahal Island - Aquarium,Geographic Site,Oman,,,,,,,,,,,,,,,,,,,,,,,,,,,,,,
Museo Atlántico,Other,Spain,,,,,,,,,,,,,,,,,,,,,,,,,,,,,,
Mushroom Forest,Geographic Site,Curaçao,,,,,,,,,,,,,,,,,,,,,,,,,,,,,,
MV Konanda Wreck,Wreck,Vanuatu,,,,,,,,,,,,,,,,,,,,,,,,,,,,,,
MV Lucy,Wreck,,,,,,,,,,,,,,,,,,,,,,,,,,,,,,,
MV Maverick,Wreck,,,,,,,,,,,,,,,,,,,,,,,,,,,,,,,
Nabaa Al - Hamra (The Caves),Cavern/Cave,Martinique,,,,,,,,,,,,,,,,,,,,,,,,,,,,,,
Nag’s Head,Geographic Site,St. Kitts,,,,,,,,,,,,,,,,,,,,,,,,,,,,,,
Nahoon Wreck,Wreck,Martinique,,,,,,,,,,,,,,,,,,,,,,,,,,,,,,
Nanaimo - HMCS Cape Breton,Wreck,Canada,,,,,,,,,,,,,,,,,,,,,,,,,,,,,,
Nanaimo - HMCS Saskatchewan,Wreck,Canada,,,,,,,,,,,,,,,,,,,,,,,,,,,,,,
Naranjito (Isla Grosa) Wreck,Wreck,Spain,,,,,,,,,,,,,,,,,,,,,,,,,,,,,,
Narvik - Foca Wreck,Wreck,Norway,,,,,,,,,,,,,,,,,,,,,,,,,,,,,,
Narvik - Stråssa Wrecks,Wreck,Norway,,,,,,,,,,,,,,,,,,,,,,,,,,,,,,
Navy Pier,Other,Australia,,,,,,,,,,,,,,,,,,,,,,,,,,,,,,
Nazumado,Beach,Japan,,,,,,,,,,,,,,,,,,,,,,,,,,,,,,
Needle,Geographic Site,Prony,,,,,,,,,,,,,,,,,,,,,,,,,,,,,,
Neptune Memorial,Other,USA,,,,,,,,,,,,,,,,,,,,,,,,,,,,,,
New Guinea,Geographic Site,St. Vincent,,,,,,,,,,,,,,,,,,,,,,,,,,,,,,
New Hanover - Albatross Passage,Geographic Site,Papua New Guinea,,,,,,,,,,,,,,,,,,,,,,,,,,,,,,
Ngatangiia Swim - Through,Cavern/Cave,Cook Islands,,,,,,,,,,,,,,,,,,,,,,,,,,,,,,
Niagara II,Wreck,USA,,,,,,,,,,,,,,,,,,,,,,,,,,,,,,
Nicobar Island - Barren,Geographic Site,India,,,,,,,,,,,,,,,,,,,,,,,,,,,,,,
Nigali Passage,Geographic Site,Fiji,,,,,,,,,,,,,,,,,,,,,,,,,,,,,,
Nigali Passage Outer Wall,Geographic Site,Fiji,,,,,,,,,,,,,,,,,,,,,,,,,,,,,,
Ningaloo Reef - Lighthouse,Geographic Site,Australia,,,,,,,,,,,,,,,,,,,,,,,,,,,,,,
Ningaloo Reef - Muiron,Geographic Site,Australia,,,,,,,,,,,,,,,,,,,,,,,,,,,,,,
Ningaloo Reef - Oyster Stacks,Geographic Site,Australia,,,,,,,,,,,,,,,,,,,,,,,,,,,,,,
Ningaloo Reef - Turquoise,Beach,Australia,,,,,,,,,,,,,,,,,,,,,,,,,,,,,,
Niue,Cavern/Cave,Cathedral Cave,,,,,,,,,,,,,,,,,,,,,,,,,,,,,,
Niue,Cavern/Cave,Chimney Caverns,,,,,,,,,,,,,,,,,,,,,,,,,,,,,,
Niue,Geographic Site,Snake Gully,,,,,,,,,,,,,,,,,,,,,,,,,,,,,,
Nodules,Geographic Site,Bahamas,,,,,,,,,,,,,,,,,,,,,,,,,,,,,,
Nohoch Nah Chich System,Cavern/Cave,Mexico,,,,,,,,,,,,,,,,,,,,,,,,,,,,,,
North,Geographic Site,Australia,,,,,,,,,,,,,,,,,,,,,,,,,,,,,,
North Male Atoll - Banana,Geographic Site,Maldives,,,,,,,,,,,,,,,,,,,,,,,,,,,,,,
North Male Atoll - HP,Geographic Site,Maldives,,,,,,,,,,,,,,,,,,,,,,,,,,,,,,
North Male Atoll - Lankan Manta Point,Geographic Site,Maldives,,,,,,,,,,,,,,,,,,,,,,,,,,,,,,
North Male Atoll - Manta Point (Lankan Beyru),Geographic Site,Maldives,,,,,,,,,,,,,,,,,,,,,,,,,,,,,,
North Pass (Garuae),Geographic Site,Fakarava,,,,,,,,,,,,,,,,,,,,,,,,,,,,,,
North Pass Outer,Geographic Site,French Polynesia,,,,,,,,,,,,,,,,,,,,,,,,,,,,,,
North Point,Geographic Site,Bahamas,,,,,,,,,,,,,,,,,,,,,,,,,,,,,,
North Rock,Geographic Site,Bermuda,,,,,,,,,,,,,,,,,,,,,,,,,,,,,,
North Rock - Cathedrals,Geographic Site,Bermuda,,,,,,,,,,,,,,,,,,,,,,,,,,,,,,
Northstar Wall,Geographic Site,,,,,,,,,,,,,,,,,,,,,,,,,,,,,,,
Northwest Point,Geographic Site,,,,,,,,,,,,,,,,,,,,,,,,,,,,,,,
Northwest Point Wall,Geographic Site,Turks & Caicos,,,,,,,,,,,,,,,,,,,,,,,,,,,,,,
Nosy Be - Four Brothers,Geographic Site,Madagascar,,,,,,,,,,,,,,,,,,,,,,,,,,,,,,
Nosy Be - Mitsio Archipelago,Geographic Site,Madagascar,,,,,,,,,,,,,,,,,,,,,,,,,,,,,,
Nosy Be - Tanikely Marine Park,Geographic Site,Madagascar,,,,,,,,,,,,,,,,,,,,,,,,,,,,,,
Nosy Tanikely,Geographic Site,Madagascar,,,,,,,,,,,,,,,,,,,,,,,,,,,,,,
Nosy Tanikely Marine Reserve,Geographic Site,Madagascar,,,,,,,,,,,,,,,,,,,,,,,,,,,,,,
Nudi Falls,Other,Indonesia,,,,,,,,,,,,,,,,,,,,,,,,,,,,,,
Numidia Wreck,Wreck,Egypt,,,,,,,,,,,,,,,,,,,,,,,,,,,,,,
Oahu,Geographic Site,Fantasy,,,,,,,,,,,,,,,,,,,,,,,,,,,,,,
Oahu - Nautilus,Geographic Site,USA,,,,,,,,,,,,,,,,,,,,,,,,,,,,,,
Observation Point,Geographic Site,Milne Bay,,,,,,,,,,,,,,,,,,,,,,,,,,,,,,
Obyan Beach,Beach,,,,,,,,,,,,,,,,,,,,,,,,,,,,,,,
Ocean Revival Park - Almeida Carvalho,Wreck,Portugal,,,,,,,,,,,,,,,,,,,,,,,,,,,,,,
Ocean Revival Park - Hermenegildo Capelo,Wreck,Portugal,,,,,,,,,,,,,,,,,,,,,,,,,,,,,,
Ocean Revival Park - Oliveira e Carmo,Wreck,Portugal,,,,,,,,,,,,,,,,,,,,,,,,,,,,,,
Ocean Revival Park - Zambeze,Wreck,Portugal,,,,,,,,,,,,,,,,,,,,,,,,,,,,,,
Oconto,Wreck,USA,,,,,,,,,,,,,,,,,,,,,,,,,,,,,,
Octopus Hole,Geographic Site,USA,,,,,,,,,,,,,,,,,,,,,,,,,,,,,,
Odyssey,Wreck,Honduras,,,,,,,,,,,,,,,,,,,,,,,,,,,,,,
Ogden Point Breakwater,Other,Canada,,,,,,,,,,,,,,,,,,,,,,,,,,,,,,
Oil Slick Leap,Other,Bonaire,,,,,,,,,,,,,,,,,,,,,,,,,,,,,,
Ojamo Mine,Cavern/Cave,Finland,,,,,,,,,,,,,,,,,,,,,,,,,,,,,,
Okikawa Maru,Wreck,Philippines,,,,,,,,,,,,,,,,,,,,,,,,,,,,,,
Opunohu Canyon,Geographic Site,French Polynesia,,,,,,,,,,,,,,,,,,,,,,,,,,,,,,
Orange Canyon,Geographic Site,Cayman Islands,,,,,,,,,,,,,,,,,,,,,,,,,,,,,,
Orda Cave,Cavern/Cave,Russia,,,,,,,,,,,,,,,,,,,,,,,,,,,,,,
Oro Verde Wreck,Wreck,Cayman Islands,,,,,,,,,,,,,,,,,,,,,,,,,,,,,,
Osezaki,Beach,Japan,,,,,,,,,,,,,,,,,,,,,,,,,,,,,,
Oslofjord - WWII Wreck Fernedale,Wreck,Norway,,,,,,,,,,,,,,,,,,,,,,,,,,,,,,
Osprey Reef - North Horn,Geographic Site,Australia,,,,,,,,,,,,,,,,,,,,,,,,,,,,,,
Ox Bel Ha System,Cavern/Cave,Mexico,,,,,,,,,,,,,,,,,,,,,,,,,,,,,,
P29 (Boltenhagen),Wreck,Malta,,,,,,,,,,,,,,,,,,,,,,,,,,,,,,
Palancar,Geographic Site,Mexico,,,,,,,,,,,,,,,,,,,,,,,,,,,,,,
Palancar Caves,Cavern/Cave,Mexico,,,,,,,,,,,,,,,,,,,,,,,,,,,,,,
Palancar Horseshoe,Geographic Site,Mexico,,,,,,,,,,,,,,,,,,,,,,,,,,,,,,
Palm - Mar Cave,Cavern/Cave,Spain,,,,,,,,,,,,,,,,,,,,,,,,,,,,,,
Palm - Mar Caves,Cavern/Cave,Spain,,,,,,,,,,,,,,,,,,,,,,,,,,,,,,
Palmyra Atoll - Kingman,Geographic Site,USA,,,,,,,,,,,,,,,,,,,,,,,,,,,,,,
Palolo Deep,Geographic Site,Samoa,,,,,,,,,,,,,,,,,,,,,,,,,,,,,,
Panorama,Geographic Site,Egypt,,,,,,,,,,,,,,,,,,,,,,,,,,,,,,
Pantar - The Arch,Cavern/Cave,Indonesia,,,,,,,,,,,,,,,,,,,,,,,,,,,,,,
Papa Whiskey (Taapuna),Geographic Site,French Polynesia,,,,,,,,,,,,,,,,,,,,,,,,,,,,,,
Cenderawasih Bay,Geographic Site,Indonesia,,,,,,,,,,,,,,,,,,,,,,,,,,,,,,
Triton Bay - Aquarium,Geographic Site,Indonesia,,,,,,,,,,,,,,,,,,,,,,,,,,,,,,
Triton Bay - Batu Tiga,Geographic Site,Indonesia,,,,,,,,,,,,,,,,,,,,,,,,,,,,,,
Triton Bay - Little Komodo,Geographic Site,Indonesia,,,,,,,,,,,,,,,,,,,,,,,,,,,,,,
Triton Bay,Geographic Site,Indonesia,,,,,,,,,,,,,,,,,,,,,,,,,,,,,,
Paradise,Geographic Site,Mexico,,,,,,,,,,,,,,,,,,,,,,,,,,,,,,
Paradise Shallows,Geographic Site,Mexico,,,,,,,,,,,,,,,,,,,,,,,,,,,,,,
Parguera Caverns,Cavern/Cave,Puerto Rico,,,,,,,,,,,,,,,,,,,,,,,,,,,,,,
Paso del Cedral,Geographic Site,Mexico,,,,,,,,,,,,,,,,,,,,,,,,,,,,,,
Passe Bandrélé,Geographic Site,Comoros,,,,,,,,,,,,,,,,,,,,,,,,,,,,,,
Passe de l’Hermitage,Geographic Site,Reunion,,,,,,,,,,,,,,,,,,,,,,,,,,,,,,
Passe en S,Geographic Site,Mayotte,,,,,,,,,,,,,,,,,,,,,,,,,,,,,,
Peacock Springs,Cavern/Cave,USA,,,,,,,,,,,,,,,,,,,,,,,,,,,,,,
Pedernales Wreck,Wreck,Aruba,,,,,,,,,,,,,,,,,,,,,,,,,,,,,,
Pelican Cays Land & Sea Park,Geographic Site,Bahamas,,,,,,,,,,,,,,,,,,,,,,,,,,,,,,
Pescador Island - Cathedral,Cavern/Cave,Philippines,,,,,,,,,,,,,,,,,,,,,,,,,,,,,,
Phoenix Island - Nikumaroro,Geographic Site,Kiribati,,,,,,,,,,,,,,,,,,,,,,,,,,,,,,
Piccaninnie Ponds,Cavern/Cave,Australia,,,,,,,,,,,,,,,,,,,,,,,,,,,,,,
Pico - Arcos do Pico,Cavern/Cave,Portugal,,,,,,,,,,,,,,,,,,,,,,,,,,,,,,
Pigeon Island (Réserve Cousteau),Geographic Site,Guadeloupe,,,,,,,,,,,,,,,,,,,,,,,,,,,,,,
Pink Beach,Beach,Indonesia,,,,,,,,,,,,,,,,,,,,,,,,,,,,,,
Pinnacles,Geographic Site,South Africa,,,,,,,,,,,,,,,,,,,,,,,,,,,,,,
Pinnacles,Geographic Site,St. Lucia,,,,,,,,,,,,,,,,,,,,,,,,,,,,,,
Piton de la Fournaise Lava Tubes,Cavern/Cave,Reunion,,,,,,,,,,,,,,,,,,,,,,,,,,,,,,
Playa Blanca Reef,Geographic Site,Spain,,,,,,,,,,,,,,,,,,,,,,,,,,,,,,
Playa Hermosa - Punta Argentina,Beach,Costa Rica,,,,,,,,,,,,,,,,,,,,,,,,,,,,,,
Playa Kalki (Alice in Wonderland),Beach,Curaçao,,,,,,,,,,,,,,,,,,,,,,,,,,,,,,
Plitvice Lakes - Submerged Forest,Lake,Croatia,,,,,,,,,,,,,,,,,,,,,,,,,,,,,,
Plura Cave,Cavern/Cave,Norway,,,,,,,,,,,,,,,,,,,,,,,,,,,,,,
Point Dume,Beach,USA,,,,,,,,,,,,,,,,,,,,,,,,,,,,,,
Point Lobos - Whalers Cove,Beach,USA,,,,,,,,,,,,,,,,,,,,,,,,,,,,,,
Pointe Burgos,Geographic Site,Martinique,,,,,,,,,,,,,,,,,,,,,,,,,,,,,,
Police Pier,Other,Indonesia,,,,,,,,,,,,,,,,,,,,,,,,,,,,,,
Ponta do Ouro - Pinnacles,Geographic Site,Mozambique,,,,,,,,,,,,,,,,,,,,,,,,,,,,,,
Poor Knights - Blue Maomao Arch,Geographic Site,New Zealand,,,,,,,,,,,,,,,,,,,,,,,,,,,,,,
Poor Knights - Middle Arch,Geographic Site,New Zealand,,,,,,,,,,,,,,,,,,,,,,,,,,,,,,
Poor Knights - Northern Arch,Geographic Site,New Zealand,,,,,,,,,,,,,,,,,,,,,,,,,,,,,,
Poor Knights - Nursery Cove,Geographic Site,New Zealand,,,,,,,,,,,,,,,,,,,,,,,,,,,,,,
Poor Knights - Rikoriko Cave,Cavern/Cave,New Zealand,,,,,,,,,,,,,,,,,,,,,,,,,,,,,,
Port - Umbria Wreck,Wreck,Sudan,,,,,,,,,,,,,,,,,,,,,,,,,,,,,,
Port Ghalib - Marsa Mubarak,Geographic Site,Egypt,,,,,,,,,,,,,,,,,,,,,,,,,,,,,,
Port Noarlunga,Beach,Australia,,,,,,,,,,,,,,,,,,,,,,,,,,,,,,
Porteau Cove,Beach,Canada,,,,,,,,,,,,,,,,,,,,,,,,,,,,,,
Porto Santo Stefano,Geographic Site,Italy,,,,,,,,,,,,,,,,,,,,,,,,,,,,,,
Prince William Sound,Geographic Site,Bligh,,,,,,,,,,,,,,,,,,,,,,,,,,,,,,
Princess Alice Bank,Geographic Site,Portugal,,,,,,,,,,,,,,,,,,,,,,,,,,,,,,
Prinz Eugen,Wreck,Kwajalein Atoll,,,,,,,,,,,,,,,,,,,,,,,,,,,,,,
Proselyte,Geographic Site,Sint Maarten,,,,,,,,,,,,,,,,,,,,,,,,,,,,,,
Protea Banks,Geographic Site,South Africa,,,,,,,,,,,,,,,,,,,,,,,,,,,,,,
Providencia - Felipe’s Place,Geographic Site,Colombia,,,,,,,,,,,,,,,,,,,,,,,,,,,,,,
Providencia - McBean,Geographic Site,Colombia,,,,,,,,,,,,,,,,,,,,,,,,,,,,,,
Puget Sound,Beach,Saltwater State Park,,,,,,,,,,,,,,,,,,,,,,,,,,,,,,
Puget Sound,Other,Edmonds Underwater Park,,,,,,,,,,,,,,,,,,,,,,,,,,,,,,
Puget Sound,Other,Keystone Jetty,,,,,,,,,,,,,,,,,,,,,,,,,,,,,,
Puget Sound - Octopus Hole,Geographic Site,USA,,,,,,,,,,,,,,,,,,,,,,,,,,,,,,
Puhi,Other,USA,,,,,,,,,,,,,,,,,,,,,,,,,,,,,,
Punta de Teno,Geographic Site,Spain,,,,,,,,,,,,,,,,,,,,,,,,,,,,,,
Punta Vicente Roca,Geographic Site,Ecuador,,,,,,,,,,,,,,,,,,,,,,,,,,,,,,
Puri Jati,Beach,Indonesia,,,,,,,,,,,,,,,,,,,,,,,,,,,,,,
Purple Rain,Geographic Site,Grenada,,,,,,,,,,,,,,,,,,,,,,,,,,,,,,
Pyramid,Geographic Site,Japan,,,,,,,,,,,,,,,,,,,,,,,,,,,,,,
Race Rocks,Geographic Site,Canada,,,,,,,,,,,,,,,,,,,,,,,,,,,,,,
Race Rocks - Great Race,Geographic Site,Canada,,,,,,,,,,,,,,,,,,,,,,,,,,,,,,
Raggie Cave,Cavern/Cave,South Africa,,,,,,,,,,,,,,,,,,,,,,,,,,,,,,
Rainbow,Geographic Site,Bahamas,,,,,,,,,,,,,,,,,,,,,,,,,,,,,,
Rainbow Reef - White Wall,Geographic Site,Taveuni,,,,,,,,,,,,,,,,,,,,,,,,,,,,,,
Rainbow River,Other,USA,,,,,,,,,,,,,,,,,,,,,,,,,,,,,,
Rainbow Warrior Wreck,Wreck,New Zealand,,,,,,,,,,,,,,,,,,,,,,,,,,,,,,
Randy’s Gazebo,Geographic Site,Cayman Islands,,,,,,,,,,,,,,,,,,,,,,,,,,,,,,
Rangali Madivaru,Geographic Site,Maldives,,,,,,,,,,,,,,,,,,,,,,,,,,,,,,
Rangali Madivaru (Manta),Geographic Site,Maldives,,,,,,,,,,,,,,,,,,,,,,,,,,,,,,
Rapid Bay Jetty,Other,Australia,,,,,,,,,,,,,,,,,,,,,,,,,,,,,,
Ras Katy,Geographic Site,Egypt,,,,,,,,,,,,,,,,,,,,,,,,,,,,,,
Ras Korali,Geographic Site,Djibouti,,,,,,,,,,,,,,,,,,,,,,,,,,,,,,
Ras Umm Sid,Geographic Site,Egypt,,,,,,,,,,,,,,,,,,,,,,,,,,,,,,
Ray of Hope,Wreck,Bahamas,,,,,,,,,,,,,,,,,,,,,,,,,,,,,,
Recife - Naufragio Corveta V17,Wreck,Brazil,,,,,,,,,,,,,,,,,,,,,,,,,,,,,,
Recife - Naufragio Gonçalo Coelho,Wreck,Brazil,,,,,,,,,,,,,,,,,,,,,,,,,,,,,,
Recife - Naufragio Pirapama,Wreck,Brazil,,,,,,,,,,,,,,,,,,,,,,,,,,,,,,
Recife - Naufragio Servemar X,Wreck,Brazil,,,,,,,,,,,,,,,,,,,,,,,,,,,,,,
Red Slave,Beach,Bonaire,,,,,,,,,,,,,,,,,,,,,,,,,,,,,,
Reef,Geographic Site,Kimbe Bay,,,,,,,,,,,,,,,,,,,,,,,,,,,,,,
Reis Magos,Geographic Site,Portugal,,,,,,,,,,,,,,,,,,,,,,,,,,,,,,
Renaissance Airplane Wreck,Wreck,Aruba,,,,,,,,,,,,,,,,,,,,,,,,,,,,,,
Réserve Cousteau (Pigeon Island),Geographic Site,Guadeloupe,,,,,,,,,,,,,,,,,,,,,,,,,,,,,,
Resurrection Bay,Geographic Site,Thumb Cove,,,,,,,,,,,,,,,,,,,,,,,,,,,,,,
Resurrection Bay,Geographic Site,Sunny Cove,,,,,,,,,,,,,,,,,,,,,,,,,,,,,,
Resurrection Bay,Geographic Site,Bulldog Cove,,,,,,,,,,,,,,,,,,,,,,,,,,,,,,
Resurrection Bay,Geographic Site,Mary’s Rock,,,,,,,,,,,,,,,,,,,,,,,,,,,,,,
Ribbon Reef #10 - Cod Hole,Geographic Site,Australia,,,,,,,,,,,,,,,,,,,,,,,,,,,,,,
Richelieu Rock,Geographic Site,Thailand,,,,,,,,,,,,,,,,,,,,,,,,,,,,,,
Riou Archipelago - Moyade,Geographic Site,France,,,,,,,,,,,,,,,,,,,,,,,,,,,,,,
River Taw Wreck,Wreck,St. Kitts,,,,,,,,,,,,,,,,,,,,,,,,,,,,,,
RMS Lusitania,Wreck,Ireland,,,,,,,,,,,,,,,,,,,,,,,,,,,,,,
RMS Rhone,Wreck,British Virgin Islands,,,,,,,,,,,,,,,,,,,,,,,,,,,,,,
Roatán,Geographic Site,Honduras,,,,,,,,,,,,,,,,,,,,,,,,,,,,,,
Roatán - Dolphin’s Den,Cavern/Cave,Honduras,,,,,,,,,,,,,,,,,,,,,,,,,,,,,,
Roatán - El Aguila,Wreck,Honduras,,,,,,,,,,,,,,,,,,,,,,,,,,,,,,
Roatán - Mary’s Place,Geographic Site,Honduras,,,,,,,,,,,,,,,,,,,,,,,,,,,,,,
Roatán - Odyssey,Wreck,Honduras,,,,,,,,,,,,,,,,,,,,,,,,,,,,,,
Roatán - Pablo’s Place,Geographic Site,Honduras,,,,,,,,,,,,,,,,,,,,,,,,,,,,,,
Roatán - Spooky,Geographic Site,Honduras,,,,,,,,,,,,,,,,,,,,,,,,,,,,,,
Robert Gaskin,Wreck,USA,,,,,,,,,,,,,,,,,,,,,,,,,,,,,,
Roca O’Neal,Geographic Site,Ecuador,,,,,,,,,,,,,,,,,,,,,,,,,,,,,,
Roca Partida,Geographic Site,Mexico,,,,,,,,,,,,,,,,,,,,,,,,,,,,,,
Rocky,Geographic Site,,,,,,,,,,,,,,,,,,,,,,,,,,,,,,,
Rocky Island - North Plateau,Geographic Site,Egypt,,,,,,,,,,,,,,,,,,,,,,,,,,,,,,
Rodney’s Rock,Geographic Site,Dominica,,,,,,,,,,,,,,,,,,,,,,,,,,,,,,
Roma,Geographic Site,Indonesia,,,,,,,,,,,,,,,,,,,,,,,,,,,,,,
Rosa Maria Wreck,Wreck,Sint Maarten,,,,,,,,,,,,,,,,,,,,,,,,,,,,,,
Rosalie Moller,Wreck,Egypt,,,,,,,,,,,,,,,,,,,,,,,,,,,,,,
Rosemond’s Trench,Geographic Site,Saint Lucia,,,,,,,,,,,,,,,,,,,,,,,,,,,,,,
Rosemond’s Trench,Geographic Site,St. Lucia,,,,,,,,,,,,,,,,,,,,,,,,,,,,,,
Rottnest Island - Shark Cave,Cavern/Cave,Australia,,,,,,,,,,,,,,,,,,,,,,,,,,,,,,
Round,Geographic Site,Mauritius,,,,,,,,,,,,,,,,,,,,,,,,,,,,,,
Rubis Submarine,Wreck,France,,,,,,,,,,,,,,,,,,,,,,,,,,,,,,
Ruby E (Cutter),Wreck,USA,,,,,,,,,,,,,,,,,,,,,,,,,,,,,,
Ruby E Wreck,Wreck,USA,,,,,,,,,,,,,,,,,,,,,,,,,,,,,,
Rum Runner’s,Geographic Site,Grenada,,,,,,,,,,,,,,,,,,,,,,,,,,,,,,
Rummu Quarry,Lake,Estonia,,,,,,,,,,,,,,,,,,,,,,,,,,,,,,
Russell Island - Mirror Pond,Cavern/Cave,Russell Islands,,,,,,,,,,,,,,,,,,,,,,,,,,,,,,
Russell Island - White Beach Wrecks,Wreck,Russell Islands,,,,,,,,,,,,,,,,,,,,,,,,,,,,,,
Sabang Wrecks,Wreck,Philippines,,,,,,,,,,,,,,,,,,,,,,,,,,,,,,
Sahaung,Geographic Site,Indonesia,,,,,,,,,,,,,,,,,,,,,,,,,,,,,,
Sail Rock,Geographic Site,Thailand,,,,,,,,,,,,,,,,,,,,,,,,,,,,,,
Sail Rock,Geographic Site,Taiwan,,,,,,,,,,,,,,,,,,,,,,,,,,,,,,
Saimaa Lake - Underwater Forest,Lake,Finland,,,,,,,,,,,,,,,,,,,,,,,,,,,,,,
Sal - Buracona Blue Eye,Cavern/Cave,Cape Verde,,,,,,,,,,,,,,,,,,,,,,,,,,,,,,
Sal - Olho Azul (Blue Eye Cave),Cavern/Cave,Cape Verde,,,,,,,,,,,,,,,,,,,,,,,,,,,,,,
Sal - Santa Maria,Geographic Site,Cape Verde,,,,,,,,,,,,,,,,,,,,,,,,,,,,,,
Salem Express,Wreck,Egypt,,,,,,,,,,,,,,,,,,,,,,,,,,,,,,
Salt Pier,Beach,Bonaire,,,,,,,,,,,,,,,,,,,,,,,,,,,,,,
Saltstraumen,Geographic Site,Norway,,,,,,,,,,,,,,,,,,,,,,,,,,,,,,
Saltwater State Park,Beach,USA,,,,,,,,,,,,,,,,,,,,,,,,,,,,,,
Salvador - Banco da Gaioba,Geographic Site,Brazil,,,,,,,,,,,,,,,,,,,,,,,,,,,,,,
Salvador - Banco da Panela,Geographic Site,Brazil,,,,,,,,,,,,,,,,,,,,,,,,,,,,,,
Salvador - Naufragio Blackadder,Wreck,Brazil,,,,,,,,,,,,,,,,,,,,,,,,,,,,,,
Salvador - Naufragio Maraldi,Wreck,Brazil,,,,,,,,,,,,,,,,,,,,,,,,,,,,,,
Salvatierra,Wreck,Mexico,,,,,,,,,,,,,,,,,,,,,,,,,,,,,,
San Andrés - Blue Wall,Geographic Site,Colombia,,,,,,,,,,,,,,,,,,,,,,,,,,,,,,
San Andrés - El Faro,Geographic Site,Colombia,,,,,,,,,,,,,,,,,,,,,,,,,,,,,,
San Andrés - La Piscinita,Geographic Site,Colombia,,,,,,,,,,,,,,,,,,,,,,,,,,,,,,
San Blas Island - Dog Island,Geographic Site,Panama,,,,,,,,,,,,,,,,,,,,,,,,,,,,,,
San Carlos Beach (Breakwater),Beach,USA,,,,,,,,,,,,,,,,,,,,,,,,,,,,,,
San Cristobal Canyon,Geographic Site,Dominican Republic,,,,,,,,,,,,,,,,,,,,,,,,,,,,,,
San Juan,Geographic Site,Mexico,,,,,,,,,,,,,,,,,,,,,,,,,,,,,,
San Juan Island,Geographic Site,Deadman’s Wall,,,,,,,,,,,,,,,,,,,,,,,,,,,,,,
San Juan Island,Geographic Site,Eagle Point,,,,,,,,,,,,,,,,,,,,,,,,,,,,,,
San Miguel Pyramids,Other,Philippines,,,,,,,,,,,,,,,,,,,,,,,,,,,,,,
Sand Key,Geographic Site,USA,,,,,,,,,,,,,,,,,,,,,,,,,,,,,,
Sangalaki Manta Point,Geographic Site,Indonesia,,,,,,,,,,,,,,,,,,,,,,,,,,,,,,
Sanganeb,Geographic Site,Sudan,,,,,,,,,,,,,,,,,,,,,,,,,,,,,,
Sanganeb Atoll - Lighthouse,Geographic Site,Sudan,,,,,,,,,,,,,,,,,,,,,,,,,,,,,,
Santa Cruz,Beach,Davenport Landing,,,,,,,,,,,,,,,,,,,,,,,,,,,,,,
Santa Cruz,Beach,Shark Fin Cove,,,,,,,,,,,,,,,,,,,,,,,,,,,,,,
Santa Marta - Morro Shoal,Geographic Site,Colombia,,,,,,,,,,,,,,,,,,,,,,,,,,,,,,
Santa Rosa,Geographic Site,Mexico,,,,,,,,,,,,,,,,,,,,,,,,,,,,,,
Santa Rosa Wall,Geographic Site,Mexico,,,,,,,,,,,,,,,,,,,,,,,,,,,,,,
Santo Antão - Tarrafal Pinnacle,Geographic Site,Cape Verde,,,,,,,,,,,,,,,,,,,,,,,,,,,,,,
Santos - Laje de Santos,Geographic Site,Brazil,,,,,,,,,,,,,,,,,,,,,,,,,,,,,,
Santos - Naufragio Moreia,Wreck,Brazil,,,,,,,,,,,,,,,,,,,,,,,,,,,,,,
São Jorge - Topo,Geographic Site,Portugal,,,,,,,,,,,,,,,,,,,,,,,,,,,,,,
São Miguel - Vila Franca Islet,Geographic Site,Portugal,,,,,,,,,,,,,,,,,,,,,,,,,,,,,,
São Vicente - São Pedro,Geographic Site,Cape Verde,,,,,,,,,,,,,,,,,,,,,,,,,,,,,,
Sapona Wreck,Wreck,Bahamas,,,,,,,,,,,,,,,,,,,,,,,,,,,,,,
Sardine,Geographic Site,Indonesia,,,,,,,,,,,,,,,,,,,,,,,,,,,,,,
Sardine Run,Geographic Site,Philippines,,,,,,,,,,,,,,,,,,,,,,,,,,,,,,
Satil (Saar) Wreck,Wreck,Israel,,,,,,,,,,,,,,,,,,,,,,,,,,,,,,
Savaii - Lava Fields,Geographic Site,Savai'i,,,,,,,,,,,,,,,,,,,,,,,,,,,,,,
Scapa Flow,Wreck,SMS Karlsruhe,,,,,,,,,,,,,,,,,,,,,,,,,,,,,,
Scapa Flow,Wreck,SMS Markgraf,,,,,,,,,,,,,,,,,,,,,,,,,,,,,,
Scapa Flow - F2 Wreck,Wreck,UK,,,,,,,,,,,,,,,,,,,,,,,,,,,,,,
Scapa Flow - SMS Brummer,Wreck,UK,,,,,,,,,,,,,,,,,,,,,,,,,,,,,,
Scapa Flow - SMS Cöln,Wreck,UK,,,,,,,,,,,,,,,,,,,,,,,,,,,,,,
Scapa Flow - SMS Dresden,Wreck,UK,,,,,,,,,,,,,,,,,,,,,,,,,,,,,,
Scapa Flow - SMS König,Wreck,UK,,,,,,,,,,,,,,,,,,,,,,,,,,,,,,
Scapa Flow - UB - 116 Submarine,Wreck,UK,,,,,,,,,,,,,,,,,,,,,,,,,,,,,,
Scott’s Head Pinnacle,Geographic Site,Dominica,,,,,,,,,,,,,,,,,,,,,,,,,,,,,,
Sea Star Wreck,Wreck,Bahamas,,,,,,,,,,,,,,,,,,,,,,,,,,,,,,
Sea Tiger,Wreck,USA,,,,,,,,,,,,,,,,,,,,,,,,,,,,,,
Sec Pâté,Geographic Site,Guadeloupe,,,,,,,,,,,,,,,,,,,,,,,,,,,,,,
Secca del Papa,Geographic Site,Italy,,,,,,,,,,,,,,,,,,,,,,,,,,,,,,
Secca delle Formiche,Geographic Site,Italy,,,,,,,,,,,,,,,,,,,,,,,,,,,,,,
Secca di Spargi,Geographic Site,Italy,,,,,,,,,,,,,,,,,,,,,,,,,,,,,,
Secret Bay (Gilimanuk),Other,Indonesia,,,,,,,,,,,,,,,,,,,,,,,,,,,,,,
Secret Bay (Mainit),Other,Philippines,,,,,,,,,,,,,,,,,,,,,,,,,,,,,,
Secret Bay (Muck),Other,Philippines,,,,,,,,,,,,,,,,,,,,,,,,,,,,,,
Senegal - Dakar,Geographic Site,Madeleine,,,,,,,,,,,,,,,,,,,,,,,,,,,,,,
Senegal - Dakar,Geographic Site,Les Almadies,,,,,,,,,,,,,,,,,,,,,,,,,,,,,,
Senegal - Dakar,Geographic Site,Ngor,,,,,,,,,,,,,,,,,,,,,,,,,,,,,,
Seopseom,Geographic Site,South Korea,,,,,,,,,,,,,,,,,,,,,,,,,,,,,,
Seraya Secrets,Other,Indonesia,,,,,,,,,,,,,,,,,,,,,,,,,,,,,,
Seven Brothers (Sawabi),Geographic Site,Djibouti,,,,,,,,,,,,,,,,,,,,,,,,,,,,,,
Sha’ab El Erg (Dolphin Reef),Geographic Site,Egypt,,,,,,,,,,,,,,,,,,,,,,,,,,,,,,
Sha’ab Rumi,Geographic Site,Sudan,,,,,,,,,,,,,,,,,,,,,,,,,,,,,,
Sha’ab Rumi - Cousteau’s Precontinent,Other,Sudan,,,,,,,,,,,,,,,,,,,,,,,,,,,,,,
Sha’ab Sabina,Geographic Site,Egypt,,,,,,,,,,,,,,,,,,,,,,,,,,,,,,
Sha’ab Samadai (Dolphin House),Geographic Site,Egypt,,,,,,,,,,,,,,,,,,,,,,,,,,,,,,
Sha’ab Sharm,Geographic Site,Egypt,,,,,,,,,,,,,,,,,,,,,,,,,,,,,,
Shark,Geographic Site,Grenada,,,,,,,,,,,,,,,,,,,,,,,,,,,,,,
Shark & Yolanda Reef,Geographic Site,Egypt,,,,,,,,,,,,,,,,,,,,,,,,,,,,,,
Shark Airport,Geographic Site,Philippines,,,,,,,,,,,,,,,,,,,,,,,,,,,,,,
Shark Alley,Geographic Site,South Africa,,,,,,,,,,,,,,,,,,,,,,,,,,,,,,
Shark Alley,Geographic Site,USA,,,,,,,,,,,,,,,,,,,,,,,,,,,,,,
Shark Arena,Geographic Site,Bahamas,,,,,,,,,,,,,,,,,,,,,,,,,,,,,,
Shark Bank,Geographic Site,Seychelles,,,,,,,,,,,,,,,,,,,,,,,,,,,,,,
Shark Fin Cove,Beach,USA,,,,,,,,,,,,,,,,,,,,,,,,,,,,,,
Shark Junction,Geographic Site,Bahamas,,,,,,,,,,,,,,,,,,,,,,,,,,,,,,
Shark Ledge,Geographic Site,USA,,,,,,,,,,,,,,,,,,,,,,,,,,,,,,
Shark Observatory,Geographic Site,Egypt,,,,,,,,,,,,,,,,,,,,,,,,,,,,,,
Shark Observatory,Geographic Site,French Polynesia,,,,,,,,,,,,,,,,,,,,,,,,,,,,,,
Shark Point,Geographic Site,Vanuatu,,,,,,,,,,,,,,,,,,,,,,,,,,,,,,
Shark Point,Geographic Site,Indonesia,,,,,,,,,,,,,,,,,,,,,,,,,,,,,,
Shark Point (Hin Musang),Geographic Site,Thailand,,,,,,,,,,,,,,,,,,,,,,,,,,,,,,
Shark Ray Alley,Geographic Site,Belize,,,,,,,,,,,,,,,,,,,,,,,,,,,,,,
Shark Reef Marine Reserve - Cathedral,Geographic Site,Fiji,,,,,,,,,,,,,,,,,,,,,,,,,,,,,,
Shark Ridge,Geographic Site,Philippines,,,,,,,,,,,,,,,,,,,,,,,,,,,,,,
Shark Wall,Geographic Site,French Polynesia,,,,,,,,,,,,,,,,,,,,,,,,,,,,,,
Sharks Cove,Beach,USA,,,,,,,,,,,,,,,,,,,,,,,,,,,,,,
Shaw’s Cove,Beach,USA,,,,,,,,,,,,,,,,,,,,,,,,,,,,,,
Shikoku - Kashiwa - jima Reef,Geographic Site,Japan,,,,,,,,,,,,,,,,,,,,,,,,,,,,,,
Shilang,Geographic Site,Taiwan,,,,,,,,,,,,,,,,,,,,,,,,,,,,,,
Siaba Kecil,Geographic Site,Indonesia,,,,,,,,,,,,,,,,,,,,,,,,,,,,,,
Silfra Fissure,Lake,Iceland,,,,,,,,,,,,,,,,,,,,,,,,,,,,,,
Silk Caye,Geographic Site,Belize,,,,,,,,,,,,,,,,,,,,,,,,,,,,,,
Silver Cable,Geographic Site,Bahamas,,,,,,,,,,,,,,,,,,,,,,,,,,,,,,
Sipadan Drop - Off,Geographic Site,Malaysia,,,,,,,,,,,,,,,,,,,,,,,,,,,,,,
Sistema Sac Actun,Cavern/Cave,Mexico,,,,,,,,,,,,,,,,,,,,,,,,,,,,,,
Skellig Michael,Geographic Site,Ireland,,,,,,,,,,,,,,,,,,,,,,,,,,,,,,
Skomer Marine Conservation Zone,Geographic Site,,,,,,,,,,,,,,,,,,,,,,,,,,,,,,,
Snake,Geographic Site,Mauritius,,,,,,,,,,,,,,,,,,,,,,,,,,,,,,
Snapper Ledge,Geographic Site,USA,,,,,,,,,,,,,,,,,,,,,,,,,,,,,,
Socotra - Dihamri Marine Protected Area,Geographic Site,Yemen,,,,,,,,,,,,,,,,,,,,,,,,,,,,,,
Socotra - Qalansiyah,Geographic Site,Yemen,,,,,,,,,,,,,,,,,,,,,,,,,,,,,,
Socotra - Ras Irisseyl,Geographic Site,Yemen,,,,,,,,,,,,,,,,,,,,,,,,,,,,,,
Sodwana Bay - Two Mile,Geographic Site,South Africa,,,,,,,,,,,,,,,,,,,,,,,,,,,,,,
Solitary Island Marine Reserve,Geographic Site,Australia,,,,,,,,,,,,,,,,,,,,,,,,,,,,,,
Sombrero,Geographic Site,USA,,,,,,,,,,,,,,,,,,,,,,,,,,,,,,
Sonesta,Geographic Site,Aruba,,,,,,,,,,,,,,,,,,,,,,,,,,,,,,
South Pass (Tumakohua),Geographic Site,Fakarava,,,,,,,,,,,,,,,,,,,,,,,,,,,,,,
South Pass Wall,Geographic Site,French Polynesia,,,,,,,,,,,,,,,,,,,,,,,,,,,,,,
South Point,Geographic Site,Malaysia,,,,,,,,,,,,,,,,,,,,,,,,,,,,,,
Spooky,Geographic Site,Honduras,,,,,,,,,,,,,,,,,,,,,,,,,,,,,,
SS Algoma,Wreck,USA,,,,,,,,,,,,,,,,,,,,,,,,,,,,,,
SS America,Wreck,USA,,,,,,,,,,,,,,,,,,,,,,,,,,,,,,
SS Cedarville,Wreck,USA,,,,,,,,,,,,,,,,,,,,,,,,,,,,,,
SS Congdon,Wreck,USA,,,,,,,,,,,,,,,,,,,,,,,,,,,,,,
SS Coolidge (ex reference),Wreck,Australia,,,,,,,,,,,,,,,,,,,,,,,,,,,,,,
SS Daniel J. Morrell,Wreck,USA,,,,,,,,,,,,,,,,,,,,,,,,,,,,,,
SS Edmund Fitzgerald,Wreck,USA,,,,,,,,,,,,,,,,,,,,,,,,,,,,,,
SS Emperor,Wreck,USA,,,,,,,,,,,,,,,,,,,,,,,,,,,,,,
SS Kamloops,Wreck,USA,,,,,,,,,,,,,,,,,,,,,,,,,,,,,,
SS Monarch,Wreck,USA,,,,,,,,,,,,,,,,,,,,,,,,,,,,,,
SS Nord,Wreck,Australia,,,,,,,,,,,,,,,,,,,,,,,,,,,,,,
SS President Coolidge,Wreck,Vanuatu,,,,,,,,,,,,,,,,,,,,,,,,,,,,,,
SS President Coolidge - Engine Room,Wreck,Vanuatu,,,,,,,,,,,,,,,,,,,,,,,,,,,,,,
SS Sapona,Wreck,Bahamas,,,,,,,,,,,,,,,,,,,,,,,,,,,,,,
SS Thistlegorm,Wreck,Egypt,,,,,,,,,,,,,,,,,,,,,,,,,,,,,,
SS Yongala,Wreck,Australia,,,,,,,,,,,,,,,,,,,,,,,,,,,,,,
St Abbs & Eyemouth Voluntary Marine Reserve,Geographic Site,,,,,,,,,,,,,,,,,,,,,,,,,,,,,,,
St George Wreck,Wreck,Dominican Republic,,,,,,,,,,,,,,,,,,,,,,,,,,,,,,
St. John’s - Dangerous,Geographic Site,Egypt,,,,,,,,,,,,,,,,,,,,,,,,,,,,,,
St. John’s - Gota Soraya,Geographic Site,Egypt,,,,,,,,,,,,,,,,,,,,,,,,,,,,,,
St. John’s - Habili Ali,Geographic Site,Egypt,,,,,,,,,,,,,,,,,,,,,,,,,,,,,,
St. John’s - Paradise,Geographic Site,Egypt,,,,,,,,,,,,,,,,,,,,,,,,,,,,,,
Stargate Blue Hole,Cavern/Cave,Bahamas,,,,,,,,,,,,,,,,,,,,,,,,,,,,,,
Stavronikita,Wreck,Barbados,,,,,,,,,,,,,,,,,,,,,,,,,,,,,,
Stella Maru,Wreck,Mauritius,,,,,,,,,,,,,,,,,,,,,,,,,,,,,,
Stella Maru Wreck,Wreck,Mauritius,,,,,,,,,,,,,,,,,,,,,,,,,,,,,,
Steve’s Bommie (Ribbon #3),Geographic Site,Australia,,,,,,,,,,,,,,,,,,,,,,,,,,,,,,
Stingray City Sandbar,Geographic Site,Cayman Islands,,,,,,,,,,,,,,,,,,,,,,,,,,,,,,
Stockholm Archipelago - Ljusterö Wall,Geographic Site,Sweden,,,,,,,,,,,,,,,,,,,,,,,,,,,,,,
Stoney Cove Quarry,Lake,,,,,,,,,,,,,,,,,,,,,,,,,,,,,,,
Straits of Mackinac - Cedarville,Wreck,USA,,,,,,,,,,,,,,,,,,,,,,,,,,,,,,
Straits of Mackinac - Eber Ward,Wreck,USA,,,,,,,,,,,,,,,,,,,,,,,,,,,,,,
Straits of Tiran - Gordon,Geographic Site,Egypt,,,,,,,,,,,,,,,,,,,,,,,,,,,,,,
Straits of Tiran - Jackson,Geographic Site,Egypt,,,,,,,,,,,,,,,,,,,,,,,,,,,,,,
Straits of Tiran - Thomas,Geographic Site,Egypt,,,,,,,,,,,,,,,,,,,,,,,,,,,,,,
Straits of Tiran - Woodhouse,Geographic Site,Egypt,,,,,,,,,,,,,,,,,,,,,,,,,,,,,,
Strytan HydrotherMal Chimneys,Geographic Site,Iceland,,,,,,,,,,,,,,,,,,,,,,,,,,,,,,
Sugar Wreck,Wreck,Bahamas,,,,,,,,,,,,,,,,,,,,,,,,,,,,,,
Superior Producer,Wreck,Curaçao,,,,,,,,,,,,,,,,,,,,,,,,,,,,,,
Superman’s Flight,Geographic Site,,,,,,,,,,,,,,,,,,,,,,,,,,,,,,,
Superman’s Flight,Geographic Site,St. Lucia,,,,,,,,,,,,,,,,,,,,,,,,,,,,,,
Susan’s,Geographic Site,Kimbe Bay,,,,,,,,,,,,,,,,,,,,,,,,,,,,,,
Swallows Cave,Cavern/Cave,Tonga,,,,,,,,,,,,,,,,,,,,,,,,,,,,,,
Sweepstakes,Wreck,USA,,,,,,,,,,,,,,,,,,,,,,,,,,,,,,
Sydney - Bare,Beach,Australia,,,,,,,,,,,,,,,,,,,,,,,,,,,,,,
Sydney - Clifton Gardens,Beach,Australia,,,,,,,,,,,,,,,,,,,,,,,,,,,,,,
Sydney - Magic Point,Geographic Site,Australia,,,,,,,,,,,,,,,,,,,,,,,,,,,,,,
Tabaiba - El Peñón Wreck,Wreck,Spain,,,,,,,,,,,,,,,,,,,,,,,,,,,,,,
Tabaiba Wreck,Wreck,Spain,,,,,,,,,,,,,,,,,,,,,,,,,,,,,,
Tabarca Marine Reserve,Geographic Site,Spain,,,,,,,,,,,,,,,,,,,,,,,,,,,,,,
Taganga - El Rodadero,Beach,Colombia,,,,,,,,,,,,,,,,,,,,,,,,,,,,,,
Tajma Ha (Taj - Mahal) Cenote,Cavern/Cave,Mexico,,,,,,,,,,,,,,,,,,,,,,,,,,,,,,
Talata Wreck,Wreck,St. Kitts,,,,,,,,,,,,,,,,,,,,,,,,,,,,,,
Tallinn Bay - Maasilinn Wreck,Wreck,Estonia,,,,,,,,,,,,,,,,,,,,,,,,,,,,,,
Tamarindo,Geographic Site,Puerto Rico,,,,,,,,,,,,,,,,,,,,,,,,,,,,,,
Tangalooma Wrecks,Wreck,Australia,,,,,,,,,,,,,,,,,,,,,,,,,,,,,,
Tanjung Tokong,Geographic Site,Malaysia,,,,,,,,,,,,,,,,,,,,,,,,,,,,,,
Tarpon Alley,Geographic Site,Cayman Islands,,,,,,,,,,,,,,,,,,,,,,,,,,,,,,
Tatawa Besar,Geographic Site,Indonesia,,,,,,,,,,,,,,,,,,,,,,,,,,,,,,
Tayrona - Granate,Geographic Site,Colombia,,,,,,,,,,,,,,,,,,,,,,,,,,,,,,
Tayrona National Park - La Piedra del Medio,Geographic Site,Colombia,,,,,,,,,,,,,,,,,,,,,,,,,,,,,,
Tektite Site,Other,U.S. Virgin Islands,,,,,,,,,,,,,,,,,,,,,,,,,,,,,,
Telephone Pole,Geographic Site,Bahamas,,,,,,,,,,,,,,,,,,,,,,,,,,,,,,
Temple,Geographic Site,Egypt,,,,,,,,,,,,,,,,,,,,,,,,,,,,,,
Terceira - Fradinhos,Geographic Site,Portugal,,,,,,,,,,,,,,,,,,,,,,,,,,,,,,
Teti Wreck,Wreck,Croatia,,,,,,,,,,,,,,,,,,,,,,,,,,,,,,
Thatch Cay,Geographic Site,U.S. Virgin Islands,,,,,,,,,,,,,,,,,,,,,,,,,,,,,,
The Blue Hole,Geographic Site,Bahamas,,,,,,,,,,,,,,,,,,,,,,,,,,,,,,
The Canyon,Cavern/Cave,Egypt,,,,,,,,,,,,,,,,,,,,,,,,,,,,,,
The Canyon,Geographic Site,Mozambique,,,,,,,,,,,,,,,,,,,,,,,,,,,,,,
The Canyon (El Canyon),Geographic Site,Mexico,,,,,,,,,,,,,,,,,,,,,,,,,,,,,,
The Canyons,Geographic Site,Philippines,,,,,,,,,,,,,,,,,,,,,,,,,,,,,,
The Castor Wreck,Wreck,USA,,,,,,,,,,,,,,,,,,,,,,,,,,,,,,
The Cathedral,Cavern/Cave,Indonesia,,,,,,,,,,,,,,,,,,,,,,,,,,,,,,
The Cathedral,Cavern/Cave,Spain,,,,,,,,,,,,,,,,,,,,,,,,,,,,,,
The Cauldron (Shotgun),Geographic Site,Indonesia,,,,,,,,,,,,,,,,,,,,,,,,,,,,,,
The Caves,Cavern/Cave,British Virgin Islands,,,,,,,,,,,,,,,,,,,,,,,,,,,,,,
The Chimneys,Geographic Site,,,,,,,,,,,,,,,,,,,,,,,,,,,,,,,
The Crack,Cavern/Cave,Djibouti,,,,,,,,,,,,,,,,,,,,,,,,,,,,,,
The Crack,Cavern/Cave,Turks & Caicos,,,,,,,,,,,,,,,,,,,,,,,,,,,,,,
The Crevice,Geographic Site,,,,,,,,,,,,,,,,,,,,,,,,,,,,,,,
The Dome,Wreck,Turks & Caicos,,,,,,,,,,,,,,,,,,,,,,,,,,,,,,
The Duane’s Sister Ship (USS Bibb area),Wreck,USA,,,,,,,,,,,,,,,,,,,,,,,,,,,,,,
The Eagle,Wreck,USA,,,,,,,,,,,,,,,,,,,,,,,,,,,,,,
The Indians,Geographic Site,British Virgin Islands,,,,,,,,,,,,,,,,,,,,,,,,,,,,,,
The Indians - Coral Gardens,Geographic Site,British Virgin Islands,,,,,,,,,,,,,,,,,,,,,,,,,,,,,,
The James Eagan Layne,Wreck,,,,,,,,,,,,,,,,,,,,,,,,,,,,,,,
The Magnet (Belongas),Geographic Site,Indonesia,,,,,,,,,,,,,,,,,,,,,,,,,,,,,,
The Manacles,Geographic Site,,,,,,,,,,,,,,,,,,,,,,,,,,,,,,,
The Maze,Geographic Site,,,,,,,,,,,,,,,,,,,,,,,,,,,,,,,
The Passage,Geographic Site,Indonesia,,,,,,,,,,,,,,,,,,,,,,,,,,,,,,
The Pit (El Pit) Cenote,Cavern/Cave,Mexico,,,,,,,,,,,,,,,,,,,,,,,,,,,,,,
The Pitons Wall,Geographic Site,Mexico,,,,,,,,,,,,,,,,,,,,,,,,,,,,,,
The Shark Hole,Cavern/Cave,Tikehau,,,,,,,,,,,,,,,,,,,,,,,,,,,,,,
The Straits - Sandusky,Wreck,USA,,,,,,,,,,,,,,,,,,,,,,,,,,,,,,
The Wall,Geographic Site,Puerto Rico,,,,,,,,,,,,,,,,,,,,,,,,,,,,,,
The Wall,Geographic Site,St. Vincent,,,,,,,,,,,,,,,,,,,,,,,,,,,,,,
The Wall (Taapuna),Geographic Site,French Polynesia,,,,,,,,,,,,,,,,,,,,,,,,,,,,,,
The Washing Machine,Geographic Site,Bahamas,,,,,,,,,,,,,,,,,,,,,,,,,,,,,,
Theo’s Wreck,Wreck,Bahamas,,,,,,,,,,,,,,,,,,,,,,,,,,,,,,
Thingvellir - Davíðsgjá,Lake,Iceland,,,,,,,,,,,,,,,,,,,,,,,,,,,,,,
Third Encounter,Geographic Site,Pinnacles,,,,,,,,,,,,,,,,,,,,,,,,,,,,,,
Thunder Bay - SS Isaac M. Scott,Wreck,USA,,,,,,,,,,,,,,,,,,,,,,,,,,,,,,
Thunder Bay - SS Monohansett,Wreck,USA,,,,,,,,,,,,,,,,,,,,,,,,,,,,,,
Thunderbolt,Wreck,USA,,,,,,,,,,,,,,,,,,,,,,,,,,,,,,
Tiger,Geographic Site,Malaysia,,,,,,,,,,,,,,,,,,,,,,,,,,,,,,
Tiger Beach,Geographic Site,Bahamas,,,,,,,,,,,,,,,,,,,,,,,,,,,,,,
Tiki Point,Geographic Site,French Polynesia,,,,,,,,,,,,,,,,,,,,,,,,,,,,,,
Tiputa,Geographic Site,Rangiroa,,,,,,,,,,,,,,,,,,,,,,,,,,,,,,
Tiputa Pass Outer Wall,Geographic Site,Rangiroa,,,,,,,,,,,,,,,,,,,,,,,,,,,,,,
Tobermory - Arabia,Wreck,USA,,,,,,,,,,,,,,,,,,,,,,,,,,,,,,
Tobermory - Forest City,Wreck,USA,,,,,,,,,,,,,,,,,,,,,,,,,,,,,,
Tobermory - Sweepstakes,Wreck,USA,,,,,,,,,,,,,,,,,,,,,,,,,,,,,,
Tokong Laut (Temple),Geographic Site,Malaysia,,,,,,,,,,,,,,,,,,,,,,,,,,,,,,
Tongue of the Ocean Wall,Geographic Site,Bahamas,,,,,,,,,,,,,,,,,,,,,,,,,,,,,,
Toyapakeh,Geographic Site,Indonesia,,,,,,,,,,,,,,,,,,,,,,,,,,,,,,
Traunsee,Lake,Schlierwand,,,,,,,,,,,,,,,,,,,,,,,,,,,,,,
TrincoMalee - Swami Rock,Geographic Site,Sri Lanka,,,,,,,,,,,,,,,,,,,,,,,,,,,,,,
Trinity Caves,Geographic Site,Cayman Islands,,,,,,,,,,,,,,,,,,,,,,,,,,,,,,
Trois Chapeaux,Geographic Site,Reunion,,,,,,,,,,,,,,,,,,,,,,,,,,,,,,
Tubbataha Reef - North Atoll Wall,Geographic Site,Philippines,,,,,,,,,,,,,,,,,,,,,,,,,,,,,,
Tubbataha Reef - South,Geographic Site,Philippines,,,,,,,,,,,,,,,,,,,,,,,,,,,,,,
Tuffy Canyon,Geographic Site,Belize,,,,,,,,,,,,,,,,,,,,,,,,,,,,,,
Tugboat,Wreck,Curaçao,,,,,,,,,,,,,,,,,,,,,,,,,,,,,,
Tuheiava,Geographic Site,Tikehau,,,,,,,,,,,,,,,,,,,,,,,,,,,,,,
Tulamben Drop - Off,Geographic Site,Indonesia,,,,,,,,,,,,,,,,,,,,,,,,,,,,,,
Tuna Alley,Geographic Site,Bahamas,,,,,,,,,,,,,,,,,,,,,,,,,,,,,,
Tung Ping Chau,Geographic Site,Hong Kong,,,,,,,,,,,,,,,,,,,,,,,,,,,,,,
Tunich,Geographic Site,Mexico,,,,,,,,,,,,,,,,,,,,,,,,,,,,,,
Turneffe Atoll - Black Coral Wall,Geographic Site,Belize,,,,,,,,,,,,,,,,,,,,,,,,,,,,,,
Turneffe Atoll - Grand Bogue,Geographic Site,Belize,,,,,,,,,,,,,,,,,,,,,,,,,,,,,,
Turneffe Atoll - The Elbow,Geographic Site,Belize,,,,,,,,,,,,,,,,,,,,,,,,,,,,,,
Turtle,Geographic Site,Saint Martin,,,,,,,,,,,,,,,,,,,,,,,,,,,,,,
Turtle,Geographic Site,St. Lucia,,,,,,,,,,,,,,,,,,,,,,,,,,,,,,
Turtle Tomb,Cavern/Cave,Malaysia,,,,,,,,,,,,,,,,,,,,,,,,,,,,,,
Twilight Zone,Other,Indonesia,,,,,,,,,,,,,,,,,,,,,,,,,,,,,,
Twin Arches,Geographic Site,Japan,,,,,,,,,,,,,,,,,,,,,,,,,,,,,,
Twin Rocks,Geographic Site,Philippines,,,,,,,,,,,,,,,,,,,,,,,,,,,,,,
Twin Tunnels,Cavern/Cave,Solomon Islands,,,,,,,,,,,,,,,,,,,,,,,,,,,,,,
Ulong,Geographic Site,Palau,,,,,,,,,,,,,,,,,,,,,,,,,,,,,,
Um El Faroud,Wreck,Malta,,,,,,,,,,,,,,,,,,,,,,,,,,,,,,
Umbria Wreck,Wreck,Sudan,,,,,,,,,,,,,,,,,,,,,,,,,,,,,,
Umm Gamar,Geographic Site,Egypt,,,,,,,,,,,,,,,,,,,,,,,,,,,,,,
Uncle Charlie’s Blue Hole,Cavern/Cave,Bahamas,,,,,,,,,,,,,,,,,,,,,,,,,,,,,,
Uncle Tom’s Blue Hole,Cavern/Cave,Bahamas,,,,,,,,,,,,,,,,,,,,,,,,,,,,,,
Uoleva,Geographic Site,Ha’apai,,,,,,,,,,,,,,,,,,,,,,,,,,,,,,
USAT Liberty,Wreck,Indonesia,,,,,,,,,,,,,,,,,,,,,,,,,,,,,,
USAT Liberty Wreck,Wreck,Indonesia,,,,,,,,,,,,,,,,,,,,,,,,,,,,,,
USCGC Bibb,Wreck,USA,,,,,,,,,,,,,,,,,,,,,,,,,,,,,,
USCGC Duane,Wreck,USA,,,,,,,,,,,,,,,,,,,,,,,,,,,,,,
USNS General Hoyt S. Vandenberg,Wreck,USA,,,,,,,,,,,,,,,,,,,,,,,,,,,,,,
USS Arkansas,Wreck,Bikini Atoll,,,,,,,,,,,,,,,,,,,,,,,,,,,,,,
USS Emmons,Wreck,Japan,,,,,,,,,,,,,,,,,,,,,,,,,,,,,,
USS Lamson,Wreck,Bikini Atoll,,,,,,,,,,,,,,,,,,,,,,,,,,,,,,
USS Oriskany,Wreck,USA,,,,,,,,,,,,,,,,,,,,,,,,,,,,,,
USS Saratoga,Wreck,Bikini Atoll,,,,,,,,,,,,,,,,,,,,,,,,,,,,,,
USS Saratoga Flight Deck,Wreck,Bikini Atoll,,,,,,,,,,,,,,,,,,,,,,,,,,,,,,
USS Spiegel Grove,Wreck,USA,,,,,,,,,,,,,,,,,,,,,,,,,,,,,,
Utila - Black Coral Wall,Geographic Site,Honduras,,,,,,,,,,,,,,,,,,,,,,,,,,,,,,
Utila - Black Hills,Geographic Site,Honduras,,,,,,,,,,,,,,,,,,,,,,,,,,,,,,
Utila - Duppy Waters,Geographic Site,Honduras,,,,,,,,,,,,,,,,,,,,,,,,,,,,,,
Utila - Halliburton Wreck,Wreck,Honduras,,,,,,,,,,,,,,,,,,,,,,,,,,,,,,
Utila - Raggedy Cay,Geographic Site,Honduras,,,,,,,,,,,,,,,,,,,,,,,,,,,,,,
Väderöarna - Pinnacle,Geographic Site,Sweden,,,,,,,,,,,,,,,,,,,,,,,,,,,,,,
Valley of the Rays,Geographic Site,Micronesia,,,,,,,,,,,,,,,,,,,,,,,,,,,,,,
Vättern - Eric Nordevall II Wreck,Wreck,Sweden,,,,,,,,,,,,,,,,,,,,,,,,,,,,,,
Verde Island Drop - Off,Geographic Site,Philippines,,,,,,,,,,,,,,,,,,,,,,,,,,,,,,
Veronica L,Wreck,Grenada,,,,,,,,,,,,,,,,,,,,,,,,,,,,,,
Victory,Geographic Site,Bahamas,,,,,,,,,,,,,,,,,,,,,,,,,,,,,,
Villa Blanca Wall,Geographic Site,Mexico,,,,,,,,,,,,,,,,,,,,,,,,,,,,,,
Vivian Quarry,Lake,,,,,,,,,,,,,,,,,,,,,,,,,,,,,,,
Vortex Spring,Cavern/Cave,USA,,,,,,,,,,,,,,,,,,,,,,,,,,,,,,
Wahoo Point,Geographic Site,Milne Bay,,,,,,,,,,,,,,,,,,,,,,,,,,,,,,
Wakaya Passage,Geographic Site,Fiji,,,,,,,,,,,,,,,,,,,,,,,,,,,,,,
Wake Island - Peacock Point,Geographic Site,USA,,,,,,,,,,,,,,,,,,,,,,,,,,,,,,
Walchensee,Lake,Galerie,,,,,,,,,,,,,,,,,,,,,,,,,,,,,,
Weeki Wachee Springs,Other,USA,,,,,,,,,,,,,,,,,,,,,,,,,,,,,,
West Caicos,Geographic Site,Spanish Anchor,,,,,,,,,,,,,,,,,,,,,,,,,,,,,,
West Caicos Wall,Geographic Site,Turks & Caicos,,,,,,,,,,,,,,,,,,,,,,,,,,,,,,
Western Sambo,Geographic Site,USA,,,,,,,,,,,,,,,,,,,,,,,,,,,,,,
Wexford,Wreck,USA,,,,,,,,,,,,,,,,,,,,,,,,,,,,,,
Whale Rock,Geographic Site,Mauritius,,,,,,,,,,,,,,,,,,,,,,,,,,,,,,
White Island - Volkner Rocks Pinnacle,Geographic Site,New Zealand,,,,,,,,,,,,,,,,,,,,,,,,,,,,,,
White Island (Whakaari) - Crater,Geographic Site,New Zealand,,,,,,,,,,,,,,,,,,,,,,,,,,,,,,
White Island (Whakaari) - Volkner Rocks,Geographic Site,New Zealand,,,,,,,,,,,,,,,,,,,,,,,,,,,,,,
White Sea - Polar Circle Wall,Geographic Site,Russia,,,,,,,,,,,,,,,,,,,,,,,,,,,,,,
White Star Quarry,Lake,USA,,,,,,,,,,,,,,,,,,,,,,,,,,,,,,
White Valley,Geographic Site,French Polynesia,,,,,,,,,,,,,,,,,,,,,,,,,,,,,,
Whitefish Point - SS Cedarville,Wreck,USA,,,,,,,,,,,,,,,,,,,,,,,,,,,,,,
Whitefish Point - SS John B. Cowle,Wreck,USA,,,,,,,,,,,,,,,,,,,,,,,,,,,,,,
Whytecliff Park,Beach,Canada,,,,,,,,,,,,,,,,,,,,,,,,,,,,,,
Wilderness Wall,Geographic Site,Cayman Islands,,,,,,,,,,,,,,,,,,,,,,,,,,,,,,
Wing Beach,Beach,,,,,,,,,,,,,,,,,,,,,,,,,,,,,,,
Wingate,Geographic Site,Sudan,,,,,,,,,,,,,,,,,,,,,,,,,,,,,,
Wolf,Geographic Site,Ecuador,,,,,,,,,,,,,,,,,,,,,,,,,,,,,,
Wolf Rock,Geographic Site,Australia,,,,,,,,,,,,,,,,,,,,,,,,,,,,,,
Wreck of Akagi Maru,Wreck,Wake Island,,,,,,,,,,,,,,,,,,,,,,,,,,,,,,
Xisha Island - Yagong,Geographic Site,China,,,,,,,,,,,,,,,,,,,,,,,,,,,,,,
Xisha Island - Yongle,Geographic Site,China,,,,,,,,,,,,,,,,,,,,,,,,,,,,,,
Yanbu - Five Sisters (Shi’b Suflani),Geographic Site,Saudi Arabia,,,,,,,,,,,,,,,,,,,,,,,,,,,,,,
Yanbu - Iona Wreck,Wreck,Saudi Arabia,,,,,,,,,,,,,,,,,,,,,,,,,,,,,,
Yawn Wall,Geographic Site,Canada,,,,,,,,,,,,,,,,,,,,,,,,,,,,,,
YO - 257 & San Pedro,Wreck,USA,,,,,,,,,,,,,,,,,,,,,,,,,,,,,,
Yonaguni Monument,Other,Japan,,,,,,,,,,,,,,,,,,,,,,,,,,,,,,
Yucab,Geographic Site,Mexico,,,,,,,,,,,,,,,,,,,,,,,,,,,,,,
Zabargad,Geographic Site,,,,,,,,,,,,,,,,,,,,,,,,,,,,,,,
Zabargad Island - Turtle,Geographic Site,Egypt,,,,,,,,,,,,,,,,,,,,,,,,,,,,,,
Zainab Wreck,Wreck,,,,,,,,,,,,,,,,,,,,,,,,,,,,,,,
Zenobia,Wreck,Cyprus,,,,,,,,,,,,,,,,,,,,,,,,,,,,,,
Komodo,Geographic Site,Indonesia,,,,,,,,,,,,,,,,,,,,,,,,,,,,,,
Derawan Islands,Geographic Site,Indonesia,,,,,,,,,,,,,,,,,,,,,,,,,,,,,,
Raja Ampat,Geographic Site,Indonesia,,,,,,,,,,,,,,,,,,,,,,,,,,,,,,
Halmahera,Geographic Site,Indonesia,,,,,,,,,,,,,,,,,,,,,,,,,,,,,,
Adunara,Geographic Site,Indonesia,,,,,,,,,,,,,,,,,,,,,,,,,,,,,,
Lembata,Geographic Site,Indonesia,,,,,,,,,,,,,,,,,,,,,,,,,,,,,,
Alor,Geographic Site,Indonesia,,,,,,,,,,,,,,,,,,,,,,,,,,,,,,
The Forgotten islands,Geographic Site,Indonesia,,,,,,,,,,,,,,,,,,,,,,,,,,,,,,
Navy Tug,Wreck,USA,,,,,,,,,,,,,,,,,,,,,,,,,,,,,,
EWA Pinnacles,Geographic Site,USA,,,,,,,,,,,,,,,,,,,,,,,,,,,,,,
Kewalo Pipe,Geographic Site,USA,,,,,,,,,,,,,,,,,,,,,,,,,,,,,,
Padang Bai,Geographic Site,Indonesia,,,,,,,,,,,,,,,,,,,,,,,,,,,,,,
Amed,Geographic Site,Indonesia,,,,,,,,,,,,,,,,,,,,,,,,,,,,,,
Mimpang,Geographic Site,Indonesia,,,,,,,,,,,,,,,,,,,,,,,,,,,,,,
Gili Biaha,Geographic Site,Indonesia,,,,,,,,,,,,,,,,,,,,,,,,,,,,,,
Tepekong,Geographic Site,Indonesia,,,,,,,,,,,,,,,,,,,,,,,,,,,,,,
Crystal Bay,Geographic Site,Indonesia,,,,,,,,,,,,,,,,,,,,,,,,,,,,,,
Nusa Penida,Geographic Site,Indonesia,,,,,,,,,,,,,,,,,,,,,,,,,,,,,,
Kubu,Geographic Site,Indonesia,,,,,,,,,,,,,,,,,,,,,,,,,,,,,,
Les 3 Pics,Geographic Site,France,,,,,,,,,,,,,,,,,,,,,,,,,,,,,,
La Muraillette,Geographic Site,France,,,,,,,,,,,,,,,,,,,,,,,,,,,,,,
Le Vivier,Geographic Site,France,,,,,,,,,,,,,,,,,,,,,,,,,,,,,,
Le Casier Maya,Geographic Site,France,,,,,,,,,,,,,,,,,,,,,,,,,,,,,,
Le Cable,Geographic Site,France,,,,,,,,,,,,,,,,,,,,,,,,,,,,,,
Cap d'Agde,Geographic Site,France,,,,,,,,,,,,,,,,,,,,,,,,,,,,,,
Job's Shelter,Geographic Site,Italy,,,,,,,,,,,,,,,,,,,,,,,,,,,,,,
Acquabella Point,Geographic Site,Italy,,,,,,,,,,,,,,,,,,,,,,,,,,,,,,
Fossacesia Vaporetto,Geographic Site,Italy,,,,,,,,,,,,,,,,,,,,,,,,,,,,,,
Humming Bird Wall,Geographic Site,St. Lucia,,,,,,,,,,,,,,,,,,,,,,,,,,,,,,
Wreck of the Lesleen,Wreck,St. Lucia,,,,,,,,,,,,,,,,,,,,,,,,,,,,,,
Malgretoute,Geographic Site,St. Lucia,,,,,,,,,,,,,,,,,,,,,,,,,,,,,,
Tou Diable,Geographic Site,St. Lucia,,,,,,,,,,,,,,,,,,,,,,,,,,,,,,
Grand Caille,Geographic Site,St. Lucia,,,,,,,,,,,,,,,,,,,,,,,,,,,,,,
Gulf of Saint Florent,Geographic Site,Italy,,,,,,,,,,,,,,,,,,,,,,,,,,,,,,
Tarutao National Marine Park,Geographic Site,Thailand,,,,,,,,,,,,,,,,,,,,,,,,,,,,,,
Honeycomb Reef,Geographic Site,Thailand,,,,,,,,,,,,,,,,,,,,,,,,,,,,,,
Talang Bay,Geographic Site,Thailand,,,,,,,,,,,,,,,,,,,,,,,,,,,,,,
Stonehenge,Geographic Site,Thailand,,,,,,,,,,,,,,,,,,,,,,,,,,,,,,
8 Mile Rock,Geographic Site,Thailand,,,,,,,,,,,,,,,,,,,,,,,,,,,,,,
North Male,Geographic Site,Maldives,,,,,,,,,,,,,,,,,,,,,,,,,,,,,,
South Male,Geographic Site,Maldives,,,,,,,,,,,,,,,,,,,,,,,,,,,,,,
Vaavu,Geographic Site,Maldives,,,,,,,,,,,,,,,,,,,,,,,,,,,,,,
South Ari,Geographic Site,Maldives,,,,,,,,,,,,,,,,,,,,,,,,,,,,,,
North Ari,Geographic Site,Maldives,,,,,,,,,,,,,,,,,,,,,,,,,,,,,,
Meemu,Geographic Site,Maldives,,,,,,,,,,,,,,,,,,,,,,,,,,,,,,
Thaa,Geographic Site,Maldives,,,,,,,,,,,,,,,,,,,,,,,,,,,,,,
Laamu,Geographic Site,Maldives,,,,,,,,,,,,,,,,,,,,,,,,,,,,,,
Gaafu Alif,Geographic Site,Maldives,,,,,,,,,,,,,,,,,,,,,,,,,,,,,,
Gaafu Dhaalu,Geographic Site,Maldives,,,,,,,,,,,,,,,,,,,,,,,,,,,,,,
Fuvahmulah,Geographic Site,Maldives,,,,,,,,,,,,,,,,,,,,,,,,,,,,,,
Addu,Geographic Site,Maldives,,,,,,,,,,,,,,,,,,,,,,,,,,,,,,
Lhaviyani,Geographic Site,Maldives,,,,,,,,,,,,,,,,,,,,,,,,,,,,,,
Raa,Geographic Site,Maldives,,,,,,,,,,,,,,,,,,,,,,,,,,,,,,
Baa,Geographic Site,Maldives,,,,,,,,,,,,,,,,,,,,,,,,,,,,,,
Noonu,Geographic Site,Maldives,,,,,,,,,,,,,,,,,,,,,,,,,,,,,,
Shaviyani,Geographic Site,Maldives,,,,,,,,,,,,,,,,,,,,,,,,,,,,,,
Lembongan,Geographic Site,Indonesia,,,,,,,,,,,,,,,,,,,,,,,,,,,,,,
Lake Hydra,Geographic Site,USA,,,,,,,,,,,,,,,,,,,,,,,,,,,,,,
Lake Phalen,Geographic Site,USA,,,,,,,,,,,,,,,,,,,,,,,,,,,,,,
Perch Lake,Geographic Site,USA,,,,,,,,,,,,,,,,,,,,,,,,,,,,,,
Square Lake,Geographic Site,USA,,,,,,,,,,,,,,,,,,,,,,,,,,,,,,
Curana Iron Mining Area,Geographic Site,USA,,,,,,,,,,,,,,,,,,,,,,,,,,,,,,
Lake Mine,Geographic Site,USA,,,,,,,,,,,,,,,,,,,,,,,,,,,,,,
Lake Ore-Be-Gone,Geographic Site,USA,,,,,,,,,,,,,,,,,,,,,,,,,,,,,,
Lake Superior,Geographic Site,USA,,,,,,,,,,,,,,,,,,,,,,,,,,,,,,
Lake Wazee,Geographic Site,USA,,,,,,,,,,,,,,,,,,,,,,,,,,,,,,
Cenotes,Cavern/Cave,Mexico,,,,,,,,,,,,,,,,,,,,,,,,,,,,,,
Puerto Morelos,Geographic Site,Mexico,,,,,,,,,,,,,,,,,,,,,,,,,,,,,,
Las Redes,Geographic Site,Mexico,,,,,,,,,,,,,,,,,,,,,,,,,,,,,,
Dick's Reef,Geographic Site,Mexico,,,,,,,,,,,,,,,,,,,,,,,,,,,,,,
Motorcycle Reef,Geographic Site,Mexico,,,,,,,,,,,,,,,,,,,,,,,,,,,,,,
Yal-Ku,Geographic Site,Mexico,,,,,,,,,,,,,,,,,,,,,,,,,,,,,,
Tzimin-Ha,Geographic Site,Mexico,,,,,,,,,,,,,,,,,,,,,,,,,,,,,,
Trigger Fish,Geographic Site,Mexico,,,,,,,,,,,,,,,,,,,,,,,,,,,,,,
Gonzalo's Reef,Geographic Site,Mexico,,,,,,,,,,,,,,,,,,,,,,,,,,,,,,
Xa-Ak,Geographic Site,Mexico,,,,,,,,,,,,,,,,,,,,,,,,,,,,,,
Alami Alor House Reef,Geographic Site,Indonesia,,,,,,,,,,,,,,,,,,,,,,,,,,,,,,
Anemone Fields,Geographic Site,Indonesia,,,,,,,,,,,,,,,,,,,,,,,,,,,,,,
Apuri Bay,Geographic Site,Indonesia,,,,,,,,,,,,,,,,,,,,,,,,,,,,,,
The Arch,Geographic Site,Indonesia,,,,,,,,,,,,,,,,,,,,,,,,,,,,,,
Babylon,Geographic Site,Indonesia,,,,,,,,,,,,,,,,,,,,,,,,,,,,,,
Bakalang Pier,Geographic Site,Indonesia,,,,,,,,,,,,,,,,,,,,,,,,,,,,,,
Barry’s Bay,Geographic Site,Indonesia,,,,,,,,,,,,,,,,,,,,,,,,,,,,,,
Black Rhino,Geographic Site,Indonesia,,,,,,,,,,,,,,,,,,,,,,,,,,,,,,
Blue House (Rumah Biru),Geographic Site,Indonesia,,,,,,,,,,,,,,,,,,,,,,,,,,,,,,
Board Room,Geographic Site,Indonesia,,,,,,,,,,,,,,,,,,,,,,,,,,,,,,
The Cathedral,Geographic Site,Indonesia,,,,,,,,,,,,,,,,,,,,,,,,,,,,,,
Clown Valley (Apuri),Geographic Site,Indonesia,,,,,,,,,,,,,,,,,,,,,,,,,,,,,,
Current Alley,Geographic Site,Indonesia,,,,,,,,,,,,,,,,,,,,,,,,,,,,,,
The Edge,Geographic Site,Indonesia,,,,,,,,,,,,,,,,,,,,,,,,,,,,,,
Ghost Town,Geographic Site,Indonesia,,,,,,,,,,,,,,,,,,,,,,,,,,,,,,
Lothar’s Place,Geographic Site,Indonesia,,,,,,,,,,,,,,,,,,,,,,,,,,,,,,
Maria’s Coral Garden,Geographic Site,Indonesia,,,,,,,,,,,,,,,,,,,,,,,,,,,,,,
Matap,Geographic Site,Indonesia,,,,,,,,,,,,,,,,,,,,,,,,,,,,,,
Max’s Point (Big Blue),Geographic Site,Indonesia,,,,,,,,,,,,,,,,,,,,,,,,,,,,,,
Mini Wall,Geographic Site,Indonesia,,,,,,,,,,,,,,,,,,,,,,,,,,,,,,
Mucky Mosque,Geographic Site,Indonesia,,,,,,,,,,,,,,,,,,,,,,,,,,,,,,
Pertamina Pier,Geographic Site,Indonesia,,,,,,,,,,,,,,,,,,,,,,,,,,,,,,
Pleasant Surprise,Geographic Site,Indonesia,,,,,,,,,,,,,,,,,,,,,,,,,,,,,,
Pool Party,Geographic Site,Indonesia,,,,,,,,,,,,,,,,,,,,,,,,,,,,,,
Pussy Galore,Geographic Site,Indonesia,,,,,,,,,,,,,,,,,,,,,,,,,,,,,,
School’s Out,Geographic Site,Indonesia,,,,,,,,,,,,,,,,,,,,,,,,,,,,,,
Secret Bay,Geographic Site,Indonesia,,,,,,,,,,,,,,,,,,,,,,,,,,,,,,
Wishing Well,Geographic Site,Indonesia,,,,,,,,,,,,,,,,,,,,,,,,,,,,,,
Wolang Caves,Geographic Site,Indonesia,,,,,,,,,,,,,,,,,,,,,,,,,,,,,,
Madivaru Corner,Geographic Site,Mexico,,,,,,,,,,,,,,,,,,,,,,,,,,,,,,
Hammerhead Shark Point,Geographic Site,Mexico,,,,,,,,,,,,,,,,,,,,,,,,,,,,,,
Madivaru Channel,Geographic Site,Mexico,,,,,,,,,,,,,,,,,,,,,,,,,,,,,,
Rasdhoo Beyru,Geographic Site,Mexico,,,,,,,,,,,,,,,,,,,,,,,,,,,,,,
Rasdhoo Channel,Geographic Site,Mexico,,,,,,,,,,,,,,,,,,,,,,,,,,,,,,
Holhi Faru,Geographic Site,Mexico,,,,,,,,,,,,,,,,,,,,,,,,,,,,,,
Three Palm,Geographic Site,Mexico,,,,,,,,,,,,,,,,,,,,,,,,,,,,,,
Bodu Gaa,Geographic Site,Mexico,,,,,,,,,,,,,,,,,,,,,,,,,,,,,,
Caves,Geographic Site,Mexico,,,,,,,,,,,,,,,,,,,,,,,,,,,,,,
Miyaru Faru,Geographic Site,Mexico,,,,,,,,,,,,,,,,,,,,,,,,,,,,,,
North Channel,Geographic Site,Mexico,,,,,,,,,,,,,,,,,,,,,,,,,,,,,,
Madi Gaa,Geographic Site,Mexico,,,,,,,,,,,,,,,,,,,,,,,,,,,,,,
Veligandu North,Geographic Site,Mexico,,,,,,,,,,,,,,,,,,,,,,,,,,,,,,
Veligandu East,Geographic Site,Mexico,,,,,,,,,,,,,,,,,,,,,,,,,,,,,,
Reef Explorer Wreck,Wreck,Mexico,,,,,,,,,,,,,,,,,,,,,,,,,,,,,,
Queen Explorer Wreck,Wreck,Mexico,,,,,,,,,,,,,,,,,,,,,,,,,,,,,,
Cathedral,Geographic Site,South Africa,,,,,,,,,,,,,,,,,,,,,,,,,,,,,,
Raggies Cave,Geographic Site,South Africa,,,,,,,,,,,,,,,,,,,,,,,,,,,,,,
Castle,Geographic Site,South Africa,,,,,,,,,,,,,,,,,,,,,,,,,,,,,,
Inside Edge,Geographic Site,South Africa,,,,,,,,,,,,,,,,,,,,,,,,,,,,,,
Outside Edge,Geographic Site,South Africa,,,,,,,,,,,,,,,,,,,,,,,,,,,,,,
Eelskins,Geographic Site,South Africa,,,,,,,,,,,,,,,,,,,,,,,,,,,,,,
North Eastern Pinnacles,Geographic Site,South Africa,,,,,,,,,,,,,,,,,,,,,,,,,,,,,,
North Sands & South Sands,Geographic Site,South Africa,,,,,,,,,,,,,,,,,,,,,,,,,,,,,,
Manta Point,Geographic Site,South Africa,,,,,,,,,,,,,,,,,,,,,,,,,,,,,,
Channel Cave,Geographic Site,South Africa,,,,,,,,,,,,,,,,,,,,,,,,,,,,,,
Shark Dive,Geographic Site,South Africa,,,,,,,,,,,,,,,,,,,,,,,,,,,,,,
Anemone Reef,Geographic Site,Thailand,,,,,,,,,,,,,,,,,,,,,,,,,,,,,,
Green Island,Geographic Site,Thailand,,,,,,,,,,,,,,,,,,,,,,,,,,,,,,
Doc Mai Island,Geographic Site,Thailand,,,,,,,,,,,,,,,,,,,,,,,,,,,,,,
Mai Thon Island,Geographic Site,Thailand,,,,,,,,,,,,,,,,,,,,,,,,,,,,,,
Racha Yai Island,Geographic Site,Thailand,,,,,,,,,,,,,,,,,,,,,,,,,,,,,,
Racha Noi Island,Geographic Site,Thailand,,,,,,,,,,,,,,,,,,,,,,,,,,,,,,
Buddha Islan,Geographic Site,Thailand,,,,,,,,,,,,,,,,,,,,,,,,,,,,,,
Gordon's Bay,Geographic Site,South Africa,,,,,,,,,,,,,,,,,,,,,,,,,,,,,,
Rooiels,Geographic Site,South Africa,,,,,,,,,,,,,,,,,,,,,,,,,,,,,,
Simonstown,Geographic Site,South Africa,,,,,,,,,,,,,,,,,,,,,,,,,,,,,,
Rooi Els,Geographic Site,South Africa,,,,,,,,,,,,,,,,,,,,,,,,,,,,,,
Duppy Waters,Geographic Site,Honduras,,,,,,,,,,,,,,,,,,,,,,,,,,,,,,
CJ's Drop Off,Geographic Site,Honduras,,,,,,,,,,,,,,,,,,,,,,,,,,,,,,
Spotted Bay,Geographic Site,Honduras,,,,,,,,,,,,,,,,,,,,,,,,,,,,,,
Raggedy Cay,Geographic Site,Honduras,,,,,,,,,,,,,,,,,,,,,,,,,,,,,,
Blackish Point,Cavern/Cave,Honduras,,,,,,,,,,,,,,,,,,,,,,,,,,,,,,
Turneffe Atoll,Geographic Site,Belize,,,,,,,,,,,,,,,,,,,,,,,,,,,,,,
Hol Chan Night Dive,Geographic Site,Belize,,,,,,,,,,,,,,,,,,,,,,,,,,,,,,
Barrier Reef,Geographic Site,Belize,,,,,,,,,,,,,,,,,,,,,,,,,,,,,,
Lighthouse Reef Atoll,Geographic Site,Belize,,,,,,,,,,,,,,,,,,,,,,,,,,,,,,
Reign of Neptune,Geographic Site,Italy,,,,,,,,,,,,,,,,,,,,,,,,,,,,,,
Procida,Geographic Site,Italy,,,,,,,,,,,,,,,,,,,,,,,,,,,,,,
Pizzaco,Geographic Site,Italy,,,,,,,,,,,,,,,,,,,,,,,,,,,,,,
Formiche Reef,Geographic Site,Italy,,,,,,,,,,,,,,,,,,,,,,,,,,,,,,
Front Porch Reef Shore Dive,Geographic Site,Honduras,,,,,,,,,,,,,,,,,,,,,,,,,,,,,,
El Aquila Wreck Dive,Wreck,Honduras,,,,,,,,,,,,,,,,,,,,,,,,,,,,,,
The Odyssey Wreck Dive,Wreck,Honduras,,,,,,,,,,,,,,,,,,,,,,,,,,,,,,
Coral Garden,Geographic Site,Honduras,,,,,,,,,,,,,,,,,,,,,,,,,,,,,,
Monterey Bay,Geographic Site,USA,,,,,,,,,,,,,,,,,,,,,,,,,,,,,,
Riviera Maya,Geographic Site,Mexico,,,,,,,,,,,,,,,,,,,,,,,,,,,,,,
Cozumel,Geographic Site,Mexico,,,,,,,,,,,,,,,,,,,,,,,,,,,,,,
Lobos,Geographic Site,Mexico,,,,,,,,,,,,,,,,,,,,,,,,,,,,,,
Venados,Geographic Site,Mexico,,,,,,,,,,,,,,,,,,,,,,,,,,,,,,
Pajaros Islands,Geographic Site,Mexico,,,,,,,,,,,,,,,,,,,,,,,,,,,,,,
Two Steps,Geographic Site,Turks and Caicos,,,,,,,,,,,,,,,,,,,,,,,,,,,,,,
Shark Hotel,Geographic Site,Turks and Caicos,,,,,,,,,,,,,,,,,,,,,,,,,,,,,,
Amphitheatre,Geographic Site,Turks and Caicos,,,,,,,,,,,,,,,,,,,,,,,,,,,,,,
Eel Garden,Geographic Site,Turks and Caicos,,,,,,,,,,,,,,,,,,,,,,,,,,,,,,
Chimney,Geographic Site,Turks and Caicos,,,,,,,,,,,,,,,,,,,,,,,,,,,,,,
Mangel Halto,Geographic Site,Aruba,,,,,,,,,,,,,,,,,,,,,,,,,,,,,,
Arashi Reef,Geographic Site,Aruba,,,,,,,,,,,,,,,,,,,,,,,,,,,,,,
Malmok Reef,Geographic Site,Aruba,,,,,,,,,,,,,,,,,,,,,,,,,,,,,,
Santo Largo Reef,Geographic Site,Aruba,,,,,,,,,,,,,,,,,,,,,,,,,,,,,,
Airplan Wreck,Wreck,Aruba,,,,,,,,,,,,,,,,,,,,,,,,,,,,,,
Baby Beach Reef,Geographic Site,Aruba,,,,,,,,,,,,,,,,,,,,,,,,,,,,,,
Harbour Reef,Geographic Site,Aruba,,,,,,,,,,,,,,,,,,,,,,,,,,,,,,
Finger Reef,Geographic Site,Aruba,,,,,,,,,,,,,,,,,,,,,,,,,,,,,,
The Bistro,Geographic Site,Fiji,,,,,,,,,,,,,,,,,,,,,,,,,,,,,,
Ceasars,Geographic Site,Fiji,,,,,,,,,,,,,,,,,,,,,,,,,,,,,,
ET/Cyclops,Geographic Site,Fiji,,,,,,,,,,,,,,,,,,,,,,,,,,,,,,
Tasu II,Wreck,Fiji,,,,,,,,,,,,,,,,,,,,,,,,,,,,,,
Joe’s Best,Geographic Site,Fiji,,,,,,,,,,,,,,,,,,,,,,,,,,,,,,
Pearl Rock,Geographic Site,Fiji,,,,,,,,,,,,,,,,,,,,,,,,,,,,,,
Glory Hole,Geographic Site,Fiji,,,,,,,,,,,,,,,,,,,,,,,,,,,,,,
Carpet Cove,Geographic Site,Fiji,,,,,,,,,,,,,,,,,,,,,,,,,,,,,,
Seven Sisters,Geographic Site,Fiji,,,,,,,,,,,,,,,,,,,,,,,,,,,,,,
Million Dollar Point,Geographic Site,Fiji,,,,,,,,,,,,,,,,,,,,,,,,,,,,,,
Frogs Leap,Geographic Site,Fiji,,,,,,,,,,,,,,,,,,,,,,,,,,,,,,
Soft Coral Plateau,Geographic Site,Fiji,,,,,,,,,,,,,,,,,,,,,,,,,,,,,,
John’s Tunnel,Geographic Site,Fiji,,,,,,,,,,,,,,,,,,,,,,,,,,,,,,
Calanques National Park,Geographic Site,France,,,,,,,,,,,,,,,,,,,,,,,,,,,,,,
The Donator,Wreck,France,,,,,,,,,,,,,,,,,,,,,,,,,,,,,,
The Greek (Sagona),Wreck,France,,,,,,,,,,,,,,,,,,,,,,,,,,,,,,
The Hellcat,Wreck,France,,,,,,,,,,,,,,,,,,,,,,,,,,,,,,
Marcel,Wreck,France,,,,,,,,,,,,,,,,,,,,,,,,,,,,,,
The Ferrando,Wreck,France,,,,,,,,,,,,,,,,,,,,,,,,,,,,,,
The Spahis,Wreck,France,,,,,,,,,,,,,,,,,,,,,,,,,,,,,,
The Espingole,Wreck,France,,,,,,,,,,,,,,,,,,,,,,,,,,,,,,
The City of Grasse,Wreck,France,,,,,,,,,,,,,,,,,,,,,,,,,,,,,,
The Wildcat,Wreck,France,,,,,,,,,,,,,,,,,,,,,,,,,,,,,,
The Ruby,Wreck,France,,,,,,,,,,,,,,,,,,,,,,,,,,,,,,
The Cement Maker,Wreck,France,,,,,,,,,,,,,,,,,,,,,,,,,,,,,,
Togo,Wreck,France,,,,,,,,,,,,,,,,,,,,,,,,,,,,,,
The Congress Barge,Wreck,France,,,,,,,,,,,,,,,,,,,,,,,,,,,,,,
The Mighty,Wreck,France,,,,,,,,,,,,,,,,,,,,,,,,,,,,,,
Michel C,Wreck,France,,,,,,,,,,,,,,,,,,,,,,,,,,,,,,
The Arroyo,Wreck,France,,,,,,,,,,,,,,,,,,,,,,,,,,,,,,
The Mustang P51,Wreck,France,,,,,,,,,,,,,,,,,,,,,,,,,,,,,,
The Slabs of Bagaud,Geographic Site,France,,,,,,,,,,,,,,,,,,,,,,,,,,,,,,
The tip of the Cross,Geographic Site,France,,,,,,,,,,,,,,,,,,,,,,,,,,,,,,
Maupertuis Point,Geographic Site,France,,,,,,,,,,,,,,,,,,,,,,,,,,,,,,
The Galere Point,Geographic Site,France,,,,,,,,,,,,,,,,,,,,,,,,,,,,,,
Point de Montremian,Geographic Site,France,,,,,,,,,,,,,,,,,,,,,,,,,,,,,,
Ant Island,Geographic Site,France,,,,,,,,,,,,,,,,,,,,,,,,,,,,,,
The Gabiniere,Geographic Site,France,,,,,,,,,,,,,,,,,,,,,,,,,,,,,,
The Ship's Tip,Geographic Site,France,,,,,,,,,,,,,,,,,,,,,,,,,,,,,,
Cape Medes,Geographic Site,France,,,,,,,,,,,,,,,,,,,,,,,,,,,,,,
La Jolla Pinnacles,Geographic Site,USA,,,,,,,,,,,,,,,,,,,,,,,,,,,,,,
Scripps Canyon (La Jolla),Geographic Site,USA,,,,,,,,,,,,,,,,,,,,,,,,,,,,,,
HMC Yukon (Wreck Alley),Wreck,USA,,,,,,,,,,,,,,,,,,,,,,,,,,,,,,
Ruby E. (Wreck Alley),Wreck,USA,,,,,,,,,,,,,,,,,,,,,,,,,,,,,,
El Rey (Wreck Alley),Wreck,USA,,,,,,,,,,,,,,,,,,,,,,,,,,,,,,
6 Fathoms (Point Loma),Geographic Site,USA,,,,,,,,,,,,,,,,,,,,,,,,,,,,,,
New Hope Rock (Point Loma),Geographic Site,USA,,,,,,,,,,,,,,,,,,,,,,,,,,,,,,
Horsehead Reef (Point Loma),Geographic Site,USA,,,,,,,,,,,,,,,,,,,,,,,,,,,,,,
Dino Head (Point Loma),Geographic Site,USA,,,,,,,,,,,,,,,,,,,,,,,,,,,,,,
Train Wheels (Point Loma),Geographic Site,USA,,,,,,,,,,,,,,,,,,,,,,,,,,,,,,
Lobster Shack (Coronado Islands),Geographic Site,Mexico,,,,,,,,,,,,,,,,,,,,,,,,,,,,,,
Keyhole (Coronado Islands),Geographic Site,Mexico,,,,,,,,,,,,,,,,,,,,,,,,,,,,,,
Middle Grounds (Coronado Islands),Geographic Site,Mexico,,,,,,,,,,,,,,,,,,,,,,,,,,,,,,
Bonne Terre Mine,Cavern/Cave,USA,,,,,,,,,,,,,,,,,,,,,,,,,,,,,,
Devil's Lake State Park,Geographic Site,USA,,,,,,,,,,,,,,,,,,,,,,,,,,,,,,
Fox Brook County Park,Geographic Site,USA,,,,,,,,,,,,,,,,,,,,,,,,,,,,,,
Lannon Quarry,Geographic Site,USA,,,,,,,,,,,,,,,,,,,,,,,,,,,,,,
Lower Genesee,Geographic Site,USA,,,,,,,,,,,,,,,,,,,,,,,,,,,,,,
Moose Lake,Geographic Site,USA,,,,,,,,,,,,,,,,,,,,,,,,,,,,,,
Nagawicka Lake,Geographic Site,USA,,,,,,,,,,,,,,,,,,,,,,,,,,,,,,
Pearl Lake,Geographic Site,USA,,,,,,,,,,,,,,,,,,,,,,,,,,,,,,
Pleasant Prairie RecPlex,Geographic Site,USA,,,,,,,,,,,,,,,,,,,,,,,,,,,,,,
SS Appomattox (Lake Michigan),Wreck,USA,,,,,,,,,,,,,,,,,,,,,,,,,,,,,,
Dredge No.6 (Lake Michigan),Wreck,USA,,,,,,,,,,,,,,,,,,,,,,,,,,,,,,
Gillen Tug (Lake Michigan),Wreck,USA,,,,,,,,,,,,,,,,,,,,,,,,,,,,,,
Lake Shore State Park - Milwaukee (Lake Michigan),Geographic Site,USA,,,,,,,,,,,,,,,,,,,,,,,,,,,,,,
Lumberman (Lake Michigan),Wreck,USA,,,,,,,,,,,,,,,,,,,,,,,,,,,,,,
Milwaukee Car Ferry (Lake Michigan),Wreck,USA,,,,,,,,,,,,,,,,,,,,,,,,,,,,,,
Niagra (Lake Michigan),Wreck,USA,,,,,,,,,,,,,,,,,,,,,,,,,,,,,,
Northerner  (Lake Michigan),Wreck,USA,,,,,,,,,,,,,,,,,,,,,,,,,,,,,,
Prins Willem V (Lake Michigan),Wreck,USA,,,,,,,,,,,,,,,,,,,,,,,,,,,,,,
Barge Transfer (Lake Michigan,Wreck,USA,,,,,,,,,,,,,,,,,,,,,,,,,,,,,,
SS Wisconsin (Lake Michigan),Wreck,USA,,,,,,,,,,,,,,,,,,,,,,,,,,,,,,
Racine Quarry,Geographic Site,USA,,,,,,,,,,,,,,,,,,,,,,,,,,,,,,
Wazee Lake,Geographic Site,USA,,,,,,,,,,,,,,,,,,,,,,,,,,,,,,
Alexander Ramsey (Liberty Ship),Wreck,USA,,,,,,,,,,,,,,,,,,,,,,,,,,,,,,
Socony,Wreck,USA,,,,,,,,,,,,,,,,,,,,,,,,,,,,,,
Dredge Wreck,Wreck,USA,,,,,,,,,,,,,,,,,,,,,,,,,,,,,,
Stone Tug,Wreck,USA,,,,,,,,,,,,,,,,,,,,,,,,,,,,,,
Pocahontas Tug,Wreck,USA,,,,,,,,,,,,,,,,,,,,,,,,,,,,,,
School House Barge,Wreck,USA,,,,,,,,,,,,,,,,,,,,,,,,,,,,,,
Hyde,Wreck,USA,,,,,,,,,,,,,,,,,,,,,,,,,,,,,,
Markham,Geographic Site,USA,,,,,,,,,,,,,,,,,,,,,,,,,,,,,,
Brian Davis Wreck,Wreck,USA,,,,,,,,,,,,,,,,,,,,,,,,,,,,,,
John D. Gill (WR-4),Wreck,USA,,,,,,,,,,,,,,,,,,,,,,,,,,,,,,
23 Mile Ledge,Wreck,USA,,,,,,,,,,,,,,,,,,,,,,,,,,,,,,
Sue’s Ledge,Geographic Site,USA,,,,,,,,,,,,,,,,,,,,,,,,,,,,,,
Lobster Ledge,Geographic Site,USA,,,,,,,,,,,,,,,,,,,,,,,,,,,,,,
Esso Nashville,Wreck,USA,,,,,,,,,,,,,,,,,,,,,,,,,,,,,,
Stacey’s Ledge/Anna’s Ledge/Dew’s Ledge,Geographic Site,USA,,,,,,,,,,,,,,,,,,,,,,,,,,,,,,
Normannia,Wreck,USA,,,,,,,,,,,,,,,,,,,,,,,,,,,,,,
Rosin Wreck,Wreck,USA,,,,,,,,,,,,,,,,,,,,,,,,,,,,,,
Cassimir,Geographic Site,USA,,,,,,,,,,,,,,,,,,,,,,,,,,,,,,
Fossil Ledge (wreck reel and SMT required),Wreck,USA,,,,,,,,,,,,,,,,,,,,,,,,,,,,,,
Ed’s Lobster Wreck,Wreck,USA,,,,,,,,,,,,,,,,,,,,,,,,,,,,,,
Frying Pan Tower,Geographic Site,USA,,,,,,,,,,,,,,,,,,,,,,,,,,,,,,
Greg MicKey Wreck,Wreck,USA,,,,,,,,,,,,,,,,,,,,,,,,,,,,,,
City of Houston,Geographic Site,USA,,,,,,,,,,,,,,,,,,,,,,,,,,,,,,
18 Fathom Wreck,Wreck,USA,,,,,,,,,,,,,,,,,,,,,,,,,,,,,,
Hood Canal,Geographic Site,USA,,,,,,,,,,,,,,,,,,,,,,,,,,,,,,
Batanta Island,Geographic Site,Indonesia,,,,,,,,,,,,,,,,,,,,,,,,,,,,,,
Penemu Area,Geographic Site,Indonesia,,,,,,,,,,,,,,,,,,,,,,,,,,,,,,
Dampier Strait,Geographic Site,Indonesia,,,,,,,,,,,,,,,,,,,,,,,,,,,,,,
Misool,Geographic Site,Indonesia,,,,,,,,,,,,,,,,,,,,,,,,,,,,,,
The Great Lower,Geographic Site,France,,,,,,,,,,,,,,,,,,,,,,,,,,,,,,
Kein Greis,Geographic Site,France,,,,,,,,,,,,,,,,,,,,,,,,,,,,,,
The people of Pordic,Geographic Site,France,,,,,,,,,,,,,,,,,,,,,,,,,,,,,,
Low Coneu,Geographic Site,France,,,,,,,,,,,,,,,,,,,,,,,,,,,,,,
Little Lejon,Geographic Site,France,,,,,,,,,,,,,,,,,,,,,,,,,,,,,,
Low SE,Geographic Site,France,,,,,,,,,,,,,,,,,,,,,,,,,,,,,,
Gran Lejon,Geographic Site,France,,,,,,,,,,,,,,,,,,,,,,,,,,,,,,
Madeux,Geographic Site,France,,,,,,,,,,,,,,,,,,,,,,,,,,,,,,
Basse Bléhé,Geographic Site,France,,,,,,,,,,,,,,,,,,,,,,,,,,,,,,
Small SE,Geographic Site,France,,,,,,,,,,,,,,,,,,,,,,,,,,,,,,
Caffa,Geographic Site,France,,,,,,,,,,,,,,,,,,,,,,,,,,,,,,
The birds,Geographic Site,France,,,,,,,,,,,,,,,,,,,,,,,,,,,,,,
Plateau des Hors,Geographic Site,France,,,,,,,,,,,,,,,,,,,,,,,,,,,,,,
Falling from the Outside,Geographic Site,France,,,,,,,,,,,,,,,,,,,,,,,,,,,,,,
Large foundation,Geographic Site,France,,,,,,,,,,,,,,,,,,,,,,,,,,,,,,
Petite Parfonde,Geographic Site,France,,,,,,,,,,,,,,,,,,,,,,,,,,,,,,
The Luron,Geographic Site,France,,,,,,,,,,,,,,,,,,,,,,,,,,,,,,
The Mallow,Geographic Site,France,,,,,,,,,,,,,,,,,,,,,,,,,,,,,,
Harbour,Geographic Site,France,,,,,,,,,,,,,,,,,,,,,,,,,,,,,,
Bass of the smoky,Geographic Site,France,,,,,,,,,,,,,,,,,,,,,,,,,,,,,,
The long,Geographic Site,France,,,,,,,,,,,,,,,,,,,,,,,,,,,,,,
The round,Geographic Site,France,,,,,,,,,,,,,,,,,,,,,,,,,,,,,,
The apple tree,Geographic Site,France,,,,,,,,,,,,,,,,,,,,,,,,,,,,,,
St Kilda,Wreck,France,,,,,,,,,,,,,,,,,,,,,,,,,,,,,,
Wreck of the Hors (Sea Spray),Wreck,France,,,,,,,,,,,,,,,,,,,,,,,,,,,,,,
As you can,Wreck,France,,,,,,,,,,,,,,,,,,,,,,,,,,,,,,
Le Molène,Wreck,France,,,,,,,,,,,,,,,,,,,,,,,,,,,,,,
The Forwards,Wreck,France,,,,,,,,,,,,,,,,,,,,,,,,,,,,,,
The Heldge,Wreck,France,,,,,,,,,,,,,,,,,,,,,,,,,,,,,,
Aruba,Geographic Site,Aruba,,,,,,,,,,,,,,,,,,,,,,,,,,,,,,
Wreck Diving,Wreck,USA,,,,,,,,,,,,,,,,,,,,,,,,,,,,,,
Aquarium Dive,Geographic Site,USA,,,,,,,,,,,,,,,,,,,,,,,,,,,,,,
Destination Diving,Geographic Site,World,,,,,,,,,,,,,,,,,,,,,,,,,,,,,,
Gilis,Geographic Site,Indonesia,,,,,,,,,,,,,,,,,,,,,,,,,,,,,,
Sanur,Geographic Site,Indonesia,,,,,,,,,,,,,,,,,,,,,,,,,,,,,,
Tulamben,Geographic Site,Indonesia,,,,,,,,,,,,,,,,,,,,,,,,,,,,,,
Marseille,Geographic Site,France,,,,,,,,,,,,,,,,,,,,,,,,,,,,,,
Biarritz,Geographic Site,France,,,,,,,,,,,,,,,,,,,,,,,,,,,,,,
Basque Country,Geographic Site,France,,,,,,,,,,,,,,,,,,,,,,,,,,,,,,
Los Cabos,Geographic Site,Mexico,,,,,,,,,,,,,,,,,,,,,,,,,,,,,,
La Paz,Geographic Site,Mexico,,,,,,,,,,,,,,,,,,,,,,,,,,,,,,
Loreto,Geographic Site,Mexico,,,,,,,,,,,,,,,,,,,,,,,,,,,,,,
Isla Espíritu Santo,Geographic Site,Mexico,,,,,,,,,,,,,,,,,,,,,,,,,,,,,,
Isla Cerralvo,Geographic Site,Mexico,,,,,,,,,,,,,,,,,,,,,,,,,,,,,,
Cabo Pulmo,Geographic Site,Mexico,,,,,,,,,,,,,,,,,,,,,,,,,,,,,,
San Ignacio,Geographic Site,Mexico,,,,,,,,,,,,,,,,,,,,,,,,,,,,,,
Isla Espiritu Santo,Geographic Site,Mexico,,,,,,,,,,,,,,,,,,,,,,,,,,,,,,
Sea of Cortez,Geographic Site,Mexico,,,,,,,,,,,,,,,,,,,,,,,,,,,,,,
Dropoff,Geographic Site,Indonesia,,,,,,,,,,,,,,,,,,,,,,,,,,,,,,
Batu Belah,Geographic Site,Indonesia,,,,,,,,,,,,,,,,,,,,,,,,,,,,,,
Sidem,Geographic Site,Indonesia,,,,,,,,,,,,,,,,,,,,,,,,,,,,,,
Embral,Geographic Site,Indonesia,,,,,,,,,,,,,,,,,,,,,,,,,,,,,,
Palung,Geographic Site,Indonesia,,,,,,,,,,,,,,,,,,,,,,,,,,,,,,
Alamanda,Geographic Site,Indonesia,,,,,,,,,,,,,,,,,,,,,,,,,,,,,,
Boga,Wreck,Indonesia,,,,,,,,,,,,,,,,,,,,,,,,,,,,,,
Mutiara,Geographic Site,Indonesia,,,,,,,,,,,,,,,,,,,,,,,,,,,,,,
Batu Nitu,Geographic Site,Indonesia,,,,,,,,,,,,,,,,,,,,,,,,,,,,,,
Nusa Lembongan,Geographic Site,Indonesia,,,,,,,,,,,,,,,,,,,,,,,,,,,,,,
Nisa Penida,Geographic Site,Indonesia,,,,,,,,,,,,,,,,,,,,,,,,,,,,,,
Gili Islands,Geographic Site,Indonesia,,,,,,,,,,,,,,,,,,,,,,,,,,,,,,
South Bali,Geographic Site,Indonesia,,,,,,,,,,,,,,,,,,,,,,,,,,,,,,
North Bali,Geographic Site,Indonesia,,,,,,,,,,,,,,,,,,,,,,,,,,,,,,
San Andres Islands,Geographic Site,Colombia,,,,,,,,,,,,,,,,,,,,,,,,,,,,,,
KVI Tower,Geographic Site,United States,,,,,,,,,,,,,,,,,,,,,,,,,,,,,,
Barges at Maury Island,Wreck,United States,,,,,,,,,,,,,,,,,,,,,,,,,,,,,,
Dalco Wall,Geographic Site,United States,,,,,,,,,,,,,,,,,,,,,,,,,,,,,,
Sunrise County Park,Geographic Site,United States,,,,,,,,,,,,,,,,,,,,,,,,,,,,,,
Point Richmond Minesweeper,Geographic Site,United States,,,,,,,,,,,,,,,,,,,,,,,,,,,,,,
Point Defiance North Wall,Geographic Site,United States,,,,,,,,,,,,,,,,,,,,,,,,,,,,,,
Point Defiance West Wall,Geographic Site,United States,,,,,,,,,,,,,,,,,,,,,,,,,,,,,,
East Side Tacoma Narrows,Geographic Site,United States,,,,,,,,,,,,,,,,,,,,,,,,,,,,,,
West Stanchion Tacoma Narrows,Geographic Site,United States,,,,,,,,,,,,,,,,,,,,,,,,,,,,,,
Day Island Wall,Geographic Site,United States,,,,,,,,,,,,,,,,,,,,,,,,,,,,,,
Z's Reef,Geographic Site,United States,,,,,,,,,,,,,,,,,,,,,,,,,,,,,,
Fox Island East Wall,Geographic Site,United States,,,,,,,,,,,,,,,,,,,,,,,,,,,,,,
Lahami Bay,Geographic Site,Egypt,,,,,,,,,,,,,,,,,,,,,,,,,,,,,,
Roatan South Shore,Geographic Site,Roatan,,,,,,,,,,,,,,,,,,,,,,,,,,,,,,
Abrolhos Islands,Geographic Site,Australia,,,,,,,,,,,,,,,,,,,,,,,,,,,,,,
Koh Chang,Geographic Site,Thailand,,,,,,,,,,,,,,,,,,,,,,,,,,,,,,
Koh Rang National Park,Geographic Site,Thailand,,,,,,,,,,,,,,,,,,,,,,,,,,,,,,
Koh Kood,Geographic Site,Thailand,,,,,,,,,,,,,,,,,,,,,,,,,,,,,,
Anaheim Bay Breakwater,Geographic Site,United States,,,,,,,,,,,,,,,,,,,,,,,,,,,,,,
Bolsa Chica,Geographic Site,United States,,,,,,,,,,,,,,,,,,,,,,,,,,,,,,
Huntington Beach,Geographic Site,United States,,,,,,,,,,,,,,,,,,,,,,,,,,,,,,
Newport Pier,Geographic Site,United States,,,,,,,,,,,,,,,,,,,,,,,,,,,,,,
The Wedge,Geographic Site,United States,,,,,,,,,,,,,,,,,,,,,,,,,,,,,,
Corona Del Mar,Geographic Site,United States,,,,,,,,,,,,,,,,,,,,,,,,,,,,,,
Little Corona,Geographic Site,United States,,,,,,,,,,,,,,,,,,,,,,,,,,,,,,
Horse Ranch,Geographic Site,United States,,,,,,,,,,,,,,,,,,,,,,,,,,,,,,
Crystal Cove Underwater Park,Geographic Site,United States,,,,,,,,,,,,,,,,,,,,,,,,,,,,,,
Reef Point/Scotchman's Cove,Geographic Site,United States,,,,,,,,,,,,,,,,,,,,,,,,,,,,,,
Corsair,Geographic Site,United States,,,,,,,,,,,,,,,,,,,,,,,,,,,,,,
Historic Anchor,Geographic Site,United States,,,,,,,,,,,,,,,,,,,,,,,,,,,,,,
Irvine Cove,Geographic Site,United States,,,,,,,,,,,,,,,,,,,,,,,,,,,,,,
Emerald Bay,Geographic Site,United States,,,,,,,,,,,,,,,,,,,,,,,,,,,,,,
Crescent Bay (Seal Rock),Geographic Site,United States,,,,,,,,,,,,,,,,,,,,,,,,,,,,,,
Deadman's Reef,Geographic Site,United States,,,,,,,,,,,,,,,,,,,,,,,,,,,,,,
Great Riviera Boat Dive!,Geographic Site,United States,,,,,,,,,,,,,,,,,,,,,,,,,,,,,,
Shaw's Cove,Geographic Site,United States,,,,,,,,,,,,,,,,,,,,,,,,,,,,,,
Fisherman's Cove,Geographic Site,United States,,,,,,,,,,,,,,,,,,,,,,,,,,,,,,
Diver's Cove,Geographic Site,United States,,,,,,,,,,,,,,,,,,,,,,,,,,,,,,
Picnic Beach,Geographic Site,United States,,,,,,,,,,,,,,,,,,,,,,,,,,,,,,
Rocky Beach,Geographic Site,United States,,,,,,,,,,,,,,,,,,,,,,,,,,,,,,
Heisler Park,Geographic Site,United States,,,,,,,,,,,,,,,,,,,,,,,,,,,,,,
"Kelp, kelp, kelp.",Geographic Site,United States,,,,,,,,,,,,,,,,,,,,,,,,,,,,,,
Main Beach,Geographic Site,United States,,,,,,,,,,,,,,,,,,,,,,,,,,,,,,
Cleo Street Barge,Geographic Site,United States,,,,,,,,,,,,,,,,,,,,,,,,,,,,,,
Broadway Reef,Geographic Site,United States,,,,,,,,,,,,,,,,,,,,,,,,,,,,,,
A Riviera favorite!,Geographic Site,United States,,,,,,,,,,,,,,,,,,,,,,,,,,,,,,
Cress Street,Geographic Site,United States,,,,,,,,,,,,,,,,,,,,,,,,,,,,,,
Wood's Cove,Geographic Site,United States,,,,,,,,,,,,,,,,,,,,,,,,,,,,,,
Riviera takes you to deep reefs!,Geographic Site,United States,,,,,,,,,,,,,,,,,,,,,,,,,,,,,,
Moss Point,Geographic Site,United States,,,,,,,,,,,,,,,,,,,,,,,,,,,,,,
Victoria Street,Geographic Site,United States,,,,,,,,,,,,,,,,,,,,,,,,,,,,,,
Treasure Island,Geographic Site,United States,,,,,,,,,,,,,,,,,,,,,,,,,,,,,,
Riviera Accessible!,Geographic Site,United States,,,,,,,,,,,,,,,,,,,,,,,,,,,,,,
Aliso Beach,Geographic Site,United States,,,,,,,,,,,,,,,,,,,,,,,,,,,,,,
Thousand Steps (Salt Creek),Geographic Site,United States,,,,,,,,,,,,,,,,,,,,,,,,,,,,,,
Monarch Point,Geographic Site,United States,,,,,,,,,,,,,,,,,,,,,,,,,,,,,,
Riviera Favorite!,Geographic Site,United States,,,,,,,,,,,,,,,,,,,,,,,,,,,,,,
Three Arch Bay,Geographic Site,United States,,,,,,,,,,,,,,,,,,,,,,,,,,,,,,
A.C.E. Wreck,Geographic Site,United States,,,,,,,,,,,,,,,,,,,,,,,,,,,,,,
San Clemente Rocks,Geographic Site,United States,,,,,,,,,,,,,,,,,,,,,,,,,,,,,,
Sunset Wreck,Geographic Site,United States,,,,,,,,,,,,,,,,,,,,,,,,,,,,,,
Gary's Barge,Geographic Site,United States,,,,,,,,,,,,,,,,,,,,,,,,,,,,,,
Savino's,Geographic Site,United States,,,,,,,,,,,,,,,,,,,,,,,,,,,,,,
Elsie I,Geographic Site,United States,,,,,,,,,,,,,,,,,,,,,,,,,,,,,,
Barge Rock,Geographic Site,United States,,,,,,,,,,,,,,,,,,,,,,,,,,,,,,
HB Trawler,Geographic Site,United States,,,,,,,,,,,,,,,,,,,,,,,,,,,,,,
HB Barge,Geographic Site,United States,,,,,,,,,,,,,,,,,,,,,,,,,,,,,,
Margaret F.,Geographic Site,United States,,,,,,,,,,,,,,,,,,,,,,,,,,,,,,
P38 Lightning,Geographic Site,United States,,,,,,,,,,,,,,,,,,,,,,,,,,,,,,
Frontier,Geographic Site,United States,,,,,,,,,,,,,,,,,,,,,,,,,,,,,,
Izor's Reef,Geographic Site,United States,,,,,,,,,,,,,,,,,,,,,,,,,,,,,,
Ambergris Caye,Geographic Site,Belize,,,,,,,,,,,,,,,,,,,,,,,,,,,,,,
Hol Chan Marine Reserve,Geographic Site,Belize,,,,,,,,,,,,,,,,,,,,,,,,,,,,,,
Belize Barrier Reef,Geographic Site,Belize,,,,,,,,,,,,,,,,,,,,,,,,,,,,,,
Fiji Shark Dives,Geographic Site,Fiji,,,,,,,,,,,,,,,,,,,,,,,,,,,,,,
Ceasar's Rock,Geographic Site,Fiji,,,,,,,,,,,,,,,,,,,,,,,,,,,,,,
7 Sisters,Geographic Site,Fiji,,,,,,,,,,,,,,,,,,,,,,,,,,,,,,
Swim-Through City / Bird Island,Geographic Site,Fiji,,,,,,,,,,,,,,,,,,,,,,,,,,,,,,
Turtle Head,Geographic Site,Fiji,,,,,,,,,,,,,,,,,,,,,,,,,,,,,,
3 Nuns,Geographic Site,Fiji,,,,,,,,,,,,,,,,,,,,,,,,,,,,,,
South Caicos,Geographic Site,Turks and Caicos,,,,,,,,,,,,,,,,,,,,,,,,,,,,,,
Grace Bay,Geographic Site,Turks and Caicos,,,,,,,,,,,,,,,,,,,,,,,,,,,,,,
Pine Cay,Geographic Site,Turks and Caicos,,,,,,,,,,,,,,,,,,,,,,,,,,,,,,
North West Point,Geographic Site,Turks and Caicos,,,,,,,,,,,,,,,,,,,,,,,,,,,,,,
French Cay,Geographic Site,Turks and Caicos,,,,,,,,,,,,,,,,,,,,,,,,,,,,,,
West Sand Spit,Geographic Site,Turks and Caicos,,,,,,,,,,,,,,,,,,,,,,,,,,,,,,
West Caicos,Geographic Site,Turks and Caicos,,,,,,,,,,,,,,,,,,,,,,,,,,,,,,
Underwater Museum,Geographic Site,Egypt,,,,,,,,,,,,,,,,,,,,,,,,,,,,,,
The Bells,Geographic Site,Egypt,,,,,,,,,,,,,,,,,,,,,,,,,,,,,,
Tiger Reef,Geographic Site,Egypt,,,,,,,,,,,,,,,,,,,,,,,,,,,,,,
The Islands,Geographic Site,Egypt,,,,,,,,,,,,,,,,,,,,,,,,,,,,,,
Abu Galum,Geographic Site,Egypt,,,,,,,,,,,,,,,,,,,,,,,,,,,,,,
Moray Garden,Geographic Site,Egypt,,,,,,,,,,,,,,,,,,,,,,,,,,,,,,
Three Pools,Geographic Site,Egypt,,,,,,,,,,,,,,,,,,,,,,,,,,,,,,
Similan National Park,Geographic Site,Thailand,,,,,,,,,,,,,,,,,,,,,,,,,,,,,,
Surin Islands,Geographic Site,Thailand,,,,,,,,,,,,,,,,,,,,,,,,,,,,,,
Christmas Point,Geographic Site,Thailand,,,,,,,,,,,,,,,,,,,,,,,,,,,,,,
Koh Bon West Ridge,Geographic Site,Thailand,,,,,,,,,,,,,,,,,,,,,,,,,,,,,,
Koh Tachai Pinnacle,Geographic Site,Thailand,,,,,,,,,,,,,,,,,,,,,,,,,,,,,,
North Point,Geographic Site,Thailand,,,,,,,,,,,,,,,,,,,,,,,,,,,,,,
Three Trees,Geographic Site,Thailand,,,,,,,,,,,,,,,,,,,,,,,,,,,,,,
Tuna Wreck,Wreck,Thailand,,,,,,,,,,,,,,,,,,,,,,,,,,,,,,
West of Eden,Geographic Site,Thailand,,,,,,,,,,,,,,,,,,,,,,,,,,,,,,
AOW Pakkad,Geographic Site,Thailand,,,,,,,,,,,,,,,,,,,,,,,,,,,,,,
Batu Kapal,Geographic Site,Indonesia,,,,,,,,,,,,,,,,,,,,,,,,,,,,,,
Dante's Wall,Geographic Site,Indonesia,,,,,,,,,,,,,,,,,,,,,,,,,,,,,,
Jiko Yansi,Geographic Site,Indonesia,,,,,,,,,,,,,,,,,,,,,,,,,,,,,,
Pulau Putus,Geographic Site,Indonesia,,,,,,,,,,,,,,,,,,,,,,,,,,,,,,
Kainah's Treasure,Geographic Site,Indonesia,,,,,,,,,,,,,,,,,,,,,,,,,,,,,,
California Dreaming,Geographic Site,Indonesia,,,,,,,,,,,,,,,,,,,,,,,,,,,,,,
Batu Angus,Geographic Site,Indonesia,,,,,,,,,,,,,,,,,,,,,,,,,,,,,,
AW Shucks,Geographic Site,Indonesia,,,,,,,,,,,,,,,,,,,,,,,,,,,,,,
Batu Merah,Geographic Site,Indonesia,,,,,,,,,,,,,,,,,,,,,,,,,,,,,,
Heynus,Geographic Site,Indonesia,,,,,,,,,,,,,,,,,,,,,,,,,,,,,,
Angel's Window,Geographic Site,Indonesia,,,,,,,,,,,,,,,,,,,,,,,,,,,,,,
Binuang,Geographic Site,Indonesia,,,,,,,,,,,,,,,,,,,,,,,,,,,,,,
Hairbal,Geographic Site,Indonesia,,,,,,,,,,,,,,,,,,,,,,,,,,,,,,
Hairbal Too,Geographic Site,Indonesia,,,,,,,,,,,,,,,,,,,,,,,,,,,,,,
TK,Geographic Site,Indonesia,,,,,,,,,,,,,,,,,,,,,,,,,,,,,,
Batu Sandar,Geographic Site,Indonesia,,,,,,,,,,,,,,,,,,,,,,,,,,,,,,
Larry's Crack,Geographic Site,Indonesia,,,,,,,,,,,,,,,,,,,,,,,,,,,,,,
Slow Poke,Geographic Site,Indonesia,,,,,,,,,,,,,,,,,,,,,,,,,,,,,,
Magic Rock,Geographic Site,Indonesia,,,,,,,,,,,,,,,,,,,,,,,,,,,,,,
Nudi Retreat,Geographic Site,Indonesia,,,,,,,,,,,,,,,,,,,,,,,,,,,,,,
Magic Crack,Geographic Site,Indonesia,,,,,,,,,,,,,,,,,,,,,,,,,,,,,,
Air Bajo,Geographic Site,Indonesia,,,,,,,,,,,,,,,,,,,,,,,,,,,,,,
Tanjung Tebal,Geographic Site,Indonesia,,,,,,,,,,,,,,,,,,,,,,,,,,,,,,
Makawidey,Geographic Site,Indonesia,,,,,,,,,,,,,,,,,,,,,,,,,,,,,,
Jahir,Geographic Site,Indonesia,,,,,,,,,,,,,,,,,,,,,,,,,,,,,,
Tanjung Kubur,Geographic Site,Indonesia,,,,,,,,,,,,,,,,,,,,,,,,,,,,,,
Kareko,Geographic Site,Indonesia,,,,,,,,,,,,,,,,,,,,,,,,,,,,,,
Air Prang,Geographic Site,Indonesia,,,,,,,,,,,,,,,,,,,,,,,,,,,,,,
Pantai Parigi,Geographic Site,Indonesia,,,,,,,,,,,,,,,,,,,,,,,,,,,,,,
Pintu Kota Kecil,Geographic Site,Indonesia,,,,,,,,,,,,,,,,,,,,,,,,,,,,,,
Pintu Colada,Geographic Site,Indonesia,,,,,,,,,,,,,,,,,,,,,,,,,,,,,,
Jandri's Beach,Geographic Site,Indonesia,,,,,,,,,,,,,,,,,,,,,,,,,,,,,,
Sarena Besar,Geographic Site,Indonesia,,,,,,,,,,,,,,,,,,,,,,,,,,,,,,
Police Pair 2,Geographic Site,Indonesia,,,,,,,,,,,,,,,,,,,,,,,,,,,,,,
Nudi Fals,Geographic Site,Indonesia,,,,,,,,,,,,,,,,,,,,,,,,,,,,,,
Sarena Patah,Geographic Site,Indonesia,,,,,,,,,,,,,,,,,,,,,,,,,,,,,,
Pintu Kota Besar (SeaGrass),Geographic Site,Indonesia,,,,,,,,,,,,,,,,,,,,,,,,,,,,,,
Pantai Kecil,Geographic Site,Indonesia,,,,,,,,,,,,,,,,,,,,,,,,,,,,,,
Bianca,Geographic Site,Indonesia,,,,,,,,,,,,,,,,,,,,,,,,,,,,,,
Tanjung Kusu Kusu,Geographic Site,Indonesia,,,,,,,,,,,,,,,,,,,,,,,,,,,,,,
Mawali Wreck,Geographic Site,Indonesia,,,,,,,,,,,,,,,,,,,,,,,,,,,,,,
Tandu Rusa,Geographic Site,Indonesia,,,,,,,,,,,,,,,,,,,,,,,,,,,,,,
Critter hunt,Geographic Site,Indonesia,,,,,,,,,,,,,,,,,,,,,,,,,,,,,,
Pulau Abadi,Geographic Site,Indonesia,,,,,,,,,,,,,,,,,,,,,,,,,,,,,,
Trikora,Geographic Site,Indonesia,,,,,,,,,,,,,,,,,,,,,,,,,,,,,,
Goby Crab,Geographic Site,Indonesia,,,,,,,,,,,,,,,,,,,,,,,,,,,,,,
Madidir,Geographic Site,Indonesia,,,,,,,,,,,,,,,,,,,,,,,,,,,,,,
Pantai Jiko,Geographic Site,Indonesia,,,,,,,,,,,,,,,,,,,,,,,,,,,,,,
Pulau Dua,Geographic Site,Indonesia,,,,,,,,,,,,,,,,,,,,,,,,,,,,,,
Arromanches,Geographic Site,France,,,,,,,,,,,,,,,,,,,,,,,,,,,,,,
LA POSA,Geographic Site,Mexico,,,,,,,,,,,,,,,,,,,,,,,,,,,,,,
LA CHIMENEA,Geographic Site,Mexico,,,,,,,,,,,,,,,,,,,,,,,,,,,,,,
SANTA JULIA,Geographic Site,Mexico,,,,,,,,,,,,,,,,,,,,,,,,,,,,,,
DOÑA NICA,Geographic Site,Mexico,,,,,,,,,,,,,,,,,,,,,,,,,,,,,,
HOB NA (AKA GROUPER HANGOUT),Geographic Site,Mexico,,,,,,,,,,,,,,,,,,,,,,,,,,,,,,
Pura mas gading,Geographic Site,Indonesia,Nusa Penida,,,,,,,,,,,,,,,,,,,,,,,,,,,,,
Sekolah Dasar ,Geographic Site,Bali,Nusa Penida,,,,,,,,,,,,,,,,,,,,,,,,,,,,,
Buyuk,Geographic Site,Bali,Nusa Penida,,,,,,,,,,,,,,,,,,,,,,,,,,,,,
Blue Corner,Geographic Site,Bali,Nusa Penida,,,,,,,,,,,,,,,,,,,,,,,,,,,,,
Pura Ped,Geographic Site,Bali,Nusa Penida,,,,,,,,,,,,,,,,,,,,,,,,,,,,,
Mangroves(Nusa Lembongan),Geographic Site,Bali,Nusa Penida,,,,,,,,,,,,,,,,,,,,,,,,,,,,,
Port Denarau Marina,Geographic Site,Fiji,Denarau Island,,,,,,,,,,,,,,,,,,,,,,,,,,,,,
Mexico Rocks,Geographic Site,Belize,Ambergris Caye,,,,,,,,,,,,,,,,,,,,,,,,,,,,,
Rock Islands Southern Lagoon,Geographic Site,Palau,"Micronesia, Western Pacific",,,,,,,,,,,,,,,,,,,,,,,,,,,,,
Rock Islands Southern Lagoon -BH Parrotfish,Geographic Site,Palau,"Micronesia, Western Pacific",,,,,,,,,,,,,,,,,,,,,,,,,,,,,
Rock Islands Southern Lagoon - Red Snapper,Geographic Site,Palau,"Micronesia, Western Pacific",,,,,,,,,,,,,,,,,,,,,,,,,,,,,
Central Atolls,Geographic Site,Maldives,South Asia,,,,,,,,,,,,,,,,,,,,,,,,,,,,,
Northern Atolls,Geographic Site,Maldives,South Asia,,,,,,,,,,,,,,,,,,,,,,,,,,,,,
Deep South,Geographic Site,Maldives,South Asia,,,,,,,,,,,,,,,,,,,,,,,,,,,,,
South & Central Atolls,Geographic Site,Maldives,South Asia,,,,,,,,,,,,,,,,,,,,,,,,,,,,,
Koh Bon,Geographic Site,Thailand,Khao Lak,,,,,,,,,,,,,,,,,,,,,,,,,,,,,
Similan Islands,Geographic Site,Thailand,Khao Lak,,,,,,,,,,,,,,,,,,,,,,,,,,,,,
Lembongan Bay,,,,,,,,,,,,,,,,,,,,,,,,,,,,,,,,
Bonaire Island,Geographic Site,Bonaire,Venezuela's Coast,,,,,,,,,,,,,,,,,,,,,,,,,,,,,
Statia,Geographic Site,Sint Eustatius,,,,,,,,,,,,,,,,,,,,,,,,,,,,,,
Malé,Geographic Site,Maldives,,,,,,,,,,,,,,,,,,,,,,,,,,,,,,
Grenada,Geographic Site,Grenada,,,,,,,,,,,,,,,,,,,,,,,,,,,,,,
Coxen Hole,Geographic Site,Honduras,Roatan Island,,,,,,,,,,,,,,,,,,,,,,,,,,,,,
Little Cayman Beach,Beach,Cayman Islands,,,,,,,,,,,,,,,,,,,,,,,,,,,,,,
Blackbird Caye Turneffe Atoll,Geographic Site,Belize,Women's Only Dive & Snorkel Trip from wetravel.com,,,,,,,,,,,,,,,,,,,,,,,,,,,,,
West Bay,Geographic Site,Roatan,,,,,,,,,,,,,,,,,,,,,,,,,,,,,,
Klein Bonaire,Geographic Site,Bonaire,,,,,,,,,,,,,,,,,,,,,,,,,,,,,,
Palm Beach,Beach,Florida,,,,,,,,,,,,,,,,,,,,,,,,,,,,,,
Sulawesi,Geographic Site,Indonesia,,,,,,,,,,,,,,,,,,,,,,,,,,,,,,
Shams Safaga,Geographic Site,Egypt,,,,,,,,,,,,,,,,,,,,,,,,,,,,,,
Marsa Alam,Geographic Site,Egypt,,,,,,,,,,,,,,,,,,,,,,,,,,,,,,
Guanaja Bay Island,Geographic Site,Honduras,,,,,,,,,,,,,,,,,,,,,,,,,,,,,,
Gulf of Venice,Geographic Site,Italy,,,,,,,,,,,,,,,,,,,,,,,,,,,,,,
Puerto Vallarta,Geographic Site,Mexico,,,,,,,,,,,,,,,,,,,,,,,,,,,,,,
Utila,Geographic Site,Honduras,,,,,,,,,,,,,,,,,,,,,,,,,,,,,,
Sanctuary Bay,Geographic Site,Bahama,Sterling Circle Freeport,,,,,,,,,,,,,,,,,,,,,,,,,,,,,
Tulum,Geographic Site,Mexico,,,,,,,,,,,,,,,,,,,,,,,,,,,,,,
Yucatan Peninsula,Geographic Site,Mexico,,,,,,,,,,,,,,,,,,,,,,,,,,,,,,
Red Sea,Geographic Site,Borders Multiple,,,,,,,,,,,,,,,,,,,,,,,,,,,,,,
French Mediterranean Islands,Geographic Site,France,,,,,,,,,,,,,,,,,,,,,,,,,,,,,,
Boca Chica,Geographic Site,Dominican Republic,,,,,,,,,,,,,,,,,,,,,,,,,,,,,,
Costa degli Dei,Geographic Site,Italy,Tropea,,,,,,,,,,,,,,,,,,,,,,,,,,,,,
Sodwana Bay,Geographic Site,South Africa,,,,,,,,,,,,,,,,,,,,,,,,,,,,,,
Toulon,Geographic Site,France,,,,,,,,,,,,,,,,,,,,,,,,,,,,,,
Fiji Islands,Geographic Site,Melanesia,,,,,,,,,,,,,,,,,,,,,,,,,,,,,,
Toga Marina,Geographic Site,France,,,,,,,,,,,,,,,,,,,,,,,,,,,,,,
Islas Marietas,Geographic Site,Mexico,,,,,,,,,,,,,,,,,,,,,,,,,,,,,,
Boka Bartol,Geographic Site,Bonaire,,,,,,,,,,,,,,,,,,,,,,,,,,,,,,
Playa Benge,Geographic Site,Bonaire,,,,,,,,,,,,,,,,,,,,,,,,,,,,,,
Playa Funchi,Geographic Site,Bonaire,,,,,,,,,,,,,,,,,,,,,,,,,,,,,,
Bise Morto,Geographic Site,Bonaire,,,,,,,,,,,,,,,,,,,,,,,,,,,,,,
Wayaka,Geographic Site,Bonaire,,,,,,,,,,,,,,,,,,,,,,,,,,,,,,
Boka Slagbaai North,Geographic Site,Bonaire,,,,,,,,,,,,,,,,,,,,,,,,,,,,,,
Nukove,Geographic Site,Bonaire,,,,,,,,,,,,,,,,,,,,,,,,,,,,,,
Carel’s Vision,Geographic Site,Bonaire,,,,,,,,,,,,,,,,,,,,,,,,,,,,,,
Karpata,Geographic Site,Bonaire,,,,,,,,,,,,,,,,,,,,,,,,,,,,,,
La Dania’s Leap,Geographic Site,Bonaire,,,,,,,,,,,,,,,,,,,,,,,,,,,,,,
Rappel,Geographic Site,Bonaire,,,,,,,,,,,,,,,,,,,,,,,,,,,,,,
Bloodlet,Geographic Site,Bonaire,,,,,,,,,,,,,,,,,,,,,,,,,,,,,,
Tolo,Geographic Site,Bonaire,,,,,,,,,,,,,,,,,,,,,,,,,,,,,,
Country Garden,Geographic Site,Bonaire,,,,,,,,,,,,,,,,,,,,,,,,,,,,,,
Bon Bini na Kas,Geographic Site,Bonaire,,,,,,,,,,,,,,,,,,,,,,,,,,,,,,
1000 Steps,Geographic Site,Bonaire,,,,,,,,,,,,,,,,,,,,,,,,,,,,,,
Weber’s Joy,Geographic Site,Bonaire,,,,,,,,,,,,,,,,,,,,,,,,,,,,,,
Jeff Davis Memorial,Geographic Site,Bonaire,,,,,,,,,,,,,,,,,,,,,,,,,,,,,,
Kalli’s Reef,Geographic Site,Bonaire,,,,,,,,,,,,,,,,,,,,,,,,,,,,,,
Oil Slick Leap,Geographic Site,Bonaire,,,,,,,,,,,,,,,,,,,,,,,,,,,,,,
Barcadera,Geographic Site,Bonaire,,,,,,,,,,,,,,,,,,,,,,,,,,,,,,
Andrea I,Geographic Site,Bonaire,,,,,,,,,,,,,,,,,,,,,,,,,,,,,,
Andrea II,Geographic Site,Bonaire,,,,,,,,,,,,,,,,,,,,,,,,,,,,,,
Petries Pillar,Geographic Site,Bonaire,,,,,,,,,,,,,,,,,,,,,,,,,,,,,,
Small Wall,Geographic Site,Bonaire,,,,,,,,,,,,,,,,,,,,,,,,,,,,,,
Cliff,Geographic Site,Bonaire,,,,,,,,,,,,,,,,,,,,,,,,,,,,,,
La Machaca,Geographic Site,Bonaire,,,,,,,,,,,,,,,,,,,,,,,,,,,,,,
Reef Scientifico,Geographic Site,Bonaire,,,,,,,,,,,,,,,,,,,,,,,,,,,,,,
Buddy’s Reef,Geographic Site,Bonaire,,,,,,,,,,,,,,,,,,,,,,,,,,,,,,
Bari’s Reef,Geographic Site,Bonaire,,,,,,,,,,,,,,,,,,,,,,,,,,,,,,
Front Porch,Geographic Site,Bonaire,,,,,,,,,,,,,,,,,,,,,,,,,,,,,,
Something Special,Geographic Site,Bonaire,,,,,,,,,,,,,,,,,,,,,,,,,,,,,,
Town Pier,Geographic Site,Bonaire,,,,,,,,,,,,,,,,,,,,,,,,,,,,,,
Calabas Reef,Geographic Site,Bonaire,,,,,,,,,,,,,,,,,,,,,,,,,,,,,,
18th Palm,Geographic Site,Bonaire,,,,,,,,,,,,,,,,,,,,,,,,,,,,,,
Windsock,Geographic Site,Bonaire,,,,,,,,,,,,,,,,,,,,,,,,,,,,,,
Corporal Meiss,Geographic Site,Bonaire,,,,,,,,,,,,,,,,,,,,,,,,,,,,,,
Bachelor’s Beach,Geographic Site,Bonaire,,,,,,,,,,,,,,,,,,,,,,,,,,,,,,
Chez Hines,Geographic Site,Bonaire,,,,,,,,,,,,,,,,,,,,,,,,,,,,,,
Lighthouse Point,Geographic Site,Bonaire,,,,,,,,,,,,,,,,,,,,,,,,,,,,,,
Punt Vierkant,Geographic Site,Bonaire,,,,,,,,,,,,,,,,,,,,,,,,,,,,,,
The Lake,Geographic Site,Bonaire,,,,,,,,,,,,,,,,,,,,,,,,,,,,,,
Hilma Hooker,Geographic Site,Bonaire,,,,,,,,,,,,,,,,,,,,,,,,,,,,,,
Angel City,Geographic Site,Bonaire,,,,,,,,,,,,,,,,,,,,,,,,,,,,,,
Alice in Wonderland,Geographic Site,Bonaire,,,,,,,,,,,,,,,,,,,,,,,,,,,,,,
Aquarius,Geographic Site,Bonaire,,,,,,,,,,,,,,,,,,,,,,,,,,,,,,
Larry’s Lair,Geographic Site,Bonaire,,,,,,,,,,,,,,,,,,,,,,,,,,,,,,
Jeannie’s Glory,Geographic Site,Bonaire,,,,,,,,,,,,,,,,,,,,,,,,,,,,,,
Salt Pier,Geographic Site,Bonaire,,,,,,,,,,,,,,,,,,,,,,,,,,,,,,
Salt City,Geographic Site,Bonaire,,,,,,,,,,,,,,,,,,,,,,,,,,,,,,
Invisibles,Geographic Site,Bonaire,,,,,,,,,,,,,,,,,,,,,,,,,,,,,,
Tori’s Reef,Geographic Site,Bonaire,,,,,,,,,,,,,,,,,,,,,,,,,,,,,,
Pink Beach,Geographic Site,Bonaire,,,,,,,,,,,,,,,,,,,,,,,,,,,,,,
White Slave,Geographic Site,Bonaire,,,,,,,,,,,,,,,,,,,,,,,,,,,,,,
Margate Bay,Geographic Site,Bonaire,,,,,,,,,,,,,,,,,,,,,,,,,,,,,,
Red Beryl,Geographic Site,Bonaire,,,,,,,,,,,,,,,,,,,,,,,,,,,,,,
Atlantis,Geographic Site,Bonaire,,,,,,,,,,,,,,,,,,,,,,,,,,,,,,
Vista Blue,Geographic Site,Bonaire,,,,,,,,,,,,,,,,,,,,,,,,,,,,,,
Sweet Dreams,Geographic Site,Bonaire,,,,,,,,,,,,,,,,,,,,,,,,,,,,,,
Red Slave,Geographic Site,Bonaire,,,,,,,,,,,,,,,,,,,,,,,,,,,,,,
Willemstoren Lighthouse,Geographic Site,Bonaire,,,,,,,,,,,,,,,,,,,,,,,,,,,,,,
White Hole,Geographic Site,Bonaire,,,,,,,,,,,,,,,,,,,,,,,,,,,,,,
No Name Beach,Geographic Site,Klein Bonaire,,,,,,,,,,,,,,,,,,,,,,,,,,,,,,
Ebo’s Reef,Geographic Site,Klein Bonaire,,,,,,,,,,,,,,,,,,,,,,,,,,,,,,
Jerry’s Reef,Geographic Site,Klein Bonaire,,,,,,,,,,,,,,,,,,,,,,,,,,,,,,
Just a Nice Dive,Geographic Site,Klein Bonaire,,,,,,,,,,,,,,,,,,,,,,,,,,,,,,
Nearest Point,Geographic Site,Klein Bonaire,,,,,,,,,,,,,,,,,,,,,,,,,,,,,,
Keepsake,Geographic Site,Klein Bonaire,,,,,,,,,,,,,,,,,,,,,,,,,,,,,,
Bonaventura,Geographic Site,Klein Bonaire,,,,,,,,,,,,,,,,,,,,,,,,,,,,,,
Monte’s Divi,Geographic Site,Klein Bonaire,,,,,,,,,,,,,,,,,,,,,,,,,,,,,,
Rock Pile,Geographic Site,Klein Bonaire,,,,,,,,,,,,,,,,,,,,,,,,,,,,,,
Joanne’s Sunchi,Geographic Site,Klein Bonaire,,,,,,,,,,,,,,,,,,,,,,,,,,,,,,
Cap. Don’s Reef,Geographic Site,Klein Bonaire,,,,,,,,,,,,,,,,,,,,,,,,,,,,,,
South Bay,Geographic Site,Klein Bonaire,,,,,,,,,,,,,,,,,,,,,,,,,,,,,,
Hands Off,Geographic Site,Klein Bonaire,,,,,,,,,,,,,,,,,,,,,,,,,,,,,,
Forest,Geographic Site,Klein Bonaire,,,,,,,,,,,,,,,,,,,,,,,,,,,,,,
South West Corner,Geographic Site,Klein Bonaire,,,,,,,,,,,,,,,,,,,,,,,,,,,,,,
Munk’s Haven,Geographic Site,Klein Bonaire,,,,,,,,,,,,,,,,,,,,,,,,,,,,,,
Twix,Geographic Site,Klein Bonaire,,,,,,,,,,,,,,,,,,,,,,,,,,,,,,
Sharon’s Serenity,Geographic Site,Klein Bonaire,,,,,,,,,,,,,,,,,,,,,,,,,,,,,,
Valerie’s Hill,Geographic Site,Klein Bonaire,,,,,,,,,,,,,,,,,,,,,,,,,,,,,,
Mi Dushi,Geographic Site,Klein Bonaire,,,,,,,,,,,,,,,,,,,,,,,,,,,,,,
Yellowman,Geographic Site,Klein Bonaire,,,,,,,,,,,,,,,,,,,,,,,,,,,,,,
Carl’s Hill,Geographic Site,Klein Bonaire,,,,,,,,,,,,,,,,,,,,,,,,,,,,,,
Ebo’s Special,Geographic Site,Klein Bonaire,,,,,,,,,,,,,,,,,,,,,,,,,,,,,,
Leonora’s Reef,Geographic Site,Klein Bonaire,,,,,,,,,,,,,,,,,,,,,,,,,,,,,,
Knife,Geographic Site,Klein Bonaire,,,,,,,,,,,,,,,,,,,,,,,,,,,,,,
Sampler,Geographic Site,Klein Bonaire,,,,,,,,,,,,,,,,,,,,,,,,,,,,,,
Turtle Canyons,Reef,United States,,,,,,,,,,,,,,,,,,,,,,,,,,,,,,
Koko Craters,Reef,United States,,,,,,,,,,,,,,,,,,,,,,,,,,,,,,
Spitting Caves,Reef / Wall,United States,,,,,,,,,,,,,,,,,,,,,,,,,,,,,,
San Pedro,Wreck,United States,,,,,,,,,,,,,,,,,,,,,,,,,,,,,,
Angler’s Reef,Reef,United States,,,,,,,,,,,,,,,,,,,,,,,,,,,,,,
Hawaii Loa Ridge,Reef,United States,,,,,,,,,,,,,,,,,,,,,,,,,,,,,,
Portlock Reef,Reef,United States,,,,,,,,,,,,,,,,,,,,,,,,,,,,,,
Pawa’a,Reef,United States,,,,,,,,,,,,,,,,,,,,,,,,,,,,,,
Fantasea Reef,Reef,United States,,,,,,,,,,,,,,,,,,,,,,,,,,,,,,
Baby Barge,Wreck,United States,,,,,,,,,,,,,,,,,,,,,,,,,,,,,,
LCU (Landing Craft Utility),Wreck,United States,,,,,,,,,,,,,,,,,,,,,,,,,,,,,,
Aquarium,Reef,Fiji,,,,,,,,,,,,,,,,,,,,,,,,,,,,,,
Mata Point,Reef / Pelagic,Fiji,,,,,,,,,,,,,,,,,,,,,,,,,,,,,,
Tukini & Serua Wall,Wall,Fiji,,,,,,,,,,,,,,,,,,,,,,,,,,,,,,
Twilight Zone,Deep / Drift,Fiji,,,,,,,,,,,,,,,,,,,,,,,,,,,,,,
Frigates Walls,Wall,Fiji,,,,,,,,,,,,,,,,,,,,,,,,,,,,,,
Ponti’s Playground,Reef,Fiji,,,,,,,,,,,,,,,,,,,,,,,,,,,,,,
Fantasea,Pinnacle / Reef,Fiji,,,,,,,,,,,,,,,,,,,,,,,,,,,,,,
Side Streets,Reef,Fiji,,,,,,,,,,,,,,,,,,,,,,,,,,,,,,
Golden Arch,Reef,Fiji,,,,,,,,,,,,,,,,,,,,,,,,,,,,,,
Caesars’ Rock,Reef,Fiji,,,,,,,,,,,,,,,,,,,,,,,,,,,,,,
Cakau Lekaleka,Pinnacle,Fiji,,,,,,,,,,,,,,,,,,,,,,,,,,,,,,
Ras Abu Soma,Reef,Egypt,,,,,,,,,,,,,,,,,,,,,,,,,,,,,,
Abu Soma Garden,Reef,Egypt,,,,,,,,,,,,,,,,,,,,,,,,,,,,,,
Tobia Arbaa,Reef,Egypt,,,,,,,,,,,,,,,,,,,,,,,,,,,,,,
Tobia Hamra,Reef,Egypt,,,,,,,,,,,,,,,,,,,,,,,,,,,,,,
Tobia Kebir,Reef,Egypt,,,,,,,,,,,,,,,,,,,,,,,,,,,,,,
Tobia Island,Reef,Egypt,,,,,,,,,,,,,,,,,,,,,,,,,,,,,,
Tobia Soraya,Reef,Egypt,,,,,,,,,,,,,,,,,,,,,,,,,,,,,,
Gamul Soraya,Reef,Egypt,,,,,,,,,,,,,,,,,,,,,,,,,,,,,,
Gamul Kebir,Reef,Egypt,,,,,,,,,,,,,,,,,,,,,,,,,,,,,,
Panorama Reef,Reef,Egypt,,,,,,,,,,,,,,,,,,,,,,,,,,,,,,
Middle Reef,Reef,Egypt,,,,,,,,,,,,,,,,,,,,,,,,,,,,,,
Shoab Quais,Reef,Egypt,,,,,,,,,,,,,,,,,,,,,,,,,,,,,,
Shoab Sheer,Reef,Egypt,,,,,,,,,,,,,,,,,,,,,,,,,,,,,,
Shoab Claude,Reef,Egypt,,,,,,,,,,,,,,,,,,,,,,,,,,,,,,
Shoab Bagul,Reef,Egypt,,,,,,,,,,,,,,,,,,,,,,,,,,,,,,
Shoab Sheer Soraya,Reef,Egypt,,,,,,,,,,,,,,,,,,,,,,,,,,,,,,
Shoab Hamdalla,Reef,Egypt,,,,,,,,,,,,,,,,,,,,,,,,,,,,,,
Abu Kefan,Reef / Wall,Egypt,,,,,,,,,,,,,,,,,,,,,,,,,,,,,,
One Hook,Reef / Wall,Colombia,,,,,,,,,,,,,,,,,,,,,,,,,,,,,,
Cantil de Santa Catalina,Reef / Wall,Colombia,,,,,,,,,,,,,,,,,,,,,,,,,,,,,,
Felipe’s Place,Reef / Wall,Colombia,,,,,,,,,,,,,,,,,,,,,,,,,,,,,,
Chromis,Reef,Colombia,,,,,,,,,,,,,,,,,,,,,,,,,,,,,,
Channel White and Blue,Reef / Wall,Colombia,,,,,,,,,,,,,,,,,,,,,,,,,,,,,,
Confussion,Reef / Wall,Colombia,,,,,,,,,,,,,,,,,,,,,,,,,,,,,,
Conoly,Reef / Wall,Colombia,,,,,,,,,,,,,,,,,,,,,,,,,,,,,,
Contur,Reef,Colombia,,,,,,,,,,,,,,,,,,,,,,,,,,,,,,
Turtle Rock,Reef / Wall,Colombia,,,,,,,,,,,,,,,,,,,,,,,,,,,,,,
Nick’s Place,Reef,Colombia,,,,,,,,,,,,,,,,,,,,,,,,,,,,,,
Espiral,Reef / Wall,Colombia,,,,,,,,,,,,,,,,,,,,,,,,,,,,,,
The Cave,Cave / Wall,Colombia,,,,,,,,,,,,,,,,,,,,,,,,,,,,,,
El Planchón,Wreck,Colombia,,,,,,,,,,,,,,,,,,,,,,,,,,,,,,
Bajo de San Felipe,Reef,Colombia,,,,,,,,,,,,,,,,,,,,,,,,,,,,,,
Convento,Reef,Colombia,,,,,,,,,,,,,,,,,,,,,,,,,,,,,,
Tete’s Place,Reef,Colombia,,,,,,,,,,,,,,,,,,,,,,,,,,,,,,
Tres Casitas,Reef / Wall,Colombia,,,,,,,,,,,,,,,,,,,,,,,,,,,,,,
Snapper Shoal,Reef,Colombia,,,,,,,,,,,,,,,,,,,,,,,,,,,,,,
Bajos de Manzanillo,Reef,Colombia,,,,,,,,,,,,,,,,,,,,,,,,,,,,,,
Only One,Reef,Colombia,,,,,,,,,,,,,,,,,,,,,,,,,,,,,,
Manta’s City,Reef,Colombia,,,,,,,,,,,,,,,,,,,,,,,,,,,,,,
Loro Town,Reef,Colombia,,,,,,,,,,,,,,,,,,,,,,,,,,,,,,
Pared Verde,Wall / Drift,Mexico,,,,,,,,,,,,,,,,,,,,,,,,,,,,,,
Moc-che,Reef / Drift,Mexico,,,,,,,,,,,,,,,,,,,,,,,,,,,,,,
Chun-zumbul,Reef / Drift,Mexico,,,,,,,,,,,,,,,,,,,,,,,,,,,,,,
Jardines,Reef / Drift,Mexico,,,,,,,,,,,,,,,,,,,,,,,,,,,,,,
Sabalos,Reef / Drift,Mexico,,,,,,,,,,,,,,,,,,,,,,,,,,,,,,
Tortugas,Reef / Drift,Mexico,,,,,,,,,,,,,,,,,,,,,,,,,,,,,,
Barracuda Reef,Reef / Drift,Mexico,,,,,,,,,,,,,,,,,,,,,,,,,,,,,,
Mama Viña (Wreck),Wreck,Mexico,,,,,,,,,,,,,,,,,,,,,,,,,,,,,,
Palancar Wall (Cozumel),Wall,Mexico,,,,,,,,,,,,,,,,,,,,,,,,,,,,,,
Santa Rosa Wall (Cozumel),Wall,Mexico,,,,,,,,,,,,,,,,,,,,,,,,,,,,,,
Colombia Wall (Cozumel),Wall,Mexico,,,,,,,,,,,,,,,,,,,,,,,,,,,,,,
San Francisco Wall (Cozumel),Wall,Mexico,,,,,,,,,,,,,,,,,,,,,,,,,,,,,,
Yucab Reef (Cozumel),Reef,Mexico,,,,,,,,,,,,,,,,,,,,,,,,,,,,,,
Paraíso Reef (Cozumel),Reef,Mexico,,,,,,,,,,,,,,,,,,,,,,,,,,,,,,
Punta Maroma,Reef,Mexico,,,,,,,,,,,,,,,,,,,,,,,,,,,,,,
Tres Rios,Reef,Mexico,,,,,,,,,,,,,,,,,,,,,,,,,,,,,,
Xcalacoco,Reef,Mexico,,,,,,,,,,,,,,,,,,,,,,,,,,,,,,
Playa del Carmen,Reef,Mexico,,,,,,,,,,,,,,,,,,,,,,,,,,,,,,
Xcaret,Reef,Mexico,,,,,,,,,,,,,,,,,,,,,,,,,,,,,,
Palmul,Reef,Mexico,,,,,,,,,,,,,,,,,,,,,,,,,,,,,,
Xel-Ha,Reef,Mexico,,,,,,,,,,,,,,,,,,,,,,,,,,,,,,
Chacal,Reef,Mexico,,,,,,,,,,,,,,,,,,,,,,,,,,,,,,
Tulsayab,Reef,Mexico,,,,,,,,,,,,,,,,,,,,,,,,,,,,,,
Manchones,Reef,Mexico,,,,,,,,,,,,,,,,,,,,,,,,,,,,,,
Acuario,Reef,Mexico,,,,,,,,,,,,,,,,,,,,,,,,,,,,,,
Cerebros,Reef,Mexico,,,,,,,,,,,,,,,,,,,,,,,,,,,,,,
Los Arcos,Reef,Mexico,,,,,,,,,,,,,,,,,,,,,,,,,,,,,,
Pared Verde,Reef,Mexico,,,,,,,,,,,,,,,,,,,,,,,,,,,,,,
Moc-Che,Reef,Mexico,,,,,,,,,,,,,,,,,,,,,,,,,,,,,,
Chun Zumbul,Reef,Mexico,,,,,,,,,,,,,,,,,,,,,,,,,,,,,,
Jardines,Reef,Mexico,,,,,,,,,,,,,,,,,,,,,,,,,,,,,,
Sabalos,Reef,Mexico,,,,,,,,,,,,,,,,,,,,,,,,,,,,,,
Barracuda,Reef,Mexico,,,,,,,,,,,,,,,,,,,,,,,,,,,,,,
Tortuga,Reef,Mexico,,,,,,,,,,,,,,,,,,,,,,,,,,,,,,
Mama Viña,Wreck,Mexico,,,,,,,,,,,,,,,,,,,,,,,,,,,,,,
Punta Venado,Reef,Mexico,,,,,,,,,,,,,,,,,,,,,,,,,,,,,,
Southwest Pinnacle,Pinnacle / Reef,Thailand,,,,,,,,,,,,,,,,,,,,,,,,,,,,,,
Chumphon Pinnacle,Pinnacle / Reef,Thailand,,,,,,,,,,,,,,,,,,,,,,,,,,,,,,
Ao Leuk,Reef,Thailand,,,,,,,,,,,,,,,,,,,,,,,,,,,,,,
Shark Island,Reef,Thailand,,,,,,,,,,,,,,,,,,,,,,,,,,,,,,
HTMS Sattakut (wreck),Wreck,Thailand,,,,,,,,,,,,,,,,,,,,,,,,,,,,,,
Koh Tao,Geographic Site,Thailand,,,,,,,,,,,,,,,,,,,,,,,,,,,,,,
Ang Thong National Marine Park,Geographic Site,Thailand,,,,,,,,,,,,,,,,,,,,,,,,,,,,,,
Phi Phi Islands,Reef / Multiple sites,Thailand,,,,,,,,,,,,,,,,,,,,,,,,,,,,,,
Ao Nang Bay Local Islands,Geographic Site,Thailand,,,,,,,,,,,,,,,,,,,,,,,,,,,,,,
The A-S-K Cluster,Geographic Site,Thailand,,,,,,,,,,,,,,,,,,,,,,,,,,,,,,
Koh Haa Yai,Geographic Site,Thailand,,,,,,,,,,,,,,,,,,,,,,,,,,,,,,
Playa Piskado / Playa Grandi,Reef,Curaçao,,,,,,,,,,,,,,,,,,,,,,,,,,,,,,
Klein Curaçao,Reef,Curaçao,,,,,,,,,,,,,,,,,,,,,,,,,,,,,,
Eastpoint (Oostpunt),Reef,Curaçao,,,,,,,,,,,,,,,,,,,,,,,,,,,,,,
Director's Bay,Reef / Wreck,Curaçao,,,,,,,,,,,,,,,,,,,,,,,,,,,,,,
Kathy's Paradise,Reef,Curaçao,,,,,,,,,,,,,,,,,,,,,,,,,,,,,,
Smokey's,Reef,Curaçao,,,,,,,,,,,,,,,,,,,,,,,,,,,,,,
Booby Trap,Reef,Curaçao,,,,,,,,,,,,,,,,,,,,,,,,,,,,,,
Eel Valley,Reef,Curaçao,,,,,,,,,,,,,,,,,,,,,,,,,,,,,,
Barracuda Point,Reef,Curaçao,,,,,,,,,,,,,,,,,,,,,,,,,,,,,,
Small Wall,Reef,Curaçao,,,,,,,,,,,,,,,,,,,,,,,,,,,,,,
Lost Anchor,Reef / Wreck,Curaçao,,,,,,,,,,,,,,,,,,,,,,,,,,,,,,
Beacon Point,Reef,Curaçao,,,,,,,,,,,,,,,,,,,,,,,,,,,,,,
Diver's Leap,Reef,Curaçao,,,,,,,,,,,,,,,,,,,,,,,,,,,,,,
Jan Thiel,Reef,Curaçao,,,,,,,,,,,,,,,,,,,,,,,,,,,,,,
Sweet Bottom,Reef,Curaçao,,,,,,,,,,,,,,,,,,,,,,,,,,,,,,
Sandy's Plateau,Reef,Curaçao,,,,,,,,,,,,,,,,,,,,,,,,,,,,,,
Saba Wreck,Wreck,Curaçao,,,,,,,,,,,,,,,,,,,,,,,,,,,,,,
Cornelius Bay,Reef,Curaçao,,,,,,,,,,,,,,,,,,,,,,,,,,,,,,
Shipwreck Point,Wreck,Curaçao,,,,,,,,,,,,,,,,,,,,,,,,,,,,,,
Stella Maris Shipwreck,Wreck,Curaçao,,,,,,,,,,,,,,,,,,,,,,,,,,,,,,
Oswaldo's Drop-off,Reef,Curaçao,,,,,,,,,,,,,,,,,,,,,,,,,,,,,,
Car Pile (Carpile),Wreck,Curaçao,,,,,,,,,,,,,,,,,,,,,,,,,,,,,,
Double Reef,Reef,Curaçao,,,,,,,,,,,,,,,,,,,,,,,,,,,,,,
Snake Bay / Slaagbaai,Reef,Curaçao,,,,,,,,,,,,,,,,,,,,,,,,,,,,,,
Playa Porto Marie,Reef,Curaçao,,,,,,,,,,,,,,,,,,,,,,,,,,,,,,
Cas Abou,Reef,Curaçao,,,,,,,,,,,,,,,,,,,,,,,,,,,,,,
Playa Santa Martha,Reef,Curaçao,,,,,,,,,,,,,,,,,,,,,,,,,,,,,,
The Blue Room,Cavern / Reef,Curaçao,,,,,,,,,,,,,,,,,,,,,,,,,,,,,,
Mushroom Forest,Reef,Curaçao,,,,,,,,,,,,,,,,,,,,,,,,,,,,,,
Black Sand Beach / Playa Santu Pretu,Reef,Curaçao,,,,,,,,,,,,,,,,,,,,,,,,,,,,,,
North Point (Klein Curaçao),Reef,Curaçao,,,,,,,,,,,,,,,,,,,,,,,,,,,,,,
East Point (Klein Curaçao),Reef,Curaçao,,,,,,,,,,,,,,,,,,,,,,,,,,,,,,
South Point (Klein Curaçao),Reef,Curaçao,,,,,,,,,,,,,,,,,,,,,,,,,,,,,,
Playa Kanoa,Reef,Curaçao,,,,,,,,,,,,,,,,,,,,,,,,,,,,,,
North Point,Reef,Curaçao,,,,,,,,,,,,,,,,,,,,,,,,,,,,,,
Black Rock,Reef,Curaçao,,,,,,,,,,,,,,,,,,,,,,,,,,,,,,
Awa Blancu,Reef,Curaçao,,,,,,,,,,,,,,,,,,,,,,,,,,,,,,
Playa Santa Cruz,Reef,Curaçao,,,,,,,,,,,,,,,,,,,,,,,,,,,,,,
Playa Lagun,Reef,Curaçao,,,,,,,,,,,,,,,,,,,,,,,,,,,,,,
Playa Jeremi,Reef,Curaçao,,,,,,,,,,,,,,,,,,,,,,,,,,,,,,
Paradise,Reef,Curaçao,,,,,,,,,,,,,,,,,,,,,,,,,,,,,,
Kleine Knip (Kenepa Chikitu),Reef,Curaçao,,,,,,,,,,,,,,,,,,,,,,,,,,,,,,
Grote Knip (Kenepa Grandi),Reef,Curaçao,,,,,,,,,,,,,,,,,,,,,,,,,,,,,,
Kortape,Reef,Curaçao,,,,,,,,,,,,,,,,,,,,,,,,,,,,,,
Sweet Alice (Playa Forti),Reef,Curaçao,,,,,,,,,,,,,,,,,,,,,,,,,,,,,,
Alice in Wonderland (Playa Kalki),Reef,Curaçao,,,,,,,,,,,,,,,,,,,,,,,,,,,,,,
Elvin's Plane Wreck,Wreck,Curaçao,,,,,,,,,,,,,,,,,,,,,,,,,,,,,,
Watamula,Reef,Curaçao,,,,,,,,,,,,,,,,,,,,,,,,,,,,,,
Watamula South,Reef,Curaçao,,,,,,,,,,,,,,,,,,,,,,,,,,,,,,
Watamula North,Reef,Curaçao,,,,,,,,,,,,,,,,,,,,,,,,,,,,,,
North Point West,Reef,Curaçao,,,,,,,,,,,,,,,,,,,,,,,,,,,,,,
North Point East,Reef,Curaçao,,,,,,,,,,,,,,,,,,,,,,,,,,,,,,
Pierbaai (Marie Pampoen),Reef,Curaçao,,,,,,,,,,,,,,,,,,,,,,,,,,,,,,
Dive City House Reef,Reef,Curaçao,,,,,,,,,,,,,,,,,,,,,,,,,,,,,,
Tarpon City,Reef,Curaçao,,,,,,,,,,,,,,,,,,,,,,,,,,,,,,
Water Factory,Reef,Curaçao,,,,,,,,,,,,,,,,,,,,,,,,,,,,,,
Piscadera Bay,Reef,Curaçao,,,,,,,,,,,,,,,,,,,,,,,,,,,,,,
Long Beach Piscadera,Reef,Curaçao,,,,,,,,,,,,,,,,,,,,,,,,,,,,,,
Blue Bay Beach,Reef,Curaçao,,,,,,,,,,,,,,,,,,,,,,,,,,,,,,
Blue Bay Garden,Reef,Curaçao,,,,,,,,,,,,,,,,,,,,,,,,,,,,,,
Blue Bay Wall,Reef,Curaçao,,,,,,,,,,,,,,,,,,,,,,,,,,,,,,
Boca Sami,Reef,Curaçao,,,,,,,,,,,,,,,,,,,,,,,,,,,,,,
Kokomo Beach,Reef,Curaçao,,,,,,,,,,,,,,,,,,,,,,,,,,,,,,
Vaersenbaai / Kokomo Wrecks,Wreck,Curaçao,,,,,,,,,,,,,,,,,,,,,,,,,,,,,,
Pestbaai,Reef,Curaçao,,,,,,,,,,,,,,,,,,,,,,,,,,,,,,
Seldom,Reef,Curaçao,,,,,,,,,,,,,,,,,,,,,,,,,,,,,,
Seldom West,Reef,Curaçao,,,,,,,,,,,,,,,,,,,,,,,,,,,,,,
Rif Sint Marie,Reef,Curaçao,,,,,,,,,,,,,,,,,,,,,,,,,,,,,,
Daaibooi,Reef,Curaçao,,,,,,,,,,,,,,,,,,,,,,,,,,,,,,
Playa Largu (San Juan),Reef,Curaçao,,,,,,,,,,,,,,,,,,,,,,,,,,,,,,
Shon Mosa (San Juan),Reef,Curaçao,,,,,,,,,,,,,,,,,,,,,,,,,,,,,,
Playa Manzalina (San Juan),Reef,Curaçao,,,,,,,,,,,,,,,,,,,,,,,,,,,,,,
Playa Chiki (San Juan),Reef,Curaçao,,,,,,,,,,,,,,,,,,,,,,,,,,,,,,
Playa Hundu,Reef,Curaçao,,,,,,,,,,,,,,,,,,,,,,,,,,,,,,
San Nicolas,Reef,Curaçao,,,,,,,,,,,,,,,,,,,,,,,,,,,,,,
Makos Mountain,Reef,Curaçao,,,,,,,,,,,,,,,,,,,,,,,,,,,,,,
Hell's Corner,Reef,Curaçao,,,,,,,,,,,,,,,,,,,,,,,,,,,,,,
Black Coral Garden,Reef,Curaçao,,,,,,,,,,,,,,,,,,,,,,,,,,,,,,
Rediho,Reef,Curaçao,,,,,,,,,,,,,,,,,,,,,,,,,,,,,,
Duane's Release (Scooter),Reef,Curaçao,,,,,,,,,,,,,,,,,,,,,,,,,,,,,,
Playa Hulu,Reef,Curaçao,,,,,,,,,,,,,,,,,,,,,,,,,,,,,,
Sponge Forest,Reef,Curaçao,,,,,,,,,,,,,,,,,,,,,,,,,,,,,,
Newport,Reef,Curaçao,,,,,,,,,,,,,,,,,,,,,,,,,,,,,,
Swanee Reef,Reef / Wreck (Salvatierra),Mexico,,,,,,,,,,,,,,,,,,,,,,,,,,,,,,
La Reynita,Reef / Pinnacle,Mexico,,,,,,,,,,,,,,,,,,,,,,,,,,,,,,
San Rafaelito,Reef / Night Dive,Mexico,,,,,,,,,,,,,,,,,,,,,,,,,,,,,,
Isla Ballena,Reef / Cave,Mexico,,,,,,,,,,,,,,,,,,,,,,,,,,,,,,
Punta Lobos,Reef / Drift,Mexico,,,,,,,,,,,,,,,,,,,,,,,,,,,,,,
La Reyna,Reef,Mexico,,,,,,,,,,,,,,,,,,,,,,,,,,,,,,
Las Cuevitas de Las Ballenas,Reef,Dominican Republic,,,,,,,,,,,,,,,,,,,,,,,,,,,,,,
Wreck of The Dolphin,Wreck,Dominican Republic,,,,,,,,,,,,,,,,,,,,,,,,,,,,,,
Creole Reef,Reef,Dominican Republic,,,,,,,,,,,,,,,,,,,,,,,,,,,,,,
The Canyons,Reef / Wall,Dominican Republic,,,,,,,,,,,,,,,,,,,,,,,,,,,,,,
Portillo Reef,Reef,Dominican Republic,,,,,,,,,,,,,,,,,,,,,,,,,,,,,,
Jackson Reef,Reef,Dominican Republic,,,,,,,,,,,,,,,,,,,,,,,,,,,,,,
Rainbow Reef,Reef,Fiji,,,,,,,,,,,,,,,,,,,,,,,,,,,,,,
Somosomo Strait (general),Reef,Fiji,,,,,,,,,,,,,,,,,,,,,,,,,,,,,,
Scoglio del Muzzone,Reef,Italy,,,,,,,,,,,,,,,,,,,,,,,,,,,,,,
Beach Rock 1,Reef,Italy,,,,,,,,,,,,,,,,,,,,,,,,,,,,,,
Beach Rock 2,Reef,Italy,,,,,,,,,,,,,,,,,,,,,,,,,,,,,,
Isola Piana,Reef,Italy,,,,,,,,,,,,,,,,,,,,,,,,,,,,,,
Isola del Reulino,Reef,Italy,,,,,,,,,,,,,,,,,,,,,,,,,,,,,,
Relitto Chrissa,Wreck,Italy,,,,,,,,,,,,,,,,,,,,,,,,,,,,,,
Punta Don Diego,Reef,Italy,,,,,,,,,,,,,,,,,,,,,,,,,,,,,,
Secca della Mandria,Reef,Italy,,,,,,,,,,,,,,,,,,,,,,,,,,,,,,
Secca dell’Elefante,Reef,Italy,,,,,,,,,,,,,,,,,,,,,,,,,,,,,,
Secca delle Ancore,Reef,Italy,,,,,,,,,,,,,,,,,,,,,,,,,,,,,,
Secca del Papa 1,Reef,Italy,,,,,,,,,,,,,,,,,,,,,,,,,,,,,,
Secca del Papa 2,Reef,Italy,,,,,,,,,,,,,,,,,,,,,,,,,,,,,,
Secca Punta Arresto 1,Reef,Italy,,,,,,,,,,,,,,,,,,,,,,,,,,,,,,
Secca Punta Arresto 2,Reef,Italy,,,,,,,,,,,,,,,,,,,,,,,,,,,,,,
Scoglio del Fico,Reef,Italy,,,,,,,,,,,,,,,,,,,,,,,,,,,,,,
Isola Molara,Reef,Italy,,,,,,,,,,,,,,,,,,,,,,,,,,,,,,
Isola di Molara (South),Reef,Italy,,,,,,,,,,,,,,,,,,,,,,,,,,,,,,
Relitto Omega,Wreck,Italy,,,,,,,,,,,,,,,,,,,,,,,,,,,,,,
Isola dei Cavalli,Reef,Italy,,,,,,,,,,,,,,,,,,,,,,,,,,,,,,
Secca di Punta Molara,Reef,Italy,,,,,,,,,,,,,,,,,,,,,,,,,,,,,,
Isola di Tavolara,Reef,Italy,,,,,,,,,,,,,,,,,,,,,,,,,,,,,,
Cala Girgolu,Reef,Italy,,,,,,,,,,,,,,,,,,,,,,,,,,,,,,
Capo Ceraso,Reef,Italy,,,,,,,,,,,,,,,,,,,,,,,,,,,,,,
The Ledge,Reef,Fiji,,,,,,,,,,,,,,,,,,,,,,,,,,,,,,
Patch Reef,Reef,Fiji,,,,,,,,,,,,,,,,,,,,,,,,,,,,,,
Miami Beach,Geographic Site,USA,,,,,,,,,,,,,,,,,,,,,,,,,,,,,,
Kopi,Reef,Indonesia,,,,,,,,,,,,,,,,,,,,,,,,,,,,,,
Pangalingan,Reef,Indonesia,,,,,,,,,,,,,,,,,,,,,,,,,,,,,,
Raymond’s Point,Reef,Indonesia,,,,,,,,,,,,,,,,,,,,,,,,,,,,,,
Bualo,Reef,Indonesia,,,,,,,,,,,,,,,,,,,,,,,,,,,,,,
Tengah,Reef,Indonesia,,,,,,,,,,,,,,,,,,,,,,,,,,,,,,
Ron’s Point,Reef,Indonesia,,,,,,,,,,,,,,,,,,,,,,,,,,,,,,
Fukui,Reef,Indonesia,,,,,,,,,,,,,,,,,,,,,,,,,,,,,,
Johnson’s Wall,Wall,Indonesia,,,,,,,,,,,,,,,,,,,,,,,,,,,,,,
Alung Banua,Reef,Indonesia,,,,,,,,,,,,,,,,,,,,,,,,,,,,,,
Celah-Celah,Reef,Indonesia,,,,,,,,,,,,,,,,,,,,,,,,,,,,,,
Lekuan 1,Reef,Indonesia,,,,,,,,,,,,,,,,,,,,,,,,,,,,,,
Lekuan 2,Reef,Indonesia,,,,,,,,,,,,,,,,,,,,,,,,,,,,,,
Lekuan 3,Reef,Indonesia,,,,,,,,,,,,,,,,,,,,,,,,,,,,,,
Bunaken Timur 1,Reef,Indonesia,,,,,,,,,,,,,,,,,,,,,,,,,,,,,,
Bunaken Timur 2,Reef,Indonesia,,,,,,,,,,,,,,,,,,,,,,,,,,,,,,
Pangalisan,Reef,Indonesia,,,,,,,,,,,,,,,,,,,,,,,,,,,,,,
Sachiko Point,Reef,Indonesia,,,,,,,,,,,,,,,,,,,,,,,,,,,,,,
Siladen Utara,Reef,Indonesia,,,,,,,,,,,,,,,,,,,,,,,,,,,,,,
Siladen Timur,Reef,Indonesia,,,,,,,,,,,,,,,,,,,,,,,,,,,,,,
Ghuntur’s,Reef,Indonesia,,,,,,,,,,,,,,,,,,,,,,,,,,,,,,
Tiwoho,Reef,Indonesia,,,,,,,,,,,,,,,,,,,,,,,,,,,,,,
Bahowo,Reef,Indonesia,,,,,,,,,,,,,,,,,,,,,,,,,,,,,,
Kalumpang,Reef,Indonesia,,,,,,,,,,,,,,,,,,,,,,,,,,,,,,
Sal’s Point,Reef,Indonesia,,,,,,,,,,,,,,,,,,,,,,,,,,,,,,
DJ Point,Reef,Indonesia,,,,,,,,,,,,,,,,,,,,,,,,,,,,,,
Mukah Kampung,Reef,Indonesia,,,,,,,,,,,,,,,,,,,,,,,,,,,,,,
Bunaken Timur 3,Reef,Indonesia,,,,,,,,,,,,,,,,,,,,,,,,,,,,,,
Tanjung Pisok,Reef,Indonesia,,,,,,,,,,,,,,,,,,,,,,,,,,,,,,
Batu Hitam,Reef,Indonesia,,,,,,,,,,,,,,,,,,,,,,,,,,,,,,
Batu Tiga,Reef,Indonesia,,,,,,,,,,,,,,,,,,,,,,,,,,,,,,
Engine Point,Reef,Indonesia,,,,,,,,,,,,,,,,,,,,,,,,,,,,,,
Molas Shipwreck,Wreck,Indonesia,,,,,,,,,,,,,,,,,,,,,,,,,,,,,,
Kima Bajo,Reef,Indonesia,,,,,,,,,,,,,,,,,,,,,,,,,,,,,,
Bulo 1,Reef,Indonesia,,,,,,,,,,,,,,,,,,,,,,,,,,,,,,
Bulo 2,Reef,Indonesia,,,,,,,,,,,,,,,,,,,,,,,,,,,,,,
Batu Hitam 2,Reef,Indonesia,,,,,,,,,,,,,,,,,,,,,,,,,,,,,,
Batu Hitam 3,Reef,Indonesia,,,,,,,,,,,,,,,,,,,,,,,,,,,,,,
Tanjung Boka,Reef,Indonesia,,,,,,,,,,,,,,,,,,,,,,,,,,,,,,
Bulakan (Bulakan),Reef,Indonesia,,,,,,,,,,,,,,,,,,,,,,,,,,,,,,
Batu Belah / Sidem,Reef,Indonesia,,,,,,,,,,,,,,,,,,,,,,,,,,,,,,
Batu Niti,Reef,Indonesia,,,,,,,,,,,,,,,,,,,,,,,,,,,,,,
Kwanji,Reef,Indonesia,,,,,,,,,,,,,,,,,,,,,,,,,,,,,,
Melasti,Reef,Indonesia,,,,,,,,,,,,,,,,,,,,,,,,,,,,,,
Blue Hill,Reef,Indonesia,,,,,,,,,,,,,,,,,,,,,,,,,,,,,,
Emerald,Reef,Indonesia,,,,,,,,,,,,,,,,,,,,,,,,,,,,,,
Palung Palung,Reef,Indonesia,,,,,,,,,,,,,,,,,,,,,,,,,,,,,,
Drop Off,Wall,Indonesia,,,,,,,,,,,,,,,,,,,,,,,,,,,,,,
Liberty Coral Garden,Reef,Indonesia,,,,,,,,,,,,,,,,,,,,,,,,,,,,,,
Rubaya Coral Garden,Reef,Indonesia,,,,,,,,,,,,,,,,,,,,,,,,,,,,,,
Kubu Coral Garden,Reef,Indonesia,,,,,,,,,,,,,,,,,,,,,,,,,,,,,,
Kubu Wreck,Wreck,Indonesia,,,,,,,,,,,,,,,,,,,,,,,,,,,,,,
Monkey Reef,Reef,Indonesia,,,,,,,,,,,,,,,,,,,,,,,,,,,,,,
Mina Labuan,Reef,Indonesia,,,,,,,,,,,,,,,,,,,,,,,,,,,,,,
Satoshi Rock,Reef,Indonesia,,,,,,,,,,,,,,,,,,,,,,,,,,,,,,
Nusa,Reef,Indonesia,,,,,,,,,,,,,,,,,,,,,,,,,,,,,,
4 Mile Reef,Reef,Australia,,,,,,,,,,,,,,,,,,,,,,,,,,,,,,
Busselton Jetty,Geographical,Australia,,,,,,,,,,,,,,,,,,,,,,,,,,,,,,
HMAS Swan Wreck,Wreck,Australia,,,,,,,,,,,,,,,,,,,,,,,,,,,,,,
Wright's Bank,Reef,Australia,,,,,,,,,,,,,,,,,,,,,,,,,,,,,,
Cane Bay,Reef / Wall,United States (U.S. Virgin Islands),,,,,,,,,,,,,,,,,,,,,,,,,,,,,,
Davis Bay Wall (Carambola House Reef),Reef / Wall,United States (U.S. Virgin Islands),,,,,,,,,,,,,,,,,,,,,,,,,,,,,,
Northstar,Reef / Wall,United States (U.S. Virgin Islands),,,,,,,,,,,,,,,,,,,,,,,,,,,,,,
The Frederiksted Pier,Pier / Reef,United States (U.S. Virgin Islands),,,,,,,,,,,,,,,,,,,,,,,,,,,,,,
The Mermaid,Geographic site,Cayman Islands,,,,,,,,,,,,,,,,,,,,,,,,,,,,,,
Sunset House Reef,Reef,Cayman Islands,,,,,,,,,,,,,,,,,,,,,,,,,,,,,,
Koh Doc Mai,Geographic Site,Thailand,,,,,,,,,,,,,,,,,,,,,,,,,,,,,,
Sea Star II,Wreck,United States (U.S. Virgin Islands),,,,,,,,,,,,,,,,,,,,,,,,,,,,,,
Silver Point,Reef,United States (U.S. Virgin Islands),,,,,,,,,,,,,,,,,,,,,,,,,,,,,,
Pygmy Caves,Reef / Cavern,United States (U.S. Virgin Islands),,,,,,,,,,,,,,,,,,,,,,,,,,,,,,
Eden Banks,Reef,United States (U.S. Virgin Islands),,,,,,,,,,,,,,,,,,,,,,,,,,,,,,
Shark Encounter,Reef,United States (U.S. Virgin Islands),,,,,,,,,,,,,,,,,,,,,,,,,,,,,,
Moray Manor,Reef,United States (U.S. Virgin Islands),,,,,,,,,,,,,,,,,,,,,,,,,,,,,,
Ben’s Cavern,Cavern,United States (U.S. Virgin Islands),,,,,,,,,,,,,,,,,,,,,,,,,,,,,,
Fish Farm,Reef,United States (U.S. Virgin Islands),,,,,,,,,,,,,,,,,,,,,,,,,,,,,,
Star of Scotland,Wreck,United States,,,,,,,,,,,,,,,,,,,,,,,,,,,,,,
Owens Wreck,Wreck,United States,,,,,,,,,,,,,,,,,,,,,,,,,,,,,,
Sailboat Wreck,Wreck,United States,,,,,,,,,,,,,,,,,,,,,,,,,,,,,,
Long Wharf,Reef,United States,,,,,,,,,,,,,,,,,,,,,,,,,,,,,,
American Boy,Wreck,United States,,,,,,,,,,,,,,,,,,,,,,,,,,,,,,
Ameco,Wreck,United States,,,,,,,,,,,,,,,,,,,,,,,,,,,,,,
LCM 3,Wreck,United States,,,,,,,,,,,,,,,,,,,,,,,,,,,,,,
Palawan,Reef,United States,,,,,,,,,,,,,,,,,,,,,,,,,,,,,,
Sacramento,Wreck,United States,,,,,,,,,,,,,,,,,,,,,,,,,,,,,,
Avalon,Reef,United States,,,,,,,,,,,,,,,,,,,,,,,,,,,,,,
Dominator,Wreck,United States,,,,,,,,,,,,,,,,,,,,,,,,,,,,,,
Southern Lights,Reef,United States,,,,,,,,,,,,,,,,,,,,,,,,,,,,,,
Jenny Lynne,Wreck,United States,,,,,,,,,,,,,,,,,,,,,,,,,,,,,,
Santa Clara,Wreck,United States,,,,,,,,,,,,,,,,,,,,,,,,,,,,,,
Radio Tower,Reef,United States,,,,,,,,,,,,,,,,,,,,,,,,,,,,,,
Olympic II,Wreck,United States,,,,,,,,,,,,,,,,,,,,,,,,,,,,,,
The Caissons,Wreck,United States,,,,,,,,,,,,,,,,,,,,,,,,,,,,,,
USS Moody,Wreck,United States,,,,,,,,,,,,,,,,,,,,,,,,,,,,,,
Ace I,Wreck,United States,,,,,,,,,,,,,,,,,,,,,,,,,,,,,,
Georgia Straights,Wreck,United States,,,,,,,,,,,,,,,,,,,,,,,,,,,,,,
FS Loop,Wreck,United States,,,,,,,,,,,,,,,,,,,,,,,,,,,,,,
14 Minute Wreck,Wreck,United States,,,,,,,,,,,,,,,,,,,,,,,,,,,,,,
February 19th Wreck,Wreck,United States,,,,,,,,,,,,,,,,,,,,,,,,,,,,,,
Southwest Wreck,Wreck,United States,,,,,,,,,,,,,,,,,,,,,,,,,,,,,,
Centennial (Dipley’s),Wreck,United States,,,,,,,,,,,,,,,,,,,,,,,,,,,,,,
Fog Wreck,Wreck,United States,,,,,,,,,,,,,,,,,,,,,,,,,,,,,,
East Fog Wreck,Wreck,United States,,,,,,,,,,,,,,,,,,,,,,,,,,,,,,
Chain Wreck,Wreck,United States,,,,,,,,,,,,,,,,,,,,,,,,,,,,,,
Monfalcone (Gambler),Wreck,United States,,,,,,,,,,,,,,,,,,,,,,,,,,,,,,
Gary’s Barge,Wreck,United States,,,,,,,,,,,,,,,,,,,,,,,,,,,,,,
Savino’s,Reef,United States,,,,,,,,,,,,,,,,,,,,,,,,,,,,,,
P-38 Lightning,Wreck,United States,,,,,,,,,,,,,,,,,,,,,,,,,,,,,,
Izor’s Reef,Reef,United States,,,,,,,,,,,,,,,,,,,,,,,,,,,,,,
Macassar Strait,Wreck,United States,,,,,,,,,,,,,,,,,,,,,,,,,,,,,,
USS Cabildo,Wreck,United States,,,,,,,,,,,,,,,,,,,,,,,,,,,,,,
Valiant,Wreck,United States,,,,,,,,,,,,,,,,,,,,,,,,,,,,,,
Toro,Wreck,United States,,,,,,,,,,,,,,,,,,,,,,,,,,,,,,
Grumman Goose,Wreck,United States,,,,,,,,,,,,,,,,,,,,,,,,,,,,,,
Starlight Wreck,Wreck,United States,,,,,,,,,,,,,,,,,,,,,,,,,,,,,,
Blue Cavern Wreck,Wreck,United States,,,,,,,,,,,,,,,,,,,,,,,,,,,,,,
Piper,Wreck,United States,,,,,,,,,,,,,,,,,,,,,,,,,,,,,,
Charles F. Crocker,Wreck,United States,,,,,,,,,,,,,,,,,,,,,,,,,,,,,,
Palmyra,Wreck,United States,,,,,,,,,,,,,,,,,,,,,,,,,,,,,,
S.N. Castle,Wreck,United States,,,,,,,,,,,,,,,,,,,,,,,,,,,,,,
Dreamer II,Wreck,United States,,,,,,,,,,,,,,,,,,,,,,,,,,,,,,
McField’s Field,Reef,Honduras,,,,,,,,,,,,,,,,,,,,,,,,,,,,,,
Tranquility Base,Reef,Honduras,,,,,,,,,,,,,,,,,,,,,,,,,,,,,,
The Church,Reef,Honduras,,,,,,,,,,,,,,,,,,,,,,,,,,,,,,
Angie’s,Reef,Honduras,,,,,,,,,,,,,,,,,,,,,,,,,,,,,,
Papa Ron’s,Reef,Honduras,,,,,,,,,,,,,,,,,,,,,,,,,,,,,,
Beach Bar,Reef,Honduras,,,,,,,,,,,,,,,,,,,,,,,,,,,,,,
Training Site,Reef,Honduras,,,,,,,,,,,,,,,,,,,,,,,,,,,,,,
Blue House,Reef,Honduras,,,,,,,,,,,,,,,,,,,,,,,,,,,,,,
Cisneros Point,Reef,Honduras,,,,,,,,,,,,,,,,,,,,,,,,,,,,,,
Kristi’s Cove,Reef,Honduras,,,,,,,,,,,,,,,,,,,,,,,,,,,,,,
Cave East,Cave,Reef,,,,,,,,,,,,,,,,,,,,,,,,,,,,,,
Boss Cave,Cave,Reef,,,,,,,,,,,,,,,,,,,,,,,,,,,,,,
Cave West,Cave,Reef,,,,,,,,,,,,,,,,,,,,,,,,,,,,,,
Aaron’s Backyard,Reef,Honduras,,,,,,,,,,,,,,,,,,,,,,,,,,,,,,
Kate’s Key,Reef,Honduras,,,,,,,,,,,,,,,,,,,,,,,,,,,,,,
Al’s Garden,Reef,Honduras,,,,,,,,,,,,,,,,,,,,,,,,,,,,,,
Addie’s Garden,Reef,Honduras,,,,,,,,,,,,,,,,,,,,,,,,,,,,,,
Four Amigos,Reef,Honduras,,,,,,,,,,,,,,,,,,,,,,,,,,,,,,
Triple D,Reef,Honduras,,,,,,,,,,,,,,,,,,,,,,,,,,,,,,
Sandra’s Grotto,Reef,Honduras,,,,,,,,,,,,,,,,,,,,,,,,,,,,,,
Rhino’s Phorest,Reef,Honduras,,,,,,,,,,,,,,,,,,,,,,,,,,,,,,
Salt Life Point,Reef,Honduras,,,,,,,,,,,,,,,,,,,,,,,,,,,,,,
Janie’s Garden,Reef,Honduras,,,,,,,,,,,,,,,,,,,,,,,,,,,,,,
Todd’s Last Dance,Reef,Honduras,,,,,,,,,,,,,,,,,,,,,,,,,,,,,,
Dustin’s Dropoff,Reef,Honduras,,,,,,,,,,,,,,,,,,,,,,,,,,,,,,
Marie’s Kitchen,Reef,Honduras,,,,,,,,,,,,,,,,,,,,,,,,,,,,,,
Single Divers 2018,Reef,Honduras,,,,,,,,,,,,,,,,,,,,,,,,,,,,,,
Michelle’s Smile,Reef,Honduras,,,,,,,,,,,,,,,,,,,,,,,,,,,,,,
Marilyn’s Mystery,Reef,Honduras,,,,,,,,,,,,,,,,,,,,,,,,,,,,,,
Bucca Quay,Reef,Honduras,,,,,,,,,,,,,,,,,,,,,,,,,,,,,,
Weebo’s Way,Reef,Honduras,,,,,,,,,,,,,,,,,,,,,,,,,,,,,,
Tommy’s Pit Stop,Reef,Honduras,,,,,,,,,,,,,,,,,,,,,,,,,,,,,,
Snow 2,Reef,Honduras,,,,,,,,,,,,,,,,,,,,,,,,,,,,,,
Snow 1,Reef,Honduras,,,,,,,,,,,,,,,,,,,,,,,,,,,,,,
Dona Cleta,Reef,Honduras,,,,,,,,,,,,,,,,,,,,,,,,,,,,,,
Willie’s Wonder,Reef,Honduras,,,,,,,,,,,,,,,,,,,,,,,,,,,,,,
Mandy’s Garden,Reef,Honduras,,,,,,,,,,,,,,,,,,,,,,,,,,,,,,
Joe Wagner’s Dew Drop,Reef,Honduras,,,,,,,,,,,,,,,,,,,,,,,,,,,,,,
Boba’s Bommie,Reef,Honduras,,,,,,,,,,,,,,,,,,,,,,,,,,,,,,
Temptation,Reef,Honduras,,,,,,,,,,,,,,,,,,,,,,,,,,,,,,
Kaylee’s Daydream,Reef,Honduras,,,,,,,,,,,,,,,,,,,,,,,,,,,,,,
Pop N Bubbles,Reef,Honduras,,,,,,,,,,,,,,,,,,,,,,,,,,,,,,
Coral Reef,Reef,Honduras,,,,,,,,,,,,,,,,,,,,,,,,,,,,,,
Chloe’s Coral,Reef,Honduras,,,,,,,,,,,,,,,,,,,,,,,,,,,,,,
Single Divers 2022,Reef,Honduras,,,,,,,,,,,,,,,,,,,,,,,,,,,,,,
Butcher’s Bank,Reef,Honduras,,,,,,,,,,,,,,,,,,,,,,,,,,,,,,
Bill Perkins’ Peace,Reef,Honduras,,,,,,,,,,,,,,,,,,,,,,,,,,,,,,
John Gow’s Gallows,Reef,Honduras,,,,,,,,,,,,,,,,,,,,,,,,,,,,,,
Jack’s Place,Reef,Honduras,,,,,,,,,,,,,,,,,,,,,,,,,,,,,,
Zoe’s Midnight,Reef,Honduras,,,,,,,,,,,,,,,,,,,,,,,,,,,,,,
Jumpin’ Jack,Reef,Honduras,,,,,,,,,,,,,,,,,,,,,,,,,,,,,,
Eddie’s Trifecta,Reef,Honduras,,,,,,,,,,,,,,,,,,,,,,,,,,,,,,
Fun With Dick and Jane,Reef,Honduras,,,,,,,,,,,,,,,,,,,,,,,,,,,,,,
Sondra’s Surprise,Reef,Honduras,,,,,,,,,,,,,,,,,,,,,,,,,,,,,,
Cab’s Zen Garden,Reef,Honduras,,,,,,,,,,,,,,,,,,,,,,,,,,,,,,
Tabyana’s,Reef,Honduras,,,,,,,,,,,,,,,,,,,,,,,,,,,,,,
Manic Monday,Reef,Honduras,,,,,,,,,,,,,,,,,,,,,,,,,,,,,,
Pubudu’s Playground,Reef,Honduras,,,,,,,,,,,,,,,,,,,,,,,,,,,,,,
Puncher’s Paradise,Reef,Honduras,,,,,,,,,,,,,,,,,,,,,,,,,,,,,,
Queen B,Reef,Honduras,,,,,,,,,,,,,,,,,,,,,,,,,,,,,,
Deep Sea Quest,Reef,Honduras,,,,,,,,,,,,,,,,,,,,,,,,,,,,,,
Fiasco in Paradise,Reef,Honduras,,,,,,,,,,,,,,,,,,,,,,,,,,,,,,
Quarantine Buddies,Reef,Honduras,,,,,,,,,,,,,,,,,,,,,,,,,,,,,,
Dorte’s Escape,Reef,Honduras,,,,,,,,,,,,,,,,,,,,,,,,,,,,,,
Alice’s Wonderland,Reef,Honduras,,,,,,,,,,,,,,,,,,,,,,,,,,,,,,
Rothschild’s Mistress,Reef,Honduras,,,,,,,,,,,,,,,,,,,,,,,,,,,,,,
Madre Reef,Reef,Honduras,,,,,,,,,,,,,,,,,,,,,,,,,,,,,,
Patti’s Paradise,Reef,Honduras,,,,,,,,,,,,,,,,,,,,,,,,,,,,,,
Three Brothers,Reef,Honduras,,,,,,,,,,,,,,,,,,,,,,,,,,,,,,
Shallow Sea Quest,Reef,Honduras,,,,,,,,,,,,,,,,,,,,,,,,,,,,,,
Blue Moonshine,Reef,Honduras,,,,,,,,,,,,,,,,,,,,,,,,,,,,,,
Kristen’s Crystal,Reef,Honduras,,,,,,,,,,,,,,,,,,,,,,,,,,,,,,
Shallow Turtle Crossing,Reef,Honduras,,,,,,,,,,,,,,,,,,,,,,,,,,,,,,
Luna’s Lair,Reef,Honduras,,,,,,,,,,,,,,,,,,,,,,,,,,,,,,
Deep Turtle Crossing,Reef,Honduras,,,,,,,,,,,,,,,,,,,,,,,,,,,,,,
Dara’s Dream,Reef,Honduras,,,,,,,,,,,,,,,,,,,,,,,,,,,,,,
Patrick’s Stash,Reef,Honduras,,,,,,,,,,,,,,,,,,,,,,,,,,,,,,
Chief’s Quarters,Reef,Honduras,,,,,,,,,,,,,,,,,,,,,,,,,,,,,,
Inside Luna Beach,Reef,Honduras,,,,,,,,,,,,,,,,,,,,,,,,,,,,,,
The Buck Stops Here,Reef,Honduras,,,,,,,,,,,,,,,,,,,,,,,,,,,,,,
Mickey’s,Reef,Honduras,,,,,,,,,,,,,,,,,,,,,,,,,,,,,,
Boris Moose & Squirrel,Reef,Honduras,,,,,,,,,,,,,,,,,,,,,,,,,,,,,,
Blatt’s Bank,Reef,Honduras,,,,,,,,,,,,,,,,,,,,,,,,,,,,,,
Bikini Bottom,Reef,Honduras,,,,,,,,,,,,,,,,,,,,,,,,,,,,,,
The Bight,Reef,Honduras,,,,,,,,,,,,,,,,,,,,,,,,,,,,,,
Chris Fisher,Reef,Honduras,,,,,,,,,,,,,,,,,,,,,,,,,,,,,,
Inside Blue 1,Reef,Honduras,,,,,,,,,,,,,,,,,,,,,,,,,,,,,,
Inside Blue 2,Reef,Honduras,,,,,,,,,,,,,,,,,,,,,,,,,,,,,,
Inside Blue 3,Reef,Honduras,,,,,,,,,,,,,,,,,,,,,,,,,,,,,,
Inside Blue 4,Reef,Honduras,,,,,,,,,,,,,,,,,,,,,,,,,,,,,,
Mr. Bill’s Happy Place,Reef,Honduras,,,,,,,,,,,,,,,,,,,,,,,,,,,,,,
Diane’s Dream,Reef,Honduras,,,,,,,,,,,,,,,,,,,,,,,,,,,,,,
Haller Deep,Reef,Honduras,,,,,,,,,,,,,,,,,,,,,,,,,,,,,,
Phillip’s Peace,Reef,Honduras,,,,,,,,,,,,,,,,,,,,,,,,,,,,,,
Angus’ Aquarium,Reef,Honduras,,,,,,,,,,,,,,,,,,,,,,,,,,,,,,
MB’s Wall,Reef,Honduras,,,,,,,,,,,,,,,,,,,,,,,,,,,,,,
Ocean Groove,Reef,Honduras,,,,,,,,,,,,,,,,,,,,,,,,,,,,,,
Shallow El Aquario,Reef,Honduras,,,,,,,,,,,,,,,,,,,,,,,,,,,,,,
Shallow Snorkel,Reef,Honduras,,,,,,,,,,,,,,,,,,,,,,,,,,,,,,
Saaya’s,Reef,Honduras,,,,,,,,,,,,,,,,,,,,,,,,,,,,,,
Moonlight,Reef,Honduras,,,,,,,,,,,,,,,,,,,,,,,,,,,,,,
Dixie’s,Reef,Honduras,,,,,,,,,,,,,,,,,,,,,,,,,,,,,,
Vern’s Dropoff,Reef,Honduras,,,,,,,,,,,,,,,,,,,,,,,,,,,,,,
Cocobolo,Reef,Honduras,,,,,,,,,,,,,,,,,,,,,,,,,,,,,,
Lara’s Rainbows,Reef,Honduras,,,,,,,,,,,,,,,,,,,,,,,,,,,,,,
Glory to Ukraine,Reef,Honduras,,,,,,,,,,,,,,,,,,,,,,,,,,,,,,
The Wife,Reef,Honduras,,,,,,,,,,,,,,,,,,,,,,,,,,,,,,
Gerri’s Gem,Reef,Honduras,,,,,,,,,,,,,,,,,,,,,,,,,,,,,,
Rocktopus Reef,Reef,Honduras,,,,,,,,,,,,,,,,,,,,,,,,,,,,,,
Rena’s Rollercoaster,Reef,Honduras,,,,,,,,,,,,,,,,,,,,,,,,,,,,,,
Chloe Bean’s Canyon,Reef,Honduras,,,,,,,,,,,,,,,,,,,,,,,,,,,,,,
Zig Zag,Reef,Honduras,,,,,,,,,,,,,,,,,,,,,,,,,,,,,,
Happy Jack’s Wall,Reef,Honduras,,,,,,,,,,,,,,,,,,,,,,,,,,,,,,
Fish Den,Reef,Honduras,,,,,,,,,,,,,,,,,,,,,,,,,,,,,,
Happily Ever After,Reef,Honduras,,,,,,,,,,,,,,,,,,,,,,,,,,,,,,
Dennis’ Dropoff,Reef,Honduras,,,,,,,,,,,,,,,,,,,,,,,,,,,,,,
Rick’s Refuge,Reef,Honduras,,,,,,,,,,,,,,,,,,,,,,,,,,,,,,
Lee’s One Love,Reef,Honduras,,,,,,,,,,,,,,,,,,,,,,,,,,,,,,
Robin’s Nest,Reef,Honduras,,,,,,,,,,,,,,,,,,,,,,,,,,,,,,
Melissa’s Reef,Reef,Honduras,,,,,,,,,,,,,,,,,,,,,,,,,,,,,,
Overheat,Reef,Honduras,,,,,,,,,,,,,,,,,,,,,,,,,,,,,,
Scuba Mermaids,Reef,Honduras,,,,,,,,,,,,,,,,,,,,,,,,,,,,,,
Diane’s Delight,Reef,Honduras,,,,,,,,,,,,,,,,,,,,,,,,,,,,,,
Green Outhouse,Reef,Honduras,,,,,,,,,,,,,,,,,,,,,,,,,,,,,,
Schafftown,Reef,Honduras,,,,,,,,,,,,,,,,,,,,,,,,,,,,,,
Pirate’s Dream,Reef,Honduras,,,,,,,,,,,,,,,,,,,,,,,,,,,,,,
Pillar Coral,Reef,Honduras,,,,,,,,,,,,,,,,,,,,,,,,,,,,,,
Drury’s Dilemma,Reef,Honduras,,,,,,,,,,,,,,,,,,,,,,,,,,,,,,
Billy’s Happy Place,Reef,Honduras,,,,,,,,,,,,,,,,,,,,,,,,,,,,,,
Dos Anguilas,Reef,Honduras,,,,,,,,,,,,,,,,,,,,,,,,,,,,,,
Aguila,Reef,Honduras,,,,,,,,,,,,,,,,,,,,,,,,,,,,,,
El Aguila Shallow,Reef,Honduras,,,,,,,,,,,,,,,,,,,,,,,,,,,,,,
Rip’s Reef,Reef,Honduras,,,,,,,,,,,,,,,,,,,,,,,,,,,,,,
Tommy’s Laugh,Reef,Honduras,,,,,,,,,,,,,,,,,,,,,,,,,,,,,,
Summer’s Bliss,Reef,Honduras,,,,,,,,,,,,,,,,,,,,,,,,,,,,,,
Barry’s Corner,Reef,Honduras,,,,,,,,,,,,,,,,,,,,,,,,,,,,,,
William’s Playground,Reef,Honduras,,,,,,,,,,,,,,,,,,,,,,,,,,,,,,
Conrad’s Cave,Reef,Honduras,,,,,,,,,,,,,,,,,,,,,,,,,,,,,,
Canals Zen,Reef,Honduras,,,,,,,,,,,,,,,,,,,,,,,,,,,,,,
Nelson’s Nest,Reef,Honduras,,,,,,,,,,,,,,,,,,,,,,,,,,,,,,
Mack’s Wall,Reef,Honduras,,,,,,,,,,,,,,,,,,,,,,,,,,,,,,
Zack’s Patch,Reef,Honduras,,,,,,,,,,,,,,,,,,,,,,,,,,,,,,
Green Pearl,Reef,Honduras,,,,,,,,,,,,,,,,,,,,,,,,,,,,,,
Hooker’s Hole,Reef,Honduras,,,,,,,,,,,,,,,,,,,,,,,,,,,,,,
Baby Steinberg,Reef,Honduras,,,,,,,,,,,,,,,,,,,,,,,,,,,,,,
Bear’s Den,Reef,Honduras,,,,,,,,,,,,,,,,,,,,,,,,,,,,,,
Deep White Hole,Reef,Honduras,,,,,,,,,,,,,,,,,,,,,,,,,,,,,,
Dragon’s Maze,Reef,Honduras,,,,,,,,,,,,,,,,,,,,,,,,,,,,,,
CJ’s Place,Reef,Honduras,,,,,,,,,,,,,,,,,,,,,,,,,,,,,,
Dorothy’s Dance,Reef,Honduras,,,,,,,,,,,,,,,,,,,,,,,,,,,,,,
Dylan’s Dive,Reef,Honduras,,,,,,,,,,,,,,,,,,,,,,,,,,,,,,
Spooky Channel,Reef,Honduras,,,,,,,,,,,,,,,,,,,,,,,,,,,,,,
Richard’s Realm,Reef,Honduras,,,,,,,,,,,,,,,,,,,,,,,,,,,,,,
Uncle Jim’s Pool,Reef,Honduras,,,,,,,,,,,,,,,,,,,,,,,,,,,,,,
Zambito’s Hideaway,Reef,Honduras,,,,,,,,,,,,,,,,,,,,,,,,,,,,,,
Wrasse Hole,Reef,Honduras,,,,,,,,,,,,,,,,,,,,,,,,,,,,,,
Barry’s Reef,Reef,Honduras,,,,,,,,,,,,,,,,,,,,,,,,,,,,,,
Mr. Charlie’s Reef,Reef,Honduras,,,,,,,,,,,,,,,,,,,,,,,,,,,,,,
Marsha’s Reef,Reef,Honduras,,,,,,,,,,,,,,,,,,,,,,,,,,,,,,
Linda’s Lagoon,Reef,Honduras,,,,,,,,,,,,,,,,,,,,,,,,,,,,,,
Chris’ Cove,Reef,Honduras,,,,,,,,,,,,,,,,,,,,,,,,,,,,,,
Turtle Patch,Reef,Honduras,,,,,,,,,,,,,,,,,,,,,,,,,,,,,,
Blue Lagoon,Reef,Honduras,,,,,,,,,,,,,,,,,,,,,,,,,,,,,,
Sunrise Wall,Reef,Honduras,,,,,,,,,,,,,,,,,,,,,,,,,,,,,,
Serpent’s Lair,Reef,Honduras,,,,,,,,,,,,,,,,,,,,,,,,,,,,,,
Green Turtle Cave,Reef,Honduras,,,,,,,,,,,,,,,,,,,,,,,,,,,,,,
Paradise Reef,Reef,Honduras,,,,,,,,,,,,,,,,,,,,,,,,,,,,,,
Redfin Reef,Reef,Honduras,,,,,,,,,,,,,,,,,,,,,,,,,,,,,,
The End,Reef,Honduras,,,,,,,,,,,,,,,,,,,,,,,,,,,,,,
Texas,Reef,Honduras,,,,,,,,,,,,,,,,,,,,,,,,,,,,,,
West,Reef,Honduras,,,,,,,,,,,,,,,,,,,,,,,,,,,,,,
Josie J Wreck,Wreck,Honduras,,,,,,,,,,,,,,,,,,,,,,,,,,,,,,
Mandy’s Eel Garden,Reef,Honduras,,,,,,,,,,,,,,,,,,,,,,,,,,,,,,
Temptation Reef,Reef,Honduras,,,,,,,,,,,,,,,,,,,,,,,,,,,,,,
Bucho’s Bank,Reef,Honduras,,,,,,,,,,,,,,,,,,,,,,,,,,,,,,
Seaquest Deep,Reef,Honduras,,,,,,,,,,,,,,,,,,,,,,,,,,,,,,
Seaquest Shallow,Reef,Honduras,,,,,,,,,,,,,,,,,,,,,,,,,,,,,,
Turtle Crossing,Reef,Honduras,,,,,,,,,,,,,,,,,,,,,,,,,,,,,,
Barman’s Choice,Reef,Honduras,,,,,,,,,,,,,,,,,,,,,,,,,,,,,,
Octopus Acre,Reef,Honduras,,,,,,,,,,,,,,,,,,,,,,,,,,,,,,
Blue Channel,Reef,Honduras,,,,,,,,,,,,,,,,,,,,,,,,,,,,,,
Jolly Roger,Reef,Honduras,,,,,,,,,,,,,,,,,,,,,,,,,,,,,,
Davey Jones Locker,Reef,Honduras,,,,,,,,,,,,,,,,,,,,,,,,,,,,,,
Ocean Grove,Reef,Honduras,,,,,,,,,,,,,,,,,,,,,,,,,,,,,,
El Aquario,Reef,Honduras,,,,,,,,,,,,,,,,,,,,,,,,,,,,,,
Moonlight Reef,Reef,Honduras,,,,,,,,,,,,,,,,,,,,,,,,,,,,,,
Dixie’s Cross,Reef,Honduras,,,,,,,,,,,,,,,,,,,,,,,,,,,,,,
Herbie’s Cross,Reef,Honduras,,,,,,,,,,,,,,,,,,,,,,,,,,,,,,
Half Moon Bay Wall,Reef,Honduras,,,,,,,,,,,,,,,,,,,,,,,,,,,,,,
Divemaster’s,Reef,Honduras,,,,,,,,,,,,,,,,,,,,,,,,,,,,,,
Grape Escape,Reef,Honduras,,,,,,,,,,,,,,,,,,,,,,,,,,,,,,
Second Hole,Reef,Honduras,,,,,,,,,,,,,,,,,,,,,,,,,,,,,,
Canyon Reef,Reef,Honduras,,,,,,,,,,,,,,,,,,,,,,,,,,,,,,
Gibson Bight,Reef,Honduras,,,,,,,,,,,,,,,,,,,,,,,,,,,,,,
Overheat Reef,Reef,Honduras,,,,,,,,,,,,,,,,,,,,,,,,,,,,,,
El Aguila Wreck,Wreck,Honduras,,,,,,,,,,,,,,,,,,,,,,,,,,,,,,
Mike’s Place,Reef,Honduras,,,,,,,,,,,,,,,,,,,,,,,,,,,,,,
Peter’s Place,Reef,Honduras,,,,,,,,,,,,,,,,,,,,,,,,,,,,,,
Spooky Hole,Reef,Honduras,,,,,,,,,,,,,,,,,,,,,,,,,,,,,,
Four Sponges,Reef,Honduras,,,,,,,,,,,,,,,,,,,,,,,,,,,,,,
Odysen Wreck,Wreck,Honduras,,,,,,,,,,,,,,,,,,,,,,,,,,,,,,
Double Wall,Reef,Honduras,,,,,,,,,,,,,,,,,,,,,,,,,,,,,,
Stovall’s Serenity,Reef,Honduras,,,,,,,,,,,,,,,,,,,,,,,,,,,,,,
Chaz’s Choice,Reef,Honduras,,,,,,,,,,,,,,,,,,,,,,,,,,,,,,
Tuk’s Treasure,Reef,Honduras,,,,,,,,,,,,,,,,,,,,,,,,,,,,,,
Keyhole,Reef,Honduras,,,,,,,,,,,,,,,,,,,,,,,,,,,,,,
Milk Jug,Reef,Honduras,,,,,,,,,,,,,,,,,,,,,,,,,,,,,,
Magic Bobby,Reef,Honduras,,,,,,,,,,,,,,,,,,,,,,,,,,,,,,
Canyon Lands,Reef,Honduras,,,,,,,,,,,,,,,,,,,,,,,,,,,,,,
Cathy’s Corner,Reef,Honduras,,,,,,,,,,,,,,,,,,,,,,,,,,,,,,
Crazy Canyons,Reef,Honduras,,,,,,,,,,,,,,,,,,,,,,,,,,,,,,
Moray Lagoon,Reef,Honduras,,,,,,,,,,,,,,,,,,,,,,,,,,,,,,
Stingray Coral,Reef,Honduras,,,,,,,,,,,,,,,,,,,,,,,,,,,,,,
Mickey’s Place,Reef,Honduras,,,,,,,,,,,,,,,,,,,,,,,,,,,,,,
1912 Shipwreck,Wreck,Honduras,,,,,,,,,,,,,,,,,,,,,,,,,,,,,,
Julian’s Wall,Reef,Honduras,,,,,,,,,,,,,,,,,,,,,,,,,,,,,,
Garden of Eden,Reef,Honduras,,,,,,,,,,,,,,,,,,,,,,,,,,,,,,
The View,Reef,Honduras,,,,,,,,,,,,,,,,,,,,,,,,,,,,,,
Fish Spot,Reef,Honduras,,,,,,,,,,,,,,,,,,,,,,,,,,,,,,
Andy’s Wall,Reef,Honduras,,,,,,,,,,,,,,,,,,,,,,,,,,,,,,
Sponges,Reef,Honduras,,,,,,,,,,,,,,,,,,,,,,,,,,,,,,
Labyrinth,Reef,Honduras,,,,,,,,,,,,,,,,,,,,,,,,,,,,,,
The Slide,Reef,Honduras,,,,,,,,,,,,,,,,,,,,,,,,,,,,,,
Stingray Passage,Reef,Honduras,,,,,,,,,,,,,,,,,,,,,,,,,,,,,,
Milton Bight,Reef,Honduras,,,,,,,,,,,,,,,,,,,,,,,,,,,,,,
Pondy Wall,Reef,Honduras,,,,,,,,,,,,,,,,,,,,,,,,,,,,,,
Fuego del Mar,Reef,Honduras,,,,,,,,,,,,,,,,,,,,,,,,,,,,,,
Dolphin’s Graveyard,Reef,Honduras,,,,,,,,,,,,,,,,,,,,,,,,,,,,,,
Yuba,Reef,Honduras,,,,,,,,,,,,,,,,,,,,,,,,,,,,,,
Turtle Wall,Reef,Honduras,,,,,,,,,,,,,,,,,,,,,,,,,,,,,,
Hide and Seek,Reef,Honduras,,,,,,,,,,,,,,,,,,,,,,,,,,,,,,
Ben’s Dive,Reef,Honduras,,,,,,,,,,,,,,,,,,,,,,,,,,,,,,
Spyglass,Reef,Honduras,,,,,,,,,,,,,,,,,,,,,,,,,,,,,,
Mongoose,Reef,Honduras,,,,,,,,,,,,,,,,,,,,,,,,,,,,,,
Punta Blanca Channel,Reef,Honduras,,,,,,,,,,,,,,,,,,,,,,,,,,,,,,
Gretchen’s Shell,Reef,Honduras,,,,,,,,,,,,,,,,,,,,,,,,,,,,,,
Church Wall,Reef,Honduras,,,,,,,,,,,,,,,,,,,,,,,,,,,,,,
Tutu’s Place,Reef,Honduras,,,,,,,,,,,,,,,,,,,,,,,,,,,,,,
McNab’s Pinnacle,Reef,Honduras,,,,,,,,,,,,,,,,,,,,,,,,,,,,,,
Camp Bay Reef,Reef,Honduras,,,,,,,,,,,,,,,,,,,,,,,,,,,,,,
Joe’s Place,Reef,Honduras,,,,,,,,,,,,,,,,,,,,,,,,,,,,,,
North Morat Wall,Reef,Honduras,,,,,,,,,,,,,,,,,,,,,,,,,,,,,,
Pablo’s Place,Reef,Honduras,,,,,,,,,,,,,,,,,,,,,,,,,,,,,,
Key Hole,Reef,Honduras,,,,,,,,,,,,,,,,,,,,,,,,,,,,,,
Church Reef,Reef,Honduras,,,,,,,,,,,,,,,,,,,,,,,,,,,,,,
Flower’s Bay Wall,Reef,Honduras,,,,,,,,,,,,,,,,,,,,,,,,,,,,,,
Matt’s Wet Spot,Reef,Honduras,,,,,,,,,,,,,,,,,,,,,,,,,,,,,,
Enchanted Forest,Reef,Honduras,,,,,,,,,,,,,,,,,,,,,,,,,,,,,,
Insidious Reef,Reef,Honduras,,,,,,,,,,,,,,,,,,,,,,,,,,,,,,
Lita’s Hole,Reef,Honduras,,,,,,,,,,,,,,,,,,,,,,,,,,,,,,
Connie’s Dream,Reef,Honduras,,,,,,,,,,,,,,,,,,,,,,,,,,,,,,
Marilyn’s Front Porch,Reef,Honduras,,,,,,,,,,,,,,,,,,,,,,,,,,,,,,
Elbow,Reef,Honduras,,,,,,,,,,,,,,,,,,,,,,,,,,,,,,
Cemetery Wall,Reef,Honduras,,,,,,,,,,,,,,,,,,,,,,,,,,,,,,
John’s Spot,Reef,Honduras,,,,,,,,,,,,,,,,,,,,,,,,,,,,,,
Doc’s Retreat,Reef,Honduras,,,,,,,,,,,,,,,,,,,,,,,,,,,,,,
French Cay Cut,Reef,Honduras,,,,,,,,,,,,,,,,,,,,,,,,,,,,,,
Mister Bud Wreck,Wreck,Honduras,,,,,,,,,,,,,,,,,,,,,,,,,,,,,,
Pat’s Place,Reef,Honduras,,,,,,,,,,,,,,,,,,,,,,,,,,,,,,
French Cay Bank,Reef,Honduras,,,,,,,,,,,,,,,,,,,,,,,,,,,,,,
Little French Cay Wall,Reef,Honduras,,,,,,,,,,,,,,,,,,,,,,,,,,,,,,
Valley of the Kings,Reef,Honduras,,,,,,,,,,,,,,,,,,,,,,,,,,,,,,
Fantasy Island,Reef,Honduras,,,,,,,,,,,,,,,,,,,,,,,,,,,,,,
Forty Foot Point,Reef,Honduras,,,,,,,,,,,,,,,,,,,,,,,,,,,,,,
Fish Soup,Reef,Honduras,,,,,,,,,,,,,,,,,,,,,,,,,,,,,,
Newman’s Wall,Reef,Honduras,,,,,,,,,,,,,,,,,,,,,,,,,,,,,,
Prince Albert Wreck,Wreck,Honduras,,,,,,,,,,,,,,,,,,,,,,,,,,,,,,
Coco View Wall,Reef,Honduras,,,,,,,,,,,,,,,,,,,,,,,,,,,,,,
Too Tall Too Small,Reef,Honduras,,,,,,,,,,,,,,,,,,,,,,,,,,,,,,
Doc’s Dive,Reef,Honduras,,,,,,,,,,,,,,,,,,,,,,,,,,,,,,
Anka’s Place,Reef,Honduras,,,,,,,,,,,,,,,,,,,,,,,,,,,,,,
Castle Canyon,Reef,Honduras,,,,,,,,,,,,,,,,,,,,,,,,,,,,,,
Ironshore,Reef,Honduras,,,,,,,,,,,,,,,,,,,,,,,,,,,,,,
Chimneys,Reef,Honduras,,,,,,,,,,,,,,,,,,,,,,,,,,,,,,
Inside Outside,Reef,Honduras,,,,,,,,,,,,,,,,,,,,,,,,,,,,,,
Parrot Tree,Reef,Honduras,,,,,,,,,,,,,,,,,,,,,,,,,,,,,,
Everything Right,Reef,Honduras,,,,,,,,,,,,,,,,,,,,,,,,,,,,,,
Carib Point,Reef,Honduras,,,,,,,,,,,,,,,,,,,,,,,,,,,,,,
Casablanca,Reef,Honduras,,,,,,,,,,,,,,,,,,,,,,,,,,,,,,
Alcoholic Dog,Reef,Honduras,,,,,,,,,,,,,,,,,,,,,,,,,,,,,,
Pond View Wall,Reef,Honduras,,,,,,,,,,,,,,,,,,,,,,,,,,,,,,
Tortuga Reef,Reef,Honduras,,,,,,,,,,,,,,,,,,,,,,,,,,,,,,
Lucy Point,Reef,Honduras,,,,,,,,,,,,,,,,,,,,,,,,,,,,,,
Antenna Wall,Reef,Honduras,,,,,,,,,,,,,,,,,,,,,,,,,,,,,,
Silent Springs,Reef,Honduras,,,,,,,,,,,,,,,,,,,,,,,,,,,,,,
Crab Wall,Reef,Honduras,,,,,,,,,,,,,,,,,,,,,,,,,,,,,,
Reef House Wall,Reef,Honduras,,,,,,,,,,,,,,,,,,,,,,,,,,,,,,
Fidler’s Bight Wall,Reef,Honduras,,,,,,,,,,,,,,,,,,,,,,,,,,,,,,
Calabas Caves,Reef,Honduras,,,,,,,,,,,,,,,,,,,,,,,,,,,,,,
Las Dos Hermanas,Reef,Honduras,,,,,,,,,,,,,,,,,,,,,,,,,,,,,,
Sponge Garden,Reef,Honduras,,,,,,,,,,,,,,,,,,,,,,,,,,,,,,
Carlos & Charlie’s,Reef,Honduras,,,,,,,,,,,,,,,,,,,,,,,,,,,,,,
Conch Cay,Reef,Honduras,,,,,,,,,,,,,,,,,,,,,,,,,,,,,,
Lime Cay Wall,Reef,Honduras,,,,,,,,,,,,,,,,,,,,,,,,,,,,,,
Bogan’s Reef,Reef,Honduras,,,,,,,,,,,,,,,,,,,,,,,,,,,,,,
Port Royal Gorge,Reef,Honduras,,,,,,,,,,,,,,,,,,,,,,,,,,,,,,
Fort Cay Wall,Reef,Honduras,,,,,,,,,,,,,,,,,,,,,,,,,,,,,,
Military Shipwreck,Wreck,Honduras,,,,,,,,,,,,,,,,,,,,,,,,,,,,,,
Old Shrimp Boat,Wreck,Honduras,,,,,,,,,,,,,,,,,,,,,,,,,,,,,,
Carmen’s Way,Reef,Honduras,,,,,,,,,,,,,,,,,,,,,,,,,,,,,,
Rocky Point,Reef,Honduras,,,,,,,,,,,,,,,,,,,,,,,,,,,,,,
Helene Wall,Reef,Honduras,,,,,,,,,,,,,,,,,,,,,,,,,,,,,,
Morat Wall,Reef,Honduras,,,,,,,,,,,,,,,,,,,,,,,,,,,,,,
Barbareta Wall,Reef,Honduras,,,,,,,,,,,,,,,,,,,,,,,,,,,,,,
Barbareta Beach Club,Reef,Honduras,,,,,,,,,,,,,,,,,,,,,,,,,,,,,,
Jade Beach,Reef,Honduras,,,,,,,,,,,,,,,,,,,,,,,,,,,,,,
Trunk Turtle Wall,Reef,Honduras,,,,,,,,,,,,,,,,,,,,,,,,,,,,,,
Pigeon Cays,Reef,Honduras,,,,,,,,,,,,,,,,,,,,,,,,,,,,,,
House Reef,Reef,Honduras,,,,,,,,,,,,,,,,,,,,,,,,,,,,,,
Turkey Beach,Reef,Honduras,,,,,,,,,,,,,,,,,,,,,,,,,,,,,,
Conchita,Reef,Honduras,,,,,,,,,,,,,,,,,,,,,,,,,,,,,,
The Zoo,Reef,Honduras,,,,,,,,,,,,,,,,,,,,,,,,,,,,,,
Usuku Top,Reef,Honduras,,,,,,,,,,,,,,,,,,,,,,,,,,,,,,
Usuku Selatan,Reef,Honduras,,,,,,,,,,,,,,,,,,,,,,,,,,,,,,
Liable East,Reef,Honduras,,,,,,,,,,,,,,,,,,,,,,,,,,,,,,
Liable West,Reef,Honduras,,,,,,,,,,,,,,,,,,,,,,,,,,,,,,
Malabea East,Reef,Honduras,,,,,,,,,,,,,,,,,,,,,,,,,,,,,,
Malabea West,Reef,Honduras,,,,,,,,,,,,,,,,,,,,,,,,,,,,,,
Teluk Maya,Reef,Honduras,,,,,,,,,,,,,,,,,,,,,,,,,,,,,,
Trailblazer,Reef,Honduras,,,,,,,,,,,,,,,,,,,,,,,,,,,,,,
Tanjung Lintea,Reef,Honduras,,,,,,,,,,,,,,,,,,,,,,,,,,,,,,
Pockets,Reef,Honduras,,,,,,,,,,,,,,,,,,,,,,,,,,,,,,
Fan 38 East,Reef,Honduras,,,,,,,,,,,,,,,,,,,,,,,,,,,,,,
Fan 38 West,Reef,Honduras,,,,,,,,,,,,,,,,,,,,,,,,,,,,,,
Spiral Corner,Reef,Honduras,,,,,,,,,,,,,,,,,,,,,,,,,,,,,,
Sawa Utara,Reef,Honduras,,,,,,,,,,,,,,,,,,,,,,,,,,,,,,
Batfish Wall,Reef,Honduras,,,,,,,,,,,,,,,,,,,,,,,,,,,,,,
Fan Garden,Reef,Honduras,,,,,,,,,,,,,,,,,,,,,,,,,,,,,,
Starship,Reef,Honduras,,,,,,,,,,,,,,,,,,,,,,,,,,,,,,
Galaxy,Reef,Honduras,,,,,,,,,,,,,,,,,,,,,,,,,,,,,,
Pinky’s Wall,Reef,Honduras,,,,,,,,,,,,,,,,,,,,,,,,,,,,,,
Vivien’s Reef,Reef,Honduras,,,,,,,,,,,,,,,,,,,,,,,,,,,,,,
Valentine’s Point,Reef,Honduras,,,,,,,,,,,,,,,,,,,,,,,,,,,,,,
Lorenzo’s Delight,Reef,Honduras,,,,,,,,,,,,,,,,,,,,,,,,,,,,,,
Pastel,Reef,Honduras,,,,,,,,,,,,,,,,,,,,,,,,,,,,,,
Inka’s Palette,Reef,Honduras,,,,,,,,,,,,,,,,,,,,,,,,,,,,,,
Brian’s Choice,Reef,Honduras,,,,,,,,,,,,,,,,,,,,,,,,,,,,,,
Channel,Reef,Honduras,,,,,,,,,,,,,,,,,,,,,,,,,,,,,,
Tanjung Patok,Reef,Honduras,,,,,,,,,,,,,,,,,,,,,,,,,,,,,,
Dunia Baru,Reef,Honduras,,,,,,,,,,,,,,,,,,,,,,,,,,,,,,
Waitii Ridge,Reef,Honduras,,,,,,,,,,,,,,,,,,,,,,,,,,,,,,
Table Coral City,Reef,Honduras,,,,,,,,,,,,,,,,,,,,,,,,,,,,,,
Teluk Waitii,Reef,Honduras,,,,,,,,,,,,,,,,,,,,,,,,,,,,,,
Allegras Wall,Reef,Honduras,,,,,,,,,,,,,,,,,,,,,,,,,,,,,,
Pantai Kollo Soha,Reef,Honduras,,,,,,,,,,,,,,,,,,,,,,,,,,,,,,
Pantai Waitii,Reef,Honduras,,,,,,,,,,,,,,,,,,,,,,,,,,,,,,
Mari Mabuk,Reef,Honduras,,,,,,,,,,,,,,,,,,,,,,,,,,,,,,
Gunung Waha,Reef,Honduras,,,,,,,,,,,,,,,,,,,,,,,,,,,,,,
Ali Reef,Reef,Honduras,,,,,,,,,,,,,,,,,,,,,,,,,,,,,,
Waha Top,Reef,Honduras,,,,,,,,,,,,,,,,,,,,,,,,,,,,,,
Kulati,Reef,Honduras,,,,,,,,,,,,,,,,,,,,,,,,,,,,,,
Blade,Reef,Honduras,,,,,,,,,,,,,,,,,,,,,,,,,,,,,,
Coral Hill,Reef,Honduras,,,,,,,,,,,,,,,,,,,,,,,,,,,,,,
Pintu Timur,Reef,Honduras,,,,,,,,,,,,,,,,,,,,,,,,,,,,,,
Fish Wall,Reef,Honduras,,,,,,,,,,,,,,,,,,,,,,,,,,,,,,
Cavern Wall,Reef,Honduras,,,,,,,,,,,,,,,,,,,,,,,,,,,,,,
Black Rock Canyon,Reef,Honduras,,,,,,,,,,,,,,,,,,,,,,,,,,,,,,
Tito’s Labyrinth,Reef,Honduras,,,,,,,,,,,,,,,,,,,,,,,,,,,,,,
Black Rock Point,Reef,Honduras,,,,,,,,,,,,,,,,,,,,,,,,,,,,,,
North East Bight,Reef,Honduras,,,,,,,,,,,,,,,,,,,,,,,,,,,,,,
East End Cliff,Reef,Honduras,,,,,,,,,,,,,,,,,,,,,,,,,,,,,,
Caldera del Diablo,Reef,Honduras,,,,,,,,,,,,,,,,,,,,,,,,,,,,,,
George’s Cay,Reef,Honduras,,,,,,,,,,,,,,,,,,,,,,,,,,,,,,
Hector’s Cay,Reef,Honduras,,,,,,,,,,,,,,,,,,,,,,,,,,,,,,
Josh’s Cay,Reef,Honduras,,,,,,,,,,,,,,,,,,,,,,,,,,,,,,
Brick Point,Reef,Honduras,,,,,,,,,,,,,,,,,,,,,,,,,,,,,,
Guanaja Channel,Reef,Honduras,,,,,,,,,,,,,,,,,,,,,,,,,,,,,,
Michael’s Rock,Reef,Honduras,,,,,,,,,,,,,,,,,,,,,,,,,,,,,,
Sandbar Reef,Reef,Honduras,,,,,,,,,,,,,,,,,,,,,,,,,,,,,,
Diana’s Wall,Reef,Honduras,,,,,,,,,,,,,,,,,,,,,,,,,,,,,,
Bayman Drop,Reef,Honduras,,,,,,,,,,,,,,,,,,,,,,,,,,,,,,
Fantasy Reef,Reef,Honduras,,,,,,,,,,,,,,,,,,,,,,,,,,,,,,
Thomas Reef,Reef,Honduras,,,,,,,,,,,,,,,,,,,,,,,,,,,,,,
Spayer Reef,Reef,Honduras,,,,,,,,,,,,,,,,,,,,,,,,,,,,,,
Columbus Landing,Reef,Honduras,,,,,,,,,,,,,,,,,,,,,,,,,,,,,,
Pure Ridge,Reef,Honduras,,,,,,,,,,,,,,,,,,,,,,,,,,,,,,
Pine Ridge,Reef,Honduras,,,,,,,,,,,,,,,,,,,,,,,,,,,,,,
Freshwater Bay,Reef,Honduras,,,,,,,,,,,,,,,,,,,,,,,,,,,,,,
Indian Hill,Reef,Honduras,,,,,,,,,,,,,,,,,,,,,,,,,,,,,,
Blue Rock,Reef,Honduras,,,,,,,,,,,,,,,,,,,,,,,,,,,,,,
West Peak,Reef,Honduras,,,,,,,,,,,,,,,,,,,,,,,,,,,,,,
Caribbean Harbor,Reef,Honduras,,,,,,,,,,,,,,,,,,,,,,,,,,,,,,
Denis’ Playground,Reef,Honduras,,,,,,,,,,,,,,,,,,,,,,,,,,,,,,
Daniel’s Reef,Reef,Honduras,,,,,,,,,,,,,,,,,,,,,,,,,,,,,,
Jim’s Pleasure,Reef,Honduras,,,,,,,,,,,,,,,,,,,,,,,,,,,,,,
Verde Reef,Reef,Honduras,,,,,,,,,,,,,,,,,,,,,,,,,,,,,,
Gorgonian Wall,Reef,Honduras,,,,,,,,,,,,,,,,,,,,,,,,,,,,,,
Captain’s Crack,Reef,Honduras,,,,,,,,,,,,,,,,,,,,,,,,,,,,,,
Southwest Wall,Reef,Honduras,,,,,,,,,,,,,,,,,,,,,,,,,,,,,,
Blacktip Shark Reef,Reef,Honduras,,,,,,,,,,,,,,,,,,,,,,,,,,,,,,
Blacktip Slumberland,Reef,Honduras,,,,,,,,,,,,,,,,,,,,,,,,,,,,,,
Secca Alberto,Reef,Italy,,,,,,,,,,,,,,,,,,,,,,,,,,,,,,
Piramyd,Reef,Italy,,,,,,,,,,,,,,,,,,,,,,,,,,,,,,
Nadio,Wreck,Italy,,,,,,,,,,,,,,,,,,,,,,,,,,,,,,
Severin,Wreck,Italy,,,,,,,,,,,,,,,,,,,,,,,,,,,,,,
Madonnina,Reef,Italy,,,,,,,,,,,,,,,,,,,,,,,,,,,,,,
Pesca,Reef,Italy,,,,,,,,,,,,,,,,,,,,,,,,,,,,,,
Secca Grande,Reef,Italy,,,,,,,,,,,,,,,,,,,,,,,,,,,,,,
Shore Dive,Reef,Italy,,,,,,,,,,,,,,,,,,,,,,,,,,,,,,
SS Villa,Wreck,Italy,,,,,,,,,,,,,,,,,,,,,,,,,,,,,,
Vrmac,Wreck,Italy,,,,,,,,,,,,,,,,,,,,,,,,,,,,,,
Evdokia 2,Wreck,Italy,,,,,,,,,,,,,,,,,,,,,,,,,,,,,,
S88,Wreck,Italy,,,,,,,,,,,,,,,,,,,,,,,,,,,,,,
5 PN,Reef,Italy,,,,,,,,,,,,,,,,,,,,,,,,,,,,,,
Villingili Kandu,Reef,Maldives,,,,,,,,,,,,,,,,,,,,,,,,,,,,,,
Kuredhdhoo Kandu,Reef,Maldives,,,,,,,,,,,,,,,,,,,,,,,,,,,,,,
Mafzoo Thila,Reef,Maldives,,,,,,,,,,,,,,,,,,,,,,,,,,,,,,
Tiger Harbour,Reef,Maldives,,,,,,,,,,,,,,,,,,,,,,,,,,,,,,
South Plateau,Reef,Maldives,,,,,,,,,,,,,,,,,,,,,,,,,,,,,,
Black Bird Point,Reef,Honduras,,,,,,,,,,,,,,,,,,,,,,,,,,,,,,
Iron Bound,Reef,Honduras,,,,,,,,,,,,,,,,,,,,,,,,,,,,,,
Rock Harbour,Reef,Honduras,,,,,,,,,,,,,,,,,,,,,,,,,,,,,,
Pumpkin Hill,Reef,Honduras,,,,,,,,,,,,,,,,,,,,,,,,,,,,,,
Big Bight,Reef,Honduras,,,,,,,,,,,,,,,,,,,,,,,,,,,,,,
Red Cliff,Reef,Honduras,,,,,,,,,,,,,,,,,,,,,,,,,,,,,,
North Side,Reef,Honduras,,,,,,,,,,,,,,,,,,,,,,,,,,,,,,
Joshua’s Swash,Reef,Honduras,,,,,,,,,,,,,,,,,,,,,,,,,,,,,,
Great Wall,Reef,Honduras,,,,,,,,,,,,,,,,,,,,,,,,,,,,,,
Willy’s Hole,Reef,Honduras,,,,,,,,,,,,,,,,,,,,,,,,,,,,,,
Old House,Reef,Honduras,,,,,,,,,,,,,,,,,,,,,,,,,,,,,,
Turtle Harbour,Reef,Honduras,,,,,,,,,,,,,,,,,,,,,,,,,,,,,,
CJ’s Drop Off,Reef,Honduras,,,,,,,,,,,,,,,,,,,,,,,,,,,,,,
Don Quixote,Reef,Honduras,,,,,,,,,,,,,,,,,,,,,,,,,,,,,,
West End,Reef,Honduras,,,,,,,,,,,,,,,,,,,,,,,,,,,,,,
Utila Cays,Reef,Honduras,,,,,,,,,,,,,,,,,,,,,,,,,,,,,,
Ted’s Point,Reef,Honduras,,,,,,,,,,,,,,,,,,,,,,,,,,,,,,
Airport Caves,Reef,Honduras,,,,,,,,,,,,,,,,,,,,,,,,,,,,,,
Stingray Point,Reef,Honduras,,,,,,,,,,,,,,,,,,,,,,,,,,,,,,
Moon Hole,Reef,Honduras,,,,,,,,,,,,,,,,,,,,,,,,,,,,,,
Eagle Ray Alley,Reef,Honduras,,,,,,,,,,,,,,,,,,,,,,,,,,,,,,
Halliburton,Reef,Honduras,,,,,,,,,,,,,,,,,,,,,,,,,,,,,,
Ron’s Wreck,Reef,Honduras,,,,,,,,,,,,,,,,,,,,,,,,,,,,,,
Lighthouse Reef,Reef,Honduras,,,,,,,,,,,,,,,,,,,,,,,,,,,,,,
Black Coral Wall,Reef,Honduras,,,,,,,,,,,,,,,,,,,,,,,,,,,,,,
Silver Gardens,Reef,Honduras,,,,,,,,,,,,,,,,,,,,,,,,,,,,,,
Jack Neal Beach,Reef,Honduras,,,,,,,,,,,,,,,,,,,,,,,,,,,,,,
Pretty Bush,Reef,Honduras,,,,,,,,,,,,,,,,,,,,,,,,,,,,,,
Utila Bight,Reef,Honduras,,,,,,,,,,,,,,,,,,,,,,,,,,,,,,
Little Bight,Reef,Honduras,,,,,,,,,,,,,,,,,,,,,,,,,,,,,,
Jack Neil Point,Reef,Honduras,,,,,,,,,,,,,,,,,,,,,,,,,,,,,,
Madeline’s,Reef,Honduras,,,,,,,,,,,,,,,,,,,,,,,,,,,,,,
Big Rock Beach,Reef,Honduras,,,,,,,,,,,,,,,,,,,,,,,,,,,,,,
Big Rock,Reef,Honduras,,,,,,,,,,,,,,,,,,,,,,,,,,,,,,
Cabanas,Reef,Honduras,,,,,,,,,,,,,,,,,,,,,,,,,,,,,,
Sting Ray Point,Reef,Honduras,,,,,,,,,,,,,,,,,,,,,,,,,,,,,,
Diamond Cay,Reef,Honduras,,,,,,,,,,,,,,,,,,,,,,,,,,,,,,
South Side,Reef,Honduras,,,,,,,,,,,,,,,,,,,,,,,,,,,,,,
Utila Town,Reef,Honduras,,,,,,,,,,,,,,,,,,,,,,,,,,,,,,
Lower Lagoon,Reef,Honduras,,,,,,,,,,,,,,,,,,,,,,,,,,,,,,
East Harbour,Reef,Honduras,,,,,,,,,,,,,,,,,,,,,,,,,,,,,,
Laguna Beach,Reef,Honduras,,,,,,,,,,,,,,,,,,,,,,,,,,,,,,
Jack’s Bight,Reef,Honduras,,,,,,,,,,,,,,,,,,,,,,,,,,,,,,
Linda’s Wall,Reef,Honduras,,,,,,,,,,,,,,,,,,,,,,,,,,,,,,
El Molino,Reef,France,,,,,,,,,,,,,,,,,,,,,,,,,,,,,,
The Anchors,Wreck / Reef,France,,,,,,,,,,,,,,,,,,,,,,,,,,,,,,
Canyon,Wall / Canyon,France,,,,,,,,,,,,,,,,,,,,,,,,,,,,,,
Cap Figuier,Reef,France,,,,,,,,,,,,,,,,,,,,,,,,,,,,,,
Los Pinos,Reef,France,,,,,,,,,,,,,,,,,,,,,,,,,,,,,,
Caseta,Reef,France,,,,,,,,,,,,,,,,,,,,,,,,,,,,,,
Daisies,Reef,France,,,,,,,,,,,,,,,,,,,,,,,,,,,,,,
Cape Biosnar,Reef,France,,,,,,,,,,,,,,,,,,,,,,,,,,,,,,
Etxehandi,Reef,France,,,,,,,,,,,,,,,,,,,,,,,,,,,,,,
Pekachilla,Reef / Wall,France,,,,,,,,,,,,,,,,,,,,,,,,,,,,,,
Belarra,Reef,France,,,,,,,,,,,,,,,,,,,,,,,,,,,,,,
The Cod Fisherman,Wreck,France,,,,,,,,,,,,,,,,,,,,,,,,,,,,,,
Chicharvel,Reef,France,,,,,,,,,,,,,,,,,,,,,,,,,,,,,,
The Menhir,Rock Formation,France,,,,,,,,,,,,,,,,,,,,,,,,,,,,,,
The Dolmen,Rock Formation,France,,,,,,,,,,,,,,,,,,,,,,,,,,,,,,
Illarguita,Wall,France,,,,,,,,,,,,,,,,,,,,,,,,,,,,,,
Placeta,Reef,France,,,,,,,,,,,,,,,,,,,,,,,,,,,,,,
JP’s Cave,Cave,France,,,,,,,,,,,,,,,,,,,,,,,,,,,,,,
The Scree,Reef,France,,,,,,,,,,,,,,,,,,,,,,,,,,,,,,
Tankah Bay,Reef / Cavern,Mexico,,,,,,,,,,,,,,,,,,,,,,,,,,,,,,
Akumal,Reef,Mexico,,,,,,,,,,,,,,,,,,,,,,,,,,,,,,
Sistema Minotauro,Cavern / Cave,Mexico,,,,,,,,,,,,,,,,,,,,,,,,,,,,,,
Dunk’s Canyon,Reef,Fiji,,,,,,,,,,,,,,,,,,,,,,,,,,,,,,
Sherwood Forest,Reef,Fiji,,,,,,,,,,,,,,,,,,,,,,,,,,,,,,
Tokoriki Wall,Wall,Fiji,,,,,,,,,,,,,,,,,,,,,,,,,,,,,,
Shrimptastic,Reef,Fiji,,,,,,,,,,,,,,,,,,,,,,,,,,,,,,
Fantasia,Reef,Fiji,,,,,,,,,,,,,,,,,,,,,,,,,,,,,,
Alaska Reef,Reef,Fiji,,,,,,,,,,,,,,,,,,,,,,,,,,,,,,
Monu Patch,Reef,Fiji,,,,,,,,,,,,,,,,,,,,,,,,,,,,,,
Monu Maze,Reef,Fiji,,,,,,,,,,,,,,,,,,,,,,,,,,,,,,
Shark Reef,Reef,Fiji,,,,,,,,,,,,,,,,,,,,,,,,,,,,,,
Monu Garden,Reef,Fiji,,,,,,,,,,,,,,,,,,,,,,,,,,,,,,
Edenville,Reef,Fiji,,,,,,,,,,,,,,,,,,,,,,,,,,,,,,
Bird Rock Reef,Geographic Site,Fiji,,,,,,,,,,,,,,,,,,,,,,,,,,,,,,
Salamander Wreck,Wreck,Fiji,,,,,,,,,,,,,,,,,,,,,,,,,,,,,,
Supermarket North,Reef,Fiji,,,,,,,,,,,,,,,,,,,,,,,,,,,,,,
Supermarket South,Reef,Fiji,,,,,,,,,,,,,,,,,,,,,,,,,,,,,,
Two Rogers Reef,Reef,Fiji,,,,,,,,,,,,,,,,,,,,,,,,,,,,,,
Outer Limits,Reef,Fiji,,,,,,,,,,,,,,,,,,,,,,,,,,,,,,
Barrelhead,Reef,Fiji,,,,,,,,,,,,,,,,,,,,,,,,,,,,,,
Gotham City,Reef,Fiji,,,,,,,,,,,,,,,,,,,,,,,,,,,,,,
Lembeh Strait,Reef,Indonesia,,,,,,,,,,,,,,,,,,,,,,,,,,,,,,
Bunaken,Reef,Indonesia,,,,,,,,,,,,,,,,,,,,,,,,,,,,,,
Aow Leuk,Geographical,Thailand,,,,,,,,,,,,,,,,,,,,,,,,,,,,,,
Buoyancy World,Geographical,Thailand,,,,,,,,,,,,,,,,,,,,,,,,,,,,,,
Chumphon Pinnacle,Geographical,Thailand,,,,,,,,,,,,,,,,,,,,,,,,,,,,,,
Green Rock,Geographical,Thailand,,,,,,,,,,,,,,,,,,,,,,,,,,,,,,
Hin Pee Wee,Geographical,Thailand,,,,,,,,,,,,,,,,,,,,,,,,,,,,,,
Hin Wong Bay,Geographical,Thailand,,,,,,,,,,,,,,,,,,,,,,,,,,,,,,
Hin Wong Pinnacle,Geographical,Thailand,,,,,,,,,,,,,,,,,,,,,,,,,,,,,,
HTMS Sattakut,Geographical,Thailand,,,,,,,,,,,,,,,,,,,,,,,,,,,,,,
Japanese Gardens,Geographical,Thailand,,,,,,,,,,,,,,,,,,,,,,,,,,,,,,
Junkyard Reef,Geographical,Thailand,,,,,,,,,,,,,,,,,,,,,,,,,,,,,,
Laem Thian,Geographical,Thailand,,,,,,,,,,,,,,,,,,,,,,,,,,,,,,
Lighthouse Bay,Geographical,Thailand,,,,,,,,,,,,,,,,,,,,,,,,,,,,,,
Mango Bay,Geographical,Thailand,,,,,,,,,,,,,,,,,,,,,,,,,,,,,,
No Name Pinnacle,Geographical,Thailand,,,,,,,,,,,,,,,,,,,,,,,,,,,,,,
Pottery Pinnacle,Geographical,Thailand,,,,,,,,,,,,,,,,,,,,,,,,,,,,,,
Red Rock Pinnacle,Geographical,Thailand,,,,,,,,,,,,,,,,,,,,,,,,,,,,,,
Sail Rock,Geographical,Thailand,,,,,,,,,,,,,,,,,,,,,,,,,,,,,,
Samran Pinnacle,Geographical,Thailand,,,,,,,,,,,,,,,,,,,,,,,,,,,,,,
Shark Island,Geographical,Thailand,,,,,,,,,,,,,,,,,,,,,,,,,,,,,,
South West Pinnacle,Geographical,Thailand,,,,,,,,,,,,,,,,,,,,,,,,,,,,,,
Tanote Bay,Geographical,Thailand,,,,,,,,,,,,,,,,,,,,,,,,,,,,,,
Twins Pinnacle,Geographical,Thailand,,,,,,,,,,,,,,,,,,,,,,,,,,,,,,
White Rock,Geographical,Thailand,,,,,,,,,,,,,,,,,,,,,,,,,,,,,,
Monolith,Geographical,Bahamas,,,,,,,,,,,,,,,,,,,,,,,,,,,,,,
Jake’s Hole,Geographical,Bahamas,,,,,,,,,,,,,,,,,,,,,,,,,,,,,,
Hole in the Wall,Geographical,Bahamas,,,,,,,,,,,,,,,,,,,,,,,,,,,,,,
Whale Tail Wall,Geographical,Bahamas,,,,,,,,,,,,,,,,,,,,,,,,,,,,,,
Pilar Wall,Geographical,Bahamas,,,,,,,,,,,,,,,,,,,,,,,,,,,,,,
Jeep Reef,Geographical,Bahamas,,,,,,,,,,,,,,,,,,,,,,,,,,,,,,
Parrotfish Reef,Geographical,Bahamas,,,,,,,,,,,,,,,,,,,,,,,,,,,,,,
Amberjack Reef,Geographical,Bahamas,,,,,,,,,,,,,,,,,,,,,,,,,,,,,,
Danger Reef,Geographical,Bahamas,,,,,,,,,,,,,,,,,,,,,,,,,,,,,,
Hammerhead Gulch,Geographical,Bahamas,,,,,,,,,,,,,,,,,,,,,,,,,,,,,,
Blacktip Wall,Geographical,Bahamas,,,,,,,,,,,,,,,,,,,,,,,,,,,,,,
Austin Smith,Geographical,Bahamas,,,,,,,,,,,,,,,,,,,,,,,,,,,,,,
Barracuda Shoals,Geographical,Bahamas,,,,,,,,,,,,,,,,,,,,,,,,,,,,,,
Lobster No Lobster,Geographical,Bahamas,,,,,,,,,,,,,,,,,,,,,,,,,,,,,,
Close Mon,Geographical,Bahamas,,,,,,,,,,,,,,,,,,,,,,,,,,,,,,
Madison Avenue,Geographical,Bahamas,,,,,,,,,,,,,,,,,,,,,,,,,,,,,,
Up Jumped the Devil,Geographical,Bahamas,,,,,,,,,,,,,,,,,,,,,,,,,,,,,,
Dog Rocks,Geographical,Bahamas,,,,,,,,,,,,,,,,,,,,,,,,,,,,,,
Blue Hole,Geographical,Bahamas,,,,,,,,,,,,,,,,,,,,,,,,,,,,,,
Perriwinkle Reef,Geographical,Bahamas,,,,,,,,,,,,,,,,,,,,,,,,,,,,,,
Bluebay,Geographical,Curaçao,,,,,,,,,,,,,,,,,,,,,,,,,,,,,,
Blue Corner,Geographical,Indonesia,,,,,,,,,,,,,,,,,,,,,,,,,,,,,,
Lighthouse,Geographical,Indonesia,,,,,,,,,,,,,,,,,,,,,,,,,,,,,,
Mangrove,Geographical,Indonesia,,,,,,,,,,,,,,,,,,,,,,,,,,,,,,
Sekolah Dasar,Geographical,Indonesia,,,,,,,,,,,,,,,,,,,,,,,,,,,,,,
PED,Geographical,Indonesia,,,,,,,,,,,,,,,,,,,,,,,,,,,,,,
Sental,Geographical,Indonesia,,,,,,,,,,,,,,,,,,,,,,,,,,,,,,
Buyuk,Geographical,Indonesia,,,,,,,,,,,,,,,,,,,,,,,,,,,,,,
Sampalan,Geographical,Indonesia,,,,,,,,,,,,,,,,,,,,,,,,,,,,,,
Batu Nunggul,Geographical,Indonesia,,,,,,,,,,,,,,,,,,,,,,,,,,,,,,
Karang Sari,Geographical,Indonesia,,,,,,,,,,,,,,,,,,,,,,,,,,,,,,
Malibu Point,Geographical,Indonesia,,,,,,,,,,,,,,,,,,,,,,,,,,,,,,
Atuh Bay,Geographical,Indonesia,,,,,,,,,,,,,,,,,,,,,,,,,,,,,,
Batu Abah,Geographical,Indonesia,,,,,,,,,,,,,,,,,,,,,,,,,,,,,,
South Manta Point,Geographical,Indonesia,,,,,,,,,,,,,,,,,,,,,,,,,,,,,,
Batman Island,Geographical,Indonesia,,,,,,,,,,,,,,,,,,,,,,,,,,,,,,
Manta Bays,Geographical,Indonesia,,,,,,,,,,,,,,,,,,,,,,,,,,,,,,
Crystal Bay,Geographical,Indonesia,,,,,,,,,,,,,,,,,,,,,,,,,,,,,,
Gamat Bay,Geographical,Indonesia,,,,,,,,,,,,,,,,,,,,,,,,,,,,,,
Ceningan Wall,Geographical,Indonesia,,,,,,,,,,,,,,,,,,,,,,,,,,,,,,
Engine Reef,Geographical,Indonesia,,,,,,,,,,,,,,,,,,,,,,,,,,,,,,
Double Rainbow,Geographical,Indonesia,,,,,,,,,,,,,,,,,,,,,,,,,,,,,,
Rottnest Island,Geographical,Australia,,,,,,,,,,,,,,,,,,,,,,,,,,,,,,
Secca della Colombara,Geographical,Italy,,,,,,,,,,,,,,,,,,,,,,,,,,,,,,
Scoglio del Colombaro,Geographical,Italy,,,,,,,,,,,,,,,,,,,,,,,,,,,,,,
Cala del Camposanto,Geographical,Italy,,,,,,,,,,,,,,,,,,,,,,,,,,,,,,
Cala Giacone,Geographical,Italy,,,,,,,,,,,,,,,,,,,,,,,,,,,,,,
Punta Falconiera,Geographical,Italy,,,,,,,,,,,,,,,,,,,,,,,,,,,,,,
Grotta della Pastizza,Geographical,Italy,,,,,,,,,,,,,,,,,,,,,,,,,,,,,,
Grotta delle Barche,Geographical,Italy,,,,,,,,,,,,,,,,,,,,,,,,,,,,,,
Punta San Paolo,Geographical,Italy,,,,,,,,,,,,,,,,,,,,,,,,,,,,,,
Punta Galera,Geographical,Italy,,,,,,,,,,,,,,,,,,,,,,,,,,,,,,
Grotta Gamberi II,Geographical,Italy,,,,,,,,,,,,,,,,,,,,,,,,,,,,,,
Punta dell’Arpa,Geographical,Italy,,,,,,,,,,,,,,,,,,,,,,,,,,,,,,
Secca d’Africa,Geographical,Italy,,,,,,,,,,,,,,,,,,,,,,,,,,,,,,
Piramidi,Geographical,Italy,,,,,,,,,,,,,,,,,,,,,,,,,,,,,,
Caletta Santoro,Geographical,Italy,,,,,,,,,,,,,,,,,,,,,,,,,,,,,,
Grotta Segreta,Geographical,Italy,,,,,,,,,,,,,,,,,,,,,,,,,,,,,,
Cala Sidoti,Geographical,Italy,,,,,,,,,,,,,,,,,,,,,,,,,,,,,,
Scogli Piatti,Geographical,Italy,,,,,,,,,,,,,,,,,,,,,,,,,,,,,,
Scoglio del Medico,Geographical,Italy,,,,,,,,,,,,,,,,,,,,,,,,,,,,,,
Cala della Madonna,Geographical,Italy,,,,,,,,,,,,,,,,,,,,,,,,,,,,,,
Cenote Manati,Cave,Mexico,,,,,,,,,,,,,,,,,,,,,,,,,,,,,,
Taak Bi Ha,Cave,Mexico,,,,,,,,,,,,,,,,,,,,,,,,,,,,,,
Cenotes Hells Bells,Cave,Mexico,,,,,,,,,,,,,,,,,,,,,,,,,,,,,,
Maravilla,Cave,Mexico,,,,,,,,,,,,,,,,,,,,,,,,,,,,,,
Cozumel,Geographical,Mexico,,,,,,,,,,,,,,,,,,,,,,,,,,,,,,
Racha Yai Island,Geographical,Thailand,,,,,,,,,,,,,,,,,,,,,,,,,,,,,,
Racha Noi Island,Geographical,Thailand,,,,,,,,,,,,,,,,,,,,,,,,,,,,,,
Phi Phi Islands,Geographical,Thailand,,,,,,,,,,,,,,,,,,,,,,,,,,,,,,
King Cruiser,Geographical,Thailand,,,,,,,,,,,,,,,,,,,,,,,,,,,,,,
Marine Park,Geographical,Thailand,,,,,,,,,,,,,,,,,,,,,,,,,,,,,,
Similan Islands,Geographical,Thailand,,,,,,,,,,,,,,,,,,,,,,,,,,,,,,
Koh Bon,Geographical,Thailand,,,,,,,,,,,,,,,,,,,,,,,,,,,,,,
Tachai Island,Geographical,Thailand,,,,,,,,,,,,,,,,,,,,,,,,,,,,,,
Richelieu Rock,Geographical,Thailand,,,,,,,,,,,,,,,,,,,,,,,,,,,,,,
Around Khao Lak,Geographical,Thailand,,,,,,,,,,,,,,,,,,,,,,,,,,,,,,
Glenn Nusa Wreck,Geographical,Indonesia,,,,,,,,,,,,,,,,,,,,,,,,,,,,,,
Halik,Geographical,Indonesia,,,,,,,,,,,,,,,,,,,,,,,,,,,,,,
Shallow Turbo,Geographical,Indonesia,,,,,,,,,,,,,,,,,,,,,,,,,,,,,,
Deep Turbo,Geographical,Indonesia,,,,,,,,,,,,,,,,,,,,,,,,,,,,,,
Turtle Heaven,Geographical,Indonesia,,,,,,,,,,,,,,,,,,,,,,,,,,,,,,
Simon's Reef,Geographical,Indonesia,,,,,,,,,,,,,,,,,,,,,,,,,,,,,,
Umeeds,Geographical,Indonesia,,,,,,,,,,,,,,,,,,,,,,,,,,,,,,
Taket Malang,Geographical,Indonesia,,,,,,,,,,,,,,,,,,,,,,,,,,,,,,
Don Yeng,Geographical,Indonesia,,,,,,,,,,,,,,,,,,,,,,,,,,,,,,
Tunang Wall,Geographical,Indonesia,,,,,,,,,,,,,,,,,,,,,,,,,,,,,,
Nudibranch City,Geographical,Indonesia,,,,,,,,,,,,,,,,,,,,,,,,,,,,,,
Hans Reef,Geographical,Indonesia,,,,,,,,,,,,,,,,,,,,,,,,,,,,,,
Secret Reef,Geographical,Indonesia,,,,,,,,,,,,,,,,,,,,,,,,,,,,,,
Good-heart Reef,Geographical,Indonesia,,,,,,,,,,,,,,,,,,,,,,,,,,,,,,
Meno Wall,Geographical,Indonesia,,,,,,,,,,,,,,,,,,,,,,,,,,,,,,
Meno Slope,Geographical,Indonesia,,,,,,,,,,,,,,,,,,,,,,,,,,,,,,
Bounty Wreck,Geographical,Indonesia,,,,,,,,,,,,,,,,,,,,,,,,,,,,,,
Biorocks,Geographical,Indonesia,,,,,,,,,,,,,,,,,,,,,,,,,,,,,,
Bongkas Reef,Geographical,Indonesia,,,,,,,,,,,,,,,,,,,,,,,,,,,,,,
Air Wall,Geographical,Indonesia,,,,,,,,,,,,,,,,,,,,,,,,,,,,,,
Air Slope,Geographical,Indonesia,,,,,,,,,,,,,,,,,,,,,,,,,,,,,,
Mandarin Reef,Geographical,Indonesia,,,,,,,,,,,,,,,,,,,,,,,,,,,,,,
Japanese Wreck,Geographical,Indonesia,,,,,,,,,,,,,,,,,,,,,,,,,,,,,,
Teluk Nare,Geographical,Indonesia,,,,,,,,,,,,,,,,,,,,,,,,,,,,,,
Jammin’ Reef,Geographical,Indonesia,,,,,,,,,,,,,,,,,,,,,,,,,,,,,,
Sunset Reef,Geographical,Indonesia,,,,,,,,,,,,,,,,,,,,,,,,,,,,,,
Shark Point,Geographical,Indonesia,,,,,,,,,,,,,,,,,,,,,,,,,,,,,,
Coral Garden,Geographical,Indonesia,,,,,,,,,,,,,,,,,,,,,,,,,,,,,,
Halfway House,Geographical,Indonesia,,,,,,,,,,,,,,,,,,,,,,,,,,,,,,
Gamechanger,Geographical,Indonesia,,,,,,,,,,,,,,,,,,,,,,,,,,,,,,
Macro Bay,Geographical,Indonesia,,,,,,,,,,,,,,,,,,,,,,,,,,,,,,
Dave's Place,Geographical,Indonesia,,,,,,,,,,,,,,,,,,,,,,,,,,,,,,
Cumi Cumi,Geographical,Indonesia,,,,,,,,,,,,,,,,,,,,,,,,,,,,,,
Nusa Tiga,Geographical,Indonesia,,,,,,,,,,,,,,,,,,,,,,,,,,,,,,
Jimmy's Walls,Geographical,Indonesia,,,,,,,,,,,,,,,,,,,,,,,,,,,,,,
Pokki Wall,Geographical,Indonesia,,,,,,,,,,,,,,,,,,,,,,,,,,,,,,
Eagle Rock,Geographical,Indonesia,,,,,,,,,,,,,,,,,,,,,,,,,,,,,,
Gili Batu,Geographical,Indonesia,,,,,,,,,,,,,,,,,,,,,,,,,,,,,,
Marsha Wall,Geographical,Indonesia,,,,,,,,,,,,,,,,,,,,,,,,,,,,,,
Marsha Reef,Geographical,Indonesia,,,,,,,,,,,,,,,,,,,,,,,,,,,,,,
Mantahari,Geographical,Indonesia,,,,,,,,,,,,,,,,,,,,,,,,,,,,,,
Topolicious,Geographical,Indonesia,,,,,,,,,,,,,,,,,,,,,,,,,,,,,,
Les Arches,Geographical,Indonesia,,,,,,,,,,,,,,,,,,,,,,,,,,,,,,
Black Sands Bay,Geographical,Indonesia,,,,,,,,,,,,,,,,,,,,,,,,,,,,,,
Castle Rock,Geographical,Indonesia,,,,,,,,,,,,,,,,,,,,,,,,,,,,,,
Crystal Bommy,Geographical,Indonesia,,,,,,,,,,,,,,,,,,,,,,,,,,,,,,
The Cauldron,Geographical,Indonesia,,,,,,,,,,,,,,,,,,,,,,,,,,,,,,
Golden Passage,Geographical,Indonesia,,,,,,,,,,,,,,,,,,,,,,,,,,,,,,
China Shop,Geographical,Indonesia,,,,,,,,,,,,,,,,,,,,,,,,,,,,,,
Tatawa Besar,Geographical,Indonesia,,,,,,,,,,,,,,,,,,,,,,,,,,,,,,
Tatawa Kecil,Geographical,Indonesia,,,,,,,,,,,,,,,,,,,,,,,,,,,,,,
Makassar,Geographical,Indonesia,,,,,,,,,,,,,,,,,,,,,,,,,,,,,,
Manta Point,Geographical,Indonesia,,,,,,,,,,,,,,,,,,,,,,,,,,,,,,
Batu Bolong,Geographical,Indonesia,,,,,,,,,,,,,,,,,,,,,,,,,,,,,,
Siaba Besar,Geographical,Indonesia,,,,,,,,,,,,,,,,,,,,,,,,,,,,,,
Siaba Kecil,Geographical,Indonesia,,,,,,,,,,,,,,,,,,,,,,,,,,,,,,
Current City,Geographical,Indonesia,,,,,,,,,,,,,,,,,,,,,,,,,,,,,,
Mauan,Geographical,Indonesia,,,,,,,,,,,,,,,,,,,,,,,,,,,,,,
Batu Tiga,Geographical,Indonesia,,,,,,,,,,,,,,,,,,,,,,,,,,,,,,
Pink Beach,Geographical,Indonesia,,,,,,,,,,,,,,,,,,,,,,,,,,,,,,
Secret Garden,Geographical,Indonesia,,,,,,,,,,,,,,,,,,,,,,,,,,,,,,
The Beach,Geographical,Indonesia,,,,,,,,,,,,,,,,,,,,,,,,,,,,,,
3 Sisters,Geographical,Indonesia,,,,,,,,,,,,,,,,,,,,,,,,,,,,,,
Pillarsteen,Geographical,Indonesia,,,,,,,,,,,,,,,,,,,,,,,,,,,,,,
Mini Wall,Geographical,Indonesia,,,,,,,,,,,,,,,,,,,,,,,,,,,,,,
Kanawa,Geographical,Indonesia,,,,,,,,,,,,,,,,,,,,,,,,,,,,,,
Sabayon Kecil,Geographical,Indonesia,,,,,,,,,,,,,,,,,,,,,,,,,,,,,,
Sabayon Besar,Geographical,Indonesia,,,,,,,,,,,,,,,,,,,,,,,,,,,,,,
Police Corner,Geographical,Indonesia,,,,,,,,,,,,,,,,,,,,,,,,,,,,,,
Pengah,Geographical,Indonesia,,,,,,,,,,,,,,,,,,,,,,,,,,,,,,
Bonsai,Geographical,Indonesia,,,,,,,,,,,,,,,,,,,,,,,,,,,,,,
Wainilu,Geographical,Indonesia,,,,,,,,,,,,,,,,,,,,,,,,,,,,,,
Loh Buaya,Geographical,Indonesia,,,,,,,,,,,,,,,,,,,,,,,,,,,,,,
Ranger Station,Geographical,Indonesia,,,,,,,,,,,,,,,,,,,,,,,,,,,,,,
Manta Alley,Geographical,Indonesia,,,,,,,,,,,,,,,,,,,,,,,,,,,,,,
German Flag,Geographical,Indonesia,,,,,,,,,,,,,,,,,,,,,,,,,,,,,,
Cape Sie,Geographical,Indonesia,,,,,,,,,,,,,,,,,,,,,,,,,,,,,,
Torpedo Point,Geographical,Indonesia,,,,,,,,,,,,,,,,,,,,,,,,,,,,,,
Boulders,Geographical,Indonesia,,,,,,,,,,,,,,,,,,,,,,,,,,,,,,
Kode,Geographical,Indonesia,,,,,,,,,,,,,,,,,,,,,,,,,,,,,,
Yellow Wall,Geographical,Indonesia,,,,,,,,,,,,,,,,,,,,,,,,,,,,,,
Cannibal Rock,Geographical,Indonesia,,,,,,,,,,,,,,,,,,,,,,,,,,,,,,
Jackson Reef,Reef,Egypt,,,,,,,,,,,,,,,,,,,,,,,,,,,,,,
Woodhouse Reef,Reef,Egypt,,,,,,,,,,,,,,,,,,,,,,,,,,,,,,
Gordon Reef,Reef,Egypt,,,,,,,,,,,,,,,,,,,,,,,,,,,,,,
South Laguna,Reef,Egypt,,,,,,,,,,,,,,,,,,,,,,,,,,,,,,
Million Hope,Reef,Egypt,,,,,,,,,,,,,,,,,,,,,,,,,,,,,,
Kormoran,Reef,Egypt,,,,,,,,,,,,,,,,,,,,,,,,,,,,,,
Ras Ghamila,Reef,Egypt,,,,,,,,,,,,,,,,,,,,,,,,,,,,,,
Ras Nasrani,Reef,Egypt,,,,,,,,,,,,,,,,,,,,,,,,,,,,,,
Ras Bob,Reef,Egypt,,,,,,,,,,,,,,,,,,,,,,,,,,,,,,
White Knights,Reef,Egypt,,,,,,,,,,,,,,,,,,,,,,,,,,,,,,
Far Garden,Reef,Egypt,,,,,,,,,,,,,,,,,,,,,,,,,,,,,,
Near Garden,Reef,Egypt,,,,,,,,,,,,,,,,,,,,,,,,,,,,,,
Shark’s Bay,Reef,Egypt,,,,,,,,,,,,,,,,,,,,,,,,,,,,,,
Sofa,Reef,Egypt,,,,,,,,,,,,,,,,,,,,,,,,,,,,,,
Middle Garden,Reef,Egypt,,,,,,,,,,,,,,,,,,,,,,,,,,,,,,
Naama Bay,Reef,Egypt,,,,,,,,,,,,,,,,,,,,,,,,,,,,,,
Tower,Reef,Egypt,,,,,,,,,,,,,,,,,,,,,,,,,,,,,,
Amphoras,Reef,Egypt,,,,,,,,,,,,,,,,,,,,,,,,,,,,,,
Pinkie’s Wall,Reef,Egypt,,,,,,,,,,,,,,,,,,,,,,,,,,,,,,
Anemone City,Reef,Egypt,,,,,,,,,,,,,,,,,,,,,,,,,,,,,,
Jackfish Alley,Reef,Egypt,,,,,,,,,,,,,,,,,,,,,,,,,,,,,,
Ras Ghozlani,Reef,Egypt,,,,,,,,,,,,,,,,,,,,,,,,,,,,,,
Ras Za’atar,Reef,Egypt,,,,,,,,,,,,,,,,,,,,,,,,,,,,,,
Stingray Station,Reef,Egypt,,,,,,,,,,,,,,,,,,,,,,,,,,,,,,
Alternatives,Reef,Egypt,,,,,,,,,,,,,,,,,,,,,,,,,,,,,,
Kingston / Shag Rock,Wreck,Egypt,,,,,,,,,,,,,,,,,,,,,,,,,,,,,,
Thistlegorm,Wreck,Egypt,,,,,,,,,,,,,,,,,,,,,,,,,,,,,,
Lonely Mushroom,Reef,Egypt,,,,,,,,,,,,,,,,,,,,,,,,,,,,,,
Bluff Point / Barge,Wreck,Egypt,,,,,,,,,,,,,,,,,,,,,,,,,,,,,,
Small Crack,Reef,Egypt,,,,,,,,,,,,,,,,,,,,,,,,,,,,,,
Wreck of the Lentil (Lentil Wreck),Wreck,Egypt,,,,,,,,,,,,,,,,,,,,,,,,,,,,,,
Ras Mamlah,Reef,Egypt,,,,,,,,,,,,,,,,,,,,,,,,,,,,,,
Ras Abu Galum,Reef,Egypt,,,,,,,,,,,,,,,,,,,,,,,,,,,,,,
Abu Talha,Reef,Egypt,,,,,,,,,,,,,,,,,,,,,,,,,,,,,,
Ras Abu Helal,Reef,Egypt,,,,,,,,,,,,,,,,,,,,,,,,,,,,,,
Napoleon Reef,Reef,Egypt,,,,,,,,,,,,,,,,,,,,,,,,,,,,,,
Golden Blocks,Reef,Egypt,,,,,,,,,,,,,,,,,,,,,,,,,,,,,,
Umm Sid,Reef,Egypt,,,,,,,,,,,,,,,,,,,,,,,,,,,,,,
Gabr El Bint,Reef,Egypt,,,,,,,,,,,,,,,,,,,,,,,,,,,,,,
Three Sisters,Reef,Indonesia,,,,,,,,,,,,,,,,,,,,,,,,,,,,,,
Boga Wreck,Wreck,Indonesia,,,,,,,,,,,,,,,,,,,,,,,,,,,,,,
Kubu Reef,Reef,Indonesia,,,,,,,,,,,,,,,,,,,,,,,,,,,,,,
Liberty Wreck,Wreck,Indonesia,,,,,,,,,,,,,,,,,,,,,,,,,,,,,,
Seraya Secret,Reef,Indonesia,,,,,,,,,,,,,,,,,,,,,,,,,,,,,,
Ghost Bay,Reef,Indonesia,,,,,,,,,,,,,,,,,,,,,,,,,,,,,,
Jemeluk Bay,Reef,Indonesia,,,,,,,,,,,,,,,,,,,,,,,,,,,,,,
Bunutan,Reef,Indonesia,,,,,,,,,,,,,,,,,,,,,,,,,,,,,,
Lipah Bay,Reef,Indonesia,,,,,,,,,,,,,,,,,,,,,,,,,,,,,,
Catuan,Wreck,Dominican Republic,,,,,,,,,,,,,,,,,,,,,,,,,,,,,,
Nitrox Garden,Reef,Dominican Republic,,,,,,,,,,,,,,,,,,,,,,,,,,,,,,
Manta Reef,Reef,Dominican Republic,,,,,,,,,,,,,,,,,,,,,,,,,,,,,,
Three Reef,Reef,Dominican Republic,,,,,,,,,,,,,,,,,,,,,,,,,,,,,,
Almendra,Reef,Dominican Republic,,,,,,,,,,,,,,,,,,,,,,,,,,,,,,
Mallita,Reef,Dominican Republic,,,,,,,,,,,,,,,,,,,,,,,,,,,,,,
Picadilly,Reef,Dominican Republic,,,,,,,,,,,,,,,,,,,,,,,,,,,,,,
Cueva Taina,Cave,Dominican Republic,,,,,,,,,,,,,,,,,,,,,,,,,,,,,,
Bay of Riaci,Reef,Italy,,,,,,,,,,,,,,,,,,,,,,,,,,,,,,
Formicoli,Reef,Italy,,,,,,,,,,,,,,,,,,,,,,,,,,,,,,
Saruenus Island,Reef,Indonesia,,,,,,,,,,,,,,,,,,,,,,,,,,,,,,
Little Komodo,Reef,Indonesia,,,,,,,,,,,,,,,,,,,,,,,,,,,,,,
Bo’s Rainbow,Reef,Indonesia,,,,,,,,,,,,,,,,,,,,,,,,,,,,,,
Macro Rock,Reef,Indonesia,,,,,,,,,,,,,,,,,,,,,,,,,,,,,,
Andy’s Point,Reef,Indonesia,,,,,,,,,,,,,,,,,,,,,,,,,,,,,,
Batu Jatuh,Reef,Indonesia,,,,,,,,,,,,,,,,,,,,,,,,,,,,,,
Flasher Beach,Reef,Indonesia,,,,,,,,,,,,,,,,,,,,,,,,,,,,,,
TBD House Reef,Reef,Indonesia,,,,,,,,,,,,,,,,,,,,,,,,,,,,,,
Christmas Rock,Reef,Indonesia,,,,,,,,,,,,,,,,,,,,,,,,,,,,,,
Bio Rock,Reef,Indonesia,,,,,,,,,,,,,,,,,,,,,,,,,,,,,,
Gili Meno Wall,Reef,Indonesia,,,,,,,,,,,,,,,,,,,,,,,,,,,,,,
Simon’s Reef,Reef,Indonesia,,,,,,,,,,,,,,,,,,,,,,,,,,,,,,
Seahorse Bay,Reef,Indonesia,,,,,,,,,,,,,,,,,,,,,,,,,,,,,,
Hidden Reef,Reef,Indonesia,,,,,,,,,,,,,,,,,,,,,,,,,,,,,,
Pyramids,Reef,Indonesia,,,,,,,,,,,,,,,,,,,,,,,,,,,,,,
Thunder Reef,Reef,Indonesia,,,,,,,,,,,,,,,,,,,,,,,,,,,,,,
Donyeng Wall,Reef,Indonesia,,,,,,,,,,,,,,,,,,,,,,,,,,,,,,
Japanese WWII Wreck,Wreck,Indonesia,,,,,,,,,,,,,,,,,,,,,,,,,,,,,,
Anse Méjean,Reef,France,,,,,,,,,,,,,,,,,,,,,,,,,,,,,,
Anse San Peyre,Reef,France,,,,,,,,,,,,,,,,,,,,,,,,,,,,,,
Horseshoe Cove,Reef,France,,,,,,,,,,,,,,,,,,,,,,,,,,,,,,
The Blue Caves,Reef,France,,,,,,,,,,,,,,,,,,,,,,,,,,,,,,
The Ant of Giens,Reef,France,,,,,,,,,,,,,,,,,,,,,,,,,,,,,,
Pointe des Chevaliers,Reef,France,,,,,,,,,,,,,,,,,,,,,,,,,,,,,,
Anse au Blé,Reef,France,,,,,,,,,,,,,,,,,,,,,,,,,,,,,,
Escampobariou Point,Reef,France,,,,,,,,,,,,,,,,,,,,,,,,,,,,,,
The Two Brothers Falls,Reef,France,,,,,,,,,,,,,,,,,,,,,,,,,,,,,,
The Blunderbuss,Reef,France,,,,,,,,,,,,,,,,,,,,,,,,,,,,,,
The Dornier 24,Wreck,France,,,,,,,,,,,,,,,,,,,,,,,,,,,,,,
The Glenn Martin 167F,Wreck,France,,,,,,,,,,,,,,,,,,,,,,,,,,,,,,
The Mustang P-51,Wreck,France,,,,,,,,,,,,,,,,,,,,,,,,,,,,,,
The Super Mystery B2,Wreck,France,,,,,,,,,,,,,,,,,,,,,,,,,,,,,,
S 640 Ariane (Type Arethuse),Wreck,France,,,,,,,,,,,,,,,,,,,,,,,,,,,,,,
Sunflower Reef,Reef,Fiji,,,,,,,,,,,,,,,,,,,,,,,,,,,,,,
Plantation Pinnacle,Pinnacle,Fiji,,,,,,,,,,,,,,,,,,,,,,,,,,,,,,
Wilke’s Passage,Passage,Fiji,,,,,,,,,,,,,,,,,,,,,,,,,,,,,,
Wilke’s Wall,Wall,Fiji,,,,,,,,,,,,,,,,,,,,,,,,,,,,,,
Namotu Wall,Wall,Fiji,,,,,,,,,,,,,,,,,,,,,,,,,,,,,,
Tavua Wall,Wall,Fiji,,,,,,,,,,,,,,,,,,,,,,,,,,,,,,
Castaway Passage,Passage,Fiji,,,,,,,,,,,,,,,,,,,,,,,,,,,,,,
Charlie’s Reef,Reef,Fiji,,,,,,,,,,,,,,,,,,,,,,,,,,,,,,
Castaway Wall,Wall,Fiji,,,,,,,,,,,,,,,,,,,,,,,,,,,,,,
Mushroom Reef,Reef,Fiji,,,,,,,,,,,,,,,,,,,,,,,,,,,,,,
Barrel Head,Reef,Fiji,,,,,,,,,,,,,,,,,,,,,,,,,,,,,,
Mana Wall,Wall,Fiji,,,,,,,,,,,,,,,,,,,,,,,,,,,,,,
Mana Pyramids,Reef,Fiji,,,,,,,,,,,,,,,,,,,,,,,,,,,,,,
Supermarket,Reef,Fiji,,,,,,,,,,,,,,,,,,,,,,,,,,,,,,
Sunset Wall,Wall,Fiji,,,,,,,,,,,,,,,,,,,,,,,,,,,,,,
Bird Rock,Rock,Fiji,,,,,,,,,,,,,,,,,,,,,,,,,,,,,,
North Reef,Reef,Fiji,,,,,,,,,,,,,,,,,,,,,,,,,,,,,,
Yadua Pinnacle,Pinnacle,Fiji,,,,,,,,,,,,,,,,,,,,,,,,,,,,,,
Yawa Reef,Reef,Fiji,,,,,,,,,,,,,,,,,,,,,,,,,,,,,,
Salamanda,Reef,Fiji,,,,,,,,,,,,,,,,,,,,,,,,,,,,,,
Jackie’s Reef,Reef,Fiji,,,,,,,,,,,,,,,,,,,,,,,,,,,,,,
Cross Roads,Reef,Fiji,,,,,,,,,,,,,,,,,,,,,,,,,,,,,,
Mana Sandbar,Sandbar,Fiji,,,,,,,,,,,,,,,,,,,,,,,,,,,,,,
Rocha,Wreck,France,,,,,,,,,,,,,,,,,,,,,,,,,,,,,,
Ilates,Wreck,France,,,,,,,,,,,,,,,,,,,,,,,,,,,,,,
Marches d'Elodie,Wreck,France,,,,,,,,,,,,,,,,,,,,,,,,,,,,,,
Nautilus,Wreck,France,,,,,,,,,,,,,,,,,,,,,,,,,,,,,,
Cornelis,Wreck,France,,,,,,,,,,,,,,,,,,,,,,,,,,,,,,
Oléron,Wreck,France,,,,,,,,,,,,,,,,,,,,,,,,,,,,,,
Sauerland,Wreck,France,,,,,,,,,,,,,,,,,,,,,,,,,,,,,,
Caroni,Wreck,France,,,,,,,,,,,,,,,,,,,,,,,,,,,,,,
Allier,Wreck,France,,,,,,,,,,,,,,,,,,,,,,,,,,,,,,
Niobé,Wreck,France,,,,,,,,,,,,,,,,,,,,,,,,,,,,,,
L'Afrique,Wreck,France,,,,,,,,,,,,,,,,,,,,,,,,,,,,,,
Rochebonne,Wreck,France,,,,,,,,,,,,,,,,,,,,,,,,,,,,,,
Dieppe,Wreck,France,,,,,,,,,,,,,,,,,,,,,,,,,,,,,,
Oasis Wall,Reef,Bahamas,,,,,,,,,,,,,,,,,,,,,,,,,,,,,,
Abilene Wreck,Wreck,Bahamas,,,,,,,,,,,,,,,,,,,,,,,,,,,,,,
Tunnel Wall,Reef,Bahamas,,,,,,,,,,,,,,,,,,,,,,,,,,,,,,
Lampton Wall,Reef,Bahamas,,,,,,,,,,,,,,,,,,,,,,,,,,,,,,
Elkhorn Garden,Reef,Bahamas,,,,,,,,,,,,,,,,,,,,,,,,,,,,,,
Hollywood Bowl,Reef,Bahamas,,,,,,,,,,,,,,,,,,,,,,,,,,,,,,
Watawee Wreck,Wreck,Bahamas,,,,,,,,,,,,,,,,,,,,,,,,,,,,,,
James Bond Wreck,Wreck,Bahamas,,,,,,,,,,,,,,,,,,,,,,,,,,,,,,
DC-3 Wreck,Wreck,Bahamas,,,,,,,,,,,,,,,,,,,,,,,,,,,,,,
Trinaran Wall,Reef,Bahamas,,,,,,,,,,,,,,,,,,,,,,,,,,,,,,
Palace Wall,Reef,Bahamas,,,,,,,,,,,,,,,,,,,,,,,,,,,,,,
Sand Castle,Reef,Bahamas,,,,,,,,,,,,,,,,,,,,,,,,,,,,,,
David Tucker Wreck,Wreck,Bahamas,,,,,,,,,,,,,,,,,,,,,,,,,,,,,,
Nari Nari / Cessna,Wreck,Bahamas,,,,,,,,,,,,,,,,,,,,,,,,,,,,,,
Steel Forest,Reef,Bahamas,,,,,,,,,,,,,,,,,,,,,,,,,,,,,,
Twin Sisters Wrecks,Wreck,Bahamas,,,,,,,,,,,,,,,,,,,,,,,,,,,,,,
Shark Wall North,Reef,Bahamas,,,,,,,,,,,,,,,,,,,,,,,,,,,,,,
Pumpkin Patch,Reef,Bahamas,,,,,,,,,,,,,,,,,,,,,,,,,,,,,,
Schoolhouse,Reef,Bahamas,,,,,,,,,,,,,,,,,,,,,,,,,,,,,,
Treasure Wreck,Wreck,Bahamas,,,,,,,,,,,,,,,,,,,,,,,,,,,,,,
Bahama Mama,Reef,Bahamas,,,,,,,,,,,,,,,,,,,,,,,,,,,,,,
Mike’s Reef,Reef,Bahamas,,,,,,,,,,,,,,,,,,,,,,,,,,,,,,
The Ridge,Reef,Bahamas,,,,,,,,,,,,,,,,,,,,,,,,,,,,,,
Sea Viking Wreck,Wreck,Bahamas,,,,,,,,,,,,,,,,,,,,,,,,,,,,,,
Port Nelson,Reef,Bahamas,,,,,,,,,,,,,,,,,,,,,,,,,,,,,,
Sliding Anchor,Reef,Bahamas,,,,,,,,,,,,,,,,,,,,,,,,,,,,,,
Playground,Reef,Bahamas,,,,,,,,,,,,,,,,,,,,,,,,,,,,,,
Southwest Reef,Reef,Bahamas,,,,,,,,,,,,,,,,,,,,,,,,,,,,,,
Edward Williams,Reef,Bahamas,,,,,,,,,,,,,,,,,,,,,,,,,,,,,,
Stuart Cove’s,Reef,Bahamas,,,,,,,,,,,,,,,,,,,,,,,,,,,,,,
Dive Bahamas,Reef,Bahamas,,,,,,,,,,,,,,,,,,,,,,,,,,,,,,
Butler Bay Deep Wrecks,Wreck,United States Virgin Islands,,,,,,,,,,,,,,,,,,,,,,,,,,,,,,
Butler Bay Shallow Wrecks,Wreck,United States Virgin Islands,,,,,,,,,,,,,,,,,,,,,,,,,,,,,,
Armageddon,Dive Site,United States Virgin Islands,,,,,,,,,,,,,,,,,,,,,,,,,,,,,,
Chub Hole,Dive Site,United States Virgin Islands,,,,,,,,,,,,,,,,,,,,,,,,,,,,,,
Cables,Dive Site,United States Virgin Islands,,,,,,,,,,,,,,,,,,,,,,,,,,,,,,
Mill Point,Dive Site,United States Virgin Islands,,,,,,,,,,,,,,,,,,,,,,,,,,,,,,
Spratt Hole,Dive Site,United States Virgin Islands,,,,,,,,,,,,,,,,,,,,,,,,,,,,,,
Spanish Anchor,Dive Site,United States Virgin Islands,,,,,,,,,,,,,,,,,,,,,,,,,,,,,,
Swirling Reef of Death,Geographic Site,United States Virgin Islands,,,,,,,,,,,,,,,,,,,,,,,,,,,,,,
Tide Bottle,Dive Site,United States Virgin Islands,,,,,,,,,,,,,,,,,,,,,,,,,,,,,,
Alien Nation,Dive Site,United States Virgin Islands,,,,,,,,,,,,,,,,,,,,,,,,,,,,,,
King’s Alley,Dive Site,United States Virgin Islands,,,,,,,,,,,,,,,,,,,,,,,,,,,,,,
King’s Corner,Dive Site,United States Virgin Islands,,,,,,,,,,,,,,,,,,,,,,,,,,,,,,
Ham’s Bluff,Dive Site,United States Virgin Islands,,,,,,,,,,,,,,,,,,,,,,,,,,,,,,
Vertigo,Dive Site,United States Virgin Islands,,,,,,,,,,,,,,,,,,,,,,,,,,,,,,
Carambola,Dive Site,United States Virgin Islands,,,,,,,,,,,,,,,,,,,,,,,,,,,,,,
Twin Palms,Dive Site,United States Virgin Islands,,,,,,,,,,,,,,,,,,,,,,,,,,,,,,
Jungle,Dive Site,United States Virgin Islands,,,,,,,,,,,,,,,,,,,,,,,,,,,,,,
North Star,Dive Site,United States Virgin Islands,,,,,,,,,,,,,,,,,,,,,,,,,,,,,,
Willie’s Wish,Dive Site,United States Virgin Islands,,,,,,,,,,,,,,,,,,,,,,,,,,,,,,
Cane Bay Dropoff,Dive Site,United States Virgin Islands,,,,,,,,,,,,,,,,,,,,,,,,,,,,,,
Pavilions,Dive Site,United States Virgin Islands,,,,,,,,,,,,,,,,,,,,,,,,,,,,,,
Trench,Dive Site,United States Virgin Islands,,,,,,,,,,,,,,,,,,,,,,,,,,,,,,
Pinnacle,Dive Site,United States Virgin Islands,,,,,,,,,,,,,,,,,,,,,,,,,,,,,,
Two Dive Four,Dive Site,United States Virgin Islands,,,,,,,,,,,,,,,,,,,,,,,,,,,,,,
Lobster Reef,Geographic Site,United States Virgin Islands,,,,,,,,,,,,,,,,,,,,,,,,,,,,,,
Rusty Op Twist,Dive Site,United States Virgin Islands,,,,,,,,,,,,,,,,,,,,,,,,,,,,,,
Gentle Winds,Dive Site,United States Virgin Islands,,,,,,,,,,,,,,,,,,,,,,,,,,,,,,
NOAA Buoy,Dive Site,United States Virgin Islands,,,,,,,,,,,,,,,,,,,,,,,,,,,,,,
Shooter’s,Dive Site,United States Virgin Islands,,,,,,,,,,,,,,,,,,,,,,,,,,,,,,
Grouper Grotto,Dive Site,United States Virgin Islands,,,,,,,,,,,,,,,,,,,,,,,,,,,,,,
Columbus Bluff,Dive Site,United States Virgin Islands,,,,,,,,,,,,,,,,,,,,,,,,,,,,,,
Barracuda Bank,Dive Site,United States Virgin Islands,,,,,,,,,,,,,,,,,,,,,,,,,,,,,,
Russ Rock,Dive Site,United States Virgin Islands,,,,,,,,,,,,,,,,,,,,,,,,,,,,,,
Shark Shanty,Dive Site,United States Virgin Islands,,,,,,,,,,,,,,,,,,,,,,,,,,,,,,
White Horse Reef,Geographic Site,United States Virgin Islands,,,,,,,,,,,,,,,,,,,,,,,,,,,,,,
Little Cozumel,Dive Site,United States Virgin Islands,,,,,,,,,,,,,,,,,,,,,,,,,,,,,,
Twin Anchors,Dive Site,United States Virgin Islands,,,,,,,,,,,,,,,,,,,,,,,,,,,,,,
Knobby Knoll,Dive Site,United States Virgin Islands,,,,,,,,,,,,,,,,,,,,,,,,,,,,,,
Cruzan Comfort,Dive Site,United States Virgin Islands,,,,,,,,,,,,,,,,,,,,,,,,,,,,,,
Cormorant,Dive Site,United States Virgin Islands,,,,,,,,,,,,,,,,,,,,,,,,,,,,,,
Love Shack,Dive Site,United States Virgin Islands,,,,,,,,,,,,,,,,,,,,,,,,,,,,,,
Turquoise Bay,Dive Site,United States Virgin Islands,,,,,,,,,,,,,,,,,,,,,,,,,,,,,,
Sugar Beach,Dive Site,United States Virgin Islands,,,,,,,,,,,,,,,,,,,,,,,,,,,,,,
WAPA,Dive Site,United States Virgin Islands,,,,,,,,,,,,,,,,,,,,,,,,,,,,,,
Sleeping Shark Hole,Dive Site,United States Virgin Islands,,,,,,,,,,,,,,,,,,,,,,,,,,,,,,
Blue Chute,Dive Site,United States Virgin Islands,,,,,,,,,,,,,,,,,,,,,,,,,,,,,,
Eagle Ray,Dive Site,United States Virgin Islands,,,,,,,,,,,,,,,,,,,,,,,,,,,,,,
Stingray Stead,Dive Site,United States Virgin Islands,,,,,,,,,,,,,,,,,,,,,,,,,,,,,,
Scotch Bank,Dive Site,United States Virgin Islands,,,,,,,,,,,,,,,,,,,,,,,,,,,,,,
19th Hole,Dive Site,United States Virgin Islands,,,,,,,,,,,,,,,,,,,,,,,,,,,,,,
Green Cay Slope,Dive Site,United States Virgin Islands,,,,,,,,,,,,,,,,,,,,,,,,,,,,,,
Cancun,Reef,Mexico,,,,,,,,,,,,,,,,,,,,,,,,,,,,,,
National Parks,Reef,Mexico,,,,,,,,,,,,,,,,,,,,,,,,,,,,,,
C-56 Juan Escutia,Wreck,Mexico,,,,,,,,,,,,,,,,,,,,,,,,,,,,,,
Isla Mujeres,Reef,Mexico,,,,,,,,,,,,,,,,,,,,,,,,,,,,,,
Magdalena Bay,Reef,Mexico,,,,,,,,,,,,,,,,,,,,,,,,,,,,,,
The Boiler,Geographic Site,Mexico,,,,,,,,,,,,,,,,,,,,,,,,,,,,,,
Cabo Pearce,Geographic Site,Mexico,,,,,,,,,,,,,,,,,,,,,,,,,,,,,,
Cocos Island,Geographic Site,Costa Rica,,,,,,,,,,,,,,,,,,,,,,,,,,,,,,
Guadalupe Island,Geographic Site,Mexico,,,,,,,,,,,,,,,,,,,,,,,,,,,,,,
Caño Island,Geographic Site,Costa Rica,,,,,,,,,,,,,,,,,,,,,,,,,,,,,,
Galapagos Islands,Geographic Site,Ecuador,,,,,,,,,,,,,,,,,,,,,,,,,,,,,,
Malpelo Island,Geographic Site,Colombia,,,,,,,,,,,,,,,,,,,,,,,,,,,,,,
Socorro Island,Geographic Site,Mexico,,,,,,,,,,,,,,,,,,,,,,,,,,,,,,
Atlantis Reef,Reef,Mexico,,,,,,,,,,,,,,,,,,,,,,,,,,,,,,
C-58 Shipwreck,Wreck,Mexico,,,,,,,,,,,,,,,,,,,,,,,,,,,,,,
Sleeping Shark Cave,Cave,Mexico,,,,,,,,,,,,,,,,,,,,,,,,,,,,,,
Pailas Reef,Reef,Mexico,,,,,,,,,,,,,,,,,,,,,,,,,,,,,,
Boynton Beach,Reef,United States,,,,,,,,,,,,,,,,,,,,,,,,,,,,,,
El Aguila (Shipwreck),Wreck,Honduras,,,,,,,,,,,,,,,,,,,,,,,,,,,,,,
The Odyssey,Wreck,Honduras,,,,,,,,,,,,,,,,,,,,,,,,,,,,,,
West End Wall,Geographic Site,Honduras,,,,,,,,,,,,,,,,,,,,,,,,,,,,,,
Insidious Wall,Geographic Site,Honduras,,,,,,,,,,,,,,,,,,,,,,,,,,,,,,
Keyhole Reef,Reef,Honduras,,,,,,,,,,,,,,,,,,,,,,,,,,,,,,
Pete’s Place,Geographic Site,Honduras,,,,,,,,,,,,,,,,,,,,,,,,,,,,,,
Green Outhouse Reef,Reef,Honduras,,,,,,,,,,,,,,,,,,,,,,,,,,,,,,
Dive Master’s Choice,Geographic Site,Honduras,,,,,,,,,,,,,,,,,,,,,,,,,,,,,,
Sea Quest Shallow,Geographic Site,Honduras,,,,,,,,,,,,,,,,,,,,,,,,,,,,,,
Sea Quest Deep,Geographic Site,Honduras,,,,,,,,,,,,,,,,,,,,,,,,,,,,,,
Tabyana,Geographic Site,Honduras,,,,,,,,,,,,,,,,,,,,,,,,,,,,,,
South Water Caye,Geographic Site,Belize,,,,,,,,,,,,,,,,,,,,,,,,,,,,,,
Grand Channel,Geographic Site,Belize,,,,,,,,,,,,,,,,,,,,,,,,,,,,,,
Pompion Caye,Geographic Site,Belize,,,,,,,,,,,,,,,,,,,,,,,,,,,,,,
The Cod Hole,Geographic Site,Australia,,,,,,,,,,,,,,,,,,,,,,,,,,,,,,
Dynamite Pass,Geographic Site,Australia,,,,,,,,,,,,,,,,,,,,,,,,,,,,,,
The Snake Pit,Geographic Site,Australia,,,,,,,,,,,,,,,,,,,,,,,,,,,,,,
Lighthouse Bommie,Geographic Site,Australia,,,,,,,,,,,,,,,,,,,,,,,,,,,,,,
Challenger Bay,Geographic Site,Australia,,,,,,,,,,,,,,,,,,,,,,,,,,,,,,
Pixie Pinnacle,Geographic Site,Australia,,,,,,,,,,,,,,,,,,,,,,,,,,,,,,
Vertical Gardens,Geographic Site,Australia,,,,,,,,,,,,,,,,,,,,,,,,,,,,,,
Wonderland,Geographic Site,Australia,,,,,,,,,,,,,,,,,,,,,,,,,,,,,,
Two Towers,Geographic Site,Australia,,,,,,,,,,,,,,,,,,,,,,,,,,,,,,
Steve's Bommie,Geographic Site,Australia,,,,,,,,,,,,,,,,,,,,,,,,,,,,,,
Flare Point,Geographic Site,Australia,,,,,,,,,,,,,,,,,,,,,,,,,,,,,,
Joanie's Joy,Geographic Site,Australia,,,,,,,,,,,,,,,,,,,,,,,,,,,,,,
North Horn,Geographic Site,Australia,,,,,,,,,,,,,,,,,,,,,,,,,,,,,,
North Horn Wall,Geographic Site,Australia,,,,,,,,,,,,,,,,,,,,,,,,,,,,,,
Half Way Wall,Geographic Site,Australia,,,,,,,,,,,,,,,,,,,,,,,,,,,,,,
Admiralty,Geographic Site,Australia,,,,,,,,,,,,,,,,,,,,,,,,,,,,,,
False Entrance,Geographic Site,Australia,,,,,,,,,,,,,,,,,,,,,,,,,,,,,,
Around The Bend,Geographic Site,Australia,,,,,,,,,,,,,,,,,,,,,,,,,,,,,,
Castles,Geographic Site,Australia,,,,,,,,,,,,,,,,,,,,,,,,,,,,,,
Silver City,Geographic Site,Australia,,,,,,,,,,,,,,,,,,,,,,,,,,,,,,
Secret Cave,Geographic Site,Australia,,,,,,,,,,,,,,,,,,,,,,,,,,,,,,
Rapid Horn,Geographic Site,Australia,,,,,,,,,,,,,,,,,,,,,,,,,,,,,,
Florida Keys,Geographic Site,United States,,,,,,,,,,,,,,,,,,,,,,,,,,,,,,
Catalina Island,Geographic Site,United States,,,,,,,,,,,,,,,,,,,,,,,,,,,,,,
Voli Voli Jiji,Geographic Site,United States,,,,,,,,,,,,,,,,,,,,,,,,,,,,,,
Monterey,Geographic Site,United States,,,,,,,,,,,,,,,,,,,,,,,,,,,,,,
Sonoma Coast,Geographic Site,United States,,,,,,,,,,,,,,,,,,,,,,,,,,,,,,
La Herradura,Dive Site,Spain,,,,,,,,,,,,,,,,,,,,,,,,,,,,,,
Grampín,Dive Site,Spain,,,,,,,,,,,,,,,,,,,,,,,,,,,,,,
Punta Negra,Dive Site,Spain,,,,,,,,,,,,,,,,,,,,,,,,,,,,,,
San Miguel,Dive Site,Spain,,,,,,,,,,,,,,,,,,,,,,,,,,,,,,
El Túnel,Dive Site,Spain,,,,,,,,,,,,,,,,,,,,,,,,,,,,,,
C-55 USS Scuffle,Wreck,Mexico,,,,,,,,,,,,,,,,,,,,,,,,,,,,,,
C-58 USS Harlequin,Wreck,Mexico,,,,,,,,,,,,,,,,,,,,,,,,,,,,,,
Cenote 7 Bocas,Dive Site,Mexico,,,,,,,,,,,,,,,,,,,,,,,,,,,,,,
Cenote Maravilla,Dive Site,Mexico,,,,,,,,,,,,,,,,,,,,,,,,,,,,,,
Cenote Chikin-Ha,Dive Site,Mexico,,,,,,,,,,,,,,,,,,,,,,,,,,,,,,
Cenote Zapote (Hell’s Bells),Dive Site,Mexico,,,,,,,,,,,,,,,,,,,,,,,,,,,,,,
Cenote Chac Mool,Dive Site,Mexico,,,,,,,,,,,,,,,,,,,,,,,,,,,,,,
Quarter Mile Reef,Reef,South Africa,,,,,,,,,,,,,,,,,,,,,,,,,,,,,,
Stringer,Reef,South Africa,,,,,,,,,,,,,,,,,,,,,,,,,,,,,,
The Bikini Reef System,Reef,South Africa,,,,,,,,,,,,,,,,,,,,,,,,,,,,,,
Two Mile Reef,Reef,South Africa,,,,,,,,,,,,,,,,,,,,,,,,,,,,,,
The Five Mile Reef System,Reef,South Africa,,,,,,,,,,,,,,,,,,,,,,,,,,,,,,
Ribbon Five Mile,Reef,South Africa,,,,,,,,,,,,,,,,,,,,,,,,,,,,,,
Pothole Five Mile,Reef,South Africa,,,,,,,,,,,,,,,,,,,,,,,,,,,,,,
Zombie Five Mile,Reef,South Africa,,,,,,,,,,,,,,,,,,,,,,,,,,,,,,
Gotham Five Mile,Reef,South Africa,,,,,,,,,,,,,,,,,,,,,,,,,,,,,,
Six Mile Reef,Reef,South Africa,,,,,,,,,,,,,,,,,,,,,,,,,,,,,,
Seven Mile Reef,Reef,South Africa,,,,,,,,,,,,,,,,,,,,,,,,,,,,,,
Eight Mile Reef,Reef,South Africa,,,,,,,,,,,,,,,,,,,,,,,,,,,,,,
Nine Mile Reef,Reef,South Africa,,,,,,,,,,,,,,,,,,,,,,,,,,,,,,
Ketchikan,Dive Site,United States,,,,,,,,,,,,,,,,,,,,,,,,,,,,,,
Ras Mohammed,Dive Site,Egypt,,,,,,,,,,,,,,,,,,,,,,,,,,,,,,
Sharm El Sheikh,Dive Site,Egypt,,,,,,,,,,,,,,,,,,,,,,,,,,,,,,
Dahab,Dive Site,Egypt,,,,,,,,,,,,,,,,,,,,,,,,,,,,,,
Mao Bay,Dive Site,Thailand,,,,,,,,,,,,,,,,,,,,,,,,,,,,,,
Lang Khai,Dive Site,Thailand,,,,,,,,,,,,,,,,,,,,,,,,,,,,,,
MV Trident,Wreck,Thailand,,,,,,,,,,,,,,,,,,,,,,,,,,,,,,
Sai Nuan Beach,Dive Site,Thailand,,,,,,,,,,,,,,,,,,,,,,,,,,,,,,
June Juea Beach,Dive Site,Thailand,,,,,,,,,,,,,,,,,,,,,,,,,,,,,,
3 Rocks & Pottery,Dive Site,Thailand,,,,,,,,,,,,,,,,,,,,,,,,,,,,,,
Junkyard,Dive Site,Thailand,,,,,,,,,,,,,,,,,,,,,,,,,,,,,,
Alotment,Dive Site,Thailand,,,,,,,,,,,,,,,,,,,,,,,,,,,,,,
Sairee Beach,Dive Site,Thailand,,,,,,,,,,,,,,,,,,,,,,,,,,,,,,
Biorock / Hin Fai,Dive Site,Thailand,,,,,,,,,,,,,,,,,,,,,,,,,,,,,,
Twins & Buoyancy World,Dive Site,Thailand,,,,,,,,,,,,,,,,,,,,,,,,,,,,,,
Nangyuan Pinnacle,Dive Site,Thailand,,,,,,,,,,,,,,,,,,,,,,,,,,,,,,
Unicorn Wreck,Wreck,Thailand,,,,,,,,,,,,,,,,,,,,,,,,,,,,,,
Chimo,Dive Site,Mexico,,,,,,,,,,,,,,,,,,,,,,,,,,,,,,
Majahuitas,Dive Site,Mexico,,,,,,,,,,,,,,,,,,,,,,,,,,,,,,
Christ of the Abyss,Dive Site,United States,,,,,,,,,,,,,,,,,,,,,,,,,,,,,,
Fingers Reef,Dive Site,United States,,,,,,,,,,,,,,,,,,,,,,,,,,,,,,
Carysfort Reef & Carysfort Ledge,Dive Site,United States,,,,,,,,,,,,,,,,,,,,,,,,,,,,,,
Train Wheels Reef,Reef,United States,,,,,,,,,,,,,,,,,,,,,,,,,,,,,,
Anchor Chain Reef,Reef,United States,,,,,,,,,,,,,,,,,,,,,,,,,,,,,,
Banana Reef,Reef,United States,,,,,,,,,,,,,,,,,,,,,,,,,,,,,,
Benwood Wreck,Wreck,United States,,,,,,,,,,,,,,,,,,,,,,,,,,,,,,
North Ledges Reef,Dive Site,United States,,,,,,,,,,,,,,,,,,,,,,,,,,,,,,
City of Washington Wreck,Wreck,United States,,,,,,,,,,,,,,,,,,,,,,,,,,,,,,
Spiegel Grove Wreck,Wreck,United States,,,,,,,,,,,,,,,,,,,,,,,,,,,,,,
South Ledges Reef,Reef,United States,,,,,,,,,,,,,,,,,,,,,,,,,,,,,,
Cannon Patch Reef,Reef,United States,,,,,,,,,,,,,,,,,,,,,,,,,,,,,,
Carysfort Lighthouse,Geographic Site,United States,,,,,,,,,,,,,,,,,,,,,,,,,,,,,,
Koh Wao,Geographic Site,Thailand,,,,,,,,,,,,,,,,,,,,,,,,,,,,,,
Koh Yippon Lek,Geographic Site,Thailand,,,,,,,,,,,,,,,,,,,,,,,,,,,,,,
Koh Yippon,Geographic Site,Thailand,,,,,,,,,,,,,,,,,,,,,,,,,,,,,,
Lekuan I,Geographic Site,Indonesia,,,,,,,,,,,,,,,,,,,,,,,,,,,,,,
Lekuan II,Geographic Site,Indonesia,,,,,,,,,,,,,,,,,,,,,,,,,,,,,,
Lekuan III,Geographic Site,Indonesia,,,,,,,,,,,,,,,,,,,,,,,,,,,,,,
Jahang Point,Geographic Site,Indonesia,,,,,,,,,,,,,,,,,,,,,,,,,,,,,,
Bunaken Point,Geographic Site,Indonesia,,,,,,,,,,,,,,,,,,,,,,,,,,,,,,
Mandolin Point,Geographic Site,Indonesia,,,,,,,,,,,,,,,,,,,,,,,,,,,,,,
Raymond Point,Geographic Site,Indonesia,,,,,,,,,,,,,,,,,,,,,,,,,,,,,,
Tanjung Parigi,Geographic Site,Indonesia,,,,,,,,,,,,,,,,,,,,,,,,,,,,,,
Bunaken Timur I,Geographic Site,Indonesia,,,,,,,,,,,,,,,,,,,,,,,,,,,,,,
Bunaken Timur II,Geographic Site,Indonesia,,,,,,,,,,,,,,,,,,,,,,,,,,,,,,
Bunaken Timur III,Geographic Site,Indonesia,,,,,,,,,,,,,,,,,,,,,,,,,,,,,,
Deep Slope,Geographic Site,Indonesia,,,,,,,,,,,,,,,,,,,,,,,,,,,,,,
Siladen Jetty,Geographic Site,Indonesia,,,,,,,,,,,,,,,,,,,,,,,,,,,,,,
Tanjung Kopi,Geographic Site,Indonesia,,,,,,,,,,,,,,,,,,,,,,,,,,,,,,
Gorango,Geographic Site,Indonesia,,,,,,,,,,,,,,,,,,,,,,,,,,,,,,
Bango,Geographic Site,Indonesia,,,,,,,,,,,,,,,,,,,,,,,,,,,,,,
Tongkoko,Geographic Site,Indonesia,,,,,,,,,,,,,,,,,,,,,,,,,,,,,,
Laken Masuk,Geographic Site,Indonesia,,,,,,,,,,,,,,,,,,,,,,,,,,,,,,
Budo,Geographic Site,Indonesia,,,,,,,,,,,,,,,,,,,,,,,,,,,,,,
Kampung Baru,Geographic Site,Indonesia,,,,,,,,,,,,,,,,,,,,,,,,,,,,,,
Wori,Geographic Site,Indonesia,,,,,,,,,,,,,,,,,,,,,,,,,,,,,,
Wori II,Geographic Site,Indonesia,,,,,,,,,,,,,,,,,,,,,,,,,,,,,,
Chi Chi,Geographic Site,Indonesia,,,,,,,,,,,,,,,,,,,,,,,,,,,,,,
Manado Tua,Geographic Site,Indonesia,,,,,,,,,,,,,,,,,,,,,,,,,,,,,,
Siladen Reef,Geographic Site,Indonesia,,,,,,,,,,,,,,,,,,,,,,,,,,,,,,
Tanjung Pisok II,Geographic Site,Indonesia,,,,,,,,,,,,,,,,,,,,,,,,,,,,,,
Napo,Geographic Site,Indonesia,,,,,,,,,,,,,,,,,,,,,,,,,,,,,,
Kali Lape,Geographic Site,Indonesia,,,,,,,,,,,,,,,,,,,,,,,,,,,,,,
Arakan,Geographic Site,Indonesia,,,,,,,,,,,,,,,,,,,,,,,,,,,,,,
Tanjung Bulo,Geographic Site,Indonesia,,,,,,,,,,,,,,,,,,,,,,,,,,,,,,
Tanjung Sereh,Geographic Site,Indonesia,,,,,,,,,,,,,,,,,,,,,,,,,,,,,,
Manado Tua Point,Geographic Site,Indonesia,,,,,,,,,,,,,,,,,,,,,,,,,,,,,,
Siladen Wall,Geographic Site,Indonesia,,,,,,,,,,,,,,,,,,,,,,,,,,,,,,
Siladen Drop-Off,Geographic Site,Indonesia,,,,,,,,,,,,,,,,,,,,,,,,,,,,,,
Milwaukee,Geographic Site,United States,,,,,,,,,,,,,,,,,,,,,,,,,,,,,,
Sheboygan,Geographic Site,United States,,,,,,,,,,,,,,,,,,,,,,,,,,,,,,
Manitowoc,Geographic Site,United States,,,,,,,,,,,,,,,,,,,,,,,,,,,,,,
Sturgeon Bay,Geographic Site,United States,,,,,,,,,,,,,,,,,,,,,,,,,,,,,,
Two Rivers,Geographic Site,United States,,,,,,,,,,,,,,,,,,,,,,,,,,,,,,
Port Washington,Geographic Site,United States,,,,,,,,,,,,,,,,,,,,,,,,,,,,,,
Kenosha,Geographic Site,United States,,,,,,,,,,,,,,,,,,,,,,,,,,,,,,
Milwaukee Carferry,Wreck,United States,,,,,,,,,,,,,,,,,,,,,,,,,,,,,,
Prins Willem V,Wreck,United States,,,,,,,,,,,,,,,,,,,,,,,,,,,,,,
Dredge #6,Wreck,United States,,,,,,,,,,,,,,,,,,,,,,,,,,,,,,
Norlund,Wreck,United States,,,,,,,,,,,,,,,,,,,,,,,,,,,,,,
Edward E. Gillen Tug,Wreck,United States,,,,,,,,,,,,,,,,,,,,,,,,,,,,,,
Coronados Island,Geographic Site,Mexico,,,,,,,,,,,,,,,,,,,,,,,,,,,,,,
Carmen Island,Geographic Site,Mexico,,,,,,,,,,,,,,,,,,,,,,,,,,,,,,
Danzante Island,Geographic Site,Mexico,,,,,,,,,,,,,,,,,,,,,,,,,,,,,,
Las Galeras,Geographic Site,Mexico,,,,,,,,,,,,,,,,,,,,,,,,,,,,,,
Komodo Deep South,Geographic Site,Indonesia,,,,,,,,,,,,,,,,,,,,,,,,,,,,,,
East of Flores,Geographic Site,Indonesia,,,,,,,,,,,,,,,,,,,,,,,,,,,,,,
Caspersen Beach,Geographic Site,United States,,,,,,,,,,,,,,,,,,,,,,,,,,,,,,
Shaab El Erg,Geographic Site,Egypt,,,,,,,,,,,,,,,,,,,,,,,,,,,,,,
Shaabruhr Umm Gamar,Geographic Site,Egypt,,,,,,,,,,,,,,,,,,,,,,,,,,,,,,
Bluff Point,Geographic Site,Egypt,,,,,,,,,,,,,,,,,,,,,,,,,,,,,,
Siyoul Kebira,Geographic Site,Egypt,,,,,,,,,,,,,,,,,,,,,,,,,,,,,,
Siyoul Soraya,Geographic Site,Egypt,,,,,,,,,,,,,,,,,,,,,,,,,,,,,,
Shaab Umm Usk,Geographic Site,Egypt,,,,,,,,,,,,,,,,,,,,,,,,,,,,,,
Umm Gammar,Geographic Site,Egypt,,,,,,,,,,,,,,,,,,,,,,,,,,,,,,
Careless Reef,Reef,Egypt,,,,,,,,,,,,,,,,,,,,,,,,,,,,,,
Laguna Reef North & South,Reef,Egypt,,,,,,,,,,,,,,,,,,,,,,,,,,,,,,
Shaab Mahmoud with Dunraven,Geographic Site,Egypt,,,,,,,,,,,,,,,,,,,,,,,,,,,,,,
Ras Mohammed with Yolanda Reef,Reef,Egypt,,,,,,,,,,,,,,,,,,,,,,,,,,,,,,
Shaab Sheer,Geographic Site,Egypt,,,,,,,,,,,,,,,,,,,,,,,,,,,,,,
Small Giftun Island,Geographic Site,Egypt,,,,,,,,,,,,,,,,,,,,,,,,,,,,,,
Abu Dabab,Geographic Site,Egypt,,,,,,,,,,,,,,,,,,,,,,,,,,,,,,
Shaab Shona,Geographic Site,Egypt,,,,,,,,,,,,,,,,,,,,,,,,,,,,,,
Abu Kafan,Geographic Site,Egypt,,,,,,,,,,,,,,,,,,,,,,,,,,,,,,
Dangerous Reef,Reef,Egypt,,,,,,,,,,,,,,,,,,,,,,,,,,,,,,
Shaab Marsa Alam,Geographic Site,Egypt,,,,,,,,,,,,,,,,,,,,,,,,,,,,,,
Shaab Sharm / Gota Sharm,Geographic Site,Egypt,,,,,,,,,,,,,,,,,,,,,,,,,,,,,,
Abu Galawa Kebir,Geographic Site,Egypt,,,,,,,,,,,,,,,,,,,,,,,,,,,,,,
Abu Galawa Soraya,Geographic Site,Egypt,,,,,,,,,,,,,,,,,,,,,,,,,,,,,,
Sataya Gota Soraya,Geographic Site,Egypt,,,,,,,,,,,,,,,,,,,,,,,,,,,,,,
Sataya Gota Kebir,Geographic Site,Egypt,,,,,,,,,,,,,,,,,,,,,,,,,,,,,,
Shaab Claude,Geographic Site,Egypt,,,,,,,,,,,,,,,,,,,,,,,,,,,,,,
Habili Jafar,Geographic Site,Egypt,,,,,,,,,,,,,,,,,,,,,,,,,,,,,,
Umm Aruk,Geographic Site,Egypt,,,,,,,,,,,,,,,,,,,,,,,,,,,,,,
Habili Ali,Geographic Site,Egypt,,,,,,,,,,,,,,,,,,,,,,,,,,,,,,
St. Johns Gota Soraya,Geographic Site,Egypt,,,,,,,,,,,,,,,,,,,,,,,,,,,,,,
St. Johns Gota Kebir,Geographic Site,Egypt,,,,,,,,,,,,,,,,,,,,,,,,,,,,,,
Shaab Maksur,Geographic Site,Egypt,,,,,,,,,,,,,,,,,,,,,,,,,,,,,,
Dahra Wadi Gimal,Geographic Site,Egypt,,,,,,,,,,,,,,,,,,,,,,,,,,,,,,
Shelanit,Geographic Site,Egypt,,,,,,,,,,,,,,,,,,,,,,,,,,,,,,
Habili Radr,Geographic Site,Egypt,,,,,,,,,,,,,,,,,,,,,,,,,,,,,,
Shaab Malahi,Geographic Site,Egypt,,,,,,,,,,,,,,,,,,,,,,,,,,,,,,
Erg Abu Diab,Geographic Site,Egypt,,,,,,,,,,,,,,,,,,,,,,,,,,,,,,
Gota Eden,Geographic Site,Egypt,,,,,,,,,,,,,,,,,,,,,,,,,,,,,,
Cave Reef,Reef,Egypt,,,,,,,,,,,,,,,,,,,,,,,,,,,,,,
Fasna Abu Fendera,Geographic Site,Egypt,,,,,,,,,,,,,,,,,,,,,,,,,,,,,,
Gota Wahed / Etnein Abu Fendera,Geographic Site,Egypt,,,,,,,,,,,,,,,,,,,,,,,,,,,,,,
Shaab Sataya,Geographic Site,Egypt,,,,,,,,,,,,,,,,,,,,,,,,,,,,,,
Umm Hal Hal,Geographic Site,Egypt,,,,,,,,,,,,,,,,,,,,,,,,,,,,,,
Elba Reef,Reef,Egypt,,,,,,,,,,,,,,,,,,,,,,,,,,,,,,
SS Turkia,Wreck,Egypt,,,,,,,,,,,,,,,,,,,,,,,,,,,,,,
Abu Nuhas / Carnatic,Wreck,Egypt,,,,,,,,,,,,,,,,,,,,,,,,,,,,,,
Abu Nuhas / Chrisoula K,Wreck,Egypt,,,,,,,,,,,,,,,,,,,,,,,,,,,,,,
Abu Nuhas / Giannis D,Wreck,Egypt,,,,,,,,,,,,,,,,,,,,,,,,,,,,,,
Yolanda Reef,Wreck,Egypt,,,,,,,,,,,,,,,,,,,,,,,,,,,,,,
Numidia,Wreck,Egypt,,,,,,,,,,,,,,,,,,,,,,,,,,,,,,
Aida,Wreck,Egypt,,,,,,,,,,,,,,,,,,,,,,,,,,,,,,
Big Brother Island,Geographic Site,Egypt,,,,,,,,,,,,,,,,,,,,,,,,,,,,,,
Small Brother Island,Geographic Site,Egypt,,,,,,,,,,,,,,,,,,,,,,,,,,,,,,
Shaab Ras Disha,Geographic Site,Egypt,,,,,,,,,,,,,,,,,,,,,,,,,,,,,,
Rocky Island,Geographic Site,Egypt,,,,,,,,,,,,,,,,,,,,,,,,,,,,,,
Shaab Rumi,Geographic Site,Egypt,,,,,,,,,,,,,,,,,,,,,,,,,,,,,,
Shaab Rumi South Plateau,Geographic Site,Egypt,,,,,,,,,,,,,,,,,,,,,,,,,,,,,,
Sanganeb South West North,Geographic Site,Egypt,,,,,,,,,,,,,,,,,,,,,,,,,,,,,,
Angarosh,Geographic Site,Egypt,,,,,,,,,,,,,,,,,,,,,,,,,,,,,,
Qita El Banna,Geographic Site,Egypt,,,,,,,,,,,,,,,,,,,,,,,,,,,,,,
Merlo Reef,Reef,Egypt,,,,,,,,,,,,,,,,,,,,,,,,,,,,,,
Wingate Reef,Reef,Egypt,,,,,,,,,,,,,,,,,,,,,,,,,,,,,,
Shaab Suedi,Geographic Site,Egypt,,,,,,,,,,,,,,,,,,,,,,,,,,,,,,
Mesharifa,Geographic Site,Egypt,,,,,,,,,,,,,,,,,,,,,,,,,,,,,,
Shambaya,Geographic Site,Egypt,,,,,,,,,,,,,,,,,,,,,,,,,,,,,,
Abington Reef,Reef,Egypt,,,,,,,,,,,,,,,,,,,,,,,,,,,,,,
Hindi Gider,Geographic Site,Egypt,,,,,,,,,,,,,,,,,,,,,,,,,,,,,,
Protector Reef,Reef,Egypt,,,,,,,,,,,,,,,,,,,,,,,,,,,,,,
Jumna Reef,Reef,Egypt,,,,,,,,,,,,,,,,,,,,,,,,,,,,,,
Shaab Ambar,Geographic Site,Egypt,,,,,,,,,,,,,,,,,,,,,,,,,,,,,,
Logan Reef,Reef,Egypt,,,,,,,,,,,,,,,,,,,,,,,,,,,,,,
Keary Reef,Reef,Egypt,,,,,,,,,,,,,,,,,,,,,,,,,,,,,,
Seil Ada Kebir,Geographic Site,Egypt,,,,,,,,,,,,,,,,,,,,,,,,,,,,,,
Towartit Reef,Geographic Site,Egypt,,,,,,,,,,,,,,,,,,,,,,,,,,,,,,
Barra Musa Kebir,Geographic Site,Egypt,,,,,,,,,,,,,,,,,,,,,,,,,,,,,,
Habili Seil Ada,Geographic Site,Egypt,,,,,,,,,,,,,,,,,,,,,,,,,,,,,,
Habili Qab Isa,Geographic Site,Egypt,,,,,,,,,,,,,,,,,,,,,,,,,,,,,,
Dahrat Abid,Geographic Site,Egypt,,,,,,,,,,,,,,,,,,,,,,,,,,,,,,
Masamir,Geographic Site,Egypt,,,,,,,,,,,,,,,,,,,,,,,,,,,,,,
Dahrat Ghab,Geographic Site,Egypt,,,,,,,,,,,,,,,,,,,,,,,,,,,,,,
Qab Miyun,Geographic Site,Egypt,,,,,,,,,,,,,,,,,,,,,,,,,,,,,,
Shaab Loka,Geographic Site,Egypt,,,,,,,,,,,,,,,,,,,,,,,,,,,,,,
Tamashiya,Geographic Site,Egypt,,,,,,,,,,,,,,,,,,,,,,,,,,,,,,
Darraka,Geographic Site,Egypt,,,,,,,,,,,,,,,,,,,,,,,,,,,,,,
Seacrest Cove,Geographic Site,United States,,,,,,,,,,,,,,,,,,,,,,,,,,,,,,
Redondo Beach,Geographic Site,United States,,,,,,,,,,,,,,,,,,,,,,,,,,,,,,
Three Tree Point,Geographic Site,United States,,,,,,,,,,,,,,,,,,,,,,,,,,,,,,
Alki Beach Junkyard,Geographic Site,United States,,,,,,,,,,,,,,,,,,,,,,,,,,,,,,
Sund Rock Marine Preserve,Geographic Site,United States,,,,,,,,,,,,,,,,,,,,,,,,,,,,,,
Rockaway Beach,Geographic Site,United States,,,,,,,,,,,,,,,,,,,,,,,,,,,,,,
Z’s Reef,Reef,United States,,,,,,,,,,,,,,,,,,,,,,,,,,,,,,
Elephant wall,Geographic Site,United States,,,,,,,,,,,,,,,,,,,,,,,,,,,,,,
Flagpole Point,Geographic Site,United States,,,,,,,,,,,,,,,,,,,,,,,,,,,,,,
Koloa Landing,Geographic Site,United States,,,,,,,,,,,,,,,,,,,,,,,,,,,,,,
Niihau,Geographic Site,United States,,,,,,,,,,,,,,,,,,,,,,,,,,,,,,
Puntilla,Geographic Site,Dominican Republic,,,,,,,,,,,,,,,,,,,,,,,,,,,,,,
Larimar,Geographic Site,Dominican Republic,,,,,,,,,,,,,,,,,,,,,,,,,,,,,,
Ray Point,Geographic Site,Dominican Republic,,,,,,,,,,,,,,,,,,,,,,,,,,,,,,
3 Rocks,Geographic Site,Dominican Republic,,,,,,,,,,,,,,,,,,,,,,,,,,,,,,
Astron Shipwreck,Wreck,Dominican Republic,,,,,,,,,,,,,,,,,,,,,,,,,,,,,,
Rondana,Geographic Site,Dominican Republic,,,,,,,,,,,,,,,,,,,,,,,,,,,,,,
Batato,Geographic Site,Dominican Republic,,,,,,,,,,,,,,,,,,,,,,,,,,,,,,
Cavernas,Geographic Site,Dominican Republic,,,,,,,,,,,,,,,,,,,,,,,,,,,,,,
Cuevitas,Geographic Site,Dominican Republic,,,,,,,,,,,,,,,,,,,,,,,,,,,,,,
Park Reef,Geographic Site,Dominican Republic,,,,,,,,,,,,,,,,,,,,,,,,,,,,,,
The Submarine,Wreck,Dominican Republic,,,,,,,,,,,,,,,,,,,,,,,,,,,,,,
El Niño,Geographic Site,Dominican Republic,,,,,,,,,,,,,,,,,,,,,,,,,,,,,,
Monica Wreck,Wreck,Dominican Republic,,,,,,,,,,,,,,,,,,,,,,,,,,,,,,
Ancla,Geographic Site,Dominican Republic,,,,,,,,,,,,,,,,,,,,,,,,,,,,,,
Saona Island,Geographic Site,Dominican Republic,,,,,,,,,,,,,,,,,,,,,,,,,,,,,,
The Shark Hole,Geographic Site,Belize,,,,,,,,,,,,,,,,,,,,,,,,,,,,,,
Moho Caye,Geographic Site,Belize,,,,,,,,,,,,,,,,,,,,,,,,,,,,,,
Shaab Samadai,Geographic Site,Egypt,,,,,,,,,,,,,,,,,,,,,,,,,,,,,,
Brothers Islands,Geographic Site,Egypt,,,,,,,,,,,,,,,,,,,,,,,,,,,,,,
Abu Galawa Soghayar,Geographic Site,Egypt,,,,,,,,,,,,,,,,,,,,,,,,,,,,,,
Zabargad Island,Geographic Site,Egypt,,,,,,,,,,,,,,,,,,,,,,,,,,,,,,
Shaab Ruhr Umm Gamar,Geographic Site,Egypt,,,,,,,,,,,,,,,,,,,,,,,,,,,,,,
Numidia,Geographic Site,Egypt,,,,,,,,,,,,,,,,,,,,,,,,,,,,,,
Shaab Umm Gamar,Geographic Site,Egypt,,,,,,,,,,,,,,,,,,,,,,,,,,,,,,
Shaab Claudio,Geographic Site,Egypt,,,,,,,,,,,,,,,,,,,,,,,,,,,,,,
Daedalus Reef,Geographic Site,Egypt,,,,,,,,,,,,,,,,,,,,,,,,,,,,,,
Carless Reef,Geographic Site,Egypt,,,,,,,,,,,,,,,,,,,,,,,,,,,,,,
Habili Gafaar,Geographic Site,Egypt,,,,,,,,,,,,,,,,,,,,,,,,,,,,,,
St. John’s,Geographic Site,Egypt,,,,,,,,,,,,,,,,,,,,,,,,,,,,,,
Gota Kebir,Geographic Site,Egypt,,,,,,,,,,,,,,,,,,,,,,,,,,,,,,
El Fanadir,Geographic Site,Egypt,,,,,,,,,,,,,,,,,,,,,,,,,,,,,,
Gota Soraya,Geographic Site,Egypt,,,,,,,,,,,,,,,,,,,,,,,,,,,,,,
El Fanous,Geographic Site,Egypt,,,,,,,,,,,,,,,,,,,,,,,,,,,,,,
El Mina Wreck,Geographic Site,Egypt,,,,,,,,,,,,,,,,,,,,,,,,,,,,,,
Giftun Islands,Geographic Site,Egypt,,,,,,,,,,,,,,,,,,,,,,,,,,,,,,
Shaab Sabina,Geographic Site,Egypt,,,,,,,,,,,,,,,,,,,,,,,,,,,,,,
Erg Somaya,Geographic Site,Egypt,,,,,,,,,,,,,,,,,,,,,,,,,,,,,,
Turft El Shahed,Geographic Site,Egypt,,,,,,,,,,,,,,,,,,,,,,,,,,,,,,
Shaab Alam,Geographic Site,Egypt,,,,,,,,,,,,,,,,,,,,,,,,,,,,,,
Gota Abu Ramada,Geographic Site,Egypt,,,,,,,,,,,,,,,,,,,,,,,,,,,,,,
Abu Ramada Island,Geographic Site,Egypt,,,,,,,,,,,,,,,,,,,,,,,,,,,,,,
Ras Disha,Geographic Site,Egypt,,,,,,,,,,,,,,,,,,,,,,,,,,,,,,
Abu Hashish,Geographic Site,Egypt,,,,,,,,,,,,,,,,,,,,,,,,,,,,,,
Marsa Mubarak,Geographic Site,Egypt,,,,,,,,,,,,,,,,,,,,,,,,,,,,,,
Coral Garden,Geographic Site,Egypt,,,,,,,,,,,,,,,,,,,,,,,,,,,,,,
Marsa Shuni,Geographic Site,Egypt,,,,,,,,,,,,,,,,,,,,,,,,,,,,,,
Abu Sail,Geographic Site,Egypt,,,,,,,,,,,,,,,,,,,,,,,,,,,,,,
Marsa Murain,Geographic Site,Egypt,,,,,,,,,,,,,,,,,,,,,,,,,,,,,,
Marsa Abu Dabbab,Geographic Site,Egypt,,,,,,,,,,,,,,,,,,,,,,,,,,,,,,
Shalaniat,Geographic Site,Egypt,,,,,,,,,,,,,,,,,,,,,,,,,,,,,,
Shaab Abu Dabbab 1,Geographic Site,Egypt,,,,,,,,,,,,,,,,,,,,,,,,,,,,,,
Shaab Abu Dabbab 2,Geographic Site,Egypt,,,,,,,,,,,,,,,,,,,,,,,,,,,,,,
Habili Ghadir,Geographic Site,Egypt,,,,,,,,,,,,,,,,,,,,,,,,,,,,,,
Shaab Abu Dabbab 3,Geographic Site,Egypt,,,,,,,,,,,,,,,,,,,,,,,,,,,,,,
Om Halhalla,Geographic Site,Egypt,,,,,,,,,,,,,,,,,,,,,,,,,,,,,,
Shaab Abu Dabbab 4,Geographic Site,Egypt,,,,,,,,,,,,,,,,,,,,,,,,,,,,,,
Shaab Abu Galawa,Geographic Site,Egypt,,,,,,,,,,,,,,,,,,,,,,,,,,,,,,
Shaab Dahara,Geographic Site,Egypt,,,,,,,,,,,,,,,,,,,,,,,,,,,,,,
Marsa Egla,Geographic Site,Egypt,,,,,,,,,,,,,,,,,,,,,,,,,,,,,,
Shaab Ishtaa,Geographic Site,Egypt,,,,,,,,,,,,,,,,,,,,,,,,,,,,,,
Abu Ghusun Wreck,Geographic Site,Egypt,,,,,,,,,,,,,,,,,,,,,,,,,,,,,,
St. John’s Cave,Geographic Site,Egypt,,,,,,,,,,,,,,,,,,,,,,,,,,,,,,
Turtle Bay,Geographic Site,Egypt,,,,,,,,,,,,,,,,,,,,,,,,,,,,,,
Fanous East,Geographic Site,Egypt,,,,,,,,,,,,,,,,,,,,,,,,,,,,,,
Fanous West,Geographic Site,Egypt,,,,,,,,,,,,,,,,,,,,,,,,,,,,,,
Hamda,Geographic Site,Egypt,,,,,,,,,,,,,,,,,,,,,,,,,,,,,,
Ben El Gebel,Geographic Site,Egypt,,,,,,,,,,,,,,,,,,,,,,,,,,,,,,
North Abu Ramada,Geographic Site,Egypt,,,,,,,,,,,,,,,,,,,,,,,,,,,,,,
Erg Abu Ramada,Geographic Site,Egypt,,,,,,,,,,,,,,,,,,,,,,,,,,,,,,
Small Giftun,Geographic Site,Egypt,,,,,,,,,,,,,,,,,,,,,,,,,,,,,,
Abu Ramada South,Geographic Site,Egypt,,,,,,,,,,,,,,,,,,,,,,,,,,,,,,
Fanadir North,Geographic Site,Egypt,,,,,,,,,,,,,,,,,,,,,,,,,,,,,,
Marsa Abu Galawa,Geographic Site,Egypt,,,,,,,,,,,,,,,,,,,,,,,,,,,,,,
Hebat Allah Wreck,Geographic Site,Egypt,,,,,,,,,,,,,,,,,,,,,,,,,,,,,,
Shaab Abu Nugar,Geographic Site,Egypt,,,,,,,,,,,,,,,,,,,,,,,,,,,,,,
Erg Sabina,Geographic Site,Egypt,,,,,,,,,,,,,,,,,,,,,,,,,,,,,,
Shabruhr Umm Gamar,Geographic Site,Egypt,,,,,,,,,,,,,,,,,,,,,,,,,,,,,,
Koh Phi Phi Ley,Geographic Site,Thailand,,,,,,,,,,,,,,,,,,,,,,,,,,,,,,
Hin Bida,Geographic Site,Thailand,,,,,,,,,,,,,,,,,,,,,,,,,,,,,,
Hin Klai,Geographic Site,Thailand,,,,,,,,,,,,,,,,,,,,,,,,,,,,,,
Hin Deang,Geographic Site,Thailand,,,,,,,,,,,,,,,,,,,,,,,,,,,,,,
T94 / T95 Patrol Boats,Wreck,Thailand,,,,,,,,,,,,,,,,,,,,,,,,,,,,,,
SS Suddhadib – Hardeep Wreck,Wreck,Thailand,,,,,,,,,,,,,,,,,,,,,,,,,,,,,,
HTMS Kut (Khood) Wreck,Wreck,Thailand,,,,,,,,,,,,,,,,,,,,,,,,,,,,,,
HTMS Khram Wreck,Wreck,Thailand,,,,,,,,,,,,,,,,,,,,,,,,,,,,,,
HTMS Mataphon Wreck,Wreck,Thailand,,,,,,,,,,,,,,,,,,,,,,,,,,,,,,
Bremen / Kaeo Samud Wreck,Wreck,Thailand,,,,,,,,,,,,,,,,,,,,,,,,,,,,,,
Koh Rin (Pattaya Far Islands),Geographic Site,Thailand,,,,,,,,,,,,,,,,,,,,,,,,,,,,,,
The Hardeep Wreck (Samae San Marine Park),Wreck,Thailand,,,,,,,,,,,,,,,,,,,,,,,,,,,,,,
Hin Yai Pinnacle (Sattahip Region),Geographic Site,Thailand,,,,,,,,,,,,,,,,,,,,,,,,,,,,,,
Chumphon Pinnacle (Koh Tao),Geographic Site,Thailand,,,,,,,,,,,,,,,,,,,,,,,,,,,,,,
HTMS Chang (Koh Chang – Trat),Wreck,Thailand,,,,,,,,,,,,,,,,,,,,,,,,,,,,,,
Sail Rock (Koh Tao / Koh Samui),Geographic Site,Thailand,,,,,,,,,,,,,,,,,,,,,,,,,,,,,,
Shark Fin Rock / Lek Bet (Samae San Marine Park),Geographic Site,Thailand,,,,,,,,,,,,,,,,,,,,,,,,,,,,,,
Koh Man Wichai (Pattaya Far Islands),Geographic Site,Thailand,,,,,,,,,,,,,,,,,,,,,,,,,,,,,,
Koh Sak (Pattaya Near Islands),Geographic Site,Thailand,,,,,,,,,,,,,,,,,,,,,,,,,,,,,,
Koh Khrok (Pattaya Near Islands),Geographic Site,Thailand,,,,,,,,,,,,,,,,,,,,,,,,,,,,,,
Kani Beyru,Reef,Maldives,,,,,,,,,,,,,,,,,,,,,,,,,,,,,,
Palm Reef,Reef,Maldives,,,,,,,,,,,,,,,,,,,,,,,,,,,,,,
Faana Faru,Reef,Maldives,,,,,,,,,,,,,,,,,,,,,,,,,,,,,,
Mas Faru,Reef,Maldives,,,,,,,,,,,,,,,,,,,,,,,,,,,,,,
Colosseum,Reef,Maldives,,,,,,,,,,,,,,,,,,,,,,,,,,,,,,
Kahanbu Faru,Reef,Maldives,,,,,,,,,,,,,,,,,,,,,,,,,,,,,,
Chicken Channel,Channel,Maldives,,,,,,,,,,,,,,,,,,,,,,,,,,,,,,
Randhaa Reef,Reef,Maldives,,,,,,,,,,,,,,,,,,,,,,,,,,,,,,
Asdhoo Wreck,Wreck,Maldives,,,,,,,,,,,,,,,,,,,,,,,,,,,,,,
Coral Nursery,Reef,Maldives,,,,,,,,,,,,,,,,,,,,,,,,,,,,,,
Thulusdhoo Channel,Channel,Maldives,,,,,,,,,,,,,,,,,,,,,,,,,,,,,,
Chicken Corner,Reef,Maldives,,,,,,,,,,,,,,,,,,,,,,,,,,,,,,
Big Sister,Reef,Maldives,,,,,,,,,,,,,,,,,,,,,,,,,,,,,,
Bodu Giri,Reef,Maldives,,,,,,,,,,,,,,,,,,,,,,,,,,,,,,
Kuda Giri,Reef,Maldives,,,,,,,,,,,,,,,,,,,,,,,,,,,,,,
Banner Reef,Reef,Maldives,,,,,,,,,,,,,,,,,,,,,,,,,,,,,,
Kani Front,Reef,Maldives,,,,,,,,,,,,,,,,,,,,,,,,,,,,,,
Abaa Rock,Reef,Maldives,,,,,,,,,,,,,,,,,,,,,,,,,,,,,,
Dolphin Reef,Reef,Maldives,,,,,,,,,,,,,,,,,,,,,,,,,,,,,,
Anemone Garden,Reef,Maldives,,,,,,,,,,,,,,,,,,,,,,,,,,,,,,
HP Reef,Reef,Maldives,,,,,,,,,,,,,,,,,,,,,,,,,,,,,,
Nassimo Thila,Reef,Maldives,,,,,,,,,,,,,,,,,,,,,,,,,,,,,,
Pasta Reef,Reef,Maldives,,,,,,,,,,,,,,,,,,,,,,,,,,,,,,
Lankan,Reef,Maldives,,,,,,,,,,,,,,,,,,,,,,,,,,,,,,
Himmafushi Corner,Channel,Maldives,,,,,,,,,,,,,,,,,,,,,,,,,,,,,,
Noo Faru,Reef,Maldives,,,,,,,,,,,,,,,,,,,,,,,,,,,,,,
Lhohi Faru,Reef,Maldives,,,,,,,,,,,,,,,,,,,,,,,,,,,,,,
Prisca Head,Reef,Maldives,,,,,,,,,,,,,,,,,,,,,,,,,,,,,,
Prisca Corner,Reef,Maldives,,,,,,,,,,,,,,,,,,,,,,,,,,,,,,
One Palm,Reef,Maldives,,,,,,,,,,,,,,,,,,,,,,,,,,,,,,
Hook Reef,Reef,Maldives,,,,,,,,,,,,,,,,,,,,,,,,,,,,,,
Leo Carrillo,Geographic Site,United States,,,,,,,,,,,,,,,,,,,,,,,,,,,,,,
Veteran's Park,Geographic Site,United States,,,,,,,,,,,,,,,,,,,,,,,,,,,,,,
Malaga Cove,Geographic Site,United States,,,,,,,,,,,,,,,,,,,,,,,,,,,,,,
Old Marineland,Geographic Site,United States,,,,,,,,,,,,,,,,,,,,,,,,,,,,,,
Cleo Street,Geographic Site,United States,,,,,,,,,,,,,,,,,,,,,,,,,,,,,,
Foss 125,Geographic Site,United States,,,,,,,,,,,,,,,,,,,,,,,,,,,,,,
Labuan Bajo,Geographic Site,Indonesia,,,,,,,,,,,,,,,,,,,,,,,,,,,,,,
Wakatobi,Geographic Site,Indonesia,,,,,,,,,,,,,,,,,,,,,,,,,,,,,,
Morotai,Geographic Site,Indonesia,,,,,,,,,,,,,,,,,,,,,,,,,,,,,,
Sumbawa,Geographic Site,Indonesia,,,,,,,,,,,,,,,,,,,,,,,,,,,,,,
South Halmahera,Geographic Site,Indonesia,,,,,,,,,,,,,,,,,,,,,,,,,,,,,,
Sunken Island,Reef,Dominican Republic,,,,,,,,,,,,,,,,,,,,,,,,,,,,,,
Fuego de mar,Geographic Site,Roatan,,,,,,,,,,,,,,,,,,,,,,,,,,,,,,
Dolphins Den,Geographic Site,Roatan,,,,,,,,,,,,,,,,,,,,,,,,,,,,,,
Sponges Wall,Geographic Site,Roatan,,,,,,,,,,,,,,,,,,,,,,,,,,,,,,
Rock Star,Geographic Site,Roatan,,,,,,,,,,,,,,,,,,,,,,,,,,,,,,
Groupers Galley,Geographic Site,Roatan,,,,,,,,,,,,,,,,,,,,,,,,,,,,,,
Providencia and Santa Catalina Islands,Geographic Site,Columbia,,,,,,,,,,,,,,,,,,,,,,,,,,,,,,
Casper Cove,Geographic Site,United States,,,,,,,,,,,,,,,,,,,,,,,,,,,,,,
Mt. Michel,Wall,Caribbean Netherlands,,,,,,,,,,,,,,,,,,,,,,,,,,,,,,
Shark Shoals,Shoal,Caribbean Netherlands,,,,,,,,,,,,,,,,,,,,,,,,,,,,,,
Man O'War Shoals,Shoal,Caribbean Netherlands,,,,,,,,,,,,,,,,,,,,,,,,,,,,,,
Otto Limits,Wall,Caribbean Netherlands,,,,,,,,,,,,,,,,,,,,,,,,,,,,,,
Torrens Point,Wall,Caribbean Netherlands,,,,,,,,,,,,,,,,,,,,,,,,,,,,,,
Saba Coral Nursery,Reef,Caribbean Netherlands,,,,,,,,,,,,,,,,,,,,,,,,,,,,,,
Customs House,Reef,Caribbean Netherlands,,,,,,,,,,,,,,,,,,,,,,,,,,,,,,
Porites Point,Reef,Caribbean Netherlands,,,,,,,,,,,,,,,,,,,,,,,,,,,,,,
Ladder Labyrinth,Reef,Caribbean Netherlands,,,,,,,,,,,,,,,,,,,,,,,,,,,,,,
50/50,Wall,Caribbean Netherlands,,,,,,,,,,,,,,,,,,,,,,,,,,,,,,
Hot Springs,Reef,Caribbean Netherlands,,,,,,,,,,,,,,,,,,,,,,,,,,,,,,
Rays 'n' Anchors,Reef,Caribbean Netherlands,,,,,,,,,,,,,,,,,,,,,,,,,,,,,,
Tedran Wall,Wall,Caribbean Netherlands,,,,,,,,,,,,,,,,,,,,,,,,,,,,,,
Tent Reef Wall,Wall,Caribbean Netherlands,,,,,,,,,,,,,,,,,,,,,,,,,,,,,,
Tent Reef,Reef,Caribbean Netherlands,,,,,,,,,,,,,,,,,,,,,,,,,,,,,,
Tent Reef Shallow,Reef,Caribbean Netherlands,,,,,,,,,,,,,,,,,,,,,,,,,,,,,,
Tent Reef Deep,Reef,Caribbean Netherlands,,,,,,,,,,,,,,,,,,,,,,,,,,,,,,
Mooring / Muck Dive,Muck,Caribbean Netherlands,,,,,,,,,,,,,,,,,,,,,,,,,,,,,,
Greer Gut,Reef,Caribbean Netherlands,,,,,,,,,,,,,,,,,,,,,,,,,,,,,,
Big Rock Market,Reef,Caribbean Netherlands,,,,,,,,,,,,,,,,,,,,,,,,,,,,,,
Big Rock Deep,Reef,Caribbean Netherlands,,,,,,,,,,,,,,,,,,,,,,,,,,,,,,
Hole in the Corner,Wall,Caribbean Netherlands,,,,,,,,,,,,,,,,,,,,,,,,,,,,,,
David's Dropoff,Drop-off,Caribbean Netherlands,,,,,,,,,,,,,,,,,,,,,,,,,,,,,,
Core Gut,Reef,Caribbean Netherlands,,,,,,,,,,,,,,,,,,,,,,,,,,,,,,
Cove Bay,Reef,Caribbean Netherlands,,,,,,,,,,,,,,,,,,,,,,,,,,,,,,
Tracy (Ken Vitale),Wreck,United States,,,,,,,,,,,,,,,,,,,,,,,,,,,,,,
Hog Heaven,Wreck,United States,,,,,,,,,,,,,,,,,,,,,,,,,,,,,,
Mercedes,Wreck,United States,,,,,,,,,,,,,,,,,,,,,,,,,,,,,,
Robert Edminster,Wreck,United States,,,,,,,,,,,,,,,,,,,,,,,,,,,,,,
Jim Atria,Wreck,United States,,,,,,,,,,,,,,,,,,,,,,,,,,,,,,
Jay Scutti,Wreck,United States,,,,,,,,,,,,,,,,,,,,,,,,,,,,,,
Peter B. McAllister,Wreck,United States,,,,,,,,,,,,,,,,,,,,,,,,,,,,,,
Donal G. McAllister,Wreck,United States,,,,,,,,,,,,,,,,,,,,,,,,,,,,,,
Rebel,Wreck,United States,,,,,,,,,,,,,,,,,,,,,,,,,,,,,,
Tenneco Towers,Wreck,United States,,,,,,,,,,,,,,,,,,,,,,,,,,,,,,
Pride,Wreck,United States,,,,,,,,,,,,,,,,,,,,,,,,,,,,,,
Merci Jesus,Wreck,United States,,,,,,,,,,,,,,,,,,,,,,,,,,,,,,
Houseboat,Wreck,United States,,,,,,,,,,,,,,,,,,,,,,,,,,,,,,
Miss Dania Beach,Wreck,United States,,,,,,,,,,,,,,,,,,,,,,,,,,,,,,
Ebenezer II,Wreck,United States,,,,,,,,,,,,,,,,,,,,,,,,,,,,,,
Copenhagen,Wreck,United States,,,,,,,,,,,,,,,,,,,,,,,,,,,,,,
Hammerhead Reef,Reef,United States,,,,,,,,,,,,,,,,,,,,,,,,,,,,,,
Willie’s Way Reef,Reef,United States,,,,,,,,,,,,,,,,,,,,,,,,,,,,,,
Sunrise Ledge Reef,Reef,United States,,,,,,,,,,,,,,,,,,,,,,,,,,,,,,
Fisher’s Pedestal Reef,Reef,United States,,,,,,,,,,,,,,,,,,,,,,,,,,,,,,
Oakland Ridges Reef,Reef,United States,,,,,,,,,,,,,,,,,,,,,,,,,,,,,,
The Caves Reef,Reef,United States,,,,,,,,,,,,,,,,,,,,,,,,,,,,,,
Twin Ledges Reef,Reef,United States,,,,,,,,,,,,,,,,,,,,,,,,,,,,,,
Hall of Fame Reef,Reef,United States,,,,,,,,,,,,,,,,,,,,,,,,,,,,,,
Pompano Ledge Reef,Reef,United States,,,,,,,,,,,,,,,,,,,,,,,,,,,,,,
John Pennekamp Coral Reef State Park,Reef,United States,,,,,,,,,,,,,,,,,,,,,,,,,,,,,,
Khao Na Yak,Reef,Thailand,,,,,,,,,,,,,,,,,,,,,,,,,,,,,,
Bangsak Wreck,Wreck,Thailand,,,,,,,,,,,,,,,,,,,,,,,,,,,,,,
Koh Bida Nai,Geographic Site,Thailand,,,,,,,,,,,,,,,,,,,,,,,,,,,,,,
Loh Samah Bay,Geographic Site,Thailand,,,,,,,,,,,,,,,,,,,,,,,,,,,,,,
Palong Wall,Wall,Thailand,,,,,,,,,,,,,,,,,,,,,,,,,,,,,,
Nai Yang,Geographic Site,Thailand,,,,,,,,,,,,,,,,,,,,,,,,,,,,,,
Sirinat National Park,Geographic Site,Thailand,,,,,,,,,,,,,,,,,,,,,,,,,,,,,,
Destin Jetties,Reef,United States,,,,,,,,,,,,,,,,,,,,,,,,,,,,,,
Miss Louise Tugboat,Wreck,United States,,,,,,,,,,,,,,,,,,,,,,,,,,,,,,
Destin,Geographic Site,United States,,,,,,,,,,,,,,,,,,,,,,,,,,,,,,
Flamingo Bay,Habitat Site,Grenada,,,,,,,,,,,,,,,,,,,,,,,,,,,,,,
Happy Valley,Habitat Site,Grenada,,,,,,,,,,,,,,,,,,,,,,,,,,,,,,
Dragon Bay,Habitat Site,Grenada,,,,,,,,,,,,,,,,,,,,,,,,,,,,,,
Underwater Sculpture Park,Underwater Sculpture Park,Grenada,,,,,,,,,,,,,,,,,,,,,,,,,,,,,,
Buccaneer,Habitat Site,Grenada,,,,,,,,,,,,,,,,,,,,,,,,,,,,,,
Hildur,Wreck,Grenada,,,,,,,,,,,,,,,,,,,,,,,,,,,,,,
Northern Exposure,Habitat Site,Grenada,,,,,,,,,,,,,,,,,,,,,,,,,,,,,,
Veronica L.,Wreck,Grenada,,,,,,,,,,,,,,,,,,,,,,,,,,,,,,
Upper Boss Reef,Reef,Grenada,,,,,,,,,,,,,,,,,,,,,,,,,,,,,,
Lower Boss Reef,Reef,Grenada,,,,,,,,,,,,,,,,,,,,,,,,,,,,,,
Quater Wreck,Wreck,Grenada,,,,,,,,,,,,,,,,,,,,,,,,,,,,,,
Shakem,Habitat Site,Grenada,,,,,,,,,,,,,,,,,,,,,,,,,,,,,,
Moonshine,Habitat Site,Grenada,,,,,,,,,,,,,,,,,,,,,,,,,,,,,,
Bianca C.,Wreck,Grenada,,,,,,,,,,,,,,,,,,,,,,,,,,,,,,
Wibbles,Habitat Site,Grenada,,,,,,,,,,,,,,,,,,,,,,,,,,,,,,
Red Reef,Reef,Grenada,,,,,,,,,,,,,,,,,,,,,,,,,,,,,,
Hema,Habitat Site,Grenada,,,,,,,,,,,,,,,,,,,,,,,,,,,,,,
King Mitch,Wreck,Grenada,,,,,,,,,,,,,,,,,,,,,,,,,,,,,,
Persia,Wreck,Grenada,,,,,,,,,,,,,,,,,,,,,,,,,,,,,,
Snapper Grand,Reef,Grenada,,,,,,,,,,,,,,,,,,,,,,,,,,,,,,
Kudhimaa Wreck,Wreck,Maldives,,,,,,,,,,,,,,,,,,,,,,,,,,,,,,
Gam Island,Geographic Site,Indonesia,,,,,,,,,,,,,,,,,,,,,,,,,,,,,,
Mansuar,Geographic Site,Indonesia,,,,,,,,,,,,,,,,,,,,,,,,,,,,,,
Maluku Islands,Geographic Site,Indonesia,,,,,,,,,,,,,,,,,,,,,,,,,,,,,,
Penon,Reef,Dominican Republic,,,,,,,,,,,,,,,,,,,,,,,,,,,,,,
El Chicho,Cave,Dominican Republic,,,,,,,,,,,,,,,,,,,,,,,,,,,,,,
Viva Shallow,Geographic Site,Dominican Republic,,,,,,,,,,,,,,,,,,,,,,,,,,,,,,
Coco Reef,Reef,Dominican Republic,,,,,,,,,,,,,,,,,,,,,,,,,,,,,,
Coco Wreck,Wreck,Dominican Republic,,,,,,,,,,,,,,,,,,,,,,,,,,,,,,
Mama Reef,Reef,Dominican Republic,,,,,,,,,,,,,,,,,,,,,,,,,,,,,,
Piki Reef,Reef,Dominican Republic,,,,,,,,,,,,,,,,,,,,,,,,,,,,,,
Chunnel,Reef,South Africa,,,,,,,,,,,,,,,,,,,,,,,,,,,,,,
Northern Pinnacles,Reef,South Africa,,,,,,,,,,,,,,,,,,,,,,,,,,,,,,
The Produce,Wreck,South Africa,,,,,,,,,,,,,,,,,,,,,,,,,,,,,,
The Nebo,Wreck,South Africa,,,,,,,,,,,,,,,,,,,,,,,,,,,,,,
Wreck C-56,Wreck,Mexico,,,,,,,,,,,,,,,,,,,,,,,,,,,,,,
Captain Laffite,Wreck,Mexico,,,,,,,,,,,,,,,,,,,,,,,,,,,,,,
Green Wall,Wall,Mexico,,,,,,,,,,,,,,,,,,,,,,,,,,,,,,
Moc-che Deep,Reef,Mexico,,,,,,,,,,,,,,,,,,,,,,,,,,,,,,
Pargo Cave,Cave,Mexico,,,,,,,,,,,,,,,,,,,,,,,,,,,,,,
Shangri-La,Reef,Mexico,,,,,,,,,,,,,,,,,,,,,,,,,,,,,,
Bull Shark Point,Geographical Site,Mexico,,,,,,,,,,,,,,,,,,,,,,,,,,,,,,
Esfuerzo,Reef,Mexico,,,,,,,,,,,,,,,,,,,,,,,,,,,,,,
Inah,Snorkeling Site,Mexico,,,,,,,,,,,,,,,,,,,,,,,,,,,,,,
Islotes,Reef,Mexico,,,,,,,,,,,,,,,,,,,,,,,,,,,,,,
Marie Pampoen,Reef,Curaçao,,,,,,,,,,,,,,,,,,,,,,,,,,,,,,
Car Pile at Marie Pampoen,Artificial Reef,Curaçao,,,,,,,,,,,,,,,,,,,,,,,,,,,,,,
Director´s Bay,Reef,Curaçao,,,,,,,,,,,,,,,,,,,,,,,,,,,,,,
Caracasbaai,Geographical Site,Curaçao,,,,,,,,,,,,,,,,,,,,,,,,,,,,,,
Fisherman´s Wharf,Reef,Curaçao,,,,,,,,,,,,,,,,,,,,,,,,,,,,,,
Divers Leap,Wall,Curaçao,,,,,,,,,,,,,,,,,,,,,,,,,,,,,,
Kokomo,Reef,Curaçao,,,,,,,,,,,,,,,,,,,,,,,,,,,,,,
Snake Bay (Playa Wachi),Reef,Curaçao,,,,,,,,,,,,,,,,,,,,,,,,,,,,,,
Santa Martha Bay (Sunset Waters),Geographical Site,Curaçao,,,,,,,,,,,,,,,,,,,,,,,,,,,,,,
Porto Marie,Reef,Curaçao,,,,,,,,,,,,,,,,,,,,,,,,,,,,,,
Daibooi,Reef,Curaçao,,,,,,,,,,,,,,,,,,,,,,,,,,,,,,
Cas Abao,Reef,Curaçao,,,,,,,,,,,,,,,,,,,,,,,,,,,,,,
Lagun Beach,Reef,Curaçao,,,,,,,,,,,,,,,,,,,,,,,,,,,,,,
Jeremy,Reef,Curaçao,,,,,,,,,,,,,,,,,,,,,,,,,,,,,,
Grote Knip,Reef,Curaçao,,,,,,,,,,,,,,,,,,,,,,,,,,,,,,
Playa Forti,Reef,Curaçao,,,,,,,,,,,,,,,,,,,,,,,,,,,,,,
I Love Curaçao Sign Viewpoint,Geographical Site,Curaçao,,,,,,,,,,,,,,,,,,,,,,,,,,,,,,
Watamula Reef,Reef,Curaçao,,,,,,,,,,,,,,,,,,,,,,,,,,,,,,
Playa Guepi,Reef,Curaçao,,,,,,,,,,,,,,,,,,,,,,,,,,,,,,
Blue Room,Cave,Curaçao,,,,,,,,,,,,,,,,,,,,,,,,,,,,,,
Eastpoint,Geographical Site,Curaçao,,,,,,,,,,,,,,,,,,,,,,,,,,,,,,
Flamingo Habitat / Jan Kok,Geographical Site,Curaçao,,,,,,,,,,,,,,,,,,,,,,,,,,,,,,
Flamingo Habitat / Sint Michiel,Geographical Site,Curaçao,,,,,,,,,,,,,,,,,,,,,,,,,,,,,,
Christoffel National Park,Geographical Site,Curaçao,,,,,,,,,,,,,,,,,,,,,,,,,,,,,,
Punda,Geographical Site,Curaçao,,,,,,,,,,,,,,,,,,,,,,,,,,,,,,
Otrobanda,Geographical Site,Curaçao,,,,,,,,,,,,,,,,,,,,,,,,,,,,,,
Fort Beekenburg,Geographical Site,Curaçao,,,,,,,,,,,,,,,,,,,,,,,,,,,,,,
Quarantine House,Geographical Site,Curaçao,,,,,,,,,,,,,,,,,,,,,,,,,,,,,,
Mistral Curaçao,Geographical Site,Curaçao,,,,,,,,,,,,,,,,,,,,,,,,,,,,,,
Olas y Copas,Geographical Site,Curaçao,,,,,,,,,,,,,,,,,,,,,,,,,,,,,,
Hofi Cas Cora,Geographical Site,Curaçao,,,,,,,,,,,,,,,,,,,,,,,,,,,,,,
La Boheme Curaçao,Geographical Site,Curaçao,,,,,,,,,,,,,,,,,,,,,,,,,,,,,,
Sol Food at Sunshine Getaway Curaçao,Geographical Site,Curaçao,,,,,,,,,,,,,,,,,,,,,,,,,,,,,,
Abu Kifan,Geographical Site,Egypt,,,,,,,,,,,,,,,,,,,,,,,,,,,,,,
Tobia Al Saghaira,Geographical Site,Egypt,,,,,,,,,,,,,,,,,,,,,,,,,,,,,,
Gamul Al Saghir,Geographical Site,Egypt,,,,,,,,,,,,,,,,,,,,,,,,,,,,,,
Gamul Al Kabeir,Geographical Site,Egypt,,,,,,,,,,,,,,,,,,,,,,,,,,,,,,
La Iglesia,Reef,Spain,,,,,,,,,,,,,,,,,,,,,,,,,,,,,,
San Toribio,Reef,Spain,,,,,,,,,,,,,,,,,,,,,,,,,,,,,,
Cuevas de Afuera,Cave,Spain,,,,,,,,,,,,,,,,,,,,,,,,,,,,,,
Chitales,Reef,Spain,,,,,,,,,,,,,,,,,,,,,,,,,,,,,,
Santo Remedio,Reef,Spain,,,,,,,,,,,,,,,,,,,,,,,,,,,,,,
C-55 Barrera,Wreck,Mexico,,,,,,,,,,,,,,,,,,,,,,,,,,,,,,
C-58 Anaya,Wreck,Mexico,,,,,,,,,,,,,,,,,,,,,,,,,,,,,,
Riviera Maya Cenotes,Cenote,Mexico,,,,,,,,,,,,,,,,,,,,,,,,,,,,,,
Punta Sur,Reef,Mexico,,,,,,,,,,,,,,,,,,,,,,,,,,,,,,
Maracaibo,Reef,Mexico,,,,,,,,,,,,,,,,,,,,,,,,,,,,,,
Piton Wall,Wall,Saint Lucia,,,,,,,,,,,,,,,,,,,,,,,,,,,,,,
Anse La Raye Wall,Wall,Saint Lucia,,,,,,,,,,,,,,,,,,,,,,,,,,,,,,
Anse Couchon,Geographical Site,Saint Lucia,,,,,,,,,,,,,,,,,,,,,,,,,,,,,,
Jalousie,Geographical Site,Saint Lucia,,,,,,,,,,,,,,,,,,,,,,,,,,,,,,
Whittle Rock,Reef,South Africa,,,,,,,,,,,,,,,,,,,,,,,,,,,,,,
The Lusitania (1911),Wreck,South Africa,,,,,,,,,,,,,,,,,,,,,,,,,,,,,,
The Clan Stuart (1914),Wreck,South Africa,,,,,,,,,,,,,,,,,,,,,,,,,,,,,,
Smitswinkel Bay,Geographical Site,South Africa,,,,,,,,,,,,,,,,,,,,,,,,,,,,,,
Smits Reef,Reef,South Africa,,,,,,,,,,,,,,,,,,,,,,,,,,,,,,
SAS Pietermaritzburg (1994),Wreck,South Africa,,,,,,,,,,,,,,,,,,,,,,,,,,,,,,
Roman Rock,Reef,South Africa,,,,,,,,,,,,,,,,,,,,,,,,,,,,,,
Pyramid Rock,Reef,South Africa,,,,,,,,,,,,,,,,,,,,,,,,,,,,,,
Partridge Point,Geographical Site,South Africa,,,,,,,,,,,,,,,,,,,,,,,,,,,,,,
Outer Castle,Reef,South Africa,,,,,,,,,,,,,,,,,,,,,,,,,,,,,,
Boat Rock,Reef,South Africa,,,,,,,,,,,,,,,,,,,,,,,,,,,,,,
Batsata Rock,Reef,South Africa,,,,,,,,,,,,,,,,,,,,,,,,,,,,,,
A-Frame,Geographical Site,South Africa,,,,,,,,,,,,,,,,,,,,,,,,,,,,,,
Vulcan Rock,Reef,South Africa,,,,,,,,,,,,,,,,,,,,,,,,,,,,,,
The Steps,Geographical Site,South Africa,,,,,,,,,,,,,,,,,,,,,,,,,,,,,,
The Oakburn (1906),Wreck,South Africa,,,,,,,,,,,,,,,,,,,,,,,,,,,,,,
The Maori (1909),Wreck,South Africa,,,,,,,,,,,,,,,,,,,,,,,,,,,,,,
The Boss 400,Wreck,South Africa,,,,,,,,,,,,,,,,,,,,,,,,,,,,,,
The Antipolis (1977),Wreck,South Africa,,,,,,,,,,,,,,,,,,,,,,,,,,,,,,
Katzu Maru and Aster,Wreck,South Africa,,,,,,,,,,,,,,,,,,,,,,,,,,,,,,
Nick’s Caves,Cave,South Africa,,,,,,,,,,,,,,,,,,,,,,,,,,,,,,
Het Huis te Kraaienstjin,Wreck,South Africa,,,,,,,,,,,,,,,,,,,,,,,,,,,,,,
Duiker (Seal) Island,Geographical Site,South Africa,,,,,,,,,,,,,,,,,,,,,,,,,,,,,,
San Juan Reef,Reef,Mexico,,,,,,,,,,,,,,,,,,,,,,,,,,,,,,
Cantarel Sand Reef,Reef,Mexico,,,,,,,,,,,,,,,,,,,,,,,,,,,,,,
Las Palmas Reef,Reef,Mexico,,,,,,,,,,,,,,,,,,,,,,,,,,,,,,
Chankanaab Reef,Reef,Mexico,,,,,,,,,,,,,,,,,,,,,,,,,,,,,,
Tormentos Reef,Reef,Mexico,,,,,,,,,,,,,,,,,,,,,,,,,,,,,,
Yucab Reef,Reef,Mexico,,,,,,,,,,,,,,,,,,,,,,,,,,,,,,
San Francisco Reef,Reef,Mexico,,,,,,,,,,,,,,,,,,,,,,,,,,,,,,
Paso del Cedral Reef,Reef,Mexico,,,,,,,,,,,,,,,,,,,,,,,,,,,,,,
La Francesa Reef,Reef,Mexico,,,,,,,,,,,,,,,,,,,,,,,,,,,,,,
Palancar Reef,Reef,Mexico,,,,,,,,,,,,,,,,,,,,,,,,,,,,,,
Columbia Reef,Reef,Mexico,,,,,,,,,,,,,,,,,,,,,,,,,,,,,,
Punta Sur Reef,Reef,Mexico,,,,,,,,,,,,,,,,,,,,,,,,,,,,,,
Chun Chacaab Reef,Reef,Mexico,,,,,,,,,,,,,,,,,,,,,,,,,,,,,,
Maracaibo Reef,Reef,Mexico,,,,,,,,,,,,,,,,,,,,,,,,,,,,,,
Chen Rio,Reef,Mexico,,,,,,,,,,,,,,,,,,,,,,,,,,,,,,
Playa Bosh,Reef,Mexico,,,,,,,,,,,,,,,,,,,,,,,,,,,,,,
El Islote,Reef,Mexico,,,,,,,,,,,,,,,,,,,,,,,,,,,,,,
Wreck C-53,Wreck,Mexico,,,,,,,,,,,,,,,,,,,,,,,,,,,,,,
Punta Tunich Wall,Wall,Mexico,,,,,,,,,,,,,,,,,,,,,,,,,,,,,,
Punta Dalila,Reef,Mexico,,,,,,,,,,,,,,,,,,,,,,,,,,,,,,
El Mirador,Reef,Mexico,,,,,,,,,,,,,,,,,,,,,,,,,,,,,,
Punta Morena,Reef,Mexico,,,,,,,,,,,,,,,,,,,,,,,,,,,,,,
Los Atolones,Reef,Mexico,,,,,,,,,,,,,,,,,,,,,,,,,,,,,,
La Mancha Grande,Reef,Mexico,,,,,,,,,,,,,,,,,,,,,,,,,,,,,,
El Cofre,Reef,Mexico,,,,,,,,,,,,,,,,,,,,,,,,,,,,,,
La Mancha Chica,Reef,Mexico,,,,,,,,,,,,,,,,,,,,,,,,,,,,,,
El Esfuerzo,Reef,Mexico,,,,,,,,,,,,,,,,,,,,,,,,,,,,,,
Jolanda’s Reef,Reef,Mexico,,,,,,,,,,,,,,,,,,,,,,,,,,,,,,
Punta Venaditos,Reef,Mexico,,,,,,,,,,,,,,,,,,,,,,,,,,,,,,
Punta Venados,Reef,Mexico,,,,,,,,,,,,,,,,,,,,,,,,,,,,,,
Saint Lucia,Geographical Site,Saint Lucia,,,,,,,,,,,,,,,,,,,,,,,,,,,,,,
Labyrinth,Geographical Site,Indonesia,,,,,,,,,,,,,,,,,,,,,,,,,,,,,,
East Manta Point,Geographical Site,Indonesia,,,,,,,,,,,,,,,,,,,,,,,,,,,,,,
Semaya,Geographical Site,Indonesia,,,,,,,,,,,,,,,,,,,,,,,,,,,,,,
Suana,Geographical Site,Indonesia,,,,,,,,,,,,,,,,,,,,,,,,,,,,,,
Witches Hat,Geographical Site,Indonesia,,,,,,,,,,,,,,,,,,,,,,,,,,,,,,
Sebayur Kecil,Geographical Site,Indonesia,,,,,,,,,,,,,,,,,,,,,,,,,,,,,,
Mawan,Geographical Site,Indonesia,,,,,,,,,,,,,,,,,,,,,,,,,,,,,,
Lonely Tree,Geographical Site,Indonesia,,,,,,,,,,,,,,,,,,,,,,,,,,,,,,
Gindang,Geographical Site,Indonesia,,,,,,,,,,,,,,,,,,,,,,,,,,,,,,
Padar Bay,Geographical Site,Indonesia,,,,,,,,,,,,,,,,,,,,,,,,,,,,,,
Frogfish,Geographical Site,Indonesia,,,,,,,,,,,,,,,,,,,,,,,,,,,,,,
Scorpion point,Geographical Site,Indonesia,,,,,,,,,,,,,,,,,,,,,,,,,,,,,,
Pelawangan,Geographical Site,Indonesia,,,,,,,,,,,,,,,,,,,,,,,,,,,,,,
Pinkan,Geographical Site,Indonesia,,,,,,,,,,,,,,,,,,,,,,,,,,,,,,
Boro Bagik,Geographical Site,Indonesia,,,,,,,,,,,,,,,,,,,,,,,,,,,,,,
Gili Medas,Geographical Site,Indonesia,,,,,,,,,,,,,,,,,,,,,,,,,,,,,,
Kuta,Geographical Site,Indonesia,,,,,,,,,,,,,,,,,,,,,,,,,,,,,,
Gerupuk,Geographical Site,Indonesia,,,,,,,,,,,,,,,,,,,,,,,,,,,,,,
Tampah,Geographical Site,Indonesia,,,,,,,,,,,,,,,,,,,,,,,,,,,,,,
Belongas,Geographical Site,Indonesia,,,,,,,,,,,,,,,,,,,,,,,,,,,,,,
Gerupuk Slope,Geographical Site,Indonesia,,,,,,,,,,,,,,,,,,,,,,,,,,,,,,
Gerupuk coral garden,Geographical Site,Indonesia,,,,,,,,,,,,,,,,,,,,,,,,,,,,,,
Mawun slope,Geographical Site,Indonesia,,,,,,,,,,,,,,,,,,,,,,,,,,,,,,
Are Guling,Geographical Site,Indonesia,,,,,,,,,,,,,,,,,,,,,,,,,,,,,,
Mawun Inside,Geographical Site,Indonesia,,,,,,,,,,,,,,,,,,,,,,,,,,,,,,
JJR,Geographical Site,Indonesia,,,,,,,,,,,,,,,,,,,,,,,,,,,,,,
Gili Sarang,Geographical Site,Indonesia,Belongas,,,,,,,,,,,,,,,,,,,,,,,,,,,,,
Blue Hole,Geographical Site,Indonesia,Belongas,,,,,,,,,,,,,,,,,,,,,,,,,,,,,
San Clemente,Geographical Site,Mexico,,,,,,,,,,,,,,,,,,,,,,,,,,,,,,
Santa Rosa Shallow,Geographical Site,Mexico,,,,,,,,,,,,,,,,,,,,,,,,,,,,,,
Cedral Wall,Geographical Site,Mexico,,,,,,,,,,,,,,,,,,,,,,,,,,,,,,
Palancar Gardens,Geographical Site,Mexico,,,,,,,,,,,,,,,,,,,,,,,,,,,,,,
Palancar Briks,Geographical Site,Mexico,,,,,,,,,,,,,,,,,,,,,,,,,,,,,,
Columbia Deep,Geographical Site,Mexico,,,,,,,,,,,,,,,,,,,,,,,,,,,,,,
Cathedral,Geographical Site,Mexico,,,,,,,,,,,,,,,,,,,,,,,,,,,,,,
California Wreck,Wreck,Aruba,,,,,,,,,,,,,,,,,,,,,,,,,,,,,,
Blue Reef,Reef,Aruba,,,,,,,,,,,,,,,,,,,,,,,,,,,,,,
Arashi Airplane,Wreck,Aruba,,,,,,,,,,,,,,,,,,,,,,,,,,,,,,
Debbie Wreck,Wreck,Aruba,,,,,,,,,,,,,,,,,,,,,,,,,,,,,,
Star Gerren,Wreck,Aruba,,,,,,,,,,,,,,,,,,,,,,,,,,,,,,
Pedernales,Wreck,Aruba,,,,,,,,,,,,,,,,,,,,,,,,,,,,,,
Harbor Reef,Reef,Aruba,,,,,,,,,,,,,,,,,,,,,,,,,,,,,,
Pilot Boat Wreck,Wreck,Aruba,,,,,,,,,,,,,,,,,,,,,,,,,,,,,,
Pinnacles Reef,Reef,Aruba,,,,,,,,,,,,,,,,,,,,,,,,,,,,,,
Sponge Reef,Reef,Aruba,,,,,,,,,,,,,,,,,,,,,,,,,,,,,,
Airplanes DC-3 & S-11,Wreck,Aruba,,,,,,,,,,,,,,,,,,,,,,,,,,,,,,
Dantchi's Delight,Reef,Aruba,,,,,,,,,,,,,,,,,,,,,,,,,,,,,,
Kantil Reef,Reef,Aruba,,,,,,,,,,,,,,,,,,,,,,,,,,,,,,
Skalahein,Reef,Aruba,,,,,,,,,,,,,,,,,,,,,,,,,,,,,,
Barcadera Reef,Reef,Aruba,,,,,,,,,,,,,,,,,,,,,,,,,,,,,,
Captain's Choice,Geographical Site,Aruba,,,,,,,,,,,,,,,,,,,,,,,,,,,,,,
Plonco Reef,Reef,Aruba,,,,,,,,,,,,,,,,,,,,,,,,,,,,,,
Gino's Choice,Geographical Site,Aruba,,,,,,,,,,,,,,,,,,,,,,,,,,,,,,
De Palm Slope,Slope,Aruba,,,,,,,,,,,,,,,,,,,,,,,,,,,,,,
Spanish Lagoon Reef,Reef,Aruba,,,,,,,,,,,,,,,,,,,,,,,,,,,,,,
The Finger,Geographical Site,Aruba,,,,,,,,,,,,,,,,,,,,,,,,,,,,,,
Mike's Reef,Reef,Aruba,,,,,,,,,,,,,,,,,,,,,,,,,,,,,,
Mangel Halto Reef,Reef,Aruba,,,,,,,,,,,,,,,,,,,,,,,,,,,,,,
Isla de Oro Reef,Reef,Aruba,,,,,,,,,,,,,,,,,,,,,,,,,,,,,,
Santo Largo,Geographical Site,Aruba,,,,,,,,,,,,,,,,,,,,,,,,,,,,,,
Commandeurs Reef,Reef,Aruba,,,,,,,,,,,,,,,,,,,,,,,,,,,,,,
Lago Reef,Reef,Aruba,,,,,,,,,,,,,,,,,,,,,,,,,,,,,,
Indian Head,Geographical Site,Aruba,,,,,,,,,,,,,,,,,,,,,,,,,,,,,,
The Cross,Geographical Site,Aruba,,,,,,,,,,,,,,,,,,,,,,,,,,,,,,
Santana Reef,Reef,Aruba,,,,,,,,,,,,,,,,,,,,,,,,,,,,,,
Six Sisters,Geographical Site,Aruba,,,,,,,,,,,,,,,,,,,,,,,,,,,,,,
Cabez Reef,Reef,Aruba,,,,,,,,,,,,,,,,,,,,,,,,,,,,,,
Natural Bridge,Geographical Site,Aruba,,,,,,,,,,,,,,,,,,,,,,,,,,,,,,
Cuyuna Country State,Geographical Site,USA,,,,,,,,,,,,,,,,,,,,,,,,,,,,,,
Lake Ore-be-gone,Geographical Site,USA,,,,,,,,,,,,,,,,,,,,,,,,,,,,,,
Lake Owen,Geographical Site,USA,,,,,,,,,,,,,,,,,,,,,,,,,,,,,,
Hin Rap North,Reef,Thailand,,,,,,,,,,,,,,,,,,,,,,,,,,,,,,
Hin Sam Sao,Reef,Thailand,,,,,,,,,,,,,,,,,,,,,,,,,,,,,,
Koh Yuak,Geographical Site,Thailand,,,,,,,,,,,,,,,,,,,,,,,,,,,,,,
Hin Luk Bath,Reef,Thailand,,,,,,,,,,,,,,,,,,,,,,,,,,,,,,
Blueberry Hill,Reef,Thailand,,,,,,,,,,,,,,,,,,,,,,,,,,,,,,
Koh Lao Klang,Geographical Site,Thailand,,,,,,,,,,,,,,,,,,,,,,,,,,,,,,
Koh Ngam,Geographical Site,Thailand,,,,,,,,,,,,,,,,,,,,,,,,,,,,,,
Koh Klum,Geographical Site,Thailand,,,,,,,,,,,,,,,,,,,,,,,,,,,,,,
Koh Wai,Geographical Site,Thailand,,,,,,,,,,,,,,,,,,,,,,,,,,,,,,
Koh Nok Nok,Geographical Site,Thailand,,,,,,,,,,,,,,,,,,,,,,,,,,,,,,
Hin Rap South,Reef,Thailand,,,,,,,,,,,,,,,,,,,,,,,,,,,,,,
Koh Nok Nai,Geographical Site,Thailand,,,,,,,,,,,,,,,,,,,,,,,,,,,,,,
Koh Yak,Geographical Site,Thailand,,,,,,,,,,,,,,,,,,,,,,,,,,,,,,
Koh Rang,Geographical Site,Thailand,,,,,,,,,,,,,,,,,,,,,,,,,,,,,,
Koh Kuak Maa,Geographical Site,Thailand,,,,,,,,,,,,,,,,,,,,,,,,,,,,,,
Koh Maak,Geographical Site,Thailand,,,,,,,,,,,,,,,,,,,,,,,,,,,,,,
Kata Beach,Geographical Site,Thailand,,,,,,,,,,,,,,,,,,,,,,,,,,,,,,
Los Anegados,Geographical Site,Mexico,,,,,,,,,,,,,,,,,,,,,,,,,,,,,,
La Corbeteña,Geographical Site,Mexico,,,,,,,,,,,,,,,,,,,,,,,,,,,,,,
El Chimo,Geographical Site,Mexico,,,,,,,,,,,,,,,,,,,,,,,,,,,,,,
El Malinal,Geographical Site,Mexico,,,,,,,,,,,,,,,,,,,,,,,,,,,,,,
Blackwater Dive,,Fiji,,,,,,,,,,,,,,,,,,,,,,,,,,,,,,
Sau Bay Sanctuary,,Fiji,,,,,,,,,,,,,,,,,,,,,,,,,,,,,,
Barracuda Hole,Hole,Fiji,,,,,,,,,,,,,,,,,,,,,,,,,,,,,,
Yellow Tunnel,Tunnel,Fiji,,,,,,,,,,,,,,,,,,,,,,,,,,,,,,
Rainbow Passage A,Passage,Fiji,,,,,,,,,,,,,,,,,,,,,,,,,,,,,,
Sam's Point,Point,Fiji,,,,,,,,,,,,,,,,,,,,,,,,,,,,,,
Carl Street,Geographical Site,Fiji,,,,,,,,,,,,,,,,,,,,,,,,,,,,,,
Rainbow Passage B,Passage,Fiji,,,,,,,,,,,,,,,,,,,,,,,,,,,,,,
Jerry's Jelly,Reef,Fiji,,,,,,,,,,,,,,,,,,,,,,,,,,,,,,
Fish Factory,Reef,Fiji,,,,,,,,,,,,,,,,,,,,,,,,,,,,,,
Nuku Reef,Reef,Fiji,,,,,,,,,,,,,,,,,,,,,,,,,,,,,,
Wise's Place,Geographical Site,Fiji,,,,,,,,,,,,,,,,,,,,,,,,,,,,,,
Potluck,Reef,Fiji,,,,,,,,,,,,,,,,,,,,,,,,,,,,,,
Jack's Place,Geographical Site,Fiji,,,,,,,,,,,,,,,,,,,,,,,,,,,,,,
Mini White Wall,Wall,Fiji,,,,,,,,,,,,,,,,,,,,,,,,,,,,,,
Annie's Bommie,Bommie,Fiji,,,,,,,,,,,,,,,,,,,,,,,,,,,,,,
The Corner,Point,Fiji,,,,,,,,,,,,,,,,,,,,,,,,,,,,,,
Fingers (Purple Wall),Wall,Fiji,,,,,,,,,,,,,,,,,,,,,,,,,,,,,,
Midwest,Reef,Fiji,,,,,,,,,,,,,,,,,,,,,,,,,,,,,,
Pandora,Reef,Fiji,,,,,,,,,,,,,,,,,,,,,,,,,,,,,,
The C53 Wreck,Wreck,Mexico,Felipe Xicoténcatl,,,,,,,,,,,,,,,,,,,,,,,,,,,,,
La Pilotine,Wreck,France,,,,,,,,,,,,,,,,,,,,,,,,,,,,,,
La Vierge,Geographical Site,France,,,,,,,,,,,,,,,,,,,,,,,,,,,,,,
La Balise,Geographical Site,France,,,,,,,,,,,,,,,,,,,,,,,,,,,,,,
Gameou,Geographical Site,France,,,,,,,,,,,,,,,,,,,,,,,,,,,,,,
Barracan,Geographical Site,France,,,,,,,,,,,,,,,,,,,,,,,,,,,,,,
Grand Moure,Geographical Site,France,,,,,,,,,,,,,,,,,,,,,,,,,,,,,,
Levant,Geographical Site,France,,,,,,,,,,,,,,,,,,,,,,,,,,,,,,
Rousteau,Geographical Site,France,,,,,,,,,,,,,,,,,,,,,,,,,,,,,,
Les Tables,Geographical Site,France,,,,,,,,,,,,,,,,,,,,,,,,,,,,,,
Les Grottes,Cave Site,France,,,,,,,,,,,,,,,,,,,,,,,,,,,,,,
Le Sec d’Alon,Pinnacle / Seamount,France,,,,,,,,,,,,,,,,,,,,,,,,,,,,,,
L’Île Rousse,Geographical Site,France,,,,,,,,,,,,,,,,,,,,,,,,,,,,,,
Bandor,Geographical Site,France,,,,,,,,,,,,,,,,,,,,,,,,,,,,,,
Portissol,Geographical Site,France,,,,,,,,,,,,,,,,,,,,,,,,,,,,,,
La Pierre à Mérou,Reef,France,,,,,,,,,,,,,,,,,,,,,,,,,,,,,,
La Reinette,Reef,France,,,,,,,,,,,,,,,,,,,,,,,,,,,,,,
Les Magnons,Reef,France,,,,,,,,,,,,,,,,,,,,,,,,,,,,,,
La Classique,Geographical Site,France,,,,,,,,,,,,,,,,,,,,,,,,,,,,,,
La Sèche de Guémaud,Pinnacle / Seamount,France,,,,,,,,,,,,,,,,,,,,,,,,,,,,,,
La Pierre à Christian,Reef,France,,,,,,,,,,,,,,,,,,,,,,,,,,,,,,
La Murène,Reef,France,,,,,,,,,,,,,,,,,,,,,,,,,,,,,,
L’Arroyo,Geological Site,France,,,,,,,,,,,,,,,,,,,,,,,,,,,,,,
La Vallée aux Gorgones,Wall,France,,,,,,,,,,,,,,,,,,,,,,,,,,,,,,
La Merveilleuse,Reef,France,,,,,,,,,,,,,,,,,,,,,,,,,,,,,,
La Carotte,Geological Site,France,,,,,,,,,,,,,,,,,,,,,,,,,,,,,,
Punta de la Mona,Reef,France,,,,,,,,,,,,,,,,,,,,,,,,,,,,,,
Le P38,Wreck,France,,,,,,,,,,,,,,,,,,,,,,,,,,,,,,
Molas Shallow,,Mexico,,,,,,,,,,,,,,,,,,,,,,,,,,,,,,
Villa Blanca,,Mexico,,,,,,,,,,,,,,,,,,,,,,,,,,,,,,
Chankanaab Shallow Reef,Reef,Mexico,,,,,,,,,,,,,,,,,,,,,,,,,,,,,,
Chankanaab Bolones Reef,Reef,Mexico,,,,,,,,,,,,,,,,,,,,,,,,,,,,,,
Black Coral Canyon,Canyon,Turks and Caicos,,,,,,,,,,,,,,,,,,,,,,,,,,,,,,
Kelly’s Folley,Reef,Turks and Caicos,,,,,,,,,,,,,,,,,,,,,,,,,,,,,,
Kelly’s Annex,Reef,Turks and Caicos,,,,,,,,,,,,,,,,,,,,,,,,,,,,,,
Northwest Drop-Off,Drop-off,Turks and Caicos,,,,,,,,,,,,,,,,,,,,,,,,,,,,,,
Point Pleasant,Reef,Turks and Caicos,,,,,,,,,,,,,,,,,,,,,,,,,,,,,,
Powerhouse,Reef,Turks and Caicos,,,,,,,,,,,,,,,,,,,,,,,,,,,,,,
Rookery,Reef,Turks and Caicos,,,,,,,,,,,,,,,,,,,,,,,,,,,,,,
Shark Point Canyon,Canyon,Turks and Caicos,,,,,,,,,,,,,,,,,,,,,,,,,,,,,,
Three Pillars,Reef,Turks and Caicos,,,,,,,,,,,,,,,,,,,,,,,,,,,,,,
Turtle Gardens,Reef,Turks and Caicos,,,,,,,,,,,,,,,,,,,,,,,,,,,,,,
Wanderlust,Reef,Turks and Caicos,,,,,,,,,,,,,,,,,,,,,,,,,,,,,,
Relitto Tevfik Captan 1,Wreck,Italy,,,,,,,,,,,,,,,,,,,,,,,,,,,,,,
II Canalone,Canyon,Italy,,,,,,,,,,,,,,,,,,,,,,,,,,,,,,
IONIO,Geographical Site,Italy,,,,,,,,,,,,,,,,,,,,,,,,,,,,,,
Grotta delle Ombrine,Cave,Italy,,,,,,,,,,,,,,,,,,,,,,,,,,,,,,
Grotta del Ciolo,Cave,Italy,,,,,,,,,,,,,,,,,,,,,,,,,,,,,,
I Cannoni,Reef,Italy,,,,,,,,,,,,,,,,,,,,,,,,,,,,,,
Parete Rossa,Wall,Italy,,,,,,,,,,,,,,,,,,,,,,,,,,,,,,
La Cattedrale,Cave,Italy,,,,,,,,,,,,,,,,,,,,,,,,,,,,,,
Grotta del Soffio e Ortocupo,Cave,Italy,,,,,,,,,,,,,,,,,,,,,,,,,,,,,,
Peschereccio Greco,Wreck,Italy,,,,,,,,,,,,,,,,,,,,,,,,,,,,,,
Terradico,Reef,Italy,,,,,,,,,,,,,,,,,,,,,,,,,,,,,,
Batman,Reef,Italy,,,,,,,,,,,,,,,,,,,,,,,,,,,,,,
Punta Meliso Madonna dei Due Mari,Geographical Site,Italy,,,,,,,,,,,,,,,,,,,,,,,,,,,,,,
Secca Banco della Scala,Reef,Italy,,,,,,,,,,,,,,,,,,,,,,,,,,,,,,
Secca del Pisello,Reef,Italy,,,,,,,,,,,,,,,,,,,,,,,,,,,,,,
Sai Daeng,Geographical Site,Thailand,,,,,,,,,,,,,,,,,,,,,,,,,,,,,,
Thian Og Bay,Geographical Site,Thailand,,,,,,,,,,,,,,,,,,,,,,,,,,,,,,
Ao Hin Wong Bay,Geographical Site,Thailand,,,,,,,,,,,,,,,,,,,,,,,,,,,,,,
Hannah M. Bell,Wreck,USA,,,,,,,,,,,,,,,,,,,,,,,,,,,,,,
Garden Reef,Geographical Site,Aruba,,,,,,,,,,,,,,,,,,,,,,,,,,,,,,
Harley's Reef,Geographical Site,Aruba,,,,,,,,,,,,,,,,,,,,,,,,,,,,,,
Levanzo Wreck,Wreck,Sudan,,,,,,,,,,,,,,,,,,,,,,,,,,,,,,
Abington,Geographical Site,Sudan,,,,,,,,,,,,,,,,,,,,,,,,,,,,,,
Qita El Banaa,Geographical Site,Sudan,,,,,,,,,,,,,,,,,,,,,,,,,,,,,,
Shaab Jumna,Geographical Site,Sudan,,,,,,,,,,,,,,,,,,,,,,,,,,,,,,
Sanganeb Atoll,Geographical Site,Sudan,,,,,,,,,,,,,,,,,,,,,,,,,,,,,,
Dahret Abid,Geographical Site,Sudan,,,,,,,,,,,,,,,,,,,,,,,,,,,,,,
Habili Dahret Ghab,Geographical Site,Sudan,,,,,,,,,,,,,,,,,,,,,,,,,,,,,,
Habili Dahret Abid,Geographical Site,Sudan,,,,,,,,,,,,,,,,,,,,,,,,,,,,,,
Dahret Darraka,Geographical Site,Sudan,,,,,,,,,,,,,,,,,,,,,,,,,,,,,,
Neptune Island,Geographical Site,Australia,,,,,,,,,,,,,,,,,,,,,,,,,,,,,,
Revillagigedo Islands,Geographical Site,Mexico,Sea of Cortez,,,,,,,,,,,,,,,,,,,,,,,,,,,,,
Midriff Islands,Geographical Site,Mexico,Sea of Cortez,,,,,,,,,,,,,,,,,,,,,,,,,,,,,
Isla Las Animas,Geographical Site,Mexico,Sea of Cortez,,,,,,,,,,,,,,,,,,,,,,,,,,,,,
Isla Espiritu Santo,Geographical Site,Mexico,,,,,,,,,,,,,,,,,,,,,,,,,,,,,,
Isla San Benedicto,Geographical Site,Mexico,,,,,,,,,,,,,,,,,,,,,,,,,,,,,,
Taviana,Reef,Honduras,,,,,,,,,,,,,,,,,,,,,,,,,,,,,,
The Pinnacle,Pinnacle,Honduras,,,,,,,,,,,,,,,,,,,,,,,,,,,,,,
Cannery Bank,Bank,Honduras,,,,,,,,,,,,,,,,,,,,,,,,,,,,,,
Calvin's Crack,Wall,Honduras,,,,,,,,,,,,,,,,,,,,,,,,,,,,,,
Pirate's Point,Reef,Honduras,,,,,,,,,,,,,,,,,,,,,,,,,,,,,,
Mr. Buds,Reef,Honduras,,,,,,,,,,,,,,,,,,,,,,,,,,,,,,
Coco's Sea Mount,Seamount,Honduras,,,,,,,,,,,,,,,,,,,,,,,,,,,,,,
Pelican Point,Point,Honduras,,,,,,,,,,,,,,,,,,,,,,,,,,,,,,
Toon Town,Reef,Honduras,,,,,,,,,,,,,,,,,,,,,,,,,,,,,,
Runway 10,Reef,Bahamas,,,,,,,,,,,,,,,,,,,,,,,,,,,,,,
RRI Wall,Wall,Bahamas,,,,,,,,,,,,,,,,,,,,,,,,,,,,,,
Stewport,Reef,Bahamas,,,,,,,,,,,,,,,,,,,,,,,,,,,,,,
Sand Castles,Reef,Bahamas,,,,,,,,,,,,,,,,,,,,,,,,,,,,,,
Grouper Gully,Gully,Bahamas,,,,,,,,,,,,,,,,,,,,,,,,,,,,,,
Vicky's Reef,Reef,Bahamas,,,,,,,,,,,,,,,,,,,,,,,,,,,,,,
Shangrila,Reef,Bahamas,,,,,,,,,,,,,,,,,,,,,,,,,,,,,,
Snapshot,Reef,Bahamas,,,,,,,,,,,,,,,,,,,,,,,,,,,,,,
Devil's Claw,Reef,Bahamas,,,,,,,,,,,,,,,,,,,,,,,,,,,,,,
Black Forest Double Caves,Cave,Bahamas,,,,,,,,,,,,,,,,,,,,,,,,,,,,,,
North Pole Cave,Cave,Bahamas,,,,,,,,,,,,,,,,,,,,,,,,,,,,,,
Great Cut,Channel,Bahamas,,,,,,,,,,,,,,,,,,,,,,,,,,,,,,
Orbit's Canyon,Canyon,Bahamas,,,,,,,,,,,,,,,,,,,,,,,,,,,,,,
Sandy Point Cave,Cave,Bahamas,,,,,,,,,,,,,,,,,,,,,,,,,,,,,,
Dolittle's Grotto,Grotto,Bahamas,,,,,,,,,,,,,,,,,,,,,,,,,,,,,,
La Crevasse,Crevasse,Bahamas,,,,,,,,,,,,,,,,,,,,,,,,,,,,,,
Pemuteran Bay,,Indonesia,,,,,,,,,,,,,,,,,,,,,,,,,,,,,,
Menjangan Island,,Indonesia,,,,,,,,,,,,,,,,,,,,,,,,,,,,,,
Bio-Wreck,Wreck,Indonesia,,,,,,,,,,,,,,,,,,,,,,,,,,,,,,
Close Encounters,Reef,Indonesia,,,,,,,,,,,,,,,,,,,,,,,,,,,,,,
Deep Reef,Reef,Indonesia,,,,,,,,,,,,,,,,,,,,,,,,,,,,,,
Fisherman Basket,Reef,Indonesia,,,,,,,,,,,,,,,,,,,,,,,,,,,,,,
Kebun Chris,Reef,Indonesia,,,,,,,,,,,,,,,,,,,,,,,,,,,,,,
Garden of the Gods,Reef,Indonesia,,,,,,,,,,,,,,,,,,,,,,,,,,,,,,
Temple Garden,Reef,Indonesia,,,,,,,,,,,,,,,,,,,,,,,,,,,,,,
TAMAN PURA (Underwater Temple Garden),Artificial Reef,Indonesia,,,,,,,,,,,,,,,,,,,,,,,,,,,,,,
PURA TEMBOK (Temple Wall),Wall,Indonesia,,,,,,,,,,,,,,,,,,,,,,,,,,,,,,
Peti Slopes,Slope,Indonesia,,,,,,,,,,,,,,,,,,,,,,,,,,,,,,
Anchor Wreck,Wreck,Indonesia,,,,,,,,,,,,,,,,,,,,,,,,,,,,,,
Sandy Slopes,Slope,Indonesia,,,,,,,,,,,,,,,,,,,,,,,,,,,,,,
Temple Slopes,Slope,Indonesia,,,,,,,,,,,,,,,,,,,,,,,,,,,,,,
Bat Caves,Cave,Indonesia,,,,,,,,,,,,,,,,,,,,,,,,,,,,,,
Cave Point,Cave,Indonesia,,,,,,,,,,,,,,,,,,,,,,,,,,,,,,
Barefoot Manta Island,Geographical site,Fiji,,,,,,,,,,,,,,,,,,,,,,,,,,,,,,
South Sea Island,Geographical site,Fiji,,,,,,,,,,,,,,,,,,,,,,,,,,,,,,
Barefoot Kuata,Geographical site,Fiji,,,,,,,,,,,,,,,,,,,,,,,,,,,,,,
Sharks Alley,Geographical Site,Bahamas,,,,,,,,,,,,,,,,,,,,,,,,,,,,,,
Ann’s Paradise,Reef,Bahamas,,,,,,,,,,,,,,,,,,,,,,,,,,,,,,
Picasso Gallery,Reef,Bahamas,,,,,,,,,,,,,,,,,,,,,,,,,,,,,,
Theo's Wreck,Wreck,Bahamas,,,,,,,,,,,,,,,,,,,,,,,,,,,,,,
Gale's Grotto,Cave,Bahamas,,,,,,,,,,,,,,,,,,,,,,,,,,,,,,
Angels' Camp,Reef,Bahamas,,,,,,,,,,,,,,,,,,,,,,,,,,,,,,
Papa Doc Wreck,Wreck,Bahamas,,,,,,,,,,,,,,,,,,,,,,,,,,,,,,
Plate Reef,Reef,Bahamas,,,,,,,,,,,,,,,,,,,,,,,,,,,,,,
Ben's Blue Hole,Blue Hole,Bahamas,,,,,,,,,,,,,,,,,,,,,,,,,,,,,,
Lady of Lucaya,Wreck,Bahamas,,,,,,,,,,,,,,,,,,,,,,,,,,,,,,
Reef Caribe,Reef,Bahamas,,,,,,,,,,,,,,,,,,,,,,,,,,,,,,
Casa Estrella,Reef,Dominican Republic,,,,,,,,,,,,,,,,,,,,,,,,,,,,,,
Angulas Paradise,Reef,Dominican Republic,,,,,,,,,,,,,,,,,,,,,,,,,,,,,,
Catalina Garden,Reef,Dominican Republic,,,,,,,,,,,,,,,,,,,,,,,,,,,,,,
Parquera,Geographical Site,Dominican Republic,,,,,,,,,,,,,,,,,,,,,,,,,,,,,,
Canal Saona,Channel,Dominican Republic,,,,,,,,,,,,,,,,,,,,,,,,,,,,,,
El Faro,Geographical Site,Dominican Republic,,,,,,,,,,,,,,,,,,,,,,,,,,,,,,
Park II,Artificial Reef,Dominican Republic,,,,,,,,,,,,,,,,,,,,,,,,,,,,,,
Dominicus Reef,Reef,Dominican Republic,,,,,,,,,,,,,,,,,,,,,,,,,,,,,,
El Bajon,Seamount,Dominican Republic,,,,,,,,,,,,,,,,,,,,,,,,,,,,,,
Marsa Assalaya,Geographical Site,Egypt,,,,,,,,,,,,,,,,,,,,,,,,,,,,,,
Marsa Egla,Geographical Site,Egypt,,,,,,,,,,,,,,,,,,,,,,,,,,,,,,
Marsa Gabal El Rossas,Geographical Site,Egypt,,,,,,,,,,,,,,,,,,,,,,,,,,,,,,
Marsa Tondoba,Geographical Site,Egypt,,,,,,,,,,,,,,,,,,,,,,,,,,,,,,
Marsa Samadai,Geographical Site,Egypt,,,,,,,,,,,,,,,,,,,,,,,,,,,,,,
Marsa El Fokery,Geographical Site,Egypt,,,,,,,,,,,,,,,,,,,,,,,,,,,,,,
Breaking Patches,Reef,Australia,,,,,,,,,,,,,,,,,,,,,,,,,,,,,,
Hastings Reef,Reef,Australia,,,,,,,,,,,,,,,,,,,,,,,,,,,,,,
Norman Reef,Reef,Australia,,,,,,,,,,,,,,,,,,,,,,,,,,,,,,
Saxon Reef,Reef,Australia,,,,,,,,,,,,,,,,,,,,,,,,,,,,,,
Jorgensen Patch,Reef,Australia,,,,,,,,,,,,,,,,,,,,,,,,,,,,,,
Three Fathom Wall,Wall,Cayman Islands,,,,,,,,,,,,,,,,,,,,,,,,,,,,,,
Sarah’s Set,Reef,Cayman Islands,,,,,,,,,,,,,,,,,,,,,,,,,,,,,,
Bus Stop,Reef,Cayman Islands,,,,,,,,,,,,,,,,,,,,,,,,,,,,,,
Cumber’s Caves,Cave,Cayman Islands,,,,,,,,,,,,,,,,,,,,,,,,,,,,,,
Jackson’s Reef,Reef,Cayman Islands,,,,,,,,,,,,,,,,,,,,,,,,,,,,,,
The Meadows,Reef,Cayman Islands,,,,,,,,,,,,,,,,,,,,,,,,,,,,,,
Mike’s Mountain,Pinnacle,Cayman Islands,,,,,,,,,,,,,,,,,,,,,,,,,,,,,,
Nancy’s Cup of Tea,Reef,Cayman Islands,,,,,,,,,,,,,,,,,,,,,,,,,,,,,,
Jackson Point,Drop-Off,Cayman Islands,,,,,,,,,,,,,,,,,,,,,,,,,,,,,,
Point O’ Sand,Reef,Cayman Islands,,,,,,,,,,,,,,,,,,,,,,,,,,,,,,
Owen Island,Reef,Cayman Islands,,,,,,,,,,,,,,,,,,,,,,,,,,,,,,
Preston Bay,Reef,Cayman Islands,,,,,,,,,,,,,,,,,,,,,,,,,,,,,,
Marilyn’s Cut,Channel,Cayman Islands,,,,,,,,,,,,,,,,,,,,,,,,,,,,,,
Paradise Plunge,Drop-Off,Cayman Islands,,,,,,,,,,,,,,,,,,,,,,,,,,,,,,
McCoy’s Wall,Wall,Cayman Islands,,,,,,,,,,,,,,,,,,,,,,,,,,,,,,
Lighthouse Wall,Wall,Cayman Islands,,,,,,,,,,,,,,,,,,,,,,,,,,,,,,
Patty’s Place,Reef,Cayman Islands,,,,,,,,,,,,,,,,,,,,,,,,,,,,,,
West Point,Wall,Cayman Islands,,,,,,,,,,,,,,,,,,,,,,,,,,,,,,
Gay’s Reef,Reef,Cayman Islands,,,,,,,,,,,,,,,,,,,,,,,,,,,,,,
Windsock Reef,Reef,Cayman Islands,,,,,,,,,,,,,,,,,,,,,,,,,,,,,,
Grundy’s Gardens,Reef,Cayman Islands,,,,,,,,,,,,,,,,,,,,,,,,,,,,,,
Soto Trader,Wreck,Cayman Islands,,,,,,,,,,,,,,,,,,,,,,,,,,,,,,
Divers Delight,Reef,Cayman Islands,,,,,,,,,,,,,,,,,,,,,,,,,,,,,,
Splitsville,Channel,Cayman Islands,,,,,,,,,,,,,,,,,,,,,,,,,,,,,,
Disneyland,Reef,Cayman Islands,,,,,,,,,,,,,,,,,,,,,,,,,,,,,,
Coral City,Reef,Cayman Islands,,,,,,,,,,,,,,,,,,,,,,,,,,,,,,
Rock Bottom Wall,Wall,Cayman Islands,,,,,,,,,,,,,,,,,,,,,,,,,,,,,,
Snap Shot,Reef,Cayman Islands,,,,,,,,,,,,,,,,,,,,,,,,,,,,,,
The Bluff,Wall,Cayman Islands,,,,,,,,,,,,,,,,,,,,,,,,,,,,,,
Cascades,Wall,Cayman Islands,,,,,,,,,,,,,,,,,,,,,,,,,,,,,,
Blacktip Blvd,Channel,Cayman Islands,,,,,,,,,,,,,,,,,,,,,,,,,,,,,,
Paul’s Anchors,Reef,Cayman Islands,,,,,,,,,,,,,,,,,,,,,,,,,,,,,,
Crystal Palace Wall,Wall,Cayman Islands,,,,,,,,,,,,,,,,,,,,,,,,,,,,,,
Booby Pass,Channel,Cayman Islands,,,,,,,,,,,,,,,,,,,,,,,,,,,,,,
Penguin’s Leap,Drop-Off,Cayman Islands,,,,,,,,,,,,,,,,,,,,,,,,,,,,,,
Sailfin Reef,Reef,Cayman Islands,,,,,,,,,,,,,,,,,,,,,,,,,,,,,,
Blacktip Tunnels,Cave,Cayman Islands,,,,,,,,,,,,,,,,,,,,,,,,,,,,,,
Lucas’s Ledges,Ledge,Cayman Islands,,,,,,,,,,,,,,,,,,,,,,,,,,,,,,
Rockhouse Wall,Wall,Cayman Islands,,,,,,,,,,,,,,,,,,,,,,,,,,,,,,
Donna’s Delight,Reef,Cayman Islands,,,,,,,,,,,,,,,,,,,,,,,,,,,,,,
Barracuda Bite,Reef,Cayman Islands,,,,,,,,,,,,,,,,,,,,,,,,,,,,,,
Coconut Wall,Wall,Cayman Islands,,,,,,,,,,,,,,,,,,,,,,,,,,,,,,
Joy’s Joy,Reef,Cayman Islands,,,,,,,,,,,,,,,,,,,,,,,,,,,,,,
Jigsaw Puzzle,Reef,Cayman Islands,,,,,,,,,,,,,,,,,,,,,,,,,,,,,,
Fisheye Fantasy,Reef,Cayman Islands,,,,,,,,,,,,,,,,,,,,,,,,,,,,,,
Bush Gardens,Reef,Cayman Islands,,,,,,,,,,,,,,,,,,,,,,,,,,,,,,
Salt Rocks,Reef,Cayman Islands,,,,,,,,,,,,,,,,,,,,,,,,,,,,,,
Richard’s Reef,Reef,Cayman Islands,,,,,,,,,,,,,,,,,,,,,,,,,,,,,,
Dynamite Drop-Off,Drop-Off,Cayman Islands,,,,,,,,,,,,,,,,,,,,,,,,,,,,,,
Charlie’s Chimney,Chimney,Cayman Islands,,,,,,,,,,,,,,,,,,,,,,,,,,,,,,
Pirate’s Point Reef,Reef,Cayman Islands,,,,,,,,,,,,,,,,,,,,,,,,,,,,,,
Black Hole,Cave,Cayman Islands,,,,,,,,,,,,,,,,,,,,,,,,,,,,,,
Harold’s Hole,Cave,Cayman Island,,,,,,,,,,,,,,,,,,,,,,,,,,,,,,
Mashraba,Geographical Site,Egypt,,,,,,,,,,,,,,,,,,,,,,,,,,,,,,
Eel Garden,Geographical Site,Egypt,,,,,,,,,,,,,,,,,,,,,,,,,,,,,,
Marsa Shagra House Reef,House Reef,Egypt,,,,,,,,,,,,,,,,,,,,,,,,,,,,,,
Marsa Nakari House Reef,House Reef,Egypt,,,,,,,,,,,,,,,,,,,,,,,,,,,,,,
Marsa Assalai,Reef,Egypt,,,,,,,,,,,,,,,,,,,,,,,,,,,,,,
Long Canyon,Canyon,Egypt,,,,,,,,,,,,,,,,,,,,,,,,,,,,,,
Om Halhala,Reef,Egypt,,,,,,,,,,,,,,,,,,,,,,,,,,,,,,
Shaab Nakari,Reef,Egypt,,,,,,,,,,,,,,,,,,,,,,,,,,,,,,
Ras Samadai,Reef,Egypt,,,,,,,,,,,,,,,,,,,,,,,,,,,,,,
Habili Nakari,Seamount,Egypt,,,,,,,,,,,,,,,,,,,,,,,,,,,,,,
Ras Tondoba,Reef,Egypt,,,,,,,,,,,,,,,,,,,,,,,,,,,,,,
Habili Dori,Seamount,Egypt,,,,,,,,,,,,,,,,,,,,,,,,,,,,,,
Habili El Ghadeer,Seamount,Egypt,,,,,,,,,,,,,,,,,,,,,,,,,,,,,,
Shaab Sharm,Reef,Egypt,,,,,,,,,,,,,,,,,,,,,,,,,,,,,,
Nakari's Om Halhala,Reef,Egypt,,,,,,,,,,,,,,,,,,,,,,,,,,,,,,
Big Dory,Reef,Egypt,,,,,,,,,,,,,,,,,,,,,,,,,,,,,,
Outer Range Excursion,Geographical Site,Egypt,,,,,,,,,,,,,,,,,,,,,,,,,,,,,,
South Garden,Reef,Egypt,,,,,,,,,,,,,,,,,,,,,,,,,,,,,,
Erg El Ghadeer,Reef,Egypt,,,,,,,,,,,,,,,,,,,,,,,,,,,,,,
Ras Bonny,Reef,Egypt,,,,,,,,,,,,,,,,,,,,,,,,,,,,,,
Habili Gazella,Seamount,Egypt,,,,,,,,,,,,,,,,,,,,,,,,,,,,,,
Torfa House Reef,House Reef,Egypt,,,,,,,,,,,,,,,,,,,,,,,,,,,,,,
Habili Daisy,Seamount,Egypt,,,,,,,,,,,,,,,,,,,,,,,,,,,,,,
Shabrour South,Reef,Egypt,,,,,,,,,,,,,,,,,,,,,,,,,,,,,,
Lahami North,Reef,Egypt,,,,,,,,,,,,,,,,,,,,,,,,,,,,,,
Lahami South,Reef,Egypt,,,,,,,,,,,,,,,,,,,,,,,,,,,,,,
Habili Bells,Seamount,Egypt,,,,,,,,,,,,,,,,,,,,,,,,,,,,,,
Abu Galawa,Reef,Egypt,,,,,,,,,,,,,,,,,,,,,,,,,,,,,,
Habili Dominique,Seamount,Egypt,,,,,,,,,,,,,,,,,,,,,,,,,,,,,,
Shaab Iny,Reef,Egypt,,,,,,,,,,,,,,,,,,,,,,,,,,,,,,
Shaab Mini,Reef,Egypt,,,,,,,,,,,,,,,,,,,,,,,,,,,,,,
Bloemen,Reef,Egypt,,,,,,,,,,,,,,,,,,,,,,,,,,,,,,
Shaab Claudia,Reef,Egypt,,,,,,,,,,,,,,,,,,,,,,,,,,,,,,
Iron Garden,Reef,Egypt,,,,,,,,,,,,,,,,,,,,,,,,,,,,,,
Maksour,Reef,Egypt,,,,,,,,,,,,,,,,,,,,,,,,,,,,,,
Satayah Dolphin Reef,Reef,Egypt,,,,,,,,,,,,,,,,,,,,,,,,,,,,,,
Shaab Angel,Reef,Egypt,,,,,,,,,,,,,,,,,,,,,,,,,,,,,,
Marsa Bareika,Geographical Site,Egypt,,,,,,,,,,,,,,,,,,,,,,,,,,,,,,
Ras Ghazlani,Geographical Site,Egypt,,,,,,,,,,,,,,,,,,,,,,,,,,,,,,
Ras Nasrani,Geographical Site,Egypt,,,,,,,,,,,,,,,,,,,,,,,,,,,,,,
Grand Cayman,Geographical Site,Cayman Islands,,,,,,,,,,,,,,,,,,,,,,,,,,,,,,
“Hammerhead” Shark Point,Geographical Site,Maldives,,,,,,,,,,,,,,,,,,,,,,,,,,,,,,
Rasdhoo Channel,Geographical Site,Maldives,,,,,,,,,,,,,,,,,,,,,,,,,,,,,,
North Channel,Geographical Site,Maldives,,,,,,,,,,,,,,,,,,,,,,,,,,,,,,
Rasdhoo,Geographical Site,Maldives,,,,,,,,,,,,,,,,,,,,,,,,,,,,,,
Fan Reef,Geographical Site,Maldives,,,,,,,,,,,,,,,,,,,,,,,,,,,,,,
Boduga,Geographical Site,Maldives,,,,,,,,,,,,,,,,,,,,,,,,,,,,,,
Kakatua Reef,Reef,Indonesia,,,,,,,,,,,,,,,,,,,,,,,,,,,,,,
Urai,Reef,Indonesia,,,,,,,,,,,,,,,,,,,,,,,,,,,,,,
Arborek,Reef,Indonesia,,,,,,,,,,,,,,,,,,,,,,,,,,,,,,
Mayunep,Reef,Indonesia,,,,,,,,,,,,,,,,,,,,,,,,,,,,,,
Lalosi,Reef,Indonesia,,,,,,,,,,,,,,,,,,,,,,,,,,,,,,
West Mansuar,Reef,Indonesia,,,,,,,,,,,,,,,,,,,,,,,,,,,,,,
Kabui,Channel,Indonesia,,,,,,,,,,,,,,,,,,,,,,,,,,,,,,
Batu Lima,Reef,Indonesia,,,,,,,,,,,,,,,,,,,,,,,,,,,,,,
Andrea's Point,Reef,Indonesia,,,,,,,,,,,,,,,,,,,,,,,,,,,,,,
Francisco,Reef,Indonesia,,,,,,,,,,,,,,,,,,,,,,,,,,,,,,
Friwen Garden,Reef,Indonesia,,,,,,,,,,,,,,,,,,,,,,,,,,,,,,
Friwen Wall,Wall,Indonesia,,,,,,,,,,,,,,,,,,,,,,,,,,,,,,
Friwen Laut,Reef,Indonesia,,,,,,,,,,,,,,,,,,,,,,,,,,,,,,
Mioskun,Reef,Indonesia,,,,,,,,,,,,,,,,,,,,,,,,,,,,,,
Lao Lao,Reef,Indonesia,,,,,,,,,,,,,,,,,,,,,,,,,,,,,,
Mike's Point,Reef,Indonesia,,,,,,,,,,,,,,,,,,,,,,,,,,,,,,
Ot Di Ma,Reef,Indonesia,,,,,,,,,,,,,,,,,,,,,,,,,,,,,,
Sardines Reef,Reef,Indonesia,,,,,,,,,,,,,,,,,,,,,,,,,,,,,,
Chicken Reef,Reef,Indonesia,,,,,,,,,,,,,,,,,,,,,,,,,,,,,,
Cross Over,Channel,Indonesia,,,,,,,,,,,,,,,,,,,,,,,,,,,,,,
Ransiwor,Reef,Indonesia,,,,,,,,,,,,,,,,,,,,,,,,,,,,,,
Koh,Reef,Indonesia,,,,,,,,,,,,,,,,,,,,,,,,,,,,,,
Elbow Reef,Reef,United States,,,,,,,,,,,,,,,,,,,,,,,,,,,,,,
Mike's Wreck,Wreck,United States,,,,,,,,,,,,,,,,,,,,,,,,,,,,,,
Train Wreck,Wreck,United States,,,,,,,,,,,,,,,,,,,,,,,,,,,,,,
The Fingers,Reef,United States,,,,,,,,,,,,,,,,,,,,,,,,,,,,,,
Undersea Highway,Reef,United States,,,,,,,,,,,,,,,,,,,,,,,,,,,,,,
South Lodges,Ledge,United States,,,,,,,,,,,,,,,,,,,,,,,,,,,,,,
Key Largo Northern Dry Rocks,Reef,United States,,,,,,,,,,,,,,,,,,,,,,,,,,,,,,
The Horseshoe,Reef,United States,,,,,,,,,,,,,,,,,,,,,,,,,,,,,,
Double North,Reef,United States,,,,,,,,,,,,,,,,,,,,,,,,,,,,,,
Minnow Caves,Cave,United States,,,,,,,,,,,,,,,,,,,,,,,,,,,,,,
North Dry Rocks,Reef,United States,,,,,,,,,,,,,,,,,,,,,,,,,,,,,,
Christ of the Abyss & Grecian Rocks,Reef,United States,,,,,,,,,,,,,,,,,,,,,,,,,,,,,,
Grecian Shallows,Shallows,United States,,,,,,,,,,,,,,,,,,,,,,,,,,,,,,
Banana Patch,Reef,United States,,,,,,,,,,,,,,,,,,,,,,,,,,,,,,
Spiegel Grove,Wreck,United States,,,,,,,,,,,,,,,,,,,,,,,,,,,,,,
French Reef,Reef,United States,,,,,,,,,,,,,,,,,,,,,,,,,,,,,,
Turtle Ledges,Ledge,United States,,,,,,,,,,,,,,,,,,,,,,,,,,,,,,
French Twist,Reef,United States,,,,,,,,,,,,,,,,,,,,,,,,,,,,,,
Woody's,Reef,United States,,,,,,,,,,,,,,,,,,,,,,,,,,,,,,
Christmas Tree Cave,Cave,United States,,,,,,,,,,,,,,,,,,,,,,,,,,,,,,
Hardbottom Cave,Cave,United States,,,,,,,,,,,,,,,,,,,,,,,,,,,,,,
Sand Bottom Cave,Cave,United States,,,,,,,,,,,,,,,,,,,,,,,,,,,,,,
The Amphitheater,Reef,United States,,,,,,,,,,,,,,,,,,,,,,,,,,,,,,
French Deep,Reef,United States,,,,,,,,,,,,,,,,,,,,,,,,,,,,,,
Out of Bounds,Reef,United States,,,,,,,,,,,,,,,,,,,,,,,,,,,,,,
Molasses Reef,Reef,United States,,,,,,,,,,,,,,,,,,,,,,,,,,,,,,
Winch Hole,Cave,United States,,,,,,,,,,,,,,,,,,,,,,,,,,,,,,
Molasses Deep North,Reef,United States,,,,,,,,,,,,,,,,,,,,,,,,,,,,,,
Molasses Deep South,Reef,United States,,,,,,,,,,,,,,,,,,,,,,,,,,,,,,
Fire Coral Cave,Cave,United States,,,,,,,,,,,,,,,,,,,,,,,,,,,,,,
Permit Ledges,Ledge,United States,,,,,,,,,,,,,,,,,,,,,,,,,,,,,,
USCG Bibb,Wreck,United States,,,,,,,,,,,,,,,,,,,,,,,,,,,,,,
USCG Duane,Wreck,United States,,,,,,,,,,,,,,,,,,,,,,,,,,,,,,
Pickles Reef,Reef,United States,,,,,,,,,,,,,,,,,,,,,,,,,,,,,,
Pickle Barrel Wreck,Wreck,United States,,,,,,,,,,,,,,,,,,,,,,,,,,,,,,
Pickles Main,Reef,United States,,,,,,,,,,,,,,,,,,,,,,,,,,,,,,
Pickles South,Reef,United States,,,,,,,,,,,,,,,,,,,,,,,,,,,,,,
Conch Reef and Wall,Wall,United States,,,,,,,,,,,,,,,,,,,,,,,,,,,,,,
Conch Pillars,Reef,United States,,,,,,,,,,,,,,,,,,,,,,,,,,,,,,
Conch Horseshoe,Reef,United States,,,,,,,,,,,,,,,,,,,,,,,,,,,,,,
PT's Ledge,Ledge,United States,,,,,,,,,,,,,,,,,,,,,,,,,,,,,,
Sand Island,Reef,United States,,,,,,,,,,,,,,,,,,,,,,,,,,,,,,
Heaven's Door,Reef,Fiji,,,,,,,,,,,,,,,,,,,,,,,,,,,,,,
Fisherman's Rock,Reef,Fiji,,,,,,,,,,,,,,,,,,,,,,,,,,,,,,
Fantasy Dome,Reef,Fiji,,,,,,,,,,,,,,,,,,,,,,,,,,,,,,
Neptune's Rhapsody,Reef,Fiji,,,,,,,,,,,,,,,,,,,,,,,,,,,,,,
Golden Crown,Reef,Fiji,,,,,,,,,,,,,,,,,,,,,,,,,,,,,,
Mani's Reef,Reef,Fiji,,,,,,,,,,,,,,,,,,,,,,,,,,,,,,
Golden Dreams,Reef,Fiji,,,,,,,,,,,,,,,,,,,,,,,,,,,,,,
Breath Taker,Reef,Fiji,,,,,,,,,,,,,,,,,,,,,,,,,,,,,,
Dream Maker,Reef,Fiji,,,,,,,,,,,,,,,,,,,,,,,,,,,,,,
Bula Maker,Reef,Fiji,,,,,,,,,,,,,,,,,,,,,,,,,,,,,,
Arches,Reef,Fiji,,,,,,,,,,,,,,,,,,,,,,,,,,,,,,
The Wedding Chapel,Reef,Fiji,,,,,,,,,,,,,,,,,,,,,,,,,,,,,,
Cannibal Caves,Cave,Fiji,,,,,,,,,,,,,,,,,,,,,,,,,,,,,,
Ovalau,Wreck,Fiji,,,,,,,,,,,,,,,,,,,,,,,,,,,,,,
Bat Reef,Reef,Fiji,,,,,,,,,,,,,,,,,,,,,,,,,,,,,,
Las World,Reef,Fiji,,,,,,,,,,,,,,,,,,,,,,,,,,,,,,
Argentina,Reef,Fiji,,,,,,,,,,,,,,,,,,,,,,,,,,,,,,
Chile,Reef,Fiji,,,,,,,,,,,,,,,,,,,,,,,,,,,,,,
Wheatfields,Reef,Fiji,,,,,,,,,,,,,,,,,,,,,,,,,,,,,,
Heartbreak Ridge,Reef,Fiji,,,,,,,,,,,,,,,,,,,,,,,,,,,,,,
Vatu Express,Reef,Fiji,,,,,,,,,,,,,,,,,,,,,,,,,,,,,,
Pandora's Box,Reef,Fiji,,,,,,,,,,,,,,,,,,,,,,,,,,,,,,
Black Magic Mountain,Pinnacle,Fiji,,,,,,,,,,,,,,,,,,,,,,,,,,,,,,
Instant Replay,Reef,Fiji,,,,,,,,,,,,,,,,,,,,,,,,,,,,,,
Pure Magic,Reef,Fiji,,,,,,,,,,,,,,,,,,,,,,,,,,,,,,
Mellow Yellow,Reef,Fiji,,,,,,,,,,,,,,,,,,,,,,,,,,,,,,
Mary's Maytag,Reef,Fiji,,,,,,,,,,,,,,,,,,,,,,,,,,,,,,
G-6,Reef,Fiji,,,,,,,,,,,,,,,,,,,,,,,,,,,,,,
Purple Haze,Reef,Fiji,,,,,,,,,,,,,,,,,,,,,,,,,,,,,,
Nasi Yalodina,Wreck,Fiji,,,,,,,,,,,,,,,,,,,,,,,,,,,,,,
Mount Mutiny,Reef,Fiji,,,,,,,,,,,,,,,,,,,,,,,,,,,,,,
Cathedrals,Reef,Fiji,,,,,,,,,,,,,,,,,,,,,,,,,,,,,,
E-6,Reef,Fiji,,,,,,,,,,,,,,,,,,,,,,,,,,,,,,
Lata's Home,Reef,Fiji,,,,,,,,,,,,,,,,,,,,,,,,,,,,,,
Dragon's Tale,Reef,Fiji,,,,,,,,,,,,,,,,,,,,,,,,,,,,,,
Disney Land,Reef,Fiji,,,,,,,,,,,,,,,,,,,,,,,,,,,,,,
Papuan Explorer,Reef,Fiji,,,,,,,,,,,,,,,,,,,,,,,,,,,,,,
ANZAC,Reef,Fiji,,,,,,,,,,,,,,,,,,,,,,,,,,,,,,
Lost World,Reef,Fiji,,,,,,,,,,,,,,,,,,,,,,,,,,,,,,
Why Not,Reef,Fiji,,,,,,,,,,,,,,,,,,,,,,,,,,,,,,
The Banana Tree,Wreck,France,,,,,,,,,,,,,,,,,,,,,,,,,,,,,,
L'Astree,Wreck,France,,,,,,,,,,,,,,,,,,,,,,,,,,,,,,
Saumur,Wreck,France,,,,,,,,,,,,,,,,,,,,,,,,,,,,,,
The Saint Lucian,Wreck,France,,,,,,,,,,,,,,,,,,,,,,,,,,,,,,
Cape Creus,Geographical Site,Spain,,,,,,,,,,,,,,,,,,,,,,,,,,,,,,
Key Largo,Geographical Site,USA,,,,,,,,,,,,,,,,,,,,,,,,,,,,,,
Tres Trapi,Geographical Site,Aruba,,,,,,,,,,,,,,,,,,,,,,,,,,,,,,
Tugboat,Wreck,Aruba,,,,,,,,,,,,,,,,,,,,,,,,,,,,,,
Airplanes,Wreck,Aruba,,,,,,,,,,,,,,,,,,,,,,,,,,,,,,
Kappel,Wreck,Aruba,,,,,,,,,,,,,,,,,,,,,,,,,,,,,,
Bali Barge,Wreck,Aruba,,,,,,,,,,,,,,,,,,,,,,,,,,,,,,
Topaz,Wreck,Aruba,,,,,,,,,,,,,,,,,,,,,,,,,,,,,,
Morningstar,Wreck,Aruba,,,,,,,,,,,,,,,,,,,,,,,,,,,,,,
Mi Dushi,Wreck,Aruba,,,,,,,,,,,,,,,,,,,,,,,,,,,,,,
Singer Island Mitigation Reefs,Reef,United States,,,,,,,,,,,,,,,,,,,,,,,,,,,,,,
Ocean Reef Park,Geographical Site,United States,,,,,,,,,,,,,,,,,,,,,,,,,,,,,,
Palm Beach Vicinity,Geographical Site,United States,,,,,,,,,,,,,,,,,,,,,,,,,,,,,,
Breaker’s Reef,Reef,United States,,,,,,,,,,,,,,,,,,,,,,,,,,,,,,
North and South Turtle Mounds,Reef,United States,,,,,,,,,,,,,,,,,,,,,,,,,,,,,,
The Statue,Artificial Reef,United States,,,,,,,,,,,,,,,,,,,,,,,,,,,,,,
Fourth Windows,Ledge,United States,,,,,,,,,,,,,,,,,,,,,,,,,,,,,,
Elevator Shaft,Ledge,United States,,,,,,,,,,,,,,,,,,,,,,,,,,,,,,
Dive-O-Rama,Reef,United States,,,,,,,,,,,,,,,,,,,,,,,,,,,,,,
Moray Alley,Trench,United States,,,,,,,,,,,,,,,,,,,,,,,,,,,,,,
South Flower Gardens,Reef,United States,,,,,,,,,,,,,,,,,,,,,,,,,,,,,,
Teardrop and Ron’s Rock,Reef,United States,,,,,,,,,,,,,,,,,,,,,,,,,,,,,,
Bath and Tennis,Reef,United States,,,,,,,,,,,,,,,,,,,,,,,,,,,,,,
Paul’s Reef,Reef,United States,,,,,,,,,,,,,,,,,,,,,,,,,,,,,,
Playpen,Reef,United States,,,,,,,,,,,,,,,,,,,,,,,,,,,,,,
60’ Rock Piles,Reef,United States,,,,,,,,,,,,,,,,,,,,,,,,,,,,,,
Juno Ledge,Ledge,United States,,,,,,,,,,,,,,,,,,,,,,,,,,,,,,
Northwest Double Ledges,Ledge,United States,,,,,,,,,,,,,,,,,,,,,,,,,,,,,,
Jolly Jacks,Reef,United States,,,,,,,,,,,,,,,,,,,,,,,,,,,,,,
North Double Ledges,Ledge,United States,,,,,,,,,,,,,,,,,,,,,,,,,,,,,,
South Double Ledges,Ledge,United States,,,,,,,,,,,,,,,,,,,,,,,,,,,,,,
Cable Crossing,Geographical Site,United States,,,,,,,,,,,,,,,,,,,,,,,,,,,,,,
Lopadas,Reef,United States,,,,,,,,,,,,,,,,,,,,,,,,,,,,,,
King Neptune Statue,Artificial Reef,United States,,,,,,,,,,,,,,,,,,,,,,,,,,,,,,
Teardrop,Reef,United States,,,,,,,,,,,,,,,,,,,,,,,,,,,,,,
The Danny,Wreck,United States,,,,,,,,,,,,,,,,,,,,,,,,,,,,,,
Governor’s Riverwalk,Geographical Site,United States,,,,,,,,,,,,,,,,,,,,,,,,,,,,,,
Princess Anne,Wreck,United States,,,,,,,,,,,,,,,,,,,,,,,,,,,,,,
Edsvag,Wreck,United States,,,,,,,,,,,,,,,,,,,,,,,,,,,,,,
Spearman’s Barge,Wreck,United States,,,,,,,,,,,,,,,,,,,,,,,,,,,,,,
Toybox and Playpen,Reef,United States,,,,,,,,,,,,,,,,,,,,,,,,,,,,,,
Ballentine’s,Reef,United States,,,,,,,,,,,,,,,,,,,,,,,,,,,,,,
Pink House,Reef,United States,,,,,,,,,,,,,,,,,,,,,,,,,,,,,,
Quimixto,Geographical Site,Mexico,,,,,,,,,,,,,,,,,,,,,,,,,,,,,,
Yelapa,Geographical Site,Mexico,,,,,,,,,,,,,,,,,,,,,,,,,,,,,,
Scoglio Penna,Reef,Italy,,,,,,,,,,,,,,,,,,,,,,,,,,,,,,
Grotta dello Zaffiro,Cave,Italy,,,,,,,,,,,,,,,,,,,,,,,,,,,,,,
Grotta Isca,Cave,Italy,,,,,,,,,,,,,,,,,,,,,,,,,,,,,,
Vervece Rock,Reef,Italy,,,,,,,,,,,,,,,,,,,,,,,,,,,,,,
Punta Campanella,Geographical Site,Italy,,,,,,,,,,,,,,,,,,,,,,,,,,,,,,
Baptism of the Sea,Reef,Italy,,,,,,,,,,,,,,,,,,,,,,,,,,,,,,
The Alicia Mirabilis,Wreck,Italy,,,,,,,,,,,,,,,,,,,,,,,,,,,,,,
Bagni Regina Giovanna,Geographical Site,Italy,,,,,,,,,,,,,,,,,,,,,,,,,,,,,,
Santa Croce Bank,Reef,Italy,,,,,,,,,,,,,,,,,,,,,,,,,,,,,,
Baia di Ieranto,Reef,Italy,,,,,,,,,,,,,,,,,,,,,,,,,,,,,,
Cala di Mitigliano,Reef,Italy,,,,,,,,,,,,,,,,,,,,,,,,,,,,,,
Li Galli,Reef,Italy,,,,,,,,,,,,,,,,,,,,,,,,,,,,,,
Amalfi coast,Geographical Site,Italy,,,,,,,,,,,,,,,,,,,,,,,,,,,,,,
Faraglioni rocks,Geographical Site,Italy,,,,,,,,,,,,,,,,,,,,,,,,,,,,,,
Punta Carena,Geographical Site,Italy,,,,,,,,,,,,,,,,,,,,,,,,,,,,,,
Gallo Lungo,Geographical Site,Italy,Galli Islands,,,,,,,,,,,,,,,,,,,,,,,,,,,,,
Rotonda,Geographical Site,Italy,Galli Islands,,,,,,,,,,,,,,,,,,,,,,,,,,,,,
Castelluccia,Geographical Site,Italy,Galli Islands,,,,,,,,,,,,,,,,,,,,,,,,,,,,,
Ninfeo di Claudio,Archaeological Site,Italy,,,,,,,,,,,,,,,,,,,,,,,,,,,,,,
Villa a Potiro,Archaeological Site,Italy,,,,,,,,,,,,,,,,,,,,,,,,,,,,,,
Terme di Lacus,Archaeological Site,Italy,,,,,,,,,,,,,,,,,,,,,,,,,,,,,,
Villa dei Pisone,Archaeological Site,Italy,,,,,,,,,,,,,,,,,,,,,,,,,,,,,,
Pilae dei Villa dei Pisoni,Archaeological Site,Italy,,,,,,,,,,,,,,,,,,,,,,,,,,,,,,
Portus Julius - Villa Repubblicana,Archaeological Site,Italy,,,,,,,,,,,,,,,,,,,,,,,,,,,,,,
Portus Julius - Via delle Colonne,Archaeological Site,Italy,,,,,,,,,,,,,,,,,,,,,,,,,,,,,,
Secca delle Fumose,Reef,Italy,,,,,,,,,,,,,,,,,,,,,,,,,,,,,,
Turtle Cave,Cave,Malaysia,,,,,,,,,,,,,,,,,,,,,,,,,,,,,,
West Ridge,Ridge,Malaysia,,,,,,,,,,,,,,,,,,,,,,,,,,,,,,
White-Tip Avenue,Reef,Malaysia,,,,,,,,,,,,,,,,,,,,,,,,,,,,,,
Hanging Garden,Garden,Malaysia,,,,,,,,,,,,,,,,,,,,,,,,,,,,,,
Mid Reef,Reef,Malaysia,,,,,,,,,,,,,,,,,,,,,,,,,,,,,,
Lobster Lair,Cave,Malaysia,,,,,,,,,,,,,,,,,,,,,,,,,,,,,,
Staghorn Crest,Reef,Malaysia,,,,,,,,,,,,,,,,,,,,,,,,,,,,,,
Nudi Point,Point,Malaysia,,,,,,,,,,,,,,,,,,,,,,,,,,,,,,
Yellow Garden,Garden,Malaysia,,,,,,,,,,,,,,,,,,,,,,,,,,,,,,
Tino's Paradise,Reef,Malaysia,,,,,,,,,,,,,,,,,,,,,,,,,,,,,,
Froggies,Reef,Malaysia,,,,,,,,,,,,,,,,,,,,,,,,,,,,,,
Sea Ventures,Wreck,Malaysia,,,,,,,,,,,,,,,,,,,,,,,,,,,,,,
SWV,Platform,Malaysia,,,,,,,,,,,,,,,,,,,,,,,,,,,,,,
Artificial Reef,Artificial Reef,Malaysia,,,,,,,,,,,,,,,,,,,,,,,,,,,,,,
Trunk Garden,Garden,Malaysia,,,,,,,,,,,,,,,,,,,,,,,,,,,,,,
Coral Hills,Reef,Malaysia,,,,,,,,,,,,,,,,,,,,,,,,,,,,,,
Navy Marker,Marker,Malaysia,,,,,,,,,,,,,,,,,,,,,,,,,,,,,,
Panglima Reef,Reef,Malaysia,,,,,,,,,,,,,,,,,,,,,,,,,,,,,,
Night Point,Point,Malaysia,,,,,,,,,,,,,,,,,,,,,,,,,,,,,,
Crazy Channel,Channel,Malaysia,,,,,,,,,,,,,,,,,,,,,,,,,,,,,,
Lobster Wall,Wall,Malaysia,,,,,,,,,,,,,,,,,,,,,,,,,,,,,,
Stingray City,Reef,Malaysia,,,,,,,,,,,,,,,,,,,,,,,,,,,,,,
Ribbon Valley,Valley,Malaysia,,,,,,,,,,,,,,,,,,,,,,,,,,,,,,
Awas,Reef,Malaysia,,,,,,,,,,,,,,,,,,,,,,,,,,,,,,
Kets Goby Land,Reef,Malaysia,,,,,,,,,,,,,,,,,,,,,,,,,,,,,,
Nudi Branchia,Garden,Malaysia,,,,,,,,,,,,,,,,,,,,,,,,,,,,,,
Lonely Reef,Reef,Malaysia,,,,,,,,,,,,,,,,,,,,,,,,,,,,,,
Twin Reef,Reef,Malaysia,,,,,,,,,,,,,,,,,,,,,,,,,,,,,,
Twin Peak,Pinnacle,Malaysia,,,,,,,,,,,,,,,,,,,,,,,,,,,,,,
Mantis Ground,Reef,Malaysia,,,,,,,,,,,,,,,,,,,,,,,,,,,,,,
Maid Reef,Reef,Malaysia,,,,,,,,,,,,,,,,,,,,,,,,,,,,,,
Ken's Reef,Reef,Malaysia,,,,,,,,,,,,,,,,,,,,,,,,,,,,,,
Mandarin Garden,Garden,Malaysia,,,,,,,,,,,,,,,,,,,,,,,,,,,,,,
Lobster Rock,Rock,Malaysia,,,,,,,,,,,,,,,,,,,,,,,,,,,,,,
Cleaning Station,Cleaning Station,Malaysia,,,,,,,,,,,,,,,,,,,,,,,,,,,,,,
Gurnard Ground,Reef,Malaysia,,,,,,,,,,,,,,,,,,,,,,,,,,,,,,
Little Okinava,Reef,Malaysia,,,,,,,,,,,,,,,,,,,,,,,,,,,,,,
Black Ray Channel,Channel,Malaysia,,,,,,,,,,,,,,,,,,,,,,,,,,,,,,
Blue Spotted Garden,Garden,Malaysia,,,,,,,,,,,,,,,,,,,,,,,,,,,,,,
Kapalai Rock,Rock,Malaysia,,,,,,,,,,,,,,,,,,,,,,,,,,,,,,
Mimic Ground,Reef,Malaysia,,,,,,,,,,,,,,,,,,,,,,,,,,,,,,
Ray City,Reef,Malaysia,,,,,,,,,,,,,,,,,,,,,,,,,,,,,,
Treasure Chest,Reef,Malaysia,,,,,,,,,,,,,,,,,,,,,,,,,,,,,,
Meditation Wall,Wall,Malaysia,,,,,,,,,,,,,,,,,,,,,,,,,,,,,,
Police Jetty,Jetty,Malaysia,,,,,,,,,,,,,,,,,,,,,,,,,,,,,,
Manta Run,Channel,Indonesia,,,,,,,,,,,,,,,,,,,,,,,,,,,,,,
Manta Parade,Reef,Indonesia,,,,,,,,,,,,,,,,,,,,,,,,,,,,,,
Manta Avenue,Channel,Indonesia,,,,,,,,,,,,,,,,,,,,,,,,,,,,,,
Manta Mania,Reef,Indonesia,,,,,,,,,,,,,,,,,,,,,,,,,,,,,,
Eel Ridge,Ridge,Indonesia,,,,,,,,,,,,,,,,,,,,,,,,,,,,,,
Coral Heaven,Reef,Indonesia,,,,,,,,,,,,,,,,,,,,,,,,,,,,,,
Turtle Town,Reef,Indonesia,,,,,,,,,,,,,,,,,,,,,,,,,,,,,,
Jellyfish Lake,Lake,Indonesia,,,,,,,,,,,,,,,,,,,,,,,,,,,,,,
Sponge Bob,Reef,Indonesia,,,,,,,,,,,,,,,,,,,,,,,,,,,,,,
Drift,Channel,Indonesia,,,,,,,,,,,,,,,,,,,,,,,,,,,,,,
Kakabanana,Reef,Indonesia,,,,,,,,,,,,,,,,,,,,,,,,,,,,,,
Blue Light Cave,Cave,Indonesia,,,,,,,,,,,,,,,,,,,,,,,,,,,,,,
Pelatak Run,Channel,Indonesia,,,,,,,,,,,,,,,,,,,,,,,,,,,,,,
Old Pier,Pier,Indonesia,,,,,,,,,,,,,,,,,,,,,,,,,,,,,,
Trigger Wall,Wall,Indonesia,,,,,,,,,,,,,,,,,,,,,,,,,,,,,,
Ship Wreck,Wreck,Indonesia,,,,,,,,,,,,,,,,,,,,,,,,,,,,,,
Macro Mania,Geographical Site,Indonesia,,,,,,,,,,,,,,,,,,,,,,,,,,,,,,
Rabbit Fish City,Geographical Site,Indonesia,,,,,,,,,,,,,,,,,,,,,,,,,,,,,,
Snapper Point,Point,Indonesia,,,,,,,,,,,,,,,,,,,,,,,,,,,,,,
Light House,Geographical Site,Indonesia,,,,,,,,,,,,,,,,,,,,,,,,,,,,,,
Gorgonzola,Geographical Site,Indonesia,,,,,,,,,,,,,,,,,,,,,,,,,,,,,,
Turtle Parade,Geographical Site,Indonesia,,,,,,,,,,,,,,,,,,,,,,,,,,,,,,
East Wall,Wall,Indonesia,,,,,,,,,,,,,,,,,,,,,,,,,,,,,,
Fantasy Wall,Wall,Indonesia,,,,,,,,,,,,,,,,,,,,,,,,,,,,,,
Fusilier Paradise,Geographical Site,Indonesia,,,,,,,,,,,,,,,,,,,,,,,,,,,,,,
Last Sand,Geographical Site,Indonesia,,,,,,,,,,,,,,,,,,,,,,,,,,,,,,
Maratua Reef,Reef,Indonesia,,,,,,,,,,,,,,,,,,,,,,,,,,,,,,
Turtle Traffic,Geographical Site,Indonesia,,,,,,,,,,,,,,,,,,,,,,,,,,,,,,
Tanjung Keramat,Point,Indonesia,,,,,,,,,,,,,,,,,,,,,,,,,,,,,,
Batu Selatan,Geographical Site,Indonesia,,,,,,,,,,,,,,,,,,,,,,,,,,,,,,
Kota Kinabalu,,Malaysia,,,,,,,,,,,,,,,,,,,,,,,,,,,,,,
Mt. Sayang,Geographical Site,Malaysia,,,,,,,,,,,,,,,,,,,,,,,,,,,,,,
Agill Reef,Reef,Malaysia,,,,,,,,,,,,,,,,,,,,,,,,,,,,,,
Gaya Garden,Garden,Malaysia,,,,,,,,,,,,,,,,,,,,,,,,,,,,,,
Clement Reef,Reef,Malaysia,,,,,,,,,,,,,,,,,,,,,,,,,,,,,,
Ribbon Reef North,Reef,Malaysia,,,,,,,,,,,,,,,,,,,,,,,,,,,,,,
Ribbon Reef South,Reef,Malaysia,,,,,,,,,,,,,,,,,,,,,,,,,,,,,,
Extension,Geographical Site,Malaysia,,,,,,,,,,,,,,,,,,,,,,,,,,,,,,
Fan Corner,Corner,Malaysia,,,,,,,,,,,,,,,,,,,,,,,,,,,,,,
Wheel House,Geographical Site,Malaysia,,,,,,,,,,,,,,,,,,,,,,,,,,,,,,
Sapi Slope,Slope,Malaysia,,,,,,,,,,,,,,,,,,,,,,,,,,,,,,
Edgel Patch North,Reef,Malaysia,,,,,,,,,,,,,,,,,,,,,,,,,,,,,,
Edgel Patch South,Reef,Malaysia,,,,,,,,,,,,,,,,,,,,,,,,,,,,,,
Edgel Patch Small,Reef,Malaysia,,,,,,,,,,,,,,,,,,,,,,,,,,,,,,
Land Slide North,Geographical Site,Malaysia,,,,,,,,,,,,,,,,,,,,,,,,,,,,,,
Land Slide West,Geographical Site,Malaysia,,,,,,,,,,,,,,,,,,,,,,,,,,,,,,
Manukan Reef,Reef,Malaysia,,,,,,,,,,,,,,,,,,,,,,,,,,,,,,
South Sulug,Geographical Site,Malaysia,,,,,,,,,,,,,,,,,,,,,,,,,,,,,,
Bulidong Bay,Bay,Malaysia,,,,,,,,,,,,,,,,,,,,,,,,,,,,,,
Police Bay,Bay,Malaysia,,,,,,,,,,,,,,,,,,,,,,,,,,,,,,
Merangis Reef,Reef,Malaysia,,,,,,,,,,,,,,,,,,,,,,,,,,,,,,
Ev Garden,Garden,Malaysia,,,,,,,,,,,,,,,,,,,,,,,,,,,,,,
Sapi,Geographical Site,Malaysia,,,,,,,,,,,,,,,,,,,,,,,,,,,,,,
Turtle House,Geographical Site,Malaysia,,,,,,,,,,,,,,,,,,,,,,,,,,,,,,
Beach Reef,Reef,Malaysia,,,,,,,,,,,,,,,,,,,,,,,,,,,,,,
Sapi Reef,Reef,Malaysia,,,,,,,,,,,,,,,,,,,,,,,,,,,,,,
Nudi Garden,Garden,Malaysia,,,,,,,,,,,,,,,,,,,,,,,,,,,,,,
Ron's Reef,Reef,Malaysia,,,,,,,,,,,,,,,,,,,,,,,,,,,,,,
Gps Point,Point,Malaysia,,,,,,,,,,,,,,,,,,,,,,,,,,,,,,
Mangrove Corner,Corner,Malaysia,,,,,,,,,,,,,,,,,,,,,,,,,,,,,,
Manukan Slope,Slope,Malaysia,,,,,,,,,,,,,,,,,,,,,,,,,,,,,,
Manukan,Geographical Site,Malaysia,,,,,,,,,,,,,,,,,,,,,,,,,,,,,,
The Rock,Geographical Site,Malaysia,,,,,,,,,,,,,,,,,,,,,,,,,,,,,,
Midreef,Reef,Malaysia,,,,,,,,,,,,,,,,,,,,,,,,,,,,,,
Black Coral Reef,Reef,Malaysia,,,,,,,,,,,,,,,,,,,,,,,,,,,,,,
Midreef Wreck,Wreck,Malaysia,,,,,,,,,,,,,,,,,,,,,,,,,,,,,,
Mamutik North,Geographical Site,Malaysia,,,,,,,,,,,,,,,,,,,,,,,,,,,,,,
Mamutik,Geographical Site,Malaysia,,,,,,,,,,,,,,,,,,,,,,,,,,,,,,
Mamutik East,Geographical Site,Malaysia,,,,,,,,,,,,,,,,,,,,,,,,,,,,,,
The Tyres,Artificial Reef,Malaysia,,,,,,,,,,,,,,,,,,,,,,,,,,,,,,
Sulug,Geographical Site,Malaysia,,,,,,,,,,,,,,,,,,,,,,,,,,,,,,
South Reef,Reef,Malaysia,,,,,,,,,,,,,,,,,,,,,,,,,,,,,,
Sulug Reef,Reef,Malaysia,,,,,,,,,,,,,,,,,,,,,,,,,,,,,,
Gaya East Reef,Reef,Malaysia,,,,,,,,,,,,,,,,,,,,,,,,,,,,,,
Macro Corner,Corner,Malaysia,,,,,,,,,,,,,,,,,,,,,,,,,,,,,,
Padang Point,Point,Malaysia,,,,,,,,,,,,,,,,,,,,,,,,,,,,,,
Walton Beach,Beach,USA,,,,,,,,,,,,,,,,,,,,,,,,,,,,,,
Hurawalhi Island,Geographical Site,Maldives,,,,,,,,,,,,,,,,,,,,,,,,,,,,,,
Jawakara Islands,Geographical Site,Maldives,,,,,,,,,,,,,,,,,,,,,,,,,,,,,,
Kudadoo Private Island,Geographical Site,Maldives,,,,,,,,,,,,,,,,,,,,,,,,,,,,,,
Kuredu,Geographical Site,Maldives,,,,,,,,,,,,,,,,,,,,,,,,,,,,,,
Komandoo,Geographical Site,Maldives,,,,,,,,,,,,,,,,,,,,,,,,,,,,,,
Lily Beach,Beach,Maldives,,,,,,,,,,,,,,,,,,,,,,,,,,,,,,
Nala,Geographical Site,Maldives,,,,,,,,,,,,,,,,,,,,,,,,,,,,,,
Shy Shark Reef,Reef,South Africa,,,,,,,,,,,,,,,,,,,,,,,,,,,,,,
Phillips Reef,Reef,South Africa,,,,,,,,,,,,,,,,,,,,,,,,,,,,,,
White Sands,Geographical Site,South Africa,,,,,,,,,,,,,,,,,,,,,,,,,,,,,,
Haerlem Wreck,Wreck,South Africa,,,,,,,,,,,,,,,,,,,,,,,,,,,,,,
Roxy,Geographical Site,South Africa,,,,,,,,,,,,,,,,,,,,,,,,,,,,,,
Riy Banks,Bank,South Africa,,,,,,,,,,,,,,,,,,,,,,,,,,,,,,
Gasmic Reef,Reef,South Africa,,,,,,,,,,,,,,,,,,,,,,,,,,,,,,
Avalanche Reef,Reef,South Africa,,,,,,,,,,,,,,,,,,,,,,,,,,,,,,
Thunderbolt Reef,Reef,South Africa,,,,,,,,,,,,,,,,,,,,,,,,,,,,,,
Orange Wall,Wall,South Africa,,,,,,,,,,,,,,,,,,,,,,,,,,,,,,
Zephyr’s Wall,Wall,South Africa,,,,,,,,,,,,,,,,,,,,,,,,,,,,,,
Wreck of the Baratz,Wreck,South Africa,,,,,,,,,,,,,,,,,,,,,,,,,,,,,,
The Colosseum,Geographical Site,South Africa,,,,,,,,,,,,,,,,,,,,,,,,,,,,,,
Gunner’s Rock,Rock,South Africa,,,,,,,,,,,,,,,,,,,,,,,,,,,,,,
Suicide Reef,Reef,South Africa,,,,,,,,,,,,,,,,,,,,,,,,,,,,,,
Patti Wreck,Wreck,South Africa,,,,,,,,,,,,,,,,,,,,,,,,,,,,,,
John Dory’s Reef,Reef,South Africa,,,,,,,,,,,,,,,,,,,,,,,,,,,,,,
Evans Peak,Geographical Site,South Africa,,,,,,,,,,,,,,,,,,,,,,,,,,,,,,
Slipway & Postmans’,Geographical Site,South Africa,,,,,,,,,,,,,,,,,,,,,,,,,,,,,,
Shark Rock Pier,Pier,South Africa,,,,,,,,,,,,,,,,,,,,,,,,,,,,,,
Devil’s Reef,Reef,South Africa,,,,,,,,,,,,,,,,,,,,,,,,,,,,,,
Puerto Aventuras,Geographical Site,Mexico,,,,,,,,,,,,,,,,,,,,,,,,,,,,,,
Coral Nursery,Geographical Site,Dominican Republic,,,,,,,,,,,,,,,,,,,,,,,,,,,,,,
La Tortuga,Geographical Site,Dominican Republic,,,,,,,,,,,,,,,,,,,,,,,,,,,,,,
Paradise reef,Geographical Site,Dominican Republic,,,,,,,,,,,,,,,,,,,,,,,,,,,,,,
El Toro,Geographical Site,Dominican Republic,,,,,,,,,,,,,,,,,,,,,,,,,,,,,,
El Canal,Geographical Site,Dominican Republic,,,,,,,,,,,,,,,,,,,,,,,,,,,,,,
Spice Islands,,Indonesia,Banda Islands,,,,,,,,,,,,,,,,,,,,,,,,,,,,,
Maumere,,Indonesia,,,,,,,,,,,,,,,,,,,,,,,,,,,,,,
Bima,,Indonesia,,,,,,,,,,,,,,,,,,,,,,,,,,,,,,
Santa Marta,,Colombia,,,,,,,,,,,,,,,,,,,,,,,,,,,,,,
Portofino Marine Park,,Italy,,,,,,,,,,,,,,,,,,,,,,,,,,,,,,
Mohawk Deer Wreck,Wreck,Italy,,,,,,,,,,,,,,,,,,,,,,,,,,,,,,
Jorn Wreck,Wreck,Italy,,,,,,,,,,,,,,,,,,,,,,,,,,,,,,
UJ2207 Wreck,Wreck,Italy,,,,,,,,,,,,,,,,,,,,,,,,,,,,,,
Colosso Wreck,Wreck,Italy,,,,,,,,,,,,,,,,,,,,,,,,,,,,,,
Portofino Lighthouse,Geographical Site,Italy,,,,,,,,,,,,,,,,,,,,,,,,,,,,,,
Genova,Geographical Site,Italy,,,,,,,,,,,,,,,,,,,,,,,,,,,,,,
UJ2216 Wreck,Wreck,Italy,,,,,,,,,,,,,,,,,,,,,,,,,,,,,,
UJ2210 Wreck,Wreck,Italy,,,,,,,,,,,,,,,,,,,,,,,,,,,,,,
Bolzaneto Wreck,Wreck,Italy,,,,,,,,,,,,,,,,,,,,,,,,,,,,,,
Secca Isuela,Reef,Italy,,,,,,,,,,,,,,,,,,,,,,,,,,,,,,
Punta Torretta,Geographical Site,Italy,,,,,,,,,,,,,,,,,,,,,,,,,,,,,,
Punta Chiappa,Geographical Site,Italy,,,,,,,,,,,,,,,,,,,,,,,,,,,,,,
Vapore di Moneglia,Wreck,Italy,,,,,,,,,,,,,,,,,,,,,,,,,,,,,,
Relitto delle Lanterne,Wreck,Italy,,,,,,,,,,,,,,,,,,,,,,,,,,,,,,
Calabria Wreck,Wreck,Italy,,,,,,,,,,,,,,,,,,,,,,,,,,,,,,
La Foce,Geographical Site,Italy,,,,,,,,,,,,,,,,,,,,,,,,,,,,,,
Haven Wreck,Wreck,Italy,,,,,,,,,,,,,,,,,,,,,,,,,,,,,,
Ischia,Geographical Site,Italy,,,,,,,,,,,,,,,,,,,,,,,,,,,,,,
Punta Manara,Geographical Site,Italy,,,,,,,,,,,,,,,,,,,,,,,,,,,,,,
Washington Wreck,Wreck,Italy,,,,,,,,,,,,,,,,,,,,,,,,,,,,,,
U-455 Submarine Wreck,Wreck,Italy,,,,,,,,,,,,,,,,,,,,,,,,,,,,,,
Saint Nazaire Wreck,Wreck,Italy,,,,,,,,,,,,,,,,,,,,,,,,,,,,,,
Ship of Lanterns,Wreck,Italy,,,,,,,,,,,,,,,,,,,,,,,,,,,,,,
The Cementier of the Pecorella,Wreck,France,,,,,,,,,,,,,,,,,,,,,,,,,,,,,,
The Rock of the Vacca,Geographical Site,France,,,,,,,,,,,,,,,,,,,,,,,,,,,,,,
The Danger of the Vacca,Geographical Site,France,,,,,,,,,,,,,,,,,,,,,,,,,,,,,,
The Island of Forana,Geographical Site,France,,,,,,,,,,,,,,,,,,,,,,,,,,,,,,
The Arches,Geographical Site,France,,,,,,,,,,,,,,,,,,,,,,,,,,,,,,
The Danger of the Toro,Geographical Site,France,,,,,,,,,,,,,,,,,,,,,,,,,,,,,,
Madonna Point,Point,Italy,,,,,,,,,,,,,,,,,,,,,,,,,,,,,,
Gavi,Geographical Site,Italy,,,,,,,,,,,,,,,,,,,,,,,,,,,,,,
Le Antiche,Geographical Site,Italy,,,,,,,,,,,,,,,,,,,,,,,,,,,,,,
Red Rock,Rock,Italy,,,,,,,,,,,,,,,,,,,,,,,,,,,,,,
Wall of the East Guardia,Wall,Italy,,,,,,,,,,,,,,,,,,,,,,,,,,,,,,
Lighthouse Wall of the West Guardia Lighthouse,Wall,Italy,,,,,,,,,,,,,,,,,,,,,,,,,,,,,,
Wreck LST 349,Wreck,Italy,,,,,,,,,,,,,,,,,,,,,,,,,,,,,,
Wall of Punta Papa Dito Shed,Wall,Italy,,,,,,,,,,,,,,,,,,,,,,,,,,,,,,
Gross Rock,Rock,Italy,,,,,,,,,,,,,,,,,,,,,,,,,,,,,,
Mariuo lo,Geographical Site,Italy,,,,,,,,,,,,,,,,,,,,,,,,,,,,,,
Shed Mariuolo Wall,Wall,Italy,,,,,,,,,,,,,,,,,,,,,,,,,,,,,,
Palmarola Cathedrals,Cave,Italy,,,,,,,,,,,,,,,,,,,,,,,,,,,,,,
Mattoni,Geographical Site,Italy,,,,,,,,,,,,,,,,,,,,,,,,,,,,,,
Shed Punta Papa,Geographical Site,Italy,,,,,,,,,,,,,,,,,,,,,,,,,,,,,,
Shed Vricci,Geographical Site,Italy,,,,,,,,,,,,,,,,,,,,,,,,,,,,,,
Shed Bottled Rock,Rock,Italy,,,,,,,,,,,,,,,,,,,,,,,,,,,,,,
Silverio Shore,Shore Dive,Italy,,,,,,,,,,,,,,,,,,,,,,,,,,,,,,
Gioia Shore,Shore Dive,Italy,,,,,,,,,,,,,,,,,,,,,,,,,,,,,,
Shore Tramontana,Shore Dive,Italy,,,,,,,,,,,,,,,,,,,,,,,,,,,,,,
Shore LCM,Shore Dive,Italy,,,,,,,,,,,,,,,,,,,,,,,,,,,,,,
Wreck Douglas A-20,Wreck,Italy,,,,,,,,,,,,,,,,,,,,,,,,,,,,,,
Shore The Forms,Shore Dive,Italy,,,,,,,,,,,,,,,,,,,,,,,,,,,,,,
Dito,Geographical Site,Italy,,,,,,,,,,,,,,,,,,,,,,,,,,,,,,
Shore Mariuolo,Shore Dive,Italy,,,,,,,,,,,,,,,,,,,,,,,,,,,,,,
Shore Punta Papa,Shore Dive,Italy,,,,,,,,,,,,,,,,,,,,,,,,,,,,,,
Shore Vricci,Shore Dive,Italy,,,,,,,,,,,,,,,,,,,,,,,,,,,,,,
Shore Barrel Rock,Shore Dive,Italy,,,,,,,,,,,,,,,,,,,,,,,,,,,,,,
Ultrafreeze (El Frio),Wreck,Mexico,,,,,,,,,,,,,,,,,,,,,,,,,,,,,,
No Name,Geographical Site,Mexico,,,,,,,,,,,,,,,,,,,,,,,,,,,,,,
Punta Negra,Geographical Site,Mexico,,,,,,,,,,,,,,,,,,,,,,,,,,,,,,
Chairel,Wreck,Mexico,,,,,,,,,,,,,,,,,,,,,,,,,,,,,,
Cruz de la Bahia,Geographical Site,Mexico,,,,,,,,,,,,,,,,,,,,,,,,,,,,,,
Grampin,Geographical Site,Mexico,,,,,,,,,,,,,,,,,,,,,,,,,,,,,,
Banderas,Geographical Site,Mexico,,,,,,,,,,,,,,,,,,,,,,,,,,,,,,
The Excavation,Geographical Site,France,,,,,,,,,,,,,,,,,,,,,,,,,,,,,,
Laure,Geographical Site,France,,,,,,,,,,,,,,,,,,,,,,,,,,,,,,
The Bateguier,Drop-off,France,,,,,,,,,,,,,,,,,,,,,,,,,,,,,,
The Falling One with the Keys,Drop-off,France,,,,,,,,,,,,,,,,,,,,,,,,,,,,,,
The Avenger,Wreck,France,,,,,,,,,,,,,,,,,,,,,,,,,,,,,,
The Mask,Drop-off,France,,,,,,,,,,,,,,,,,,,,,,,,,,,,,,
The Trader,Cave / Drop-off,France,,,,,,,,,,,,,,,,,,,,,,,,,,,,,,
The Ant,Drop-off,France,,,,,,,,,,,,,,,,,,,,,,,,,,,,,,
Falling from the Golf,Slope / Drop-off,France,,,,,,,,,,,,,,,,,,,,,,,,,,,,,,
Dante's Inferno,Pinnacle / Cathedral,France,,,,,,,,,,,,,,,,,,,,,,,,,,,,,,
Little Françoise,Drop-off,France,,,,,,,,,,,,,,,,,,,,,,,,,,,,,,
The Dovecote,Reef / Rock Head,France,,,,,,,,,,,,,,,,,,,,,,,,,,,,,,
Bilitis,Geographical Site,France,,,,,,,,,,,,,,,,,,,,,,,,,,,,,,
The Coral Cave,Cave,France,,,,,,,,,,,,,,,,,,,,,,,,,,,,,,
Kukulkan Cenote,Geographical Site,Mexico,,,,,,,,,,,,,,,,,,,,,,,,,,,,,,
Dampier Archipelago,Geographical Site,Australia,,,,,,,,,,,,,,,,,,,,,,,,,,,,,,
Karon Beach,,Thailand,,,,,,,,,,,,,,,,,,,,,,,,,,,,,,
Paradise Beach,,Thailand,,,,,,,,,,,,,,,,,,,,,,,,,,,,,,
Abu Sauatir,Reef,Egypt,,,,,,,,,,,,,,,,,,,,,,,,,,,,,,
Abu Hamra,Reef,Egypt,,,,,,,,,,,,,,,,,,,,,,,,,,,,,,
Bet Goha,Reef,Egypt,,,,,,,,,,,,,,,,,,,,,,,,,,,,,,
El Makluf,Reef,Egypt,,,,,,,,,,,,,,,,,,,,,,,,,,,,,,
El Sahla,Reef,Egypt,,,,,,,,,,,,,,,,,,,,,,,,,,,,,,
Gasus Sorava,Reef,Egypt,,,,,,,,,,,,,,,,,,,,,,,,,,,,,,
Goha El Arak,Reef,Egypt,,,,,,,,,,,,,,,,,,,,,,,,,,,,,,
Green Hole,Cave / Sinkhole,Egypt,,,,,,,,,,,,,,,,,,,,,,,,,,,,,,
Magbaret Samaya,Reef,Egypt,,,,,,,,,,,,,,,,,,,,,,,,,,,,,,
Marsa Shora,Reef,Egypt,,,,,,,,,,,,,,,,,,,,,,,,,,,,,,
Marsa Waleed,Reef,Egypt,,,,,,,,,,,,,,,,,,,,,,,,,,,,,,
Nafag Rene,Cave / Tunnel,Egypt,,,,,,,,,,,,,,,,,,,,,,,,,,,,,,
Saleem,Reef,Egypt,,,,,,,,,,,,,,,,,,,,,,,,,,,,,,
El Moghar,Reef,Egypt,,,,,,,,,,,,,,,,,,,,,,,,,,,,,,
Mangrove Bay,Reef,Egypt,,,,,,,,,,,,,,,,,,,,,,,,,,,,,,
Mangrove Pinnacles,Pinnacle,Egypt,,,,,,,,,,,,,,,,,,,,,,,,,,,,,,
Serib Kebir,Reef,Egypt,,,,,,,,,,,,,,,,,,,,,,,,,,,,,,
Sheikh Malek,Reef,Egypt,,,,,,,,,,,,,,,,,,,,,,,,,,,,,,
Sug Bohar,Reef,Egypt,,,,,,,,,,,,,,,,,,,,,,,,,,,,,,
Tarfa,Reef,Egypt,,,,,,,,,,,,,,,,,,,,,,,,,,,,,,
South Utopia Beach,Shore Dive,Egypt,,,,,,,,,,,,,,,,,,,,,,,,,,,,,,
Utopia Harbour,Geographical Site,Egypt,,,,,,,,,,,,,,,,,,,,,,,,,,,,,,
Utopia Laguna,Lagoon,Egypt,,,,,,,,,,,,,,,,,,,,,,,,,,,,,,
Wizr,Reef,Egypt,,,,,,,,,,,,,,,,,,,,,,,,,,,,,,
Barracuda Alley,Channel,Egypt,,,,,,,,,,,,,,,,,,,,,,,,,,,,,,
Pirates Boneyard,Wreck Site,Egypt,,,,,,,,,,,,,,,,,,,,,,,,,,,,,,
El Mina,Wreck,Egypt,,,,,,,,,,,,,,,,,,,,,,,,,,,,,,
Machruga,Reef,Egypt,,,,,,,,,,,,,,,,,,,,,,,,,,,,,,
Nemo City,Reef,Egypt,,,,,,,,,,,,,,,,,,,,,,,,,,,,,,
Oma Sukan,Reef,Egypt,,,,,,,,,,,,,,,,,,,,,,,,,,,,,,
Pharaohs’ Tomb,Archaeological Site,Egypt,,,,,,,,,,,,,,,,,,,,,,,,,,,,,,
Ras Quseir,Geographical Site,Egypt,,,,,,,,,,,,,,,,,,,,,,,,,,,,,,
Erg Lassal,Reef,Egypt,,,,,,,,,,,,,,,,,,,,,,,,,,,,,,
Erg Monika,Reef,Egypt,,,,,,,,,,,,,,,,,,,,,,,,,,,,,,
Nicte Ha Cenote,Geographical Site,Mexico,,,,,,,,,,,,,,,,,,,,,,,,,,,,,,
Casa Cenote,Geographical Site,Mexico,,,,,,,,,,,,,,,,,,,,,,,,,,,,,,
Bunbury Lena Wreck,Wreck,Australia,,,,,,,,,,,,,,,,,,,,,,,,,,,,,,
Esperance - Sanko Harvest wreck,Wreck,Australia,,,,,,,,,,,,,,,,,,,,,,,,,,,,,,
Key Biscayne,Wreck,Australia,,,,,,,,,,,,,,,,,,,,,,,,,,,,,,
Marmion Marine Park,Geographical Site,Australia,,,,,,,,,,,,,,,,,,,,,,,,,,,,,,
Koh Lan,Geographical Site,Thailand,,,,,,,,,,,,,,,,,,,,,,,,,,,,,,
Koh Phai,Geographical Site,Thailand,,,,,,,,,,,,,,,,,,,,,,,,,,,,,,
Koh Klung Badan,Geographical Site,Thailand,,,,,,,,,,,,,,,,,,,,,,,,,,,,,,
Koh Chuang,Geographical Site,Thailand,,,,,,,,,,,,,,,,,,,,,,,,,,,,,,
Koh Ron,Geographical Site,Thailand,,,,,,,,,,,,,,,,,,,,,,,,,,,,,,
Koh Chang Klua,Geographical Site,Thailand,,,,,,,,,,,,,,,,,,,,,,,,,,,,,,
Koh Chan,Geographical Site,Thailand,,,,,,,,,,,,,,,,,,,,,,,,,,,,,,
Hin Chalarm,Geographical Site,Thailand,,,,,,,,,,,,,,,,,,,,,,,,,,,,,,
Barco Don Pedro de Heredia Shipwreck,Wreck,Colombia,,,,,,,,,,,,,,,,,,,,,,,,,,,,,,
El Mamon,Reef,Colombia,,,,,,,,,,,,,,,,,,,,,,,,,,,,,,
Salmedina Underwater Island and Light Tower,Reef,Colombia,,,,,,,,,,,,,,,,,,,,,,,,,,,,,,
Ferrocemento Shipwreck,Wreck,Colombia,,,,,,,,,,,,,,,,,,,,,,,,,,,,,,
Isla Arena Area,Geographical Site,Colombia,,,,,,,,,,,,,,,,,,,,,,,,,,,,,,
Imelda,Reef,Colombia,,,,,,,,,,,,,,,,,,,,,,,,,,,,,,
Palitos,Reef,Colombia,,,,,,,,,,,,,,,,,,,,,,,,,,,,,,
Mumar,Reef,Colombia,,,,,,,,,,,,,,,,,,,,,,,,,,,,,,
Quindio Shipwreck,Wreck,Colombia,,,,,,,,,,,,,,,,,,,,,,,,,,,,,,
Tolu Shipwreck,Wreck,Colombia,,,,,,,,,,,,,,,,,,,,,,,,,,,,,,
Atlas Wreck,Wreck,Colombia,,,,,,,,,,,,,,,,,,,,,,,,,,,,,,
Bajo Nico,Reef,Colombia,,,,,,,,,,,,,,,,,,,,,,,,,,,,,,
El Carro,Reef,Colombia,,,,,,,,,,,,,,,,,,,,,,,,,,,,,,
La Torreta,Reef,Colombia,,,,,,,,,,,,,,,,,,,,,,,,,,,,,,
Isla Fiesta,Geographical Site,Colombia,,,,,,,,,,,,,,,,,,,,,,,,,,,,,,
Punta Brava,Point,Colombia,,,,,,,,,,,,,,,,,,,,,,,,,,,,,,
Ministerio,Reef,Colombia,,,,,,,,,,,,,,,,,,,,,,,,,,,,,,
La Coca,Reef,Colombia,,,,,,,,,,,,,,,,,,,,,,,,,,,,,,
Barco San Martin Shipwreck,Wreck,Colombia,,,,,,,,,,,,,,,,,,,,,,,,,,,,,,
Gloria,Reef,Colombia,,,,,,,,,,,,,,,,,,,,,,,,,,,,,,
Alex´s Place,Reef,Colombia,,,,,,,,,,,,,,,,,,,,,,,,,,,,,,
Luis Guerra,Reef,Colombia,,,,,,,,,,,,,,,,,,,,,,,,,,,,,,
Avioneta,Wreck,Colombia,,,,,,,,,,,,,,,,,,,,,,,,,,,,,,
Burbujas,Reef,Colombia,,,,,,,,,,,,,,,,,,,,,,,,,,,,,,
El Escondite,Reef,Colombia,,,,,,,,,,,,,,,,,,,,,,,,,,,,,,
Varadero,Geographical Site,Colombia,,,,,,,,,,,,,,,,,,,,,,,,,,,,,,
Tierra Bomba island,Geographical Site,Colombia,,,,,,,,,,,,,,,,,,,,,,,,,,,,,,
Baru Island,Geographical Site,Colombia,,,,,,,,,,,,,,,,,,,,,,,,,,,,,,
Rosario Islands,Geographical Site,Colombia,,,,,,,,,,,,,,,,,,,,,,,,,,,,,,
Taveuni,Geographical Site,Fiji,,,,,,,,,,,,,,,,,,,,,,,,,,,,,,
Dolphin Bay,Geographical Site,Fiji,,,,,,,,,,,,,,,,,,,,,,,,,,,,,,
Steve’s Corner,Corner,Fiji,,,,,,,,,,,,,,,,,,,,,,,,,,,,,,
Tomasi’s Delight,Reef,Fiji,,,,,,,,,,,,,,,,,,,,,,,,,,,,,,
Rainbow Passage,Passage,Fiji,,,,,,,,,,,,,,,,,,,,,,,,,,,,,,
Annies Bommie,Bommie,Fiji,,,,,,,,,,,,,,,,,,,,,,,,,,,,,,
The Great White Wall,Wall,Fiji,,,,,,,,,,,,,,,,,,,,,,,,,,,,,,
Purple Wall,Wall,Fiji,,,,,,,,,,,,,,,,,,,,,,,,,,,,,,
Rainbows End,Reef,Fiji,,,,,,,,,,,,,,,,,,,,,,,,,,,,,,
Odtima,Geographical Site,Indonesia,,,,,,,,,,,,,,,,,,,,,,,,,,,,,,
Mios Kon,Geographical Site,Indonesia,,,,,,,,,,,,,,,,,,,,,,,,,,,,,,
Lau Lau Reef,Geographical Site,Indonesia,,,,,,,,,,,,,,,,,,,,,,,,,,,,,,
Friwenbonda,Geographical Site,Indonesia,,,,,,,,,,,,,,,,,,,,,,,,,,,,,,
Manta Ridge,Geographical Site,Indonesia,,,,,,,,,,,,,,,,,,,,,,,,,,,,,,
Wall of Grace,,Indonesia,,,,,,,,,,,,,,,,,,,,,,,,,,,,,,
Yenbuba Jetty,Geographical Site,Indonesia,,,,,,,,,,,,,,,,,,,,,,,,,,,,,,
Sawandarek,Geographical Site,Indonesia,,,,,,,,,,,,,,,,,,,,,,,,,,,,,,
South Kri,Geographical Site,Indonesia,,,,,,,,,,,,,,,,,,,,,,,,,,,,,,
Saporkren,Geographical Site,Indonesia,,,,,,,,,,,,,,,,,,,,,,,,,,,,,,
P-47 Plane wreck,Geographical Site,Indonesia,,,,,,,,,,,,,,,,,,,,,,,,,,,,,,
Tire Reef,,Aruba,,,,,,,,,,,,,,,,,,,,,,,,,,,,,,
Abalone Cove ,Geographical Site,USA,Palos Verdes,,,,,,,,,,,,,,,,,,,,,,,,,,,,,
Bird Rock,Reef,USA,Catalina,,,,,,,,,,,,,,,,,,,,,,,,,,,,,
Cleo Street,Geographical Site,USA,Laguna Beach,,,,,,,,,,,,,,,,,,,,,,,,,,,,,
Cabrillo Beach ,Geographical Site,USA,San Pedro,,,,,,,,,,,,,,,,,,,,,,,,,,,,,
Crescent Bay ,Geographical Site,USA,Laguna Beach,,,,,,,,,,,,,,,,,,,,,,,,,,,,,
Malaga Cove,Geographical Site,USA,Palos Verdes,,,,,,,,,,,,,,,,,,,,,,,,,,,,,
Emerald Bay,Geographical Site,USA,Catalina,,,,,,,,,,,,,,,,,,,,,,,,,,,,,
Diver’s Cove ,Geographical Site,USA,Laguna Beach,,,,,,,,,,,,,,,,,,,,,,,,,,,,,
Old Pier #3,Wreck,USA,Redondo Beach,,,,,,,,,,,,,,,,,,,,,,,,,,,,,
Isthmus Reef,Reef,USA,Catalina,,,,,,,,,,,,,,,,,,,,,,,,,,,,,
Fisherman’s Cove,Geographical Site,USA,Laguna Beach,,,,,,,,,,,,,,,,,,,,,,,,,,,,,
Old MarineLand ,Geographical Site,USA,Palos Verdes,,,,,,,,,,,,,,,,,,,,,,,,,,,,,
Heisler Park,Geographical Site,USA,Laguna Beach,,,,,,,,,,,,,,,,,,,,,,,,,,,,,
Royal Palms,Geographical Site,USA,San Pedro,,,,,,,,,,,,,,,,,,,,,,,,,,,,,
Yellow Tail Point,Point,USA,Catalina,,,,,,,,,,,,,,,,,,,,,,,,,,,,,
Main Beach ,Geographical Site,USA,Laguna Beach,,,,,,,,,,,,,,,,,,,,,,,,,,,,,
Veteran’s Park,Geographical Site,USA,Redondo Beach,,,,,,,,,,,,,,,,,,,,,,,,,,,,,
Moss Street,Geographical Site,USA,Laguna Beach,,,,,,,,,,,,,,,,,,,,,,,,,,,,,
White Point,Point,USA,San Pedro,,,,,,,,,,,,,,,,,,,,,,,,,,,,,
Shaw’s Cove,Geographical Site,USA,Laguna Beach,,,,,,,,,,,,,,,,,,,,,,,,,,,,,
Wood’s Cove,Geographical Site,USA,Laguna Beach,,,,,,,,,,,,,,,,,,,,,,,,,,,,,
Mcabee Beach,,USA,,,,,,,,,,,,,,,,,,,,,,,,,,,,,,
Coral Street,,USA,,,,,,,,,,,,,,,,,,,,,,,,,,,,,,
Eric's Pinnacle,,USA,,,,,,,,,,,,,,,,,,,,,,,,,,,,,,
Aumentos reef,,USA,,,,,,,,,,,,,,,,,,,,,,,,,,,,,,
Chase reef,,USA,,,,,,,,,,,,,,,,,,,,,,,,,,,,,,
Hopkins reef,,USA,,,,,,,,,,,,,,,,,,,,,,,,,,,,,,
East Pescadero Pinnacle,,USA,,,,,,,,,,,,,,,,,,,,,,,,,,,,,,
Cooper Roof House,,USA,,,,,,,,,,,,,,,,,,,,,,,,,,,,,,
Kona Coast,,USA,,,,,,,,,,,,,,,,,,,,,,,,,,,,,,
Sint Eustatius,,Caribbean Netherlands,Statia,,,,,,,,,,,,,,,,,,,,,,,,,,,,,
Beqe Lagoon,,Fiji,,,,,,,,,,,,,,,,,,,,,,,,,,,,,,
The Rock of Tahiti,Reef,Italy,,,,,,,,,,,,,,,,,,,,,,,,,,,,,,
The Fiordino,Geographical Site,Italy,,,,,,,,,,,,,,,,,,,,,,,,,,,,,,
The Peaks,Shoal,Italy,,,,,,,,,,,,,,,,,,,,,,,,,,,,,,
Cala Inglese,Geographical Site,Italy,,,,,,,,,,,,,,,,,,,,,,,,,,,,,,
Bear's Shoal,Shoal,Italy,,,,,,,,,,,,,,,,,,,,,,,,,,,,,,
The Grotto,Cave,Italy,,,,,,,,,,,,,,,,,,,,,,,,,,,,,,
The Cathedrals,Cave,Italy,,,,,,,,,,,,,,,,,,,,,,,,,,,,,,
Monks' Lighthouse,Geographical Site,Italy,,,,,,,,,,,,,,,,,,,,,,,,,,,,,,
Monks' Engine,Reef,Italy,,,,,,,,,,,,,,,,,,,,,,,,,,,,,,
Mistral Shoal,Shoal,Italy,,,,,,,,,,,,,,,,,,,,,,,,,,,,,,
Golden Shoal,Shoal,Italy,,,,,,,,,,,,,,,,,,,,,,,,,,,,,,
Grecale Shoal,Shoal,Italy,,,,,,,,,,,,,,,,,,,,,,,,,,,,,,
Corvine Split,Reef,Italy,,,,,,,,,,,,,,,,,,,,,,,,,,,,,,
Monks' Shoal,Shoal,Italy,,,,,,,,,,,,,,,,,,,,,,,,,,,,,,
Ancora Shoal,Shoal,Italy,,,,,,,,,,,,,,,,,,,,,,,,,,,,,,
The American,Reef,Italy,,,,,,,,,,,,,,,,,,,,,,,,,,,,,,
Columns Shoal,Shoal,Italy,,,,,,,,,,,,,,,,,,,,,,,,,,,,,,
Mortoriotto,Geographical Site,Italy,,,,,,,,,,,,,,,,,,,,,,,,,,,,,,
Wreck of the Galley,Wreck,Italy,,,,,,,,,,,,,,,,,,,,,,,,,,,,,,
Mazzogiorno Shoal,Shoal,Italy,,,,,,,,,,,,,,,,,,,,,,,,,,,,,,
Western Shoal,Shoal,Italy,,,,,,,,,,,,,,,,,,,,,,,,,,,,,,
Barettinelli of Outside,Reef,Italy,,,,,,,,,,,,,,,,,,,,,,,,,,,,,,
Spargi Shoal,Shoal,Italy,,,,,,,,,,,,,,,,,,,,,,,,,,,,,,
Shoal of the Bank,Shoal,Italy,,,,,,,,,,,,,,,,,,,,,,,,,,,,,,
Lavezzi Rock,Reef,Italy,,,,,,,,,,,,,,,,,,,,,,,,,,,,,,
Razzoli Shoal,Shoal,Italy,,,,,,,,,,,,,,,,,,,,,,,,,,,,,,
Spargiottello Shoal,Shoal,Italy,,,,,,,,,,,,,,,,,,,,,,,,,,,,,,
Cigar Dry,Shoal,Italy,,,,,,,,,,,,,,,,,,,,,,,,,,,,,,
City of Groupers,Reef,Italy,,,,,,,,,,,,,,,,,,,,,,,,,,,,,,
Budelli Shoal,Shoal,Italy,,,,,,,,,,,,,,,,,,,,,,,,,,,,,,
Wreck of the Angelica,Wreck,Italy,,,,,,,,,,,,,,,,,,,,,,,,,,,,,,
Ostro Shoal,Shoal,Italy,,,,,,,,,,,,,,,,,,,,,,,,,,,,,,
The Lost,Reef,Italy,,,,,,,,,,,,,,,,,,,,,,,,,,,,,,
Toro Shoal,Shoal,Italy,,,,,,,,,,,,,,,,,,,,,,,,,,,,,,
Archi Reef,Reef,Italy,,,,,,,,,,,,,,,,,,,,,,,,,,,,,,
Pope's Shoal,Shoal,Italy,,,,,,,,,,,,,,,,,,,,,,,,,,,,,,
S. di Grecale,Shoal,Italy,,,,,,,,,,,,,,,,,,,,,,,,,,,,,,
S. Dorata,Shoal,Italy,,,,,,,,,,,,,,,,,,,,,,,,,,,,,,
S. di Maestrale,Shoal,Italy,,,,,,,,,,,,,,,,,,,,,,,,,,,,,,
S. delle Colonne,Shoal,Italy,,,,,,,,,,,,,,,,,,,,,,,,,,,,,,
La Spacca delle Corvine,Reef,Italy,,,,,,,,,,,,,,,,,,,,,,,,,,,,,,
Secca dell'Ancora,Shoal,Italy,,,,,,,,,,,,,,,,,,,,,,,,,,,,,,
Greco dei Monaci,Reef,Italy,,,,,,,,,,,,,,,,,,,,,,,,,,,,,,
S. dei Monaci Meda,Shoal,Italy,,,,,,,,,,,,,,,,,,,,,,,,,,,,,,
Punta dell'Arpa,Point,Italy,,,,,,,,,,,,,,,,,,,,,,,,,,,,,,
Secca d'Africa,Shoal,Italy,,,,,,,,,,,,,,,,,,,,,,,,,,,,,,
Sutta a Za' Lisa,Reef,Italy,,,,,,,,,,,,,,,,,,,,,,,,,,,,,,
Grotta delle Cipree,Cave,Italy,,,,,,,,,,,,,,,,,,,,,,,,,,,,,,
Secchitello,Shoal,Italy,,,,,,,,,,,,,,,,,,,,,,,,,,,,,,
Complesso dell’Accademia,Reef,Italy,,,,,,,,,,,,,,,,,,,,,,,,,,,,,,
Grotta dei Gamberi,Cave,Italy,,,,,,,,,,,,,,,,,,,,,,,,,,,,,,
Housereef,Reef,Egypt,,,,,,,,,,,,,,,,,,,,,,,,,,,,,,
Shaab Sheer O,Reef,Egypt,,,,,,,,,,,,,,,,,,,,,,,,,,,,,,
Shaab Sheer W,Reef,Egypt,,,,,,,,,,,,,,,,,,,,,,,,,,,,,,
Panorama South,Reef,Egypt,,,,,,,,,,,,,,,,,,,,,,,,,,,,,,
Panorama North,Reef,Egypt,,,,,,,,,,,,,,,,,,,,,,,,,,,,,,
Shaab Quais,Reef,Egypt,,,,,,,,,,,,,,,,,,,,,,,,,,,,,,
Siyal South,Reef,Egypt,,,,,,,,,,,,,,,,,,,,,,,,,,,,,,
Shaab Zabargad,Reef,Egypt,,,,,,,,,,,,,,,,,,,,,,,,,,,,,,
Abu Diab,Reef,Egypt,,,,,,,,,,,,,,,,,,,,,,,,,,,,,,
Shaab Ini,Reef,Egypt,,,,,,,,,,,,,,,,,,,,,,,,,,,,,,
Shaab Bango,Reef,Egypt,,,,,,,,,,,,,,,,,,,,,,,,,,,,,,
Shaab Camelia,Reef,Egypt,,,,,,,,,,,,,,,,,,,,,,,,,,,,,,
Shaab Sakara,Reef,Egypt,,,,,,,,,,,,,,,,,,,,,,,,,,,,,,
Habili Coconut,Reef,Egypt,,,,,,,,,,,,,,,,,,,,,,,,,,,,,,
Shaab Said,Reef,Egypt,,,,,,,,,,,,,,,,,,,,,,,,,,,,,,
Shaab Hamam,Reef,Egypt,,,,,,,,,,,,,,,,,,,,,,,,,,,,,,
Shaab Mohamed,Reef,Egypt,,,,,,,,,,,,,,,,,,,,,,,,,,,,,,
Bohar Kebir,Reef,Egypt,,,,,,,,,,,,,,,,,,,,,,,,,,,,,,
Bohar Soraya,Reef,Egypt,,,,,,,,,,,,,,,,,,,,,,,,,,,,,,
Habili Sama,Reef,Egypt,,,,,,,,,,,,,,,,,,,,,,,,,,,,,,
Habili Gannah,Reef,Egypt,,,,,,,,,,,,,,,,,,,,,,,,,,,,,,
Shaab Sataya Soraya,Reef,Egypt,,,,,,,,,,,,,,,,,,,,,,,,,,,,,,
Gotha Abu Diab,Reef,Egypt,,,,,,,,,,,,,,,,,,,,,,,,,,,,,,
Abu Ghusun,Wreck,Egypt,,,,,,,,,,,,,,,,,,,,,,,,,,,,,,
U-352,Wreck,United States,,,,,,,,,,,,,,,,,,,,,,,,,,,,,,
Aeolus,Wreck,United States,,,,,,,,,,,,,,,,,,,,,,,,,,,,,,
Ashkhabad,Wreck,United States,,,,,,,,,,,,,,,,,,,,,,,,,,,,,,
Atlas,Wreck,United States,,,,,,,,,,,,,,,,,,,,,,,,,,,,,,
Bedfordshire,Wreck,United States,,,,,,,,,,,,,,,,,,,,,,,,,,,,,,
Caribsea,Wreck,United States,,,,,,,,,,,,,,,,,,,,,,,,,,,,,,
Hardee's,Wreck,United States,,,,,,,,,,,,,,,,,,,,,,,,,,,,,,
Hutton - Ario,Wreck,United States,,,,,,,,,,,,,,,,,,,,,,,,,,,,,,
Indra,Wreck,United States,,,,,,,,,,,,,,,,,,,,,,,,,,,,,,
James J Francesconi Tug,Wreck,United States,,,,,,,,,,,,,,,,,,,,,,,,,,,,,,
Naeco,Wreck,United States,,,,,,,,,,,,,,,,,,,,,,,,,,,,,,
Papoose,Wreck,United States,,,,,,,,,,,,,,,,,,,,,,,,,,,,,,
Parker,Wreck,United States,,,,,,,,,,,,,,,,,,,,,,,,,,,,,,
Schurz,Wreck,United States,,,,,,,,,,,,,,,,,,,,,,,,,,,,,,
Spar,Wreck,United States,,,,,,,,,,,,,,,,,,,,,,,,,,,,,,
Suloide,Wreck,United States,,,,,,,,,,,,,,,,,,,,,,,,,,,,,,
Titan Tug,Wreck,United States,,,,,,,,,,,,,,,,,,,,,,,,,,,,,,
Palau,Geographical Site,Micronesia,,,,,,,,,,,,,,,,,,,,,,,,,,,,,,
Chuuk Lagoon,Geographical Site,Micronesia,,,,,,,,,,,,,,,,,,,,,,,,,,,,,,
Oléron Island,Geographical Site,France,,,,,,,,,,,,,,,,,,,,,,,,,,,,,,
Rappies Play Station,Geographical Site,South Africa,,,,,,,,,,,,,,,,,,,,,,,,,,,,,,
The Hand,Geographical Site,South Africa,,,,,,,,,,,,,,,,,,,,,,,,,,,,,,
Trojans Gauntlet,Geographical Site,South Africa,,,,,,,,,,,,,,,,,,,,,,,,,,,,,,
Kitwe Pinnacle,Geographical Site,South Africa,,,,,,,,,,,,,,,,,,,,,,,,,,,,,,
Big Surprise,Geographical Site,South Africa,,,,,,,,,,,,,,,,,,,,,,,,,,,,,,
Crocodile Wall,Geographical Site,South Africa,,,,,,,,,,,,,,,,,,,,,,,,,,,,,,
Lighthouse Point,Geographical Site,Cayman Islands,,,,,,,,,,,,,,,,,,,,,,,,,,,,,,
Turtle Reef,Geographical Site,Cayman Islands,,,,,,,,,,,,,,,,,,,,,,,,,,,,,,
Cobalt Coast Resort,Geographical Site,Cayman Islands,,,,,,,,,,,,,,,,,,,,,,,,,,,,,,
Sunset House,Geographical Site,Cayman Islands,,,,,,,,,,,,,,,,,,,,,,,,,,,,,,
Don Foster’s,Geographical Site,Cayman Islands,,,,,,,,,,,,,,,,,,,,,,,,,,,,,,
Wreck of the Cali,Geographical Site,Cayman Islands,,,,,,,,,,,,,,,,,,,,,,,,,,,,,,
Aroka Cave,Cave,France,,,,,,,,,,,,,,,,,,,,,,,,,,,,,,
Aroka Faults,Reef,France,,,,,,,,,,,,,,,,,,,,,,,,,,,,,,
Wreck of the Saint Sunniva,Wreck,France,,,,,,,,,,,,,,,,,,,,,,,,,,,,,,
Balou's Cave,Cave,France,,,,,,,,,,,,,,,,,,,,,,,,,,,,,,
Eskideux,Reef,France,,,,,,,,,,,,,,,,,,,,,,,,,,,,,,
ARTHA Breakwater,Geographical Site,France,,,,,,,,,,,,,,,,,,,,,,,,,,,,,,
Socoa Fort Beach,Geographical Site,France,,,,,,,,,,,,,,,,,,,,,,,,,,,,,,
Isala Aguja,,Colombia,,,,,,,,,,,,,,,,,,,,,,,,,,,,,,
Garnet,,Colombia,,,,,,,,,,,,,,,,,,,,,,,,,,,,,,
Morro Grande,,Colombia,,,,,,,,,,,,,,,,,,,,,,,,,,,,,,
Vigia,,Colombia,,,,,,,,,,,,,,,,,,,,,,,,,,,,,,
Dhigura Beyru Thila,Thila / Pinnacle,Maldives,,,,,,,,,,,,,,,,,,,,,,,,,,,,,,
Thinfushi Thila,Thila / Pinnacle,Maldives,,,,,,,,,,,,,,,,,,,,,,,,,,,,,,
Vakarufalhi Thila,Thila / Pinnacle,Maldives,,,,,,,,,,,,,,,,,,,,,,,,,,,,,,
Seventh Heaven,Reef,Maldives,,,,,,,,,,,,,,,,,,,,,,,,,,,,,,
Hudu Thila,Thila / Pinnacle,Maldives,,,,,,,,,,,,,,,,,,,,,,,,,,,,,,
Five Rocks,Reef,Maldives,,,,,,,,,,,,,,,,,,,,,,,,,,,,,,
Dhigu Thila,Thila / Pinnacle,Maldives,,,,,,,,,,,,,,,,,,,,,,,,,,,,,,
Hani Thila,Thila / Pinnacle,Maldives,,,,,,,,,,,,,,,,,,,,,,,,,,,,,,
Dhigurah Arches,Arch / Reef,Maldives,,,,,,,,,,,,,,,,,,,,,,,,,,,,,,
Dhigurah Corner,Corner / Reef,Maldives,,,,,,,,,,,,,,,,,,,,,,,,,,,,,,
Rondi Wreck,Wreck,Maldives,,,,,,,,,,,,,,,,,,,,,,,,,,,,,,
Dhigurah Beyru,Reef,Maldives,,,,,,,,,,,,,,,,,,,,,,,,,,,,,,
Fish Bank,Reef,Maldives,,,,,,,,,,,,,,,,,,,,,,,,,,,,,,
Lux Beyru,Reef,Maldives,,,,,,,,,,,,,,,,,,,,,,,,,,,,,,
Dhidhdhoo Beyru,Reef,Maldives,,,,,,,,,,,,,,,,,,,,,,,,,,,,,,
Kudadhhoo Beyru,Reef,Maldives,,,,,,,,,,,,,,,,,,,,,,,,,,,,,,
Kudadhhoo Corner,Corner,Maldives,,,,,,,,,,,,,,,,,,,,,,,,,,,,,,
Kudadhhoo Cave,Cave,Maldives,,,,,,,,,,,,,,,,,,,,,,,,,,,,,,
Ariadhoo Corner,Corner,Maldives,,,,,,,,,,,,,,,,,,,,,,,,,,,,,,
Ariadhoo Caves,Cave,Maldives,,,,,,,,,,,,,,,,,,,,,,,,,,,,,,
Maamagili Corner,Corner,Maldives,,,,,,,,,,,,,,,,,,,,,,,,,,,,,,
Maamagili Caves,Cave,Maldives,,,,,,,,,,,,,,,,,,,,,,,,,,,,,,
Maamagili Beyru,Reef,Maldives,,,,,,,,,,,,,,,,,,,,,,,,,,,,,,
Holiday Beyru,Reef,Maldives,,,,,,,,,,,,,,,,,,,,,,,,,,,,,,
Sun Island Beyru,Reef,Maldives,,,,,,,,,,,,,,,,,,,,,,,,,,,,,,
Fenfushi Beyru,Reef,Maldives,,,,,,,,,,,,,,,,,,,,,,,,,,,,,,
Bodufinolhu Thila,Thila / Pinnacle,Maldives,,,,,,,,,,,,,,,,,,,,,,,,,,,,,,
Dhangethi Corner,Corner,Maldives,,,,,,,,,,,,,,,,,,,,,,,,,,,,,,
Dhangethi Kuda Thila,Thila / Pinnacle,Maldives,,,,,,,,,,,,,,,,,,,,,,,,,,,,,,
Vilamendhoo Thila,Thila / Pinnacle,Maldives,,,,,,,,,,,,,,,,,,,,,,,,,,,,,,
Noogiri,Reef,Maldives,,,,,,,,,,,,,,,,,,,,,,,,,,,,,,
Kahambu Thila,Thila / Pinnacle,Maldives,,,,,,,,,,,,,,,,,,,,,,,,,,,,,,
Kalhu Thila,Thila / Pinnacle,Maldives,,,,,,,,,,,,,,,,,,,,,,,,,,,,,,
Ali Thila,Thila / Pinnacle,Maldives,,,,,,,,,,,,,,,,,,,,,,,,,,,,,,
Liliy Rock,Rock / Reef,Maldives,,,,,,,,,,,,,,,,,,,,,,,,,,,,,,
Manta Garden,Garden / Reef,Maldives,,,,,,,,,,,,,,,,,,,,,,,,,,,,,,
Angaga Thila,Thila / Pinnacle,Maldives,,,,,,,,,,,,,,,,,,,,,,,,,,,,,,
Haluva Giri,Reef,Maldives,,,,,,,,,,,,,,,,,,,,,,,,,,,,,,
Aliwal Reef,,South Africa,,,,,,,,,,,,,,,,,,,,,,,,,,,,,,
The Wreck Explorer,,South Africa,,,,,,,,,,,,,,,,,,,,,,,,,,,,,,
Anacapa Island,Geographical Site,United States,,,,,,,,,,,,,,,,,,,,,,,,,,,,,,
Santa Cruz Island,Geographical Site,United States,,,,,,,,,,,,,,,,,,,,,,,,,,,,,,
Santa Rosa Island,Geographical Site,United States,,,,,,,,,,,,,,,,,,,,,,,,,,,,,,
San Miguel Island,Geographical Site,United States,,,,,,,,,,,,,,,,,,,,,,,,,,,,,,
Santa Barbara Island,Geographical Site,United States,,,,,,,,,,,,,,,,,,,,,,,,,,,,,,
San Clemente Island,Geographical Site,United States,,,,,,,,,,,,,,,,,,,,,,,,,,,,,,
San Nicolas Island,Geographical Site,United States,,,,,,,,,,,,,,,,,,,,,,,,,,,,,,
Farnsworth Bank,Bank,United States,,,,,,,,,,,,,,,,,,,,,,,,,,,,,,
Cortes Bank,Bank,United States,,,,,,,,,,,,,,,,,,,,,,,,,,,,,,
Tanner Bank,Bank,United States,,,,,,,,,,,,,,,,,,,,,,,,,,,,,,
Begg Rock,Rock / Reef,United States,,,,,,,,,,,,,,,,,,,,,,,,,,,,,,
Pelican Reserve,Geographical Site,United States,,,,,,,,,,,,,,,,,,,,,,,,,,,,,,
Oil Rigs,Artificial Reef,United States,,,,,,,,,,,,,,,,,,,,,,,,,,,,,,
Olympic,Wreck,United States,,,,,,,,,,,,,,,,,,,,,,,,,,,,,,
Wreck Avenger,Wreck,United States,,,,,,,,,,,,,,,,,,,,,,,,,,,,,,
Big Sur,Geographical Site,United States,,,,,,,,,,,,,,,,,,,,,,,,,,,,,,
Talcot Shoal,Shoal,United States,,,,,,,,,,,,,,,,,,,,,,,,,,,,,,
Southern California Beaches,Geographical Site,United States,,,,,,,,,,,,,,,,,,,,,,,,,,,,,,
North Malé Atoll,Geographical Site,Maldives,,,,,,,,,,,,,,,,,,,,,,,,,,,,,,
Julie's Wall,Wall,Cayman Islands,,,,,,,,,,,,,,,,,,,,,,,,,,,,,,
McCurley's Wall,Wall,Cayman Islands,,,,,,,,,,,,,,,,,,,,,,,,,,,,,,
Northern Lights,Wall,Cayman Islands,,,,,,,,,,,,,,,,,,,,,,,,,,,,,,
Top Secret,Reef,Cayman Islands,,,,,,,,,,,,,,,,,,,,,,,,,,,,,,
Omega Reef,Reef,Cayman Islands,,,,,,,,,,,,,,,,,,,,,,,,,,,,,,
Little Bluff Reef,Reef,Cayman Islands,,,,,,,,,,,,,,,,,,,,,,,,,,,,,,
Anchor Point,Wall,Cayman Islands,,,,,,,,,,,,,,,,,,,,,,,,,,,,,,
Old #12,Wall,Cayman Islands,,,,,,,,,,,,,,,,,,,,,,,,,,,,,,
Kathleen's Reef,Reef,Cayman Islands,,,,,,,,,,,,,,,,,,,,,,,,,,,,,,
Delwin's Delight,Reef,Cayman Islands,,,,,,,,,,,,,,,,,,,,,,,,,,,,,,
Split Rock,Wall,Cayman Islands,,,,,,,,,,,,,,,,,,,,,,,,,,,,,,
Fish Tank,Reef,Cayman Islands,,,,,,,,,,,,,,,,,,,,,,,,,,,,,,
Black Rock Reef,Reef,Cayman Islands,,,,,,,,,,,,,,,,,,,,,,,,,,,,,,
Black Rock Drop Off,Drop-off,Cayman Islands,,,,,,,,,,,,,,,,,,,,,,,,,,,,,,
Valley of the Dolls,Wall,Cayman Islands,,,,,,,,,,,,,,,,,,,,,,,,,,,,,,
Barrel Sponge Wall,Wall,Cayman Islands,,,,,,,,,,,,,,,,,,,,,,,,,,,,,,
Roger's Reef,Reef,Cayman Islands,,,,,,,,,,,,,,,,,,,,,,,,,,,,,,
Turtle Pass,Channel,Cayman Islands,,,,,,,,,,,,,,,,,,,,,,,,,,,,,,
Cinderella's Castle,Cavern / Reef,Cayman Islands,,,,,,,,,,,,,,,,,,,,,,,,,,,,,,
Snapper Hole,Cavern / Reef,Cayman Islands,,,,,,,,,,,,,,,,,,,,,,,,,,,,,,
Dragon's Lair,Cavern / Reef,Cayman Islands,,,,,,,,,,,,,,,,,,,,,,,,,,,,,,
Lost Wall,Wall,Cayman Islands,,,,,,,,,,,,,,,,,,,,,,,,,,,,,,
Old Wreck Head,Wreck,Cayman Islands,,,,,,,,,,,,,,,,,,,,,,,,,,,,,,
Gigglin' Marlin Legacy,Reef,Cayman Islands,,,,,,,,,,,,,,,,,,,,,,,,,,,,,,
Old Isaacs,Reef,Cayman Islands,,,,,,,,,,,,,,,,,,,,,,,,,,,,,,
Scuba Bowl,Reef,Cayman Islands,,,,,,,,,,,,,,,,,,,,,,,,,,,,,,
Pat's Wall,Wall,Cayman Islands,,,,,,,,,,,,,,,,,,,,,,,,,,,,,,
Jack McKenney's Canyon,Canyon,Cayman Islands,,,,,,,,,,,,,,,,,,,,,,,,,,,,,,
The Playing Field,Reef,Cayman Islands,,,,,,,,,,,,,,,,,,,,,,,,,,,,,,
The Lodge Anchor,Reef,Cayman Islands,,,,,,,,,,,,,,,,,,,,,,,,,,,,,,
Tarpon Terrace,Reef,Cayman Islands,,,,,,,,,,,,,,,,,,,,,,,,,,,,,,
Dumbo's Lookout,Reef,Cayman Islands,,,,,,,,,,,,,,,,,,,,,,,,,,,,,,
Lost Valley,Valley / Reef,Cayman Islands,,,,,,,,,,,,,,,,,,,,,,,,,,,,,,
Kangaroo Gorge,Gorge / Reef,Cayman Islands,,,,,,,,,,,,,,,,,,,,,,,,,,,,,,
High Rock Drop Off,Drop-off,Cayman Islands,,,,,,,,,,,,,,,,,,,,,,,,,,,,,,
River of Sand,Reef,Cayman Islands,,,,,,,,,,,,,,,,,,,,,,,,,,,,,,
Ironshore Gardens,Garden,Cayman Islands,,,,,,,,,,,,,,,,,,,,,,,,,,,,,,
Maggie's Maze,Reef,Cayman Islands,,,,,,,,,,,,,,,,,,,,,,,,,,,,,,
Kelly's Caverns,Cavern,Cayman Islands,,,,,,,,,,,,,,,,,,,,,,,,,,,,,,
Crusher's Wall,Wall,Cayman Islands,,,,,,,,,,,,,,,,,,,,,,,,,,,,,,
Little House on the Prairie,Reef,Cayman Islands,,,,,,,,,,,,,,,,,,,,,,,,,,,,,,
The Big House,Reef,Cayman Islands,,,,,,,,,,,,,,,,,,,,,,,,,,,,,,
Fantasea Land,Reef,Cayman Islands,,,,,,,,,,,,,,,,,,,,,,,,,,,,,,
Elmo's Wall,Wall,Cayman Islands,,,,,,,,,,,,,,,,,,,,,,,,,,,,,,
Frand Sound Gardens,Garden,Cayman Islands,,,,,,,,,,,,,,,,,,,,,,,,,,,,,,
"Eeny, Meeny, Miny, 'Mo",Reef,Cayman Islands,,,,,,,,,,,,,,,,,,,,,,,,,,,,,,
Breakers Cut Back,Reef / Drop-off,Cayman Islands,,,,,,,,,,,,,,,,,,,,,,,,,,,,,,
Rolling Stones,,Curaçao,,,,,,,,,,,,,,,,,,,,,,,,,,,,,,
Ningaloo Reef,,Australia,,,,,,,,,,,,,,,,,,,,,,,,,,,,,,
La Vièrge,Geographical Site,France,,,,,,,,,,,,,,,,,,,,,,,,,,,,,,
Le cap de Nice,Geographical Site,France,,,,,,,,,,,,,,,,,,,,,,,,,,,,,,
La Vallée des Gorgones,Geographical Site,France,,,,,,,,,,,,,,,,,,,,,,,,,,,,,,
Le bosu du Cap,Geographical Site,France,,,,,,,,,,,,,,,,,,,,,,,,,,,,,,
Tombant Maeterlink,Wall / Drop-off,France,,,,,,,,,,,,,,,,,,,,,,,,,,,,,,
Les Américains,Geographical Site,France,,,,,,,,,,,,,,,,,,,,,,,,,,,,,,
Les 3 îlots,Geographical Site,France,,,,,,,,,,,,,,,,,,,,,,,,,,,,,,
Pointe du Gaton,Point,France,,,,,,,,,,,,,,,,,,,,,,,,,,,,,,
Pointe de l’Étoile,Point,France,,,,,,,,,,,,,,,,,,,,,,,,,,,,,,
Pointe de la Rascasse,Point,France,,,,,,,,,,,,,,,,,,,,,,,,,,,,,,
Grotte à Corail,Cave,France,,,,,,,,,,,,,,,,,,,,,,,,,,,,,,
Tombant Madame,Wall / Drop-off,France,,,,,,,,,,,,,,,,,,,,,,,,,,,,,,
Grotte du Lido,Cave,France,,,,,,,,,,,,,,,,,,,,,,,,,,,,,,
Pointe Pilone,Point,France,,,,,,,,,,,,,,,,,,,,,,,,,,,,,,
L’Avion,Wreck,France,,,,,,,,,,,,,,,,,,,,,,,,,,,,,,
Pointe Moulalier,Point,France,,,,,,,,,,,,,,,,,,,,,,,,,,,,,,
Pointe de la Gravinette,Point,France,,,,,,,,,,,,,,,,,,,,,,,,,,,,,,
Grande Baie,Bay,France,,,,,,,,,,,,,,,,,,,,,,,,,,,,,,
Grotte du Sémaphore,Cave,France,,,,,,,,,,,,,,,,,,,,,,,,,,,,,,
Pointe de Crau de Nao,Point,France,,,,,,,,,,,,,,,,,,,,,,,,,,,,,,
Tombant André,Wall / Drop-off,France,,,,,,,,,,,,,,,,,,,,,,,,,,,,,,
L’Interdite,Geographical Site,France,,,,,,,,,,,,,,,,,,,,,,,,,,,,,,
Les Cavaliers,Geographical Site,France,,,,,,,,,,,,,,,,,,,,,,,,,,,,,,
Le Cap Ferrat,Geographical Site,France,,,,,,,,,,,,,,,,,,,,,,,,,,,,,,
La Vallée des Gorgones II,Geographical Site,France,,,,,,,,,,,,,,,,,,,,,,,,,,,,,,
Pointe Causinière,Point,France,,,,,,,,,,,,,,,,,,,,,,,,,,,,,,
Les Fosses,Geographical Site,France,,,,,,,,,,,,,,,,,,,,,,,,,,,,,,
Sec à Merlot,Shoal,France,,,,,,,,,,,,,,,,,,,,,,,,,,,,,,
Tombant Jean Joseph,Wall / Drop-off,France,,,,,,,,,,,,,,,,,,,,,,,,,,,,,,
Shérazade,Geographical Site,France,,,,,,,,,,,,,,,,,,,,,,,,,,,,,,
Pointe St-Hospice,Point,France,,,,,,,,,,,,,,,,,,,,,,,,,,,,,,
L’Isoletta,Geographical Site,France,,,,,,,,,,,,,,,,,,,,,,,,,,,,,,
Cap Estel,Geographical Site,France,,,,,,,,,,,,,,,,,,,,,,,,,,,,,,
Les Pitons,Pinnacle,France,,,,,,,,,,,,,,,,,,,,,,,,,,,,,,
Pointe Mala,Point,France,,,,,,,,,,,,,,,,,,,,,,,,,,,,,,
King Kong Rock,,Thailand,,,,,,,,,,,,,,,,,,,,,,,,,,,,,,
Hin Ngam,,Thailand,,,,,,,,,,,,,,,,,,,,,,,,,,,,,,
Buddha Rock,,Thailand,,,,,,,,,,,,,,,,,,,,,,,,,,,,,,
Tao Tong,,Thailand,,,,,,,,,,,,,,,,,,,,,,,,,,,,,,
Stonington Point,,USA,,,,,,,,,,,,,,,,,,,,,,,,,,,,,,
Lake George,,USA,,,,,,,,,,,,,,,,,,,,,,,,,,,,,,
Lake Winnipesaukee,,USA,,,,,,,,,,,,,,,,,,,,,,,,,,,,,,
The Rosaomaira Wreck,Wreck,United States Virgin Islands,,,,,,,,,,,,,,,,,,,,,,,,,,,,,,
The Coakley Bay Wreck,Wreck,United States Virgin Islands,,,,,,,,,,,,,,,,,,,,,,,,,,,,,,
The Suffolk Maid Trawler,Wreck,United States Virgin Islands,,,,,,,,,,,,,,,,,,,,,,,,,,,,,,
Virgin Islander Barge,Wreck,United States Virgin Islands,,,,,,,,,,,,,,,,,,,,,,,,,,,,,,
North Wind Tug Boat,Wreck,United States Virgin Islands,,,,,,,,,,,,,,,,,,,,,,,,,,,,,,
Aegir,Wreck,United States Virgin Islands,,,,,,,,,,,,,,,,,,,,,,,,,,,,,,
Baby Blue,Reef,United States Virgin Islands,,,,,,,,,,,,,,,,,,,,,,,,,,,,,,
Blt,Reef,United States Virgin Islands,,,,,,,,,,,,,,,,,,,,,,,,,,,,,,
Butler Ledge,Reef / Ledge,United States Virgin Islands,,,,,,,,,,,,,,,,,,,,,,,,,,,,,,
Coconut Reef,Reef,United States Virgin Islands,,,,,,,,,,,,,,,,,,,,,,,,,,,,,,
Danish Anchor,Reef,United States Virgin Islands,,,,,,,,,,,,,,,,,,,,,,,,,,,,,,
Deep Swirling Reef,Reef,United States Virgin Islands,,,,,,,,,,,,,,,,,,,,,,,,,,,,,,
Durgon Alley,Reef,United States Virgin Islands,,,,,,,,,,,,,,,,,,,,,,,,,,,,,,
End Of The Line,Reef,United States Virgin Islands,,,,,,,,,,,,,,,,,,,,,,,,,,,,,,
Jaw Reef,Reef,United States Virgin Islands,,,,,,,,,,,,,,,,,,,,,,,,,,,,,,
King's Alley,Reef,United States Virgin Islands,,,,,,,,,,,,,,,,,,,,,,,,,,,,,,
King's Corner,Reef,United States Virgin Islands,,,,,,,,,,,,,,,,,,,,,,,,,,,,,,
Little Mill Point,Point,United States Virgin Islands,,,,,,,,,,,,,,,,,,,,,,,,,,,,,,
Rum Barrel Reef,Reef,United States Virgin Islands,,,,,,,,,,,,,,,,,,,,,,,,,,,,,,
Sprat Hole,Reef,United States Virgin Islands,,,,,,,,,,,,,,,,,,,,,,,,,,,,,,
Steeple Reef,Reef,United States Virgin Islands,,,,,,,,,,,,,,,,,,,,,,,,,,,,,,
Sugar Bowl,Reef,United States Virgin Islands,,,,,,,,,,,,,,,,,,,,,,,,,,,,,,
Sugar Reef,Reef,United States Virgin Islands,,,,,,,,,,,,,,,,,,,,,,,,,,,,,,
Tidebox,Reef,United States Virgin Islands,,,,,,,,,,,,,,,,,,,,,,,,,,,,,,
West Wall,Wall,United States Virgin Islands,,,,,,,,,,,,,,,,,,,,,,,,,,,,,,
Emerald Gardens,Reef,United States Virgin Islands,,,,,,,,,,,,,,,,,,,,,,,,,,,,,,
Mexico Sardine Run,,Mexico,,,,,,,,,,,,,,,,,,,,,,,,,,,,,,
Mid Channel Reef,Reef,Italy,,,,,,,,,,,,,,,,,,,,,,,,,,,,,,
Tegge Point,Geographical Site,Italy,,,,,,,,,,,,,,,,,,,,,,,,,,,,,,
Paganetto Rock,Reef,Italy,,,,,,,,,,,,,,,,,,,,,,,,,,,,,,
Angelika Wreck,Wreck,Italy,,,,,,,,,,,,,,,,,,,,,,,,,,,,,,
Spargiottello Shallow,Shoal,Italy,,,,,,,,,,,,,,,,,,,,,,,,,,,,,,
Spargiottello Gorge,Wall,Italy,,,,,,,,,,,,,,,,,,,,,,,,,,,,,,
Aircraft Engine of Punta Zanotto,Wreck,Italy,,,,,,,,,,,,,,,,,,,,,,,,,,,,,,
Washington Rock,Wall,Italy,,,,,,,,,,,,,,,,,,,,,,,,,,,,,,
Secca dello Zoppo,Shoal,Italy,,,,,,,,,,,,,,,,,,,,,,,,,,,,,,
Budelli Pillar,Reef,Italy,,,,,,,,,,,,,,,,,,,,,,,,,,,,,,
Razzoli Shallow,Shoal,Italy,,,,,,,,,,,,,,,,,,,,,,,,,,,,,,
La Presa Shallow,Shoal,Italy,,,,,,,,,,,,,,,,,,,,,,,,,,,,,,
Lavezzi Pillar,Reef,Italy,,,,,,,,,,,,,,,,,,,,,,,,,,,,,,
Lavezzi Lighthouse,Geographical Site,Italy,,,,,,,,,,,,,,,,,,,,,,,,,,,,,,
Grouper City,Reef,Italy,,,,,,,,,,,,,,,,,,,,,,,,,,,,,,
Western Shallow,Shoal,Italy,,,,,,,,,,,,,,,,,,,,,,,,,,,,,,
I Perduti,Reef,Italy,,,,,,,,,,,,,,,,,,,,,,,,,,,,,,
Perduti Signal,Geographical Site,Italy,,,,,,,,,,,,,,,,,,,,,,,,,,,,,,
Outer Barrettinelli,Reef,Italy,,,,,,,,,,,,,,,,,,,,,,,,,,,,,,
Inner Barrettinelli,Reef,Italy,,,,,,,,,,,,,,,,,,,,,,,,,,,,,,
Galera Point,Geographical Site,Italy,,,,,,,,,,,,,,,,,,,,,,,,,,,,,,
Galera Point Shallow,Shoal,Italy,,,,,,,,,,,,,,,,,,,,,,,,,,,,,,
Candeo Shallow,Shoal,Italy,,,,,,,,,,,,,,,,,,,,,,,,,,,,,,
Messa del Cervo,Wall,Italy,,,,,,,,,,,,,,,,,,,,,,,,,,,,,,
San Francesc Cave,Cave,Italy,,,,,,,,,,,,,,,,,,,,,,,,,,,,,,
S. Francesco Shallow,Shoal,Italy,,,,,,,,,,,,,,,,,,,,,,,,,,,,,,
English Bay,Geographical Site,Italy,,,,,,,,,,,,,,,,,,,,,,,,,,,,,,
The Fijord,Wall,Italy,,,,,,,,,,,,,,,,,,,,,,,,,,,,,,
Coticcio Rocks,Reef,Italy,,,,,,,,,,,,,,,,,,,,,,,,,,,,,,
Monaci Lighthouse,Geographical Site,Italy,,,,,,,,,,,,,,,,,,,,,,,,,,,,,,
Monaci Engine,Wreck,Italy,,,,,,,,,,,,,,,,,,,,,,,,,,,,,,
Monaci Buoy,Shoal,Italy,,,,,,,,,,,,,,,,,,,,,,,,,,,,,,
Crows' Gorge,Wall,Italy,,,,,,,,,,,,,,,,,,,,,,,,,,,,,,
Column Shallow,Shoal,Italy,,,,,,,,,,,,,,,,,,,,,,,,,,,,,,
Grecale Shallow,Shoal,Italy,,,,,,,,,,,,,,,,,,,,,,,,,,,,,,
Maestral Shallow,Shoal,Italy,,,,,,,,,,,,,,,,,,,,,,,,,,,,,,
Cala dell'Oro,Wall,Italy,,,,,,,,,,,,,,,,,,,,,,,,,,,,,,
Punta Sardegna,Geographical Site,Italy,,,,,,,,,,,,,,,,,,,,,,,,,,,,,,
Gordo Banks,,Mexico,,,,,,,,,,,,,,,,,,,,,,,,,,,,,,
Boss Reef,Reef,Grenada,,,,,,,,,,,,,,,,,,,,,,,,,,,,,,
Spice Island Reef,Reef,Grenada,,,,,,,,,,,,,,,,,,,,,,,,,,,,,,
Windmill Shallows,Shoal,Grenada,,,,,,,,,,,,,,,,,,,,,,,,,,,,,,
Whibble Reef,Reef,Grenada,,,,,,,,,,,,,,,,,,,,,,,,,,,,,,
Purple Rain Reef,Reef,Grenada,,,,,,,,,,,,,,,,,,,,,,,,,,,,,,
Kahonee,Geographical Site,Grenada,,,,,,,,,,,,,,,,,,,,,,,,,,,,,,
Face of the Devil,Geographical Site,Grenada,,,,,,,,,,,,,,,,,,,,,,,,,,,,,,
The Sisters,Geographical Site,Grenada,,,,,,,,,,,,,,,,,,,,,,,,,,,,,,
Wreck of the Veronica L,Wreck,Grenada,,,,,,,,,,,,,,,,,,,,,,,,,,,,,,
Three Part Wreck,Wreck,Grenada,,,,,,,,,,,,,,,,,,,,,,,,,,,,,,
Quarter Wreck,Wreck,Grenada,,,,,,,,,,,,,,,,,,,,,,,,,,,,,,
Wreck of the Buccaneer,Wreck,Grenada,,,,,,,,,,,,,,,,,,,,,,,,,,,,,,
Shakem Wreck,Wreck,Grenada,,,,,,,,,,,,,,,,,,,,,,,,,,,,,,
Hema 1 Wreck,Wreck,Grenada,,,,,,,,,,,,,,,,,,,,,,,,,,,,,,
Rum Runner Wreck,Wreck,Grenada,,,,,,,,,,,,,,,,,,,,,,,,,,,,,,
Tyrrel Bay Wreck,Wreck,Grenada,,,,,,,,,,,,,,,,,,,,,,,,,,,,,,
Persia II Wreck,Wreck,Grenada,,,,,,,,,,,,,,,,,,,,,,,,,,,,,,
Bianca C Wreck,Wreck,Grenada,,,,,,,,,,,,,,,,,,,,,,,,,,,,,,
Moliniere Underwater Sculpture Park,Geographical Site,Grenada,,,,,,,,,,,,,,,,,,,,,,,,,,,,,,
A World Adrift,Geographical Site,Grenada,,,,,,,,,,,,,,,,,,,,,,,,,,,,,,
La Pointe Cacau,Geographical Site,France,,,,,,,,,,,,,,,,,,,,,,,,,,,,,,
Figuière,Geographical Site,France,,,,,,,,,,,,,,,,,,,,,,,,,,,,,,
Castel Viel,Geographical Site,France,,,,,,,,,,,,,,,,,,,,,,,,,,,,,,
La Grotte à Corail,Cave,France,,,,,,,,,,,,,,,,,,,,,,,,,,,,,,
Le Jardin,Geographical Site,France,,,,,,,,,,,,,,,,,,,,,,,,,,,,,,
La Calanque de l'Oule,Geographical Site,France,,,,,,,,,,,,,,,,,,,,,,,,,,,,,,
L'Eissadon,Geographical Site,France,,,,,,,,,,,,,,,,,,,,,,,,,,,,,,
Lîlot,Geographical Site,France,,,,,,,,,,,,,,,,,,,,,,,,,,,,,,
Le Soldat,Geographical Site,France,,,,,,,,,,,,,,,,,,,,,,,,,,,,,,
Morgiou,Geographical Site,France,,,,,,,,,,,,,,,,,,,,,,,,,,,,,,
Le Grand Conglué,Geographical Site,France,,,,,,,,,,,,,,,,,,,,,,,,,,,,,,
La Pierre à Cassis,Geographical Site,France,,,,,,,,,,,,,,,,,,,,,,,,,,,,,,
Le Couloir à Gorgogne,Geographical Site,France,,,,,,,,,,,,,,,,,,,,,,,,,,,,,,
La Pointe Caramassagne,Geographical Site,France,,,,,,,,,,,,,,,,,,,,,,,,,,,,,,
L'Impérial de Terre,Geographical Site,France,,,,,,,,,,,,,,,,,,,,,,,,,,,,,,
L'Impérial du Milieu,Geographical Site,France,,,,,,,,,,,,,,,,,,,,,,,,,,,,,,
L'Impérial du Large,Geographical Site,France,,,,,,,,,,,,,,,,,,,,,,,,,,,,,,
Cassidaigne - Le Tombant,Wall,France,,,,,,,,,,,,,,,,,,,,,,,,,,,,,,
Cassidaigne - La Vieille,Geographical Site,France,,,,,,,,,,,,,,,,,,,,,,,,,,,,,,
Le Fortier,Geographical Site,France,,,,,,,,,,,,,,,,,,,,,,,,,,,,,,
Les Rascasses,Geographical Site,France,,,,,,,,,,,,,,,,,,,,,,,,,,,,,,
L'Arène,Geographical Site,France,,,,,,,,,,,,,,,,,,,,,,,,,,,,,,
Les Trémies,Geographical Site,France,,,,,,,,,,,,,,,,,,,,,,,,,,,,,,
Vatu-i-ra,Geographical Site,Fiji,,,,,,,,,,,,,,,,,,,,,,,,,,,,,,
Mt.Mutiny,Reef,Fiji,,,,,,,,,,,,,,,,,,,,,,,,,,,,,,
UndeNAI'Able,Reef,Fiji,,,,,,,,,,,,,,,,,,,,,,,,,,,,,,
Cat's Meow,Reef,Fiji,,,,,,,,,,,,,,,,,,,,,,,,,,,,,,
Namena Marine Reserve,Passage,Fiji,,,,,,,,,,,,,,,,,,,,,,,,,,,,,,
North Save-a-tack Passage,Passage,Fiji,,,,,,,,,,,,,,,,,,,,,,,,,,,,,,
Thumbs,Reef,Fiji,,,,,,,,,,,,,,,,,,,,,,,,,,,,,,
Tetons,Reef,Fiji,,,,,,,,,,,,,,,,,,,,,,,,,,,,,,
Mushrooms,Reef,Fiji,,,,,,,,,,,,,,,,,,,,,,,,,,,,,,
Makogai,Geographical Site,Fiji,,,,,,,,,,,,,,,,,,,,,,,,,,,,,,
Wakaya,Geographical Site,Fiji,,,,,,,,,,,,,,,,,,,,,,,,,,,,,,
Gau,Reef,Fiji,,,,,,,,,,,,,,,,,,,,,,,,,,,,,,
Jim's Alley,Reef,Fiji,,,,,,,,,,,,,,,,,,,,,,,,,,,,,,
Anthias Avenue,Reef,Fiji,,,,,,,,,,,,,,,,,,,,,,,,,,,,,,
Pante Maleo,Muck,Indonesia,,,,,,,,,,,,,,,,,,,,,,,,,,,,,,
Hey Nus,Muck,Indonesia,,,,,,,,,,,,,,,,,,,,,,,,,,,,,,
Suprise,Muck,Indonesia,,,,,,,,,,,,,,,,,,,,,,,,,,,,,,
Retak Larry,Muck,Indonesia,,,,,,,,,,,,,,,,,,,,,,,,,,,,,,
Makawide Pier,Muck,Indonesia,,,,,,,,,,,,,,,,,,,,,,,,,,,,,,
Makawide,Muck,Indonesia,,,,,,,,,,,,,,,,,,,,,,,,,,,,,,
Aer Perang,Muck,Indonesia,,,,,,,,,,,,,,,,,,,,,,,,,,,,,,
Waterfall,Muck,Indonesia,,,,,,,,,,,,,,,,,,,,,,,,,,,,,,
Biancca,Muck,Indonesia,,,,,,,,,,,,,,,,,,,,,,,,,,,,,,
Tanda Rusa,Muck,Indonesia,,,,,,,,,,,,,,,,,,,,,,,,,,,,,,
Goby a Crab,Muck,Indonesia,,,,,,,,,,,,,,,,,,,,,,,,,,,,,,
Kapal Indah,Muck,Indonesia,,,,,,,,,,,,,,,,,,,,,,,,,,,,,,
Kelapa Dua,Muck,Indonesia,,,,,,,,,,,,,,,,,,,,,,,,,,,,,,
Pantai Kira²,Muck,Indonesia,,,,,,,,,,,,,,,,,,,,,,,,,,,,,,
Exploration,Muck,Indonesia,,,,,,,,,,,,,,,,,,,,,,,,,,,,,,
Hey Mi,Muck,Indonesia,,,,,,,,,,,,,,,,,,,,,,,,,,,,,,
Tanjung Kusu²,Muck,Indonesia,,,,,,,,,,,,,,,,,,,,,,,,,,,,,,
Seagrass,Muck,Indonesia,,,,,,,,,,,,,,,,,,,,,,,,,,,,,,
Pintu Kolada,Muck,Indonesia,,,,,,,,,,,,,,,,,,,,,,,,,,,,,,
Toms Garden,Muck,Indonesia,,,,,,,,,,,,,,,,,,,,,,,,,,,,,,
Susan's Reef,Reef,Indonesia,,,,,,,,,,,,,,,,,,,,,,,,,,,,,,
Lampu Merah,Muck,Indonesia,,,,,,,,,,,,,,,,,,,,,,,,,,,,,,
Tanjung Harus,Muck,Indonesia,,,,,,,,,,,,,,,,,,,,,,,,,,,,,,
Tanjung Kareko,Muck,Indonesia,,,,,,,,,,,,,,,,,,,,,,,,,,,,,,
Kareko Pasir,Muck,Indonesia,,,,,,,,,,,,,,,,,,,,,,,,,,,,,,
Kareko Batu,Muck,Indonesia,,,,,,,,,,,,,,,,,,,,,,,,,,,,,,
Aer Bajo,Muck,Indonesia,,,,,,,,,,,,,,,,,,,,,,,,,,,,,,
Rojos,Muck,Indonesia,,,,,,,,,,,,,,,,,,,,,,,,,,,,,,
Jojos,Muck,Indonesia,,,,,,,,,,,,,,,,,,,,,,,,,,,,,,
Angels Window,Muck,Indonesia,,,,,,,,,,,,,,,,,,,,,,,,,,,,,,
Bat Bay,Muck,Indonesia,,,,,,,,,,,,,,,,,,,,,,,,,,,,,,
Hairy Larry,Muck,Indonesia,,,,,,,,,,,,,,,,,,,,,,,,,,,,,,
Jiko Yanci,Muck,Indonesia,,,,,,,,,,,,,,,,,,,,,,,,,,,,,,
Kaina's Treasure,Muck,Indonesia,,,,,,,,,,,,,,,,,,,,,,,,,,,,,,
Garis Gila,Muck,Indonesia,,,,,,,,,,,,,,,,,,,,,,,,,,,,,,
Dantes Wall,Wall,Indonesia,,,,,,,,,,,,,,,,,,,,,,,,,,,,,,
Tanjung Malamise,Muck,Indonesia,,,,,,,,,,,,,,,,,,,,,,,,,,,,,,
Simon's Hole,Muck,Indonesia,,,,,,,,,,,,,,,,,,,,,,,,,,,,,,
Gani,Muck,Indonesia,,,,,,,,,,,,,,,,,,,,,,,,,,,,,,
Jiko Dolom,Muck,Indonesia,,,,,,,,,,,,,,,,,,,,,,,,,,,,,,
Batu Bunyan,Muck,Indonesia,,,,,,,,,,,,,,,,,,,,,,,,,,,,,,
Pulau Susulina,Muck,Indonesia,,,,,,,,,,,,,,,,,,,,,,,,,,,,,,
Boonsung wreck,Geographical Site,Thailand,,,,,,,,,,,,,,,,,,,,,,,,,,,,,,
Preimchai wreck,Geographical Site,Thailand,,,,,,,,,,,,,,,,,,,,,,,,,,,,,,
Fireball,Geographical Site,Indonesia,,,,,,,,,,,,,,,,,,,,,,,,,,,,,,
Tjg. Kelapa,Reef,Indonesia,,,,,,,,,,,,,,,,,,,,,,,,,,,,,,
Bethlehem,Reef,Indonesia,,,,,,,,,,,,,,,,,,,,,,,,,,,,,,
Rona Pt.,Reef,Indonesia,,,,,,,,,,,,,,,,,,,,,,,,,,,,,,
Tambala,Muck,Indonesia,,,,,,,,,,,,,,,,,,,,,,,,,,,,,,
Elu Pt.,Reef,Indonesia,,,,,,,,,,,,,,,,,,,,,,,,,,,,,,
Critter Circus,Muck,Indonesia,,,,,,,,,,,,,,,,,,,,,,,,,,,,,,
Bahama Pt.,Reef,Indonesia,,,,,,,,,,,,,,,,,,,,,,,,,,,,,,
Pasir Panjang,Muck,Indonesia,,,,,,,,,,,,,,,,,,,,,,,,,,,,,,
Tjg. Bulo,Reef,Indonesia,,,,,,,,,,,,,,,,,,,,,,,,,,,,,,
Politeknik,Muck,Indonesia,,,,,,,,,,,,,,,,,,,,,,,,,,,,,,
Catnas,Muck,Indonesia,,,,,,,,,,,,,,,,,,,,,,,,,,,,,,
Murex House Reef,Reef,Indonesia,,,,,,,,,,,,,,,,,,,,,,,,,,,,,,
Celebes,Reef,Indonesia,,,,,,,,,,,,,,,,,,,,,,,,,,,,,,
City Extra,Muck,Indonesia,,,,,,,,,,,,,,,,,,,,,,,,,,,,,,
Batas Kota,Muck,Indonesia,,,,,,,,,,,,,,,,,,,,,,,,,,,,,,
Tjg. Pepaya,Reef,Indonesia,,,,,,,,,,,,,,,,,,,,,,,,,,,,,,
Malalayang,Muck,Indonesia,,,,,,,,,,,,,,,,,,,,,,,,,,,,,,
Tjg. Pisok,Reef,Indonesia,,,,,,,,,,,,,,,,,,,,,,,,,,,,,,
Tjg. Usi,Reef,Indonesia,,,,,,,,,,,,,,,,,,,,,,,,,,,,,,
Demak,Reef,Indonesia,,,,,,,,,,,,,,,,,,,,,,,,,,,,,,
Busabora,Reef,Indonesia,,,,,,,,,,,,,,,,,,,,,,,,,,,,,,
Muka Linggua,Reef,Indonesia,,,,,,,,,,,,,,,,,,,,,,,,,,,,,,
Kuala Sipi,Reef,Indonesia,,,,,,,,,,,,,,,,,,,,,,,,,,,,,,
Kahuku,Reef,Indonesia,,,,,,,,,,,,,,,,,,,,,,,,,,,,,,
Tjg. Merah,Reef,Indonesia,,,,,,,,,,,,,,,,,,,,,,,,,,,,,,
Batu Goso,Reef,Indonesia,,,,,,,,,,,,,,,,,,,,,,,,,,,,,,
Batu Pica,Reef,Indonesia,,,,,,,,,,,,,,,,,,,,,,,,,,,,,,
Tjg. Toto,Reef,Indonesia,,,,,,,,,,,,,,,,,,,,,,,,,,,,,,
Peter Sponge,Reef,Indonesia,,,,,,,,,,,,,,,,,,,,,,,,,,,,,,
Tiga Batu,Reef,Indonesia,,,,,,,,,,,,,,,,,,,,,,,,,,,,,,
Delphine Pt.,Reef,Indonesia,,,,,,,,,,,,,,,,,,,,,,,,,,,,,,
Sampiri,Reef,Indonesia,,,,,,,,,,,,,,,,,,,,,,,,,,,,,,
Batu Mandi,Reef,Indonesia,,,,,,,,,,,,,,,,,,,,,,,,,,,,,,
Batu Pendeta,Reef,Indonesia,,,,,,,,,,,,,,,,,,,,,,,,,,,,,,
Aer Banua,Reef,Indonesia,,,,,,,,,,,,,,,,,,,,,,,,,,,,,,
Tjg. Arus,Reef,Indonesia,,,,,,,,,,,,,,,,,,,,,,,,,,,,,,
Tectonic,Reef,Indonesia,,,,,,,,,,,,,,,,,,,,,,,,,,,,,,
Yaki Pt.,Reef,Indonesia,,,,,,,,,,,,,,,,,,,,,,,,,,,,,,
Lelade,Reef,Indonesia,,,,,,,,,,,,,,,,,,,,,,,,,,,,,,
Lakehe,Reef,Indonesia,,,,,,,,,,,,,,,,,,,,,,,,,,,,,,
Tjg. Kelapa,Wall,Indonesia,,,,,,,,,,,,,,,,,,,,,,,,,,,,,,
Bethlehem,Wall,Indonesia,,,,,,,,,,,,,,,,,,,,,,,,,,,,,,
Muka Kampung,Wall,Indonesia,,,,,,,,,,,,,,,,,,,,,,,,,,,,,,
Bunaken Timur,Wall,Indonesia,,,,,,,,,,,,,,,,,,,,,,,,,,,,,,
Panggalisan,Wall,Indonesia,,,,,,,,,,,,,,,,,,,,,,,,,,,,,,
Sachiko's Pt.,Wall,Indonesia,,,,,,,,,,,,,,,,,,,,,,,,,,,,,,
Tjg. Parigi,Wall,Indonesia,,,,,,,,,,,,,,,,,,,,,,,,,,,,,,
Mike's Pt.,Wall,Indonesia,,,,,,,,,,,,,,,,,,,,,,,,,,,,,,
Raymond's Pt.,Wall,Indonesia,,,,,,,,,,,,,,,,,,,,,,,,,,,,,,
Ron's Pt.,Wall,Indonesia,,,,,,,,,,,,,,,,,,,,,,,,,,,,,,
Bualo / Muka Gereja,Wall,Indonesia,,,,,,,,,,,,,,,,,,,,,,,,,,,,,,
Negeri,Wall,Indonesia,,,,,,,,,,,,,,,,,,,,,,,,,,,,,,
Pangulingan,Wall,Indonesia,,,,,,,,,,,,,,,,,,,,,,,,,,,,,,
Siladen,Wall,Indonesia,,,,,,,,,,,,,,,,,,,,,,,,,,,,,,
Baie des cochons,Geographic Site,France,,,,,,,,,,,,,,,,,,,,,,,,,,,,,,
Belharra,Geographic Site,France,,,,,,,,,,,,,,,,,,,,,,,,,,,,,,
Ebouli,Geographic Site,France,,,,,,,,,,,,,,,,,,,,,,,,,,,,,,
La page,Geographic Site,France,,,,,,,,,,,,,,,,,,,,,,,,,,,,,,
Biosar,Geographic Site,France,,,,,,,,,,,,,,,,,,,,,,,,,,,,,,
Prison,Geographic Site,France,,,,,,,,,,,,,,,,,,,,,,,,,,,,,,
Baie d’Along,Geographic Site,France,,,,,,,,,,,,,,,,,,,,,,,,,,,,,,
Le Mur,Wall,France,,,,,,,,,,,,,,,,,,,,,,,,,,,,,,
Case verde,Geographic Site,France,,,,,,,,,,,,,,,,,,,,,,,,,,,,,,
La Grotte a JP,Cave,France,,,,,,,,,,,,,,,,,,,,,,,,,,,,,,
Sous marin,Geographic Site,France,,,,,,,,,,,,,,,,,,,,,,,,,,,,,,
Nahia,Geographic Site,France,,,,,,,,,,,,,,,,,,,,,,,,,,,,,,
Gorgones blanches,Reef,France,,,,,,,,,,,,,,,,,,,,,,,,,,,,,,
Les Ancres,Geographic Site,France,,,,,,,,,,,,,,,,,,,,,,,,,,,,,,
Pakret,Geographic Site,France,,,,,,,,,,,,,,,,,,,,,,,,,,,,,,
Helices,Geographic Site,France,,,,,,,,,,,,,,,,,,,,,,,,,,,,,,
Iruari,Geographic Site,France,,,,,,,,,,,,,,,,,,,,,,,,,,,,,,
Arroka,Geographic Site,France,,,,,,,,,,,,,,,,,,,,,,,,,,,,,,
Tombant 40,Drop-off,France,,,,,,,,,,,,,,,,,,,,,,,,,,,,,,
Piano,Geographic Site,France,,,,,,,,,,,,,,,,,,,,,,,,,,,,,,
Molokini,Geographic Site,United States,,,,,,,,,,,,,,,,,,,,,,,,,,,,,,
St. Anthony,Wreck,United States,,,,,,,,,,,,,,,,,,,,,,,,,,,,,,
Kihei To Makena,Geographic Site,United States,,,,,,,,,,,,,,,,,,,,,,,,,,,,,,
85 Ft. Pinnacle,Pinnacle,United States,,,,,,,,,,,,,,,,,,,,,,,,,,,,,,
La Perouse Bay,Geographic Site,United States,,,,,,,,,,,,,,,,,,,,,,,,,,,,,,
F4F Hellcat,Wreck,United States,,,,,,,,,,,,,,,,,,,,,,,,,,,,,,
F4U Corsair,Wreck,United States,,,,,,,,,,,,,,,,,,,,,,,,,,,,,,
SB2C Helldiver,Wreck,United States,,,,,,,,,,,,,,,,,,,,,,,,,,,,,,
PB4Y-1 Liberator,Wreck,United States,,,,,,,,,,,,,,,,,,,,,,,,,,,,,,
Ixlache Reef,Reef,Mexico,,,,,,,,,,,,,,,,,,,,,,,,,,,,,,
Ultrafrezze Shipwreck,Wreck,Mexico,,,,,,,,,,,,,,,,,,,,,,,,,,,,,,
Hondureño Shipwreck,Wreck,Mexico,,,,,,,,,,,,,,,,,,,,,,,,,,,,,,
Puentes y Pailas Reef,Reef,Mexico,,,,,,,,,,,,,,,,,,,,,,,,,,,,,,
La Cadenita Reef,Reef,Mexico,,,,,,,,,,,,,,,,,,,,,,,,,,,,,,
El Farito Reef,Reef,Mexico,,,,,,,,,,,,,,,,,,,,,,,,,,,,,,
Media Luna Reef,Reef,Mexico,,,,,,,,,,,,,,,,,,,,,,,,,,,,,,
Aristos Reef,Reef,Mexico,,,,,,,,,,,,,,,,,,,,,,,,,,,,,,
San Toribio Reef,Reef,Mexico,,,,,,,,,,,,,,,,,,,,,,,,,,,,,,
El Grampin Reef,Reef,Mexico,,,,,,,,,,,,,,,,,,,,,,,,,,,,,,
Chitales Reef,Reef,Mexico,,,,,,,,,,,,,,,,,,,,,,,,,,,,,,
Bandera Reef,Reef,Mexico,,,,,,,,,,,,,,,,,,,,,,,,,,,,,,
C-55 Mine Sweeper Shipwreck,Wreck,Mexico,,,,,,,,,,,,,,,,,,,,,,,,,,,,,,
El Barquito Shipwreck,Wreck,Mexico,,,,,,,,,,,,,,,,,,,,,,,,,,,,,,
Los Picos,Dive Site,Mexico,,,,,,,,,,,,,,,,,,,,,,,,,,,,,,
El Pesquero Shipwreck,Wreck,Mexico,,,,,,,,,,,,,,,,,,,,,,,,,,,,,,
El Meco Reef,Reef,Mexico,,,,,,,,,,,,,,,,,,,,,,,,,,,,,,
La Piedra Atravezada Reef,Reef,Mexico,,,,,,,,,,,,,,,,,,,,,,,,,,,,,,
Togian Islands,,Mexico,,,,,,,,,,,,,,,,,,,,,,,,,,,,,,
Kas Neptun,Dive Site,Turkey,,,,,,,,,,,,,,,,,,,,,,,,,,,,,,
Teos House Reef,Reef,Turkey,,,,,,,,,,,,,,,,,,,,,,,,,,,,,,
Conger City,Dive Site,Turkey,,,,,,,,,,,,,,,,,,,,,,,,,,,,,,
Fishing Wreck,Wreck,Turkey,,,,,,,,,,,,,,,,,,,,,,,,,,,,,,
SG 114 Wreck,Wreck,Turkey,,,,,,,,,,,,,,,,,,,,,,,,,,,,,,
Lego Hill,Reef,Turkey,,,,,,,,,,,,,,,,,,,,,,,,,,,,,,
Lego Hill Deep,Reef,Turkey,,,,,,,,,,,,,,,,,,,,,,,,,,,,,,
Glassy Point,Dive Site,Turkey,,,,,,,,,,,,,,,,,,,,,,,,,,,,,,
Teos Canyon,Canyon,Turkey,,,,,,,,,,,,,,,,,,,,,,,,,,,,,,
Teos Canyon Deep,Canyon,Turkey,,,,,,,,,,,,,,,,,,,,,,,,,,,,,,
Teos Heart of Fish,Dive Site,Turkey,,,,,,,,,,,,,,,,,,,,,,,,,,,,,,
Teos Amphora,Dive Site,Turkey,,,,,,,,,,,,,,,,,,,,,,,,,,,,,,
Big Reef,Reef,Turkey,,,,,,,,,,,,,,,,,,,,,,,,,,,,,,
Camel Corner,Dive Site,Turkey,,,,,,,,,,,,,,,,,,,,,,,,,,,,,,
Hot Water (Sicak Su),Dive Site,Turkey,,,,,,,,,,,,,,,,,,,,,,,,,,,,,,
Doganbey Island (Doganbey Adasi),Dive Site,Turke,,,,,,,,,,,,,,,,,,,,,,,,,,,,,,
Three Coal Barges,Wreck,United States,,,,,,,,,,,,,,,,,,,,,,,,,,,,,,
Joe Patti Barge,Wreck,United States,,,,,,,,,,,,,,,,,,,,,,,,,,,,,,
USS Massachusetts,Wreck,United States,,,,,,,,,,,,,,,,,,,,,,,,,,,,,,
San Pablo Aka Russian Freighter,Wreck,United States,,,,,,,,,,,,,,,,,,,,,,,,,,,,,,
Ocean Winds,Wreck,United States,,,,,,,,,,,,,,,,,,,,,,,,,,,,,,
Pete Tide II,Wreck,United States,,,,,,,,,,,,,,,,,,,,,,,,,,,,,,
Chevron Rig,Artificial Reef,United States,,,,,,,,,,,,,,,,,,,,,,,,,,,,,,
YDT 15 – USS Suitland,Wreck,United States,,,,,,,,,,,,,,,,,,,,,,,,,,,,,,
YDT 14 – USS Phoebus,Wreck,United States,,,,,,,,,,,,,,,,,,,,,,,,,,,,,,
Avocet,Wreck,United States,,,,,,,,,,,,,,,,,,,,,,,,,,,,,,
Antares,Wreck,United States,,,,,,,,,,,,,,,,,,,,,,,,,,,,,,
Tenneco Rig,Artificial Reef,United States,,,,,,,,,,,,,,,,,,,,,,,,,,,,,,
Park East Gulf Side Reef,Reef,United States,,,,,,,,,,,,,,,,,,,,,,,,,,,,,,
Fort Pickens (Gulf Island National Seashore),Geographical Site,United States,,,,,,,,,,,,,,,,,,,,,,,,,,,,,,
Perdido Key Snorkel Reef,Reef,United States,,,,,,,,,,,,,,,,,,,,,,,,,,,,,,
Navarre Snorkeling Reef,Reef,United States,,,,,,,,,,,,,,,,,,,,,,,,,,,,,,
Park West Bay Side & Captain Bob Quarles Reef,Reef,United States,,,,,,,,,,,,,,,,,,,,,,,,,,,,,,
Casino Beach Snorkel Reef,Reef,United States,,,,,,,,,,,,,,,,,,,,,,,,,,,,,,
Vortex Springs,Spring,United States,,,,,,,,,,,,,,,,,,,,,,,,,,,,,,
New Venture,Wreck,United States,,,,,,,,,,,,,,,,,,,,,,,,,,,,,,
Lulu,Wreck,United States,,,,,,,,,,,,,,,,,,,,,,,,,,,,,,
Liberty Ship,Wreck,United States,,,,,,,,,,,,,,,,,,,,,,,,,,,,,,
Tex Edwards Barge,Wreck,United States,,,,,,,,,,,,,,,,,,,,,,,,,,,,,,
Portofino,Geographical Site,United States,,,,,,,,,,,,,,,,,,,,,,,,,,,,,,
Casino Beach,Geographical Site,United States,,,,,,,,,,,,,,,,,,,,,,,,,,,,,,
Perdido Key,Geographical Site,United States,,,,,,,,,,,,,,,,,,,,,,,,,,,,,,
Navarre,Geographical Site,United States,,,,,,,,,,,,,,,,,,,,,,,,,,,,,,
Fort Pickens,Geographical Site,United States,,,,,,,,,,,,,,,,,,,,,,,,,,,,,,
Park West,Geographical Site,United States,,,,,,,,,,,,,,,,,,,,,,,,,,,,,,
Molokini Backwall,,USA,,,,,,,,,,,,,,,,,,,,,,,,,,,,,,
The Carthaginian 2,Wreck,USA,,,,,,,,,,,,,,,,,,,,,,,,,,,,,,
Lanai Cathedrals,,USA,,,,,,,,,,,,,,,,,,,,,,,,,,,,,,
Triple Anchors,,USA,,,,,,,,,,,,,,,,,,,,,,,,,,,,,,
La Secca della Vedova,Reef,Italy,,,,,,,,,,,,,,,,,,,,,,,,,,,,,,
Cala Sorrentino,Geographical Site,Italy,,,,,,,,,,,,,,,,,,,,,,,,,,,,,,
Cala dei Turchi,Geographical Site,Italy,,,,,,,,,,,,,,,,,,,,,,,,,,,,,,
Cala Caffè,Geographical Site,Italy,,,,,,,,,,,,,,,,,,,,,,,,,,,,,,
Punta Secca,Geographical Site,Italy,,,,,,,,,,,,,,,,,,,,,,,,,,,,,,
La Secca di Punta Secca,Reef,Italy,,,,,,,,,,,,,,,,,,,,,,,,,,,,,,
La Murata,Wall,Italy,,,,,,,,,,,,,,,,,,,,,,,,,,,,,,
Il Pianoro delle Cernie,Plateau,Italy,,,,,,,,,,,,,,,,,,,,,,,,,,,,,,
La Secca del Ferraio,Reef,Italy,,,,,,,,,,,,,,,,,,,,,,,,,,,,,,
Il Lombardo,Wreck,Italy,,,,,,,,,,,,,,,,,,,,,,,,,,,,,,
La Secca di Santa Maria,Reef,Italy,,,,,,,,,,,,,,,,,,,,,,,,,,,,,,
La Secca dei Turchi,Reef,Italy,,,,,,,,,,,,,,,,,,,,,,,,,,,,,,
Il B24,Wreck,Italy,,,,,,,,,,,,,,,,,,,,,,,,,,,,,,
Punto 55,Geographical Site,Italy,,,,,,,,,,,,,,,,,,,,,,,,,,,,,,
La Secca Capitelli,Reef,Italy,,,,,,,,,,,,,,,,,,,,,,,,,,,,,,
La Secca del Pedagno,Reef,Italy,,,,,,,,,,,,,,,,,,,,,,,,,,,,,,
Gli Archi,Arch,Italy,,,,,,,,,,,,,,,,,,,,,,,,,,,,,,
La Parete Nera,Wall,Italy,,,,,,,,,,,,,,,,,,,,,,,,,,,,,,
I Picchi di Elena,Pinnacle,Italy,,,,,,,,,,,,,,,,,,,,,,,,,,,,,,
Lo Scoglio del Sale,Rock,Italy,,,,,,,,,,,,,,,,,,,,,,,,,,,,,,
La Grotta del Sale,Cave,Italy,,,,,,,,,,,,,,,,,,,,,,,,,,,,,,
La Mina,Wreck,Italy,,,,,,,,,,,,,,,,,,,,,,,,,,,,,,
Lo Scoglio Segato,Rock,Italy,,,,,,,,,,,,,,,,,,,,,,,,,,,,,,
Grotta del Ferraio,Cave,Italy,,,,,,,,,,,,,,,,,,,,,,,,,,,,,,
Scoglio della Cernia,Rock,Italy,,,,,,,,,,,,,,,,,,,,,,,,,,,,,,
I Lastroni,Plateau,Italy,,,,,,,,,,,,,,,,,,,,,,,,,,,,,,
Le Piastre,Plateau,Italy,,,,,,,,,,,,,,,,,,,,,,,,,,,,,,
La Nave delle Tegole,Wreck,Italy,,,,,,,,,,,,,,,,,,,,,,,,,,,,,,
Il Caccia della II° G. M.,Wreck,Italy,,,,,,,,,,,,,,,,,,,,,,,,,,,,,,
Il Pielago Barlettano,Geographical Site,Italy,,,,,,,,,,,,,,,,,,,,,,,,,,,,,,
Punta del Corvo,Geographical Site,Italy,,,,,,,,,,,,,,,,,,,,,,,,,,,,,,
Il Grosso 2,Pinnacle,Italy,,,,,,,,,,,,,,,,,,,,,,,,,,,,,,
Punta Romito,Geographical Site,Italy,,,,,,,,,,,,,,,,,,,,,,,,,,,,,,
Il Grottone,Cave,Italy,,,,,,,,,,,,,,,,,,,,,,,,,,,,,,
La Secca del Cretaccio,Reef,Italy,,,,,,,,,,,,,,,,,,,,,,,,,,,,,,
Grotta delle Viole,Cave,Italy,,,,,,,,,,,,,,,,,,,,,,,,,,,,,,
Punta Elefante,Geographical Site,Italy,,,,,,,,,,,,,,,,,,,,,,,,,,,,,,
USCGC Ruby-E,,USA,,,,,,,,,,,,,,,,,,,,,,,,,,,,,,
Ingraham St Bridge,,USA,,,,,,,,,,,,,,,,,,,,,,,,,,,,,,
NOSC Tower Wreck,Wreck,USA,,,,,,,,,,,,,,,,,,,,,,,,,,,,,,
USS Hogan,Wreck,USA,,,,,,,,,,,,,,,,,,,,,,,,,,,,,,
Ancient Sea Cliffs,Wall,USA,,,,,,,,,,,,,,,,,,,,,,,,,,,,,,
Puzzle Piece Wall,Wall,USA,,,,,,,,,,,,,,,,,,,,,,,,,,,,,,
God's Rock,Rock,USA,,,,,,,,,,,,,,,,,,,,,,,,,,,,,,
Quast Rock,Rock,USA,,,,,,,,,,,,,,,,,,,,,,,,,,,,,,
Anchor Management,Wreck,USA,,,,,,,,,,,,,,,,,,,,,,,,,,,,,,
Chris's Rock,Rock,USA,,,,,,,,,,,,,,,,,,,,,,,,,,,,,,
Captains Mast,Wreck,USA,,,,,,,,,,,,,,,,,,,,,,,,,,,,,,
Ancient Caverns,Cave,USA,,,,,,,,,,,,,,,,,,,,,,,,,,,,,,
High Spot Pinnacle,Pinnacle,USA,,,,,,,,,,,,,,,,,,,,,,,,,,,,,,
Divers Disneyland,Geographical Site,USA,,,,,,,,,,,,,,,,,,,,,,,,,,,,,,
Strawberry Ledges,Ledge,USA,,,,,,,,,,,,,,,,,,,,,,,,,,,,,,
Connor's Canyon,Canyon,USA,,,,,,,,,,,,,,,,,,,,,,,,,,,,,,
Scout's Out,Geographical Site,USA,,,,,,,,,,,,,,,,,,,,,,,,,,,,,,
Murray Head Ocean Mound,Mound,USA,,,,,,,,,,,,,,,,,,,,,,,,,,,,,,
F-4 Phantom II Wreck,Wreck,USA,,,,,,,,,,,,,,,,,,,,,,,,,,,,,,
Missile Tower Technical,Geographical Site,USA,,,,,,,,,,,,,,,,,,,,,,,,,,,,,,
Cabo San Lucas Marine Reserve,Marine Reserve,Mexico,,,,,,,,,,,,,,,,,,,,,,,,,,,,,,
Sand Falls at Pelican Rock,Rock,Mexico,,,,,,,,,,,,,,,,,,,,,,,,,,,,,,
Neptune’s Finger,Rock,Mexico,,,,,,,,,,,,,,,,,,,,,,,,,,,,,,
Sea Lions Colony,Geographical Site,Mexico,,,,,,,,,,,,,,,,,,,,,,,,,,,,,,
Twin Dolphin,Geographical Site,Mexico,,,,,,,,,,,,,,,,,,,,,,,,,,,,,,
Los Morros,Rock,Mexico,,,,,,,,,,,,,,,,,,,,,,,,,,,,,,
Whales Head,Rock,Mexico,,,,,,,,,,,,,,,,,,,,,,,,,,,,,,
Chileno,Beach,Mexico,,,,,,,,,,,,,,,,,,,,,,,,,,,,,,
The Blow Hole,Cave,Mexico,,,,,,,,,,,,,,,,,,,,,,,,,,,,,,
Linda's Reef,,Indonesia,,,,,,,,,,,,,,,,,,,,,,,,,,,,,,
Takat Malang,,Indonesia,,,,,,,,,,,,,,,,,,,,,,,,,,,,,,
Air Harbour,,Indonesia,,,,,,,,,,,,,,,,,,,,,,,,,,,,,,
Bikini Atoll,,Marshall Islands*,,,,,,,,,,,,,,,,,,,,,,,,,,,,,,
Mohamed Hassabella,Wreck,Egypt,,,,,,,,,,,,,,,,,,,,,,,,,,,,,,
Al Kafain,Wreck,Egypt,,,,,,,,,,,,,,,,,,,,,,,,,,,,,,
Danaba (Shag Rock),,Egypt,,,,,,,,,,,,,,,,,,,,,,,,,,,,,,
Huvhadoo,,Maldives,,,,,,,,,,,,,,,,,,,,,,,,,,,,,,
Mergui Archipelago,,India,,,,,,,,,,,,,,,,,,,,,,,,,,,,,,
Burma Banks,,India,,,,,,,,,,,,,,,,,,,,,,,,,,,,,,
Peleliu Wall ,,Palau,,,,,,,,,,,,,,,,,,,,,,,,,,,,,,
Big Drop-Off,,Palau,,,,,,,,,,,,,,,,,,,,,,,,,,,,,,
Cabilao Island,,Philippines,,,,,,,,,,,,,,,,,,,,,,,,,,,,,,
Balicasag Island,,Philippines,,,,,,,,,,,,,,,,,,,,,,,,,,,,,,
Dauin,,Philippines,,,,,,,,,,,,,,,,,,,,,,,,,,,,,,
Southern Visayas,,Philippines,,,,,,,,,,,,,,,,,,,,,,,,,,,,,,
Malapascua Island,,Philippines,,,,,,,,,,,,,,,,,,,,,,,,,,,,,,
Cebu Island,,Philippines,,,,,,,,,,,,,,,,,,,,,,,,,,,,,,
Panglao Island,,Philippines,,,,,,,,,,,,,,,,,,,,,,,,,,,,,,
Pescador Island,,Philippines,,,,,,,,,,,,,,,,,,,,,,,,,,,,,,
Southern Leyte,,Philippines,,,,,,,,,,,,,,,,,,,,,,,,,,,,,,
Solomon Islands,,Melanesia,,,,,,,,,,,,,,,,,,,,,,,,,,,,,,
Koh Lipe,,Thailand,,,,,,,,,,,,,,,,,,,,,,,,,,,,,,
Kavachi Corner,Corner,Melanesia,,,,,,,,,,,,,,,,,,,,,,,,,,,,,,
Taiyo Fishing Boat,Wreck,Melanesia,,,,,,,,,,,,,,,,,,,,,,,,,,,,,,
Mbulo Island Cathedral,Cathedral,Melanesia,,,,,,,,,,,,,,,,,,,,,,,,,,,,,,
Marovo Lagoon,Lagoon,Melanesia,,,,,,,,,,,,,,,,,,,,,,,,,,,,,,
Mirror Pond,Pond,Melanesia,,,,,,,,,,,,,,,,,,,,,,,,,,,,,,
Guadalcanal,Island,Melanesia,,,,,,,,,,,,,,,,,,,,,,,,,,,,,,
Russell Islands,Islands,Melanesia,,,,,,,,,,,,,,,,,,,,,,,,,,,,,,
Mary Island,Island,Melanesia,,,,,,,,,,,,,,,,,,,,,,,,,,,,,,
New Georgia Rendova,Islands,Melanesia,,,,,,,,,,,,,,,,,,,,,,,,,,,,,,
Rasfari Corner,,Maldives,,,,,,,,,,,,,,,,,,,,,,,,,,,,,,
Bathalaamaagaa Kanthila,,Maldives,,,,,,,,,,,,,,,,,,,,,,,,,,,,,,
Moofushi Kandu (Manta Point),,Maldives,,,,,,,,,,,,,,,,,,,,,,,,,,,,,,
Muli Corner,,Maldives,,,,,,,,,,,,,,,,,,,,,,,,,,,,,,
Kadavu island,,Fiji,,,,,,,,,,,,,,,,,,,,,,,,,,,,,,
Great Astrolabe Reef,,Fiji,,,,,,,,,,,,,,,,,,,,,,,,,,,,,,
Cocoa Corner,,Maldives,,,,,,,,,,,,,,,,,,,,,,,,,,,,,,
Guraidhoo,,Maldives,,,,,,,,,,,,,,,,,,,,,,,,,,,,,,
Sexy Reef,,Maldives,,,,,,,,,,,,,,,,,,,,,,,,,,,,,,
Miyaru Faru,,Maldives,,,,,,,,,,,,,,,,,,,,,,,,,,,,,,
Embudhoo Express,,Maldives,,,,,,,,,,,,,,,,,,,,,,,,,,,,,,
Vadhoo Caves,,Maldives,,,,,,,,,,,,,,,,,,,,,,,,,,,,,,
Beaufort NC,,USA,,,,,,,,,,,,,,,,,,,,,,,,,,,,,,
Turks & Caicos,,UK,,,,,,,,,,,,,,,,,,,,,,,,,,,,,,
Truk Atoll,,Micronesia,,,,,,,,,,,,,,,,,,,,,,,,,,,,,,
Kiyosumi Maru,,Micronesia,,,,,,,,,,,,,,,,,,,,,,,,,,,,,,
Yamagiri Maru,,Micronesia,,,,,,,,,,,,,,,,,,,,,,,,,,,,,,
Fumitzuki Destroyer,,Micronesia,,,,,,,,,,,,,,,,,,,,,,,,,,,,,,
Shinkoku Maru,,Micronesia,,,,,,,,,,,,,,,,,,,,,,,,,,,,,,
Nippo Maru,,Micronesia,,,,,,,,,,,,,,,,,,,,,,,,,,,,,,
Heian Maru,,Micronesia,,,,,,,,,,,,,,,,,,,,,,,,,,,,,,
Unkai Maru,,Micronesia,,,,,,,,,,,,,,,,,,,,,,,,,,,,,,
Sankisan Maru,,Micronesia,,,,,,,,,,,,,,,,,,,,,,,,,,,,,,
Rio De Janeiro,,Micronesia,,,,,,,,,,,,,,,,,,,,,,,,,,,,,,
Hoki Maru,,Micronesia,,,,,,,,,,,,,,,,,,,,,,,,,,,,,,
Fujikawa Maru,,Micronesia,,,,,,,,,,,,,,,,,,,,,,,,,,,,,,
Seiko Maru,,Micronesia,,,,,,,,,,,,,,,,,,,,,,,,,,,,,,
Kensho Maru,,Micronesia,,,,,,,,,,,,,,,,,,,,,,,,,,,,,,
I-169 Japanese Submarine,,Micronesia,,,,,,,,,,,,,,,,,,,,,,,,,,,,,,
San Francisco Maru,,Micronesia,,,,,,,,,,,,,,,,,,,,,,,,,,,,,,
Hora Point,Point,Indonesia,,,,,,,,,,,,,,,,,,,,,,,,,,,,,,
Nain,Island,Indonesia,,,,,,,,,,,,,,,,,,,,,,,,,,,,,,
Helga Point,Point,Indonesia,,,,,,,,,,,,,,,,,,,,,,,,,,,,,,
Jalan Masuk,Muck,Indonesia,,,,,,,,,,,,,,,,,,,,,,,,,,,,,,
Bunaken National Marine Park North,Marine Park,Indonesia,,,,,,,,,,,,,,,,,,,,,,,,,,,,,,
Celebes Sea,Sea,Indonesia,,,,,,,,,,,,,,,,,,,,,,,,,,,,,,
Tangkasi,Point,Indonesia,,,,,,,,,,,,,,,,,,,,,,,,,,,,,,
Montage Point,Point,Indonesia,,,,,,,,,,,,,,,,,,,,,,,,,,,,,,
Buhias,Reef,Indonesia,,,,,,,,,,,,,,,,,,,,,,,,,,,,,,
Pangalingan Tanjung Parigi,Wall,Indonesia,,,,,,,,,,,,,,,,,,,,,,,,,,,,,,
Raymond's Point,Point,Indonesia,,,,,,,,,,,,,,,,,,,,,,,,,,,,,,
Sachiko's Point,Point,Indonesia,,,,,,,,,,,,,,,,,,,,,,,,,,,,,,
Benny's Point,Point,Indonesia,,,,,,,,,,,,,,,,,,,,,,,,,,,,,,
Ron's Point,Point,Indonesia,,,,,,,,,,,,,,,,,,,,,,,,,,,,,,
Johnson's Wall,Wall,Indonesia,,,,,,,,,,,,,,,,,,,,,,,,,,,,,,
Ghuntur's,Point,Indonesia,,,,,,,,,,,,,,,,,,,,,,,,,,,,,,
Bunaken Timur Tihawo,Wall,Indonesia,,,,,,,,,,,,,,,,,,,,,,,,,,,,,,
Abang Kalumpang Gabet,Reef,Indonesia,,,,,,,,,,,,,,,,,,,,,,,,,,,,,,
Sal's Point,Point,Indonesia,,,,,,,,,,,,,,,,,,,,,,,,,,,,,,
Napo Mera's,Reef,Indonesia,,,,,,,,,,,,,,,,,,,,,,,,,,,,,,
Bunaken National Marine Park South,Marine Park,Indonesia,,,,,,,,,,,,,,,,,,,,,,,,,,,,,,
Tanjung Arus,Point,Indonesia,,,,,,,,,,,,,,,,,,,,,,,,,,,,,,
North Talise Pinnacles,Pinnacles,Indonesia,,,,,,,,,,,,,,,,,,,,,,,,,,,,,,
Talise,Island,Indonesia,,,,,,,,,,,,,,,,,,,,,,,,,,,,,,
Gangga,Island,Indonesia,,,,,,,,,,,,,,,,,,,,,,,,,,,,,,
Lihaga North East,Reef,Indonesia,,,,,,,,,,,,,,,,,,,,,,,,,,,,,,
Tanjung Torowitan,Point,Indonesia,,,,,,,,,,,,,,,,,,,,,,,,,,,,,,
Lihaga South East,Reef,Indonesia,,,,,,,,,,,,,,,,,,,,,,,,,,,,,,
Teluk Kora Kora,Bay,Indonesia,,,,,,,,,,,,,,,,,,,,,,,,,,,,,,
Batu Gosok,Rock,Indonesia,,,,,,,,,,,,,,,,,,,,,,,,,,,,,,
Bangka,Island,Indonesia,,,,,,,,,,,,,,,,,,,,,,,,,,,,,,
Maluku Sea,Sea,Indonesia,,,,,,,,,,,,,,,,,,,,,,,,,,,,,,
Gangga Lake,Lake,Indonesia,,,,,,,,,,,,,,,,,,,,,,,,,,,,,,
Sahaung Lagoon,Lagoon,Indonesia,,,,,,,,,,,,,,,,,,,,,,,,,,,,,,
Tanjung Usi,Point,Indonesia,,,,,,,,,,,,,,,,,,,,,,,,,,,,,,
Tanjung Toto,Point,Indonesia,,,,,,,,,,,,,,,,,,,,,,,,,,,,,,
Sabina Timur,Reef,Indonesia,,,,,,,,,,,,,,,,,,,,,,,,,,,,,,
Sahaung Batu,Rock,Indonesia,,,,,,,,,,,,,,,,,,,,,,,,,,,,,,
Paradise Jetty,Jetty,Indonesia,,,,,,,,,,,,,,,,,,,,,,,,,,,,,,
Likupang,Reef,Indonesia,,,,,,,,,,,,,,,,,,,,,,,,,,,,,,
Mapanget,Reef,Indonesia,,,,,,,,,,,,,,,,,,,,,,,,,,,,,,
Marina Reclamation Point,Reef,Indonesia,,,,,,,,,,,,,,,,,,,,,,,,,,,,,,
Manado,City Reef,Indonesia,,,,,,,,,,,,,,,,,,,,,,,,,,,,,,
Mount Klabat,Volcano,Indonesia,,,,,,,,,,,,,,,,,,,,,,,,,,,,,,
New Mandarin Point,Point,Indonesia,,,,,,,,,,,,,,,,,,,,,,,,,,,,,,
45 Bananas,Reef,Indonesia,,,,,,,,,,,,,,,,,,,,,,,,,,,,,,
Tagaroa Point,Point,Indonesia,,,,,,,,,,,,,,,,,,,,,,,,,,,,,,
Lumbalumba,Reef,Indonesia,,,,,,,,,,,,,,,,,,,,,,,,,,,,,,
PooPoh 2,Muck,Indonesia,,,,,,,,,,,,,,,,,,,,,,,,,,,,,,
PooPoh,Muck,Indonesia,,,,,,,,,,,,,,,,,,,,,,,,,,,,,,
Pygmy Point,Muck,Indonesia,,,,,,,,,,,,,,,,,,,,,,,,,,,,,,
Tanjung Pulisan,Point,Indonesia,,,,,,,,,,,,,,,,,,,,,,,,,,,,,,
Tangkoko National Park,Marine Park,Indonesia,,,,,,,,,,,,,,,,,,,,,,,,,,,,,,
Mount Dua Sudara,Volcano,Indonesia,,,,,,,,,,,,,,,,,,,,,,,,,,,,,,
Hairball II,Muck,Indonesia,,,,,,,,,,,,,,,,,,,,,,,,,,,,,,
Air Pang,Muck,Indonesia,,,,,,,,,,,,,,,,,,,,,,,,,,,,,,
Rina Wreck,Wreck,Indonesia,,,,,,,,,,,,,,,,,,,,,,,,,,,,,,
Serena West,Muck,Indonesia,,,,,,,,,,,,,,,,,,,,,,,,,,,,,,
Bimoli Wreck,Wreck,Indonesia,,,,,,,,,,,,,,,,,,,,,,,,,,,,,,
Serena North,Muck,Indonesia,,,,,,,,,,,,,,,,,,,,,,,,,,,,,,
Tomohon,Highland,Indonesia,,,,,,,,,,,,,,,,,,,,,,,,,,,,,,
Goby and Crab,Muck,Indonesia,,,,,,,,,,,,,,,,,,,,,,,,,,,,,,
Tyrrell Bay,,Grenada,,,,,,,,,,,,,,,,,,,,,,,,,,,,,,
Chaloklum West Lighthouse,,Thailand,,,,,,,,,,,,,,,,,,,,,,,,,,,,,,
Haad Salad,,Thailand,,,,,,,,,,,,,,,,,,,,,,,,,,,,,,
Koh Ma,,Thailand,,,,,,,,,,,,,,,,,,,,,,,,,,,,,,
Koh Kong,,Thailand,,,,,,,,,,,,,,,,,,,,,,,,,,,,,,
Sambos Reef,,USA,,,,,,,,,,,,,,,,,,,,,,,,,,,,,,
Cayman Salvage,,USA,,,,,,,,,,,,,,,,,,,,,,,,,,,,,,
Turtle Rock,,Thailand,,,,,,,,,,,,,,,,,,,,,,,,,,,,,,
Banana Bay,,Thailand,,,,,,,,,,,,,,,,,,,,,,,,,,,,,,
Bungalow Bay,,Thailand,,,,,,,,,,,,,,,,,,,,,,,,,,,,,,
Cantarell Eagle Ray Wall,Wall,Mexico,,,,,,,,,,,,,,,,,,,,,,,,,,,,,,
Buttermilk Wall,Wall,Mexico,,,,,,,,,,,,,,,,,,,,,,,,,,,,,,
Paraiso Reef,Reef,Mexico,,,,,,,,,,,,,,,,,,,,,,,,,,,,,,
Las Palmas,Reef,Mexico,,,,,,,,,,,,,,,,,,,,,,,,,,,,,,
Chankanaab Bolones,Reef,Mexico,,,,,,,,,,,,,,,,,,,,,,,,,,,,,,
C53 – Felipe Xicotencatl,Wreck,Mexico,,,,,,,,,,,,,,,,,,,,,,,,,,,,,,
San Francisco Wall,Wall,Mexico,,,,,,,,,,,,,,,,,,,,,,,,,,,,,,
Palancar Bricks,Reef,Mexico,,,,,,,,,,,,,,,,,,,,,,,,,,,,,,
Colombia Reef,Reef,Mexico,,,,,,,,,,,,,,,,,,,,,,,,,,,,,,
Colombia Deep,Reef,Mexico,,,,,,,,,,,,,,,,,,,,,,,,,,,,,,
Devil's Throat,Drop-off/Maze,Mexico,,,,,,,,,,,,,,,,,,,,,,,,,,,,,,
Maracaibo Shallows,Reef,Mexico,,,,,,,,,,,,,,,,,,,,,,,,,,,,,,
Chun Chakaab Reef,Reef,Mexico,,,,,,,,,,,,,,,,,,,,,,,,,,,,,,
Bajo de Molas,Reef,Mexico,,,,,,,,,,,,,,,,,,,,,,,,,,,,,,
Punta Molas,Reef/Massive Wall,Mexico,,,,,,,,,,,,,,,,,,,,,,,,,,,,,,
Punta Chiquero,Reef,Mexico,,,,,,,,,,,,,,,,,,,,,,,,,,,,,,
Eagle Ray Pass,Pass,Cayman Islands,,,,,,,,,,,,,,,,,,,,,,,,,,,,,,
Princess Pennies Pinnacle,Pinnacle,Cayman Islands,,,,,,,,,,,,,,,,,,,,,,,,,,,,,,
Lemon Reef,Reef,Cayman Islands,,,,,,,,,,,,,,,,,,,,,,,,,,,,,,
Roberts Wall,Wall,Cayman Islands,,,,,,,,,,,,,,,,,,,,,,,,,,,,,,
Roundabout,Reef,Cayman Islands,,,,,,,,,,,,,,,,,,,,,,,,,,,,,,
Round Rock,Rock,Cayman Islands,,,,,,,,,,,,,,,,,,,,,,,,,,,,,,
Big Tunnels,Cavern,Cayman Islands,,,,,,,,,,,,,,,,,,,,,,,,,,,,,,
Bonnie’s Arch,Arch,Cayman Islands,,,,,,,,,,,,,,,,,,,,,,,,,,,,,,
Bolero,Reef,Cayman Islands,,,,,,,,,,,,,,,,,,,,,,,,,,,,,,
Victoria’s Secret,Reef,Cayman Islands,,,,,,,,,,,,,,,,,,,,,,,,,,,,,,
Laura’s Reef,Reef,Cayman Islands,,,,,,,,,,,,,,,,,,,,,,,,,,,,,,
Red Bay Caves,Cave,Cayman Islands,,,,,,,,,,,,,,,,,,,,,,,,,,,,,,
Charlies Caverns,Cave,Cayman Islands,,,,,,,,,,,,,,,,,,,,,,,,,,,,,,
Ned’s Tunnels,Cavern,Cayman Islands,,,,,,,,,,,,,,,,,,,,,,,,,,,,,,
Sky’s Arch,Arch,Cayman Islands,,,,,,,,,,,,,,,,,,,,,,,,,,,,,,
Sarah's Set,Reef,Cayman Islands,,,,,,,,,,,,,,,,,,,,,,,,,,,,,,
Ann's Attic,Reef,Cayman Islands,,,,,,,,,,,,,,,,,,,,,,,,,,,,,,
Marylin's Cut,Channel,Cayman Islands,,,,,,,,,,,,,,,,,,,,,,,,,,,,,,
Donna's Delight,Reef,Cayman Islands,,,,,,,,,,,,,,,,,,,,,,,,,,,,,,
Randy's Gazebo,Reef,Cayman Islands,,,,,,,,,,,,,,,,,,,,,,,,,,,,,,
Ringer's Wall,Wall,Cayman Islands,,,,,,,,,,,,,,,,,,,,,,,,,,,,,,
Lea Lea's Lookout,Point,Cayman Islands,,,,,,,,,,,,,,,,,,,,,,,,,,,,,,
Coconut Walk,Reef,Cayman Islands,,,,,,,,,,,,,,,,,,,,,,,,,,,,,,
Joy's Joy,Reef,Cayman Islands,,,,,,,,,,,,,,,,,,,,,,,,,,,,,,
Dottie's Hot Spot,Reef,Cayman Islands,,,,,,,,,,,,,,,,,,,,,,,,,,,,,,
Tibbetts Top,Reef,Cayman Islands,,,,,,,,,,,,,,,,,,,,,,,,,,,,,,
McCoy's Wall,Wall,Cayman Islands,,,,,,,,,,,,,,,,,,,,,,,,,,,,,,
Martha's Finyard,Reef,Cayman Islands,,,,,,,,,,,,,,,,,,,,,,,,,,,,,,
Ron's Rocks,Rock,Cayman Islands,,,,,,,,,,,,,,,,,,,,,,,,,,,,,,
Lighthouse Shallows,Shallows,Cayman Islands,,,,,,,,,,,,,,,,,,,,,,,,,,,,,,
Pirate's Point Reef,Reef,Cayman Islands,,,,,,,,,,,,,,,,,,,,,,,,,,,,,,
Richard's Reef,Reef,Cayman Islands,,,,,,,,,,,,,,,,,,,,,,,,,,,,,,
Dynamite Dropoff,Drop-off,Cayman Islands,,,,,,,,,,,,,,,,,,,,,,,,,,,,,,
Charlie's Chimney,Chimney,Cayman Islands,,,,,,,,,,,,,,,,,,,,,,,,,,,,,,
Cumber's Caves,Cave/Cavern,Cayman Islands,,,,,,,,,,,,,,,,,,,,,,,,,,,,,,
Jackson Wall & Reef,Wall/Reef,Cayman Islands,,,,,,,,,,,,,,,,,,,,,,,,,,,,,,
Mike's Mountain,Pinnacle,Cayman Islands,,,,,,,,,,,,,,,,,,,,,,,,,,,,,,
Nancy's Cup Of Tea,Reef,Cayman Islands,,,,,,,,,,,,,,,,,,,,,,,,,,,,,,
Paul's Anchors,Reef,Cayman Islands,,,,,,,,,,,,,,,,,,,,,,,,,,,,,,
Lappy's Leap,Reef,Cayman Islands,,,,,,,,,,,,,,,,,,,,,,,,,,,,,,
Grundy's Reef,Reef,Cayman Islands,,,,,,,,,,,,,,,,,,,,,,,,,,,,,,
Howard's Hole,Cave/Cavern,Cayman Islands,,,,,,,,,,,,,,,,,,,,,,,,,,,,,,
Grundy's Gardens,Garden,Cayman Islands,,,,,,,,,,,,,,,,,,,,,,,,,,,,,,
Uncle Luky's,Reef,Cayman Islands,,,,,,,,,,,,,,,,,,,,,,,,,,,,,,
Gay's Reef,Reef,Cayman Islands,,,,,,,,,,,,,,,,,,,,,,,,,,,,,,
Splitville,Channel,Cayman Islands,,,,,,,,,,,,,,,,,,,,,,,,,,,,,,
Lucas's Ledges,Ledge,Cayman Islands,,,,,,,,,,,,,,,,,,,,,,,,,,,,,,
Rock House Wall,Wall,Cayman Islands,,,,,,,,,,,,,,,,,,,,,,,,,,,,,,
La Faille,,France,,,,,,,,,,,,,,,,,,,,,,,,,,,,,,
Les Rochers de la Sorcière,,France,,,,,,,,,,,,,,,,,,,,,,,,,,,,,,
La Marche,,France,,,,,,,,,,,,,,,,,,,,,,,,,,,,,,
Les Récifs Artificiels,,France,,,,,,,,,,,,,,,,,,,,,,,,,,,,,,
L'Oasis,,France,,,,,,,,,,,,,,,,,,,,,,,,,,,,,,
Le Japonais,,France,,,,,,,,,,,,,,,,,,,,,,,,,,,,,,
La Barge,,France,,,,,,,,,,,,,,,,,,,,,,,,,,,,,,
Koh Waen Train,,Thailand,,,,,,,,,,,,,,,,,,,,,,,,,,,,,,
Koh Rok,,Thailand,,,,,,,,,,,,,,,,,,,,,,,,,,,,,,
Dial Rock,Rock,South Africa,,,,,,,,,,,,,,,,,,,,,,,,,,,,,,
Slipways,Geographical Site,South Africa,,,,,,,,,,,,,,,,,,,,,,,,,,,,,,
Barrack Rock,Rock,South Africa,,,,,,,,,,,,,,,,,,,,,,,,,,,,,,
Paaltjies,Reef,South Africa,,,,,,,,,,,,,,,,,,,,,,,,,,,,,,
Jutten Island,Island,South Africa,,,,,,,,,,,,,,,,,,,,,,,,,,,,,,
Needles,Rock,South Africa,,,,,,,,,,,,,,,,,,,,,,,,,,,,,,
Seven Blinders,Reef,South Africa,,,,,,,,,,,,,,,,,,,,,,,,,,,,,,
North Cardinal Wall,Wall,South Africa,,,,,,,,,,,,,,,,,,,,,,,,,,,,,,
Cuttlefish Alley,Reef/Site,South Africa,,,,,,,,,,,,,,,,,,,,,,,,,,,,,,
Langebaan Divers Wall,Wall,South Africa,,,,,,,,,,,,,,,,,,,,,,,,,,,,,,
Lynch Blinder,Reef,South Africa,,,,,,,,,,,,,,,,,,,,,,,,,,,,,,
Yacht Club,Geographical Site,South Africa,,,,,,,,,,,,,,,,,,,,,,,,,,,,,,
USS Algol (AKA-54),Wreck,USA,,,,,,,,,,,,,,,,,,,,,,,,,,,,,,
The Stolt Dagali,Wreck,USA,,,,,,,,,,,,,,,,,,,,,,,,,,,,,,
Pinta,Wreck,USA,,,,,,,,,,,,,,,,,,,,,,,,,,,,,,
Gulftrade,Wreck,USA,,,,,,,,,,,,,,,,,,,,,,,,,,,,,,
Cooper River,,USA,,,,,,,,,,,,,,,,,,,,,,,,,,,,,,
Murrells Inlet,,USA,,,,,,,,,,,,,,,,,,,,,,,,,,,,,,
Krk,,Croatia,,,,,,,,,,,,,,,,,,,,,,,,,,,,,,
Lake Allure,,USA,,,,,,,,,,,,,,,,,,,,,,,,,,,,,,
Willow Springs,,USA,,,,,,,,,,,,,,,,,,,,,,,,,,,,,,
Sangihe Archipelago,,Indonesia,,,,,,,,,,,,,,,,,,,,,,,,,,,,,,
The Tradeswoman,Geographical Site,France,,,,,,,,,,,,,,,,,,,,,,,,,,,,,,
The Search,Geographical Site,France,,,,,,,,,,,,,,,,,,,,,,,,,,,,,,
Needle Point,Point,France,,,,,,,,,,,,,,,,,,,,,,,,,,,,,,
Saint Elme,Geographical Site,France,,,,,,,,,,,,,,,,,,,,,,,,,,,,,,
Trayas Cave,Cave,France,,,,,,,,,,,,,,,,,,,,,,,,,,,,,,
Roche Maëva,Rock,France,,,,,,,,,,,,,,,,,,,,,,,,,,,,,,
Roche d'Aurelles,Rock,France,,,,,,,,,,,,,,,,,,,,,,,,,,,,,,
Little Cap Roux,Geographical Site,France,,,,,,,,,,,,,,,,,,,,,,,,,,,,,,
The Laure,Geographical Site,France,,,,,,,,,,,,,,,,,,,,,,,,,,,,,,
Grand Cap Roux,Geographical Site,France,,,,,,,,,,,,,,,,,,,,,,,,,,,,,,
The Cow,Geographical Site,France,,,,,,,,,,,,,,,,,,,,,,,,,,,,,,
Antheor's Barges,Wreck,France,,,,,,,,,,,,,,,,,,,,,,,,,,,,,,
Tiboulen de Maïre,Geographical Site,France,,,,,,,,,,,,,,,,,,,,,,,,,,,,,,
Cap de Maïre,Geographical Site,France,,,,,,,,,,,,,,,,,,,,,,,,,,,,,,
The Bathtub,Geographical Site,France,,,,,,,,,,,,,,,,,,,,,,,,,,,,,,
The Pharillons,Geographical Site,France,,,,,,,,,,,,,,,,,,,,,,,,,,,,,,
Lebanon,Geographical Site,France,,,,,,,,,,,,,,,,,,,,,,,,,,,,,,
The Cheeses,Geographical Site,France,,,,,,,,,,,,,,,,,,,,,,,,,,,,,,
Grand Saint-Antoine,Geographical Site,France,,,,,,,,,,,,,,,,,,,,,,,,,,,,,,
Cap Jarron,Geographical Site,France,,,,,,,,,,,,,,,,,,,,,,,,,,,,,,
Briançon Stone,Rock,France,,,,,,,,,,,,,,,,,,,,,,,,,,,,,,
The Rainbow Cave,Cave,France,,,,,,,,,,,,,,,,,,,,,,,,,,,,,,
The Mysterious Cave,Cave,France,,,,,,,,,,,,,,,,,,,,,,,,,,,,,,
Calanque de Pouars,Geographical Site,France,,,,,,,,,,,,,,,,,,,,,,,,,,,,,,
La Grotte à Peres,Cave,France,,,,,,,,,,,,,,,,,,,,,,,,,,,,,,
Les Failles de Plane,Geographical Site,France,,,,,,,,,,,,,,,,,,,,,,,,,,,,,,
Les Moyadons,Geographical Site,France,,,,,,,,,,,,,,,,,,,,,,,,,,,,,,
Les Moyades,Geographical Site,France,,,,,,,,,,,,,,,,,,,,,,,,,,,,,,
La Boulajade,Geographical Site,France,,,,,,,,,,,,,,,,,,,,,,,,,,,,,,
Pointe Caramassaigne,Point,France,,,,,,,,,,,,,,,,,,,,,,,,,,,,,,
Impérial de Terre,Geographical Site,France,,,,,,,,,,,,,,,,,,,,,,,,,,,,,,
Impérial du Milieu,Geographical Site,France,,,,,,,,,,,,,,,,,,,,,,,,,,,,,,
Impérial du Large,Geographical Site,France,,,,,,,,,,,,,,,,,,,,,,,,,,,,,,
Le Petit Conglouë,Geographical Site,France,,,,,,,,,,,,,,,,,,,,,,,,,,,,,,
Le Veyron,Wreck,France,,,,,,,,,,,,,,,,,,,,,,,,,,,,,,
Latécoère,Wreck,France,,,,,,,,,,,,,,,,,,,,,,,,,,,,,,
Messerschmitt,Wreck,France,,,,,,,,,,,,,,,,,,,,,,,,,,,,,,
The Dalton,Wreck,France,,,,,,,,,,,,,,,,,,,,,,,,,,,,,,
The Chaouen,Wreck,France,,,,,,,,,,,,,,,,,,,,,,,,,,,,,,
The Drôme,Wreck,France,,,,,,,,,,,,,,,,,,,,,,,,,,,,,,
The Miquelon,Wreck,France,,,,,,,,,,,,,,,,,,,,,,,,,,,,,,
The Junker,Wreck,France,,,,,,,,,,,,,,,,,,,,,,,,,,,,,,
The Saint-Dominique,Wreck,France,,,,,,,,,,,,,,,,,,,,,,,,,,,,,,
The Lagoubran,Wreck,France,,,,,,,,,,,,,,,,,,,,,,,,,,,,,,
Eye Stone,Rock,France,,,,,,,,,,,,,,,,,,,,,,,,,,,,,,
Tiboulen of Frioul,Geographical Site,France,,,,,,,,,,,,,,,,,,,,,,,,,,,,,,
Cap Caveau,Geographical Site,France,,,,,,,,,,,,,,,,,,,,,,,,,,,,,,
Corbes,Geographical Site,France,,,,,,,,,,,,,,,,,,,,,,,,,,,,,,
Dome,Geographical Site,France,,,,,,,,,,,,,,,,,,,,,,,,,,,,,,
Maya,Geographical Site,France,,,,,,,,,,,,,,,,,,,,,,,,,,,,,,
Amphora Shipwrecks,Wreck,France,,,,,,,,,,,,,,,,,,,,,,,,,,,,,,
Noppharat Thara Beach,,Thailand,,,,,,,,,,,,,,,,,,,,,,,,,,,,,,
Ao-Nang Beach,,Thailand,,,,,,,,,,,,,,,,,,,,,,,,,,,,,,
Longtails to Railay Beach,,Thailand,,,,,,,,,,,,,,,,,,,,,,,,,,,,,,
Tonsai Beach,,Thailand,,,,,,,,,,,,,,,,,,,,,,,,,,,,,,
Railay Beach West,,Thailand,,,,,,,,,,,,,,,,,,,,,,,,,,,,,,
Railay Beach East,,Thailand,,,,,,,,,,,,,,,,,,,,,,,,,,,,,,
Phra Nang Bay,,Thailand,,,,,,,,,,,,,,,,,,,,,,,,,,,,,,
Phra Nang Cave,,Thailand,,,,,,,,,,,,,,,,,,,,,,,,,,,,,,
View Point & Lagoon,,Thailand,,,,,,,,,,,,,,,,,,,,,,,,,,,,,,
Koh Daeng,,Thailand,,,,,,,,,,,,,,,,,,,,,,,,,,,,,,
Koh Samet,,Thailand,,,,,,,,,,,,,,,,,,,,,,,,,,,,,,
Koh Meurai,,Thailand,,,,,,,,,,,,,,,,,,,,,,,,,,,,,,
Koh Talu,,Thailand,,,,,,,,,,,,,,,,,,,,,,,,,,,,,,
Koh Dor,,Thailand,,,,,,,,,,,,,,,,,,,,,,,,,,,,,,
Koh Yawasam,,Thailand,,,,,,,,,,,,,,,,,,,,,,,,,,,,,,
Talibong Wreck,,Thailand,,,,,,,,,,,,,,,,,,,,,,,,,,,,,,
Pra Tong Wreck,,Thailand,,,,,,,,,,,,,,,,,,,,,,,,,,,,,,
Rawee Wreck,,Thailand,,,,,,,,,,,,,,,,,,,,,,,,,,,,,,
Koh Haa,,Thailand,,,,,,,,,,,,,,,,,,,,,,,,,,,,,,
Koh Sii,,Thailand,,,,,,,,,,,,,,,,,,,,,,,,,,,,,,
Koh Thalad Noi,,Thailand,,,,,,,,,,,,,,,,,,,,,,,,,,,,,,
Koh Poda,,Thailand,,,,,,,,,,,,,,,,,,,,,,,,,,,,,,
Thap Island,,Thailand,,,,,,,,,,,,,,,,,,,,,,,,,,,,,,
Chicken Island,,Thailand,,,,,,,,,,,,,,,,,,,,,,,,,,,,,,
Koh Khom,,Thailand,,,,,,,,,,,,,,,,,,,,,,,,,,,,,,
Koh Yawabom,,Thailand,,,,,,,,,,,,,,,,,,,,,,,,,,,,,,
Koh Yung,,Thailand,,,,,,,,,,,,,,,,,,,,,,,,,,,,,,
Bamboo Island,,Thailand,,,,,,,,,,,,,,,,,,,,,,,,,,,,,,
Laem Tong,,Thailand,,,,,,,,,,,,,,,,,,,,,,,,,,,,,,
Hin Klang,,Thailand,,,,,,,,,,,,,,,,,,,,,,,,,,,,,,
Laana Bay,,Thailand,,,,,,,,,,,,,,,,,,,,,,,,,,,,,,
Ao-Nui,,Thailand,,,,,,,,,,,,,,,,,,,,,,,,,,,,,,
Loh Dalam Bay,,Thailand,,,,,,,,,,,,,,,,,,,,,,,,,,,,,,
Monkey Bay,,Thailand,,,,,,,,,,,,,,,,,,,,,,,,,,,,,,
Red Wall,,Thailand,,,,,,,,,,,,,,,,,,,,,,,,,,,,,,
Wang Long Bay,,Thailand,,,,,,,,,,,,,,,,,,,,,,,,,,,,,,
Wang Long Wall,,Thailand,,,,,,,,,,,,,,,,,,,,,,,,,,,,,,
Tonsai Bay,,Thailand,,,,,,,,,,,,,,,,,,,,,,,,,,,,,,
Hin Dot,,Thailand,,,,,,,,,,,,,,,,,,,,,,,,,,,,,,
Hin Phae,,Thailand,,,,,,,,,,,,,,,,,,,,,,,,,,,,,,
Mushroom Rock,,Thailand,,,,,,,,,,,,,,,,,,,,,,,,,,,,,,
Viking Cave,,Thailand,,,,,,,,,,,,,,,,,,,,,,,,,,,,,,
Kred Geo Wreck,,Thailand,,,,,,,,,,,,,,,,,,,,,,,,,,,,,,
Maya Nui,,Thailand,,,,,,,,,,,,,,,,,,,,,,,,,,,,,,
Maya Corner,,Thailand,,,,,,,,,,,,,,,,,,,,,,,,,,,,,,
Maya Bay,,Thailand,,,,,,,,,,,,,,,,,,,,,,,,,,,,,,
Phi Ley Wall - Bay 1,,Thailand,,,,,,,,,,,,,,,,,,,,,,,,,,,,,,
Phi Ley Wall - Bay 2,,Thailand,,,,,,,,,,,,,,,,,,,,,,,,,,,,,,
Losama Bay & Pinnacle,,Thailand,,,,,,,,,,,,,,,,,,,,,,,,,,,,,,
Whaleshark Wall,,Thailand,,,,,,,,,,,,,,,,,,,,,,,,,,,,,,
Dream House,,Fiji,,,,,,,,,,,,,,,,,,,,,,,,,,,,,,
Purple Garden,,Fiji,,,,,,,,,,,,,,,,,,,,,,,,,,,,,,
Dungeons and Dragons,,Fiji,,,,,,,,,,,,,,,,,,,,,,,,,,,,,,
Turtle Alley,,Fiji,,,,,,,,,,,,,,,,,,,,,,,,,,,,,,
Golden Nuggets,,Fiji,,,,,,,,,,,,,,,,,,,,,,,,,,,,,,
Grand Central Station at Namena,,Fiji,,,,,,,,,,,,,,,,,,,,,,,,,,,,,,
Chimmneys at Namena,,Fiji,,,,,,,,,,,,,,,,,,,,,,,,,,,,,,
Laguna de Kaan Luum,,Mexico,,,,,,,,,,,,,,,,,,,,,,,,,,,,,,
Yalahau Cenote,,Mexico,,,,,,,,,,,,,,,,,,,,,,,,,,,,,,
Yaxche Cenote,,Mexico,,,,,,,,,,,,,,,,,,,,,,,,,,,,,,
Pet Cementery Cenote,,Mexico,,,,,,,,,,,,,,,,,,,,,,,,,,,,,,
Aktun Koh Cenote,,Mexico,,,,,,,,,,,,,,,,,,,,,,,,,,,,,,
Dos Pisos Cenote,,Mexico,,,,,,,,,,,,,,,,,,,,,,,,,,,,,,
Chan Hol Cenote,,Mexico,,,,,,,,,,,,,,,,,,,,,,,,,,,,,,
La Reina,,Mexico,,,,,,,,,,,,,,,,,,,,,,,,,,,,,,
El Bajito,,Mexico,,,,,,,,,,,,,,,,,,,,,,,,,,,,,,
Blackwater Dive,,USA,,,,,,,,,,,,,,,,,,,,,,,,,,,,,,
Kailua-Kona,,USA,,,,,,,,,,,,,,,,,,,,,,,,,,,,,,
Pawai Bay,,USA,,,,,,,,,,,,,,,,,,,,,,,,,,,,,,
Makako Bay,,USA,,,,,,,,,,,,,,,,,,,,,,,,,,,,,,
The Big Island,,USA,,,,,,,,,,,,,,,,,,,,,,,,,,,,,,
The Mayas,,Thailand,,,,,,,,,,,,,,,,,,,,,,,,,,,,,,
Batu Moncong Bay,Bay / Reef,Indonesia,,,,,,,,,,,,,,,,,,,,,,,,,,,,,,
Batu Moncong,Reef,Indonesia,,,,,,,,,,,,,,,,,,,,,,,,,,,,,,
Wizards Hat,Pinnacle / Reef,Indonesia,,,,,,,,,,,,,,,,,,,,,,,,,,,,,,
Tuko Serikaya,Reef,Indonesia,,,,,,,,,,,,,,,,,,,,,,,,,,,,,,
Makassar Reef,Reef (Manta Cleaning Station),Indonesia,,,,,,,,,,,,,,,,,,,,,,,,,,,,,,
Broken Hall,Wall / Channel,Indonesia,,,,,,,,,,,,,,,,,,,,,,,,,,,,,,
Pilaarsteen,Pillar / Reef,Indonesia,,,,,,,,,,,,,,,,,,,,,,,,,,,,,,
Tata Island,Reef,Indonesia,,,,,,,,,,,,,,,,,,,,,,,,,,,,,,
Toko Toko,Reef,Indonesia,,,,,,,,,,,,,,,,,,,,,,,,,,,,,,
Sebayur,Reef,Indonesia,,,,,,,,,,,,,,,,,,,,,,,,,,,,,,
Bidadari,Reef,Indonesia,,,,,,,,,,,,,,,,,,,,,,,,,,,,,,
Pengah Kecil,Reef,Indonesia,,,,,,,,,,,,,,,,,,,,,,,,,,,,,,
Rinca Island,Geographical Area / Reef,Indonesia,,,,,,,,,,,,,,,,,,,,,,,,,,,,,,
Teluk Loh Sera,Bay / Reef,Indonesia,,,,,,,,,,,,,,,,,,,,,,,,,,,,,,
Tanjung Loh Sera,Point / Reef,Indonesia,,,,,,,,,,,,,,,,,,,,,,,,,,,,,,
Torro Sie,Reef,Indonesia,,,,,,,,,,,,,,,,,,,,,,,,,,,,,,
HTMS Suphairin 313,Wreck,Thailand,,,,,,,,,,,,,,,,,,,,,,,,,,,,,,
the Great Barrier Reef Marine Park,,Australia,,,,,,,,,,,,,,,,,,,,,,,,,,,,,,
The Whitsunday Islands ,,Australia,,,,,,,,,,,,,,,,,,,,,,,,,,,,,,
Hin Luang,,Thailand,,,,,,,,,,,,,,,,,,,,,,,,,,,,,,
Elephant Head Rock,,Thailand,,,,,,,,,,,,,,,,,,,,,,,,,,,,,,
East of Eden,,Thailand,,,,,,,,,,,,,,,,,,,,,,,,,,,,,,
Deep Six,,Thailand,,,,,,,,,,,,,,,,,,,,,,,,,,,,,,
Beacon Reef,,Thailand,,,,,,,,,,,,,,,,,,,,,,,,,,,,,,
HTMS Pratong Wreck,,Thailand,,,,,,,,,,,,,,,,,,,,,,,,,,,,,,
MV Sea Chart 1 Wreck,,Thailand,,,,,,,,,,,,,,,,,,,,,,,,,,,,,,
Alligator Reef,Reef,United States,,,,,,,,,,,,,,,,,,,,,,,,,,,,,,
Capt. Arnos,Reef,United States,,,,,,,,,,,,,,,,,,,,,,,,,,,,,,
Crocker Reef,Reef,United States,,,,,,,,,,,,,,,,,,,,,,,,,,,,,,
Davis Reef,Reef,United States,,,,,,,,,,,,,,,,,,,,,,,,,,,,,,
Eagle Wreck,Wreck,United States,,,,,,,,,,,,,,,,,,,,,,,,,,,,,,
Islamorada Fingers,Reef,United States,,,,,,,,,,,,,,,,,,,,,,,,,,,,,,
Jumpin’ Mack,Reef,United States,,,,,,,,,,,,,,,,,,,,,,,,,,,,,,
Kylie’s Reef,Reef,United States,,,,,,,,,,,,,,,,,,,,,,,,,,,,,,
Maze,Reef,United States,,,,,,,,,,,,,,,,,,,,,,,,,,,,,,
Morada,Reef,United States,,,,,,,,,,,,,,,,,,,,,,,,,,,,,,
Pervis,Reef,United States,,,,,,,,,,,,,,,,,,,,,,,,,,,,,,
Rocky Top,Reef,United States,,,,,,,,,,,,,,,,,,,,,,,,,,,,,,
False Bay,,South Africa,,,,,,,,,,,,,,,,,,,,,,,,,,,,,,
Saint Helena,,British Virgin Islands,,,,,,,,,,,,,,,,,,,,,,,,,,,,,,
Area 51,Reef,United States,,,,,,,,,,,,,,,,,,,,,,,,,,,,,,
Area 29,Reef,United States,,,,,,,,,,,,,,,,,,,,,,,,,,,,,,
Bluffs,Reef,United States,,,,,,,,,,,,,,,,,,,,,,,,,,,,,,
Bonnies,Reef,United States,,,,,,,,,,,,,,,,,,,,,,,,,,,,,,
Captain Kirle’s,Reef,United States,,,,,,,,,,,,,,,,,,,,,,,,,,,,,,
Captain Mikes,Reef,United States,,,,,,,,,,,,,,,,,,,,,,,,,,,,,,
Julie’s,Reef,United States,,,,,,,,,,,,,,,,,,,,,,,,,,,,,,
Loggerhead,Reef,United States,,,,,,,,,,,,,,,,,,,,,,,,,,,,,,
Scarface,Reef,United States,,,,,,,,,,,,,,,,,,,,,,,,,,,,,,
Spadefish,Reef,United States,,,,,,,,,,,,,,,,,,,,,,,,,,,,,,
Tunnels,Reef,United States,,,,,,,,,,,,,,,,,,,,,,,,,,,,,,
Zion Train (Wreck Trek),Wreck,United States,,,,,,,,,,,,,,,,,,,,,,,,,,,,,,
Sea Turtles,Reef,United States,,,,,,,,,,,,,,,,,,,,,,,,,,,,,,
Lobster,Reef,United States,,,,,,,,,,,,,,,,,,,,,,,,,,,,,,
Gingerbread Grounds,Reef,Bahamas,,,,,,,,,,,,,,,,,,,,,,,,,,,,,,
Orange Cay,Reef,Bahamas,,,,,,,,,,,,,,,,,,,,,,,,,,,,,,
Santaren Channel,Channel,Bahamas,,,,,,,,,,,,,,,,,,,,,,,,,,,,,,
The Hesperus Wreck,Wreck,Bahamas,,,,,,,,,,,,,,,,,,,,,,,,,,,,,,
The West Side,Reef,United States Virgin Islands,,,,,,,,,,,,,,,,,,,,,,,,,,,,,,
Butler Bay,Reef,United States Virgin Islands,,,,,,,,,,,,,,,,,,,,,,,,,,,,,,
Salt River,Reef,United States Virgin Islands,,,,,,,,,,,,,,,,,,,,,,,,,,,,,,
Makadi,,Egypt,,,,,,,,,,,,,,,,,,,,,,,,,,,,,,
Sharm el Naga,,Egypt,,,,,,,,,,,,,,,,,,,,,,,,,,,,,,
Quseir,,Egypt,,,,,,,,,,,,,,,,,,,,,,,,,,,,,,
Fayrouz,,Egypt,,,,,,,,,,,,,,,,,,,,,,,,,,,,,,
Equinox,,Egypt,,,,,,,,,,,,,,,,,,,,,,,,,,,,,,
Gawana-Bali,,Indonesia,,,,,,,,,,,,,,,,,,,,,,,,,,,,,,
Watamu Marine National Park,,East Africa,,,,,,,,,,,,,,,,,,,,,,,,,,,,,,
Zighy Bay,,Oman,,,,,,,,,,,,,,,,,,,,,,,,,,,,,,
Qantab,,Oman,,,,,,,,,,,,,,,,,,,,,,,,,,,,,,
Sifah,,Oman,,,,,,,,,,,,,,,,,,,,,,,,,,,,,,
Mirbat,,Oman,,,,,,,,,,,,,,,,,,,,,,,,,,,,,,
Ceriantus 38 mt,Reef,Italy,,,,,,,,,,,,,,,,,,,,,,,,,,,,,,
Gorgons,Reef,Italy,,,,,,,,,,,,,,,,,,,,,,,,,,,,,,
Cave of Coins,Cave,Italy,,,,,,,,,,,,,,,,,,,,,,,,,,,,,,
Islet and Amphorae,Geographical Site,Italy,,,,,,,,,,,,,,,,,,,,,,,,,,,,,,
Ricci Pencil,Reef,Italy,,,,,,,,,,,,,,,,,,,,,,,,,,,,,,
Panettone,Geographical Site,Italy,,,,,,,,,,,,,,,,,,,,,,,,,,,,,,
Small Faraglione,Rock,Italy,,,,,,,,,,,,,,,,,,,,,,,,,,,,,,
The Ancient Slaughterhouse,Geographical Site,Italy,,,,,,,,,,,,,,,,,,,,,,,,,,,,,,
The Castle,Geographical Site,Italy,,,,,,,,,,,,,,,,,,,,,,,,,,,,,,
The Prince's House,Geographical Site,Italy,,,,,,,,,,,,,,,,,,,,,,,,,,,,,,
Sharp Point,Point,Italy,,,,,,,,,,,,,,,,,,,,,,,,,,,,,,
Bellatrix,Reef,Italy,,,,,,,,,,,,,,,,,,,,,,,,,,,,,,
Cait,Reef,Italy,,,,,,,,,,,,,,,,,,,,,,,,,,,,,,
Grottazze,Cave,Italy,,,,,,,,,,,,,,,,,,,,,,,,,,,,,,
Neptune Square,Geographical Site,Italy,,,,,,,,,,,,,,,,,,,,,,,,,,,,,,
Timpa Wall,Wall,Italy,,,,,,,,,,,,,,,,,,,,,,,,,,,,,,
Taikos an Maru Wreck,Wreck,Italy,,,,,,,,,,,,,,,,,,,,,,,,,,,,,,
Gorgonians of the Canalone,Reef,Italy,,,,,,,,,,,,,,,,,,,,,,,,,,,,,,
Canalone,Canyon,Italy,,,,,,,,,,,,,,,,,,,,,,,,,,,,,,
The Capomulini Amphorae,Archaeological Site,Italy,,,,,,,,,,,,,,,,,,,,,,,,,,,,,,
Santa Caterina Shoal,Shoal,Italy,,,,,,,,,,,,,,,,,,,,,,,,,,,,,,
Santa Maria La Scala Canyon,Canyon,Italy,,,,,,,,,,,,,,,,,,,,,,,,,,,,,,
Pennisi Port,Geographical Site,Italy,,,,,,,,,,,,,,,,,,,,,,,,,,,,,,
Koh Larn,,Thailand,,,,,,,,,,,,,,,,,,,,,,,,,,,,,,
Hin Ton Mai (South Rock),,Thailand,,,,,,,,,,,,,,,,,,,,,,,,,,,,,,
Hin Kao (North Rock),,Thailand,,,,,,,,,,,,,,,,,,,,,,,,,,,,,,
Koh Pai ,,Thailand,,,,,,,,,,,,,,,,,,,,,,,,,,,,,,
Koh Ron Khon & Kah Ron Nang Sisters,,Thailand,,,,,,,,,,,,,,,,,,,,,,,,,,,,,,
Pura Ped,,Indonesia,,,,,,,,,,,,,,,,,,,,,,,,,,,,,,
Ferry Channel,Channel,Indonesia,,,,,,,,,,,,,,,,,,,,,,,,,,,,,,
Pura Jepun,Reef,Indonesia,,,,,,,,,,,,,,,,,,,,,,,,,,,,,,
Tanjung Sari,Point,Indonesia,,,,,,,,,,,,,,,,,,,,,,,,,,,,,,
Turtle Neck / The Wall,Wall,Indonesia,,,,,,,,,,,,,,,,,,,,,,,,,,,,,,
Candidasa,Geographical Site,Indonesia,,,,,,,,,,,,,,,,,,,,,,,,,,,,,,
Gili Mimpang,Reef,Indonesia,,,,,,,,,,,,,,,,,,,,,,,,,,,,,,
Gili Tepekong,Reef,Indonesia,,,,,,,,,,,,,,,,,,,,,,,,,,,,,,
Sanur Channel,Channel,Indonesia,,,,,,,,,,,,,,,,,,,,,,,,,,,,,,
Penjor Reef,Reef,Indonesia,,,,,,,,,,,,,,,,,,,,,,,,,,,,,,
Jeladi Willis,Reef,Indonesia,,,,,,,,,,,,,,,,,,,,,,,,,,,,,,
Amed Wall,Wall,Indonesia,,,,,,,,,,,,,,,,,,,,,,,,,,,,,,
Tulamben Drop Off,Drop-off,Indonesia,,,,,,,,,,,,,,,,,,,,,,,,,,,,,,
Tulamben Coral Garden,Garden,Indonesia,,,,,,,,,,,,,,,,,,,,,,,,,,,,,,
Kubu Monkey Reef,Reef,Indonesia,,,,,,,,,,,,,,,,,,,,,,,,,,,,,,
The Jetty,Geographical Site,Indonesia,,,,,,,,,,,,,,,,,,,,,,,,,,,,,,
Seraya,Reef,Indonesia,,,,,,,,,,,,,,,,,,,,,,,,,,,,,,
Garden Eel,Muck,Indonesia,,,,,,,,,,,,,,,,,,,,,,,,,,,,,,
Kapal Budak (Anchor Wreck),Wreck,Indonesia,,,,,,,,,,,,,,,,,,,,,,,,,,,,,,
Menjangan Pos I,Reef,Indonesia,,,,,,,,,,,,,,,,,,,,,,,,,,,,,,
Menjangan Pos II,Reef,Indonesia,,,,,,,,,,,,,,,,,,,,,,,,,,,,,,
Kuramathi Queen (Wreck Dive),,Mexico,,,,,,,,,,,,,,,,,,,,,,,,,,,,,,
Serito Pinnacle,,Aruba,,,,,,,,,,,,,,,,,,,,,,,,,,,,,,
Mahukona,Reef,United States,,,,,,,,,,,,,,,,,,,,,,,,,,,,,,
Puako House 40,Reef,United States,,,,,,,,,,,,,,,,,,,,,,,,,,,,,,
Puako Church Point,Point,United States,,,,,,,,,,,,,,,,,,,,,,,,,,,,,,
Puako Village End,Reef,United States,,,,,,,,,,,,,,,,,,,,,,,,,,,,,,
Honokohau / Manta Ray Bay,Reef / Cleaning Station,United States,,,,,,,,,,,,,,,,,,,,,,,,,,,,,,
Old Airport,Reef,United States,,,,,,,,,,,,,,,,,,,,,,,,,,,,,,
Kailua Pier,Geographical Site,United States,,,,,,,,,,,,,,,,,,,,,,,,,,,,,,
Pahoehoe Beach Park,Geographical Site,United States,,,,,,,,,,,,,,,,,,,,,,,,,,,,,,
La'aloa / Mile Marker 4,Reef,United States,,,,,,,,,,,,,,,,,,,,,,,,,,,,,,
Kahalu'u Beach Park,Geographical Site,United States,,,,,,,,,,,,,,,,,,,,,,,,,,,,,,
Honauanau,Reef,United States,,,,,,,,,,,,,,,,,,,,,,,,,,,,,,
Place of Refuge,Geographical Site,United States,,,,,,,,,,,,,,,,,,,,,,,,,,,,,,
Two Step,Reef,United States,,,,,,,,,,,,,,,,,,,,,,,,,,,,,,
Pebble Beach,Geographical Site,United States,,,,,,,,,,,,,,,,,,,,,,,,,,,,,,
Garden Eel Cove at Makako Bay,Muck / Cove,United States,,,,,,,,,,,,,,,,,,,,,,,,,,,,,,
Suck’em Up Lava Tube,Cave,United States,,,,,,,,,,,,,,,,,,,,,,,,,,,,,,
Golden Arches,Arch,United States,,,,,,,,,,,,,,,,,,,,,,,,,,,,,,
Honokohau,Reef,United States,,,,,,,,,,,,,,,,,,,,,,,,,,,,,,
Kaiwi Point,Point,United States,,,,,,,,,,,,,,,,,,,,,,,,,,,,,,
AuAu Crater,Geographical Site,United States,,,,,,,,,,,,,,,,,,,,,,,,,,,,,,
Casa Cave,Cave,United States,,,,,,,,,,,,,,,,,,,,,,,,,,,,,,
Driftwood,Reef,United States,,,,,,,,,,,,,,,,,,,,,,,,,,,,,,
Eel Cove,Muck / Cove,United States,,,,,,,,,,,,,,,,,,,,,,,,,,,,,,
Henry’s Cave,Cave,United States,,,,,,,,,,,,,,,,,,,,,,,,,,,,,,
High Rock,Rock,United States,,,,,,,,,,,,,,,,,,,,,,,,,,,,,,
Hoover’s Pinnacle,Pinnacle,United States,,,,,,,,,,,,,,,,,,,,,,,,,,,,,,
Long Lava Tube,Cave,United States,,,,,,,,,,,,,,,,,,,,,,,,,,,,,,
Lone Tree Arch,Arch,United States,,,,,,,,,,,,,,,,,,,,,,,,,,,,,,
Kaloko Arches,Arch,United States,,,,,,,,,,,,,,,,,,,,,,,,,,,,,,
Paradise Pinnacle,Pinnacle,United States,,,,,,,,,,,,,,,,,,,,,,,,,,,,,,
Pipe Dreams,Reef,United States,,,,,,,,,,,,,,,,,,,,,,,,,,,,,,
Pyramid Pinnacle,Pinnacle,United States,,,,,,,,,,,,,,,,,,,,,,,,,,,,,,
Rabbi’s Reef,Reef,United States,,,,,,,,,,,,,,,,,,,,,,,,,,,,,,
Ridges,Reef,United States,,,,,,,,,,,,,,,,,,,,,,,,,,,,,,
Tako City,Reef,United States,,,,,,,,,,,,,,,,,,,,,,,,,,,,,,
Twin Sisters,Reef,United States,,,,,,,,,,,,,,,,,,,,,,,,,,,,,,
Archipel des Sanguinaires,,France,,,,,,,,,,,,,,,,,,,,,,,,,,,,,,
Watsons Reef,,USA,,,,,,,,,,,,,,,,,,,,,,,,,,,,,,
Higdons Reef,,USA,,,,,,,,,,,,,,,,,,,,,,,,,,,,,,
Little Grecian Reef,,USA,,,,,,,,,,,,,,,,,,,,,,,,,,,,,,
The New Barge,Wreck,USA,,,,,,,,,,,,,,,,,,,,,,,,,,,,,,
The Mahi Wreck,Wreck,USA,,,,,,,,,,,,,,,,,,,,,,,,,,,,,,
The YTB 774 a.k.a “The Secret Wreck”,Wreck,USA,,,,,,,,,,,,,,,,,,,,,,,,,,,,,,
Sea Caves ,Geographical Site,USA,,,,,,,,,,,,,,,,,,,,,,,,,,,,,,
Skimmin’s Ledge,Geographical Site,USA,,,,,,,,,,,,,,,,,,,,,,,,,,,,,,
Justin’s Caves,,South Africa,,,,,,,,,,,,,,,,,,,,,,,,,,,,,,
Sandy Cove,,South Africa,,,,,,,,,,,,,,,,,,,,,,,,,,,,,,
A-Frame,,South Africa,,,,,,,,,,,,,,,,,,,,,,,,,,,,,,
Windmill Beach,,South Africa,,,,,,,,,,,,,,,,,,,,,,,,,,,,,,
Cow & Calf,,South Africa,,,,,,,,,,,,,,,,,,,,,,,,,,,,,,
Stone Dog,,South Africa,,,,,,,,,,,,,,,,,,,,,,,,,,,,,,
Rocky Bay,,South Africa,,,,,,,,,,,,,,,,,,,,,,,,,,,,,,
Noble Reef,,South Africa,,,,,,,,,,,,,,,,,,,,,,,,,,,,,,
Steenbras River Mouth,,South Africa,,,,,,,,,,,,,,,,,,,,,,,,,,,,,,
Rooi Els - Blousteen,,South Africa,,,,,,,,,,,,,,,,,,,,,,,,,,,,,,
Rooi Els - Percy's,,South Africa,,,,,,,,,,,,,,,,,,,,,,,,,,,,,,
Rooi Els - Coral Gardens,,South Africa,,,,,,,,,,,,,,,,,,,,,,,,,,,,,,
Steenbras Deep,,South Africa,,,,,,,,,,,,,,,,,,,,,,,,,,,,,,
Strand - Drop Zone,,South Africa,,,,,,,,,,,,,,,,,,,,,,,,,,,,,,
Strand - Sterretjies Reef,,South Africa,,,,,,,,,,,,,,,,,,,,,,,,,,,,,,
Strand - Kate's Secret Reef,,South Africa,,,,,,,,,,,,,,,,,,,,,,,,,,,,,,
Indigo Drop Off,,Cayman Islands,,,,,,,,,,,,,,,,,,,,,,,,,,,,,,
Hepp's Pipeline,,Cayman Islands,,,,,,,,,,,,,,,,,,,,,,,,,,,,,,
Funky Sponge,,Cayman Islands,,,,,,,,,,,,,,,,,,,,,,,,,,,,,,
Christopher’s Wall,,Cayman Islands,,,,,,,,,,,,,,,,,,,,,,,,,,,,,,
Monet's Garden,,Cayman Islands,,,,,,,,,,,,,,,,,,,,,,,,,,,,,,
Severn’s Fathom,,Cayman Islands,,,,,,,,,,,,,,,,,,,,,,,,,,,,,,
Max’s Garden,,Cayman Islands,,,,,,,,,,,,,,,,,,,,,,,,,,,,,,
Killer Pillar,,Cayman Islands,,,,,,,,,,,,,,,,,,,,,,,,,,,,,,
The Great African Sea Forest,,South Africa,,,,,,,,,,,,,,,,,,,,,,,,,,,,,,
Tapescos,Geographical Site,Mexico,,,,,,,,,,,,,,,,,,,,,,,,,,,,,,
Magueyito,Geographical Site,Mexico,,,,,,,,,,,,,,,,,,,,,,,,,,,,,,
La Montosa,Geographical Site,Mexico,,,,,,,,,,,,,,,,,,,,,,,,,,,,,,
Punta Arena,Geographical Site,Mexico,,,,,,,,,,,,,,,,,,,,,,,,,,,,,,
La Guerrilla,Geographical Site,Mexico,,,,,,,,,,,,,,,,,,,,,,,,,,,,,,
Morros Conejos,Geographical Site,Mexico,,,,,,,,,,,,,,,,,,,,,,,,,,,,,,
Punta Tejón,Geographical Site,Mexico,,,,,,,,,,,,,,,,,,,,,,,,,,,,,,
Morro Tejón,Geographical Site,Mexico,,,,,,,,,,,,,,,,,,,,,,,,,,,,,,
La Blanca Channels,Geographical Site,Mexico,,,,,,,,,,,,,,,,,,,,,,,,,,,,,,
La Blanca,Geographical Site,Mexico,,,,,,,,,,,,,,,,,,,,,,,,,,,,,,
La Blanca Deep,Geographical Site,Mexico,,,,,,,,,,,,,,,,,,,,,,,,,,,,,,
La Morena,Geographical Site,Mexico,,,,,,,,,,,,,,,,,,,,,,,,,,,,,,
Los Erizos,Geographical Site,Mexico,,,,,,,,,,,,,,,,,,,,,,,,,,,,,,
La Entrega,Geographical Site,Mexico,,,,,,,,,,,,,,,,,,,,,,,,,,,,,,
Barquito,Geographical Site,Mexico,,,,,,,,,,,,,,,,,,,,,,,,,,,,,,
El Tigre,Geographical Site,Mexico,,,,,,,,,,,,,,,,,,,,,,,,,,,,,,
La India,Geographical Site,Mexico,,,,,,,,,,,,,,,,,,,,,,,,,,,,,,
Jicaral,Geographical Site,Mexico,,,,,,,,,,,,,,,,,,,,,,,,,,,,,,
Riscalillo,Geographical Site,Mexico,,,,,,,,,,,,,,,,,,,,,,,,,,,,,,
El Pargo,Geographical Site,Mexico,,,,,,,,,,,,,,,,,,,,,,,,,,,,,,
Bajos Arrocito,Geographical Site,Mexico,,,,,,,,,,,,,,,,,,,,,,,,,,,,,,
Punta Ballena,Geographical Site,Mexico,,,,,,,,,,,,,,,,,,,,,,,,,,,,,,
Roca Mágica,Geographical Site,Mexico,,,,,,,,,,,,,,,,,,,,,,,,,,,,,,
Cordillera del Organo,Geographical Site,Mexico,,,,,,,,,,,,,,,,,,,,,,,,,,,,,,
Morro Laberinto,Geographical Site,Mexico,,,,,,,,,,,,,,,,,,,,,,,,,,,,,,
La Revancha,Geographical Site,Mexico,,,,,,,,,,,,,,,,,,,,,,,,,,,,,,
Morros Chachacual,Geographical Site,Mexico,,,,,,,,,,,,,,,,,,,,,,,,,,,,,,
Ensenada Tiburón,Geographical Site,Mexico,,,,,,,,,,,,,,,,,,,,,,,,,,,,,,
Roca Ballena,Geographical Site,Mexico,,,,,,,,,,,,,,,,,,,,,,,,,,,,,,
La Rajada,Geographical Site,Mexico,,,,,,,,,,,,,,,,,,,,,,,,,,,,,,
El Coyote,Geographical Site,Mexico,,,,,,,,,,,,,,,,,,,,,,,,,,,,,,
Punta Torre,,Mexico,,,,,,,,,,,,,,,,,,,,,,,,,,,,,,
Canoa,,Mexico,,,,,,,,,,,,,,,,,,,,,,,,,,,,,,
Arroyo,,Mexico,,,,,,,,,,,,,,,,,,,,,,,,,,,,,,
La Jeringa,,Mexico,,,,,,,,,,,,,,,,,,,,,,,,,,,,,,
Punta Toño,,Mexico,,,,,,,,,,,,,,,,,,,,,,,,,,,,,,
La Grieta,,Mexico,,,,,,,,,,,,,,,,,,,,,,,,,,,,,,
El Violin,,Mexico,,,,,,,,,,,,,,,,,,,,,,,,,,,,,,
Morros Maguey,,Mexico,,,,,,,,,,,,,,,,,,,,,,,,,,,,,,
Punta Maguey,,Mexico,,,,,,,,,,,,,,,,,,,,,,,,,,,,,,
La Blanquita,,Mexico,,,,,,,,,,,,,,,,,,,,,,,,,,,,,,
Roncadores,,Mexico,,,,,,,,,,,,,,,,,,,,,,,,,,,,,,
Morro Chahue,,Mexico,,,,,,,,,,,,,,,,,,,,,,,,,,,,,,
George’s Reef,Reef,Honduras,,,,,,,,,,,,,,,,,,,,,,,,,,,,,,
Hectors Run,Geographical Site,Honduras,,,,,,,,,,,,,,,,,,,,,,,,,,,,,,
Windmill Reef,Reef,Honduras,,,,,,,,,,,,,,,,,,,,,,,,,,,,,,
Stephans Reef,Reef,Honduras,,,,,,,,,,,,,,,,,,,,,,,,,,,,,,
Bridgets Reef,Reef,Honduras,,,,,,,,,,,,,,,,,,,,,,,,,,,,,,
Brads Reef,Reef,Honduras,,,,,,,,,,,,,,,,,,,,,,,,,,,,,,
Rusty Stag,Wreck,Honduras,,,,,,,,,,,,,,,,,,,,,,,,,,,,,,
Old Weves Reef,Reef,Honduras,,,,,,,,,,,,,,,,,,,,,,,,,,,,,,
Lee’s Pleasure,Geographical Site,Honduras,,,,,,,,,,,,,,,,,,,,,,,,,,,,,,
Afternoon Delight,Geographical Site,Honduras,,,,,,,,,,,,,,,,,,,,,,,,,,,,,,
Vertigo 2,Wall,Honduras,,,,,,,,,,,,,,,,,,,,,,,,,,,,,,
Savannah Drift,Drift,Honduras,,,,,,,,,,,,,,,,,,,,,,,,,,,,,,
Crazy Grouper,Geographical Site,Honduras,,,,,,,,,,,,,,,,,,,,,,,,,,,,,,
Drifter Wall,Wall,Honduras,,,,,,,,,,,,,,,,,,,,,,,,,,,,,,
Mt Elusive,Pinnacle,Honduras,,,,,,,,,,,,,,,,,,,,,,,,,,,,,,
Mestizo 1 (Bnzi),Geographical Site,Honduras,,,,,,,,,,,,,,,,,,,,,,,,,,,,,,
Mestizo 2 (Brdg),Geographical Site,Honduras,,,,,,,,,,,,,,,,,,,,,,,,,,,,,,
Frisco’s Jewel,Geographical Site,Honduras,,,,,,,,,,,,,,,,,,,,,,,,,,,,,,
Jado Trade,Wreck,Honduras,,,,,,,,,,,,,,,,,,,,,,,,,,,,,,
Jim’s Silverlode,Wreck,Honduras,,,,,,,,,,,,,,,,,,,,,,,,,,,,,,
Sleepy Shark Valley,Valley,Honduras,,,,,,,,,,,,,,,,,,,,,,,,,,,,,,
Ruthie C,Wreck,Honduras,,,,,,,,,,,,,,,,,,,,,,,,,,,,,,
Kiatron’s Key,Geographical Site,Honduras,,,,,,,,,,,,,,,,,,,,,,,,,,,,,,
Lisa’s Reef,Reef,Honduras,,,,,,,,,,,,,,,,,,,,,,,,,,,,,,
Barra Reef,Reef,Honduras,,,,,,,,,,,,,,,,,,,,,,,,,,,,,,
The Elbow,Geographical Site,Honduras,,,,,,,,,,,,,,,,,,,,,,,,,,,,,,
Crionoldes Drift,Drift,Honduras,,,,,,,,,,,,,,,,,,,,,,,,,,,,,,
Dennis Playground,Geographical Site,Honduras,,,,,,,,,,,,,,,,,,,,,,,,,,,,,,
Final Wall,Wall,Honduras,,,,,,,,,,,,,,,,,,,,,,,,,,,,,,
Raul’s First,Geographical Site,Honduras,,,,,,,,,,,,,,,,,,,,,,,,,,,,,,
NW Reef,Reef,Honduras,,,,,,,,,,,,,,,,,,,,,,,,,,,,,,
Blue Rock Channel,Channel,Honduras,,,,,,,,,,,,,,,,,,,,,,,,,,,,,,
Eel’s Garden,Garden,Honduras,,,,,,,,,,,,,,,,,,,,,,,,,,,,,,
Pelican Reef,Reef,Honduras,,,,,,,,,,,,,,,,,,,,,,,,,,,,,,
Baymon Bay Drop,Drop-off,Honduras,,,,,,,,,,,,,,,,,,,,,,,,,,,,,,
Diane’s Wall,Wall,Honduras,,,,,,,,,,,,,,,,,,,,,,,,,,,,,,
Wonderful,Geographical Site,Honduras,,,,,,,,,,,,,,,,,,,,,,,,,,,,,,
The Cut,Channel,Honduras,,,,,,,,,,,,,,,,,,,,,,,,,,,,,,
Sandi’s Reef,Reef,Honduras,,,,,,,,,,,,,,,,,,,,,,,,,,,,,,
Michael’s Rock Canyon,Canyon,Honduras,,,,,,,,,,,,,,,,,,,,,,,,,,,,,,
The Pavillions,Geographical Site,Honduras,,,,,,,,,,,,,,,,,,,,,,,,,,,,,,
Alderson’s Wall In/Out,Wall,Honduras,,,,,,,,,,,,,,,,,,,,,,,,,,,,,,
Dunia’s Reef,Reef,Honduras,,,,,,,,,,,,,,,,,,,,,,,,,,,,,,
Lunar Canyon,Canyon,Honduras,,,,,,,,,,,,,,,,,,,,,,,,,,,,,,
Half Moon Channel,Channel,Honduras,,,,,,,,,,,,,,,,,,,,,,,,,,,,,,
Blue Leek Channel,Channel,Honduras,,,,,,,,,,,,,,,,,,,,,,,,,,,,,,
Tito’s Labyrinths,Labyrinth,Honduras,,,,,,,,,,,,,,,,,,,,,,,,,,,,,,
Margaret’s Cave,Cave,Honduras,,,,,,,,,,,,,,,,,,,,,,,,,,,,,,
Sand Canyon,Canyon,Honduras,,,,,,,,,,,,,,,,,,,,,,,,,,,,,,
School Master,Geographical Site,Honduras,,,,,,,,,,,,,,,,,,,,,,,,,,,,,,
NE Key Outside,Geographical Site,Honduras,,,,,,,,,,,,,,,,,,,,,,,,,,,,,,
NE Key Nursery,Geographical Site,Honduras,,,,,,,,,,,,,,,,,,,,,,,,,,,,,,
Spayers,Geographical Site,Honduras,,,,,,,,,,,,,,,,,,,,,,,,,,,,,,
Kurumba House Reef,Geographical Site,Maldives,,,,,,,,,,,,,,,,,,,,,,,,,,,,,,
Hulhumale Neru,Geographical Site,Maldives,,,,,,,,,,,,,,,,,,,,,,,,,,,,,,
Dhevana Kandu,Geographical Site,Maldives,,,,,,,,,,,,,,,,,,,,,,,,,,,,,,
Alimatha House Reef,Geographical Site,Maldives,,,,,,,,,,,,,,,,,,,,,,,,,,,,,,
Maamigili Beyru,Geographical Site,Maldives,,,,,,,,,,,,,,,,,,,,,,,,,,,,,,
Rangali Manta Point,Geographical Site,Maldives,,,,,,,,,,,,,,,,,,,,,,,,,,,,,,
Maya Thala,Geographical Site,Maldives,,,,,,,,,,,,,,,,,,,,,,,,,,,,,,
Hafsa Thila,Geographical Site,Maldives,,,,,,,,,,,,,,,,,,,,,,,,,,,,,,
Bathalamaagaa Kanthila,Geographical Site,Maldives,,,,,,,,,,,,,,,,,,,,,,,,,,,,,,
Beechcraft Duchess,,USA,,,,,,,,,,,,,,,,,,,,,,,,,,,,,,
Makaha Caverns,,USA,,,,,,,,,,,,,,,,,,,,,,,,,,,,,,
Star Caves,,USA,,,,,,,,,,,,,,,,,,,,,,,,,,,,,,
Airplane Canyon,,USA,,,,,,,,,,,,,,,,,,,,,,,,,,,,,,
Cayman Brac,,Palau,,,,,,,,,,,,,,,,,,,,,,,,,,,,,,
Ngemelis Drop-Off,,Palau,,,,,,,,,,,,,,,,,,,,,,,,,,,,,,
Siaes Tunnel,,Palau,,,,,,,,,,,,,,,,,,,,,,,,,,,,,,
New Drop-Off,,Palau,,,,,,,,,,,,,,,,,,,,,,,,,,,,,,
Shark City,,Palau,,,,,,,,,,,,,,,,,,,,,,,,,,,,,,
Jellyfish Lake,,Palau,,,,,,,,,,,,,,,,,,,,,,,,,,,,,,
Small Gota Sataya,,Egypt,,,,,,,,,,,,,,,,,,,,,,,,,,,,,,
Farewell Reef,,Egypt,,,,,,,,,,,,,,,,,,,,,,,,,,,,,,
Ras Abu Ramada,,Egypt,,,,,,,,,,,,,,,,,,,,,,,,,,,,,,
Umm Gomma,,Egypt,,,,,,,,,,,,,,,,,,,,,,,,,,,,,,
Umm Kaharim,,Egypt,,,,,,,,,,,,,,,,,,,,,,,,,,,,,,
Gota Soghayr,,Egypt,,,,,,,,,,,,,,,,,,,,,,,,,,,,,,
Habili Jaffar,,Egypt,,,,,,,,,,,,,,,,,,,,,,,,,,,,,,
Hawaii Coral Reefs,,USA,,,,,,,,,,,,,,,,,,,,,,,,,,,,,,
Pos Chiquito,,Aruba,,,,,,,,,,,,,,,,,,,,,,,,,,,,,,
Jason's Wall,,Belize,,,,,,,,,,,,,,,,,,,,,,,,,,,,,,
Elsie's Aquarium,,Belize,,,,,,,,,,,,,,,,,,,,,,,,,,,,,,
Carrie Bow,,Belize,,,,,,,,,,,,,,,,,,,,,,,,,,,,,,
South Water Wall,,Belize,,,,,,,,,,,,,,,,,,,,,,,,,,,,,,
Trick Ridge,,Belize,,,,,,,,,,,,,,,,,,,,,,,,,,,,,,
Hell Hole,,Belize,,,,,,,,,,,,,,,,,,,,,,,,,,,,,,
The Abyss,,Belize,,,,,,,,,,,,,,,,,,,,,,,,,,,,,,
Téviec,Geographical Site,France,,,,,,,,,,,,,,,,,,,,,,,,,,,,,,
Les Puces,Geographical Site,France,,,,,,,,,,,,,,,,,,,,,,,,,,,,,,
Guernic,Geographical Site,France,,,,,,,,,,,,,,,,,,,,,,,,,,,,,,
Basse Ledan,Geographical Site,France,,,,,,,,,,,,,,,,,,,,,,,,,,,,,,
An Aoter / L'Autel,Geographical Site,France,,,,,,,,,,,,,,,,,,,,,,,,,,,,,,
Men Melein,Geographical Site,France,,,,,,,,,,,,,,,,,,,,,,,,,,,,,,
Roche Guillo,Geographical Site,France,,,,,,,,,,,,,,,,,,,,,,,,,,,,,,
Men Bihan,Geographical Site,France,,,,,,,,,,,,,,,,,,,,,,,,,,,,,,
Leliom,Geographical Site,France,,,,,,,,,,,,,,,,,,,,,,,,,,,,,,
Roche Corail,Reef,France,,,,,,,,,,,,,,,,,,,,,,,,,,,,,,
La Truie,Geographical Site,France,,,,,,,,,,,,,,,,,,,,,,,,,,,,,,
Les Cochonnets,Geographical Site,France,,,,,,,,,,,,,,,,,,,,,,,,,,,,,,
Fantoft,Wreck,France,,,,,,,,,,,,,,,,,,,,,,,,,,,,,,
Nann Smith,Wreck,France,,,,,,,,,,,,,,,,,,,,,,,,,,,,,,
Pontoporos,Wreck,France,,,,,,,,,,,,,,,,,,,,,,,,,,,,,,
Thracia,Wreck,France,,,,,,,,,,,,,,,,,,,,,,,,,,,,,,
Mohawk,Wreck,United States,,,,,,,,,,,,,,,,,,,,,,,,,,,,,,
Tolten,Wreck,United States,,,,,,,,,,,,,,,,,,,,,,,,,,,,,,
Stolt Dagali,Wreck,United States,,,,,,,,,,,,,,,,,,,,,,,,,,,,,,
Arundo,Wreck,United States,,,,,,,,,,,,,,,,,,,,,,,,,,,,,,
Maurice Tracy,Wreck,United States,,,,,,,,,,,,,,,,,,,,,,,,,,,,,,
R.P. Resor,Wreck,United States,,,,,,,,,,,,,,,,,,,,,,,,,,,,,,
U.S.S. Algol,Wreck,United States,,,,,,,,,,,,,,,,,,,,,,,,,,,,,,
San Saba,Wreck,United States,,,,,,,,,,,,,,,,,,,,,,,,,,,,,,
Coney Island,Wreck,United States,,,,,,,,,,,,,,,,,,,,,,,,,,,,,,
Sam Berman,Wreck,United States,,,,,,,,,,,,,,,,,,,,,,,,,,,,,,
Oregon,Wreck,United States,,,,,,,,,,,,,,,,,,,,,,,,,,,,,,
U.S.S. San Diego,Wreck,United States,,,,,,,,,,,,,,,,,,,,,,,,,,,,,,
Gulf Trade,Wreck,United States,,,,,,,,,,,,,,,,,,,,,,,,,,,,,,
Lillian,Wreck,United States,,,,,,,,,,,,,,,,,,,,,,,,,,,,,,
Ayuroaca (Oil Wreck),Wreck,United States,,,,,,,,,,,,,,,,,,,,,,,,,,,,,,
Vizcaya,Wreck,United States,,,,,,,,,,,,,,,,,,,,,,,,,,,,,,
Dykes,Wreck,United States,,,,,,,,,,,,,,,,,,,,,,,,,,,,,,
Venturo Tug,Wreck,United States,,,,,,,,,,,,,,,,,,,,,,,,,,,,,,
Cranford Ferry,Wreck,United States,,,,,,,,,,,,,,,,,,,,,,,,,,,,,,
Texas Tower,Wreck,United States,,,,,,,,,,,,,,,,,,,,,,,,,,,,,,
U-869 (U-Who),Wreck,United States,,,,,,,,,,,,,,,,,,,,,,,,,,,,,,
City of Athens,Wreck,United States,,,,,,,,,,,,,,,,,,,,,,,,,,,,,,
Varanger,Wreck,United States,,,,,,,,,,,,,,,,,,,,,,,,,,,,,,
Northern Pacific,Wreck,United States,,,,,,,,,,,,,,,,,,,,,,,,,,,,,,
U.S.S. S-5,Wreck,United States,,,,,,,,,,,,,,,,,,,,,,,,,,,,,,
Mesoamerican barrier reef ,,Borders Multiple,,,,,,,,,,,,,,,,,,,,,,,,,,,,,,
Fish Pond,Reef,Turks and Caicos,,,,,,,,,,,,,,,,,,,,,,,,,,,,,,
Cecil's Reef,Reef,Turks and Caicos,,,,,,,,,,,,,,,,,,,,,,,,,,,,,,
Blacksmith Rock,Rock,Turks and Caicos,,,,,,,,,,,,,,,,,,,,,,,,,,,,,,
McDonald's,Reef,Turks and Caicos,,,,,,,,,,,,,,,,,,,,,,,,,,,,,,
Amphitheater,Wall,Turks and Caicos,,,,,,,,,,,,,,,,,,,,,,,,,,,,,,
Armpitheater Annes,Wall,Turks and Caicos,,,,,,,,,,,,,,,,,,,,,,,,,,,,,,
Finbars,Reef,Turks and Caicos,,,,,,,,,,,,,,,,,,,,,,,,,,,,,,
The Anchor,Wreck,Turks and Caicos,,,,,,,,,,,,,,,,,,,,,,,,,,,,,,
Maria Nature,Reef,Turks and Caicos,,,,,,,,,,,,,,,,,,,,,,,,,,,,,,
The Library,Reef,Turks and Caicos,,,,,,,,,,,,,,,,,,,,,,,,,,,,,,
Carrie's Rest,Reef,Turks and Caicos,,,,,,,,,,,,,,,,,,,,,,,,,,,,,,
The Lakes,Reef,Turks and Caicos,,,,,,,,,,,,,,,,,,,,,,,,,,,,,,
Coral Canyon,Canyon,Turks and Caicos,,,,,,,,,,,,,,,,,,,,,,,,,,,,,,
Sand Rover Canyon,Canyon,Turks and Caicos,,,,,,,,,,,,,,,,,,,,,,,,,,,,,,
English Point,Point,Turks and Caicos,,,,,,,,,,,,,,,,,,,,,,,,,,,,,,
The Pits/South Dock,Wreck,Turks and Caicos,,,,,,,,,,,,,,,,,,,,,,,,,,,,,,
Tiki Hut,Reef,Turks and Caicos,,,,,,,,,,,,,,,,,,,,,,,,,,,,,,
Windmills,Reef,Turks and Caicos,,,,,,,,,,,,,,,,,,,,,,,,,,,,,,
Curaçao,,Curaçao,,,,,,,,,,,,,,,,,,,,,,,,,,,,,,
Cave of Love,,Curaçao,,,,,,,,,,,,,,,,,,,,,,,,,,,,,,
Mitch,,South Africa,,,,,,,,,,,,,,,,,,,,,,,,,,,,,,
Santos,,South Africa,,,,,,,,,,,,,,,,,,,,,,,,,,,,,,
Dollose,,South Africa,,,,,,,,,,,,,,,,,,,,,,,,,,,,,,
Flat Rock,,South Africa,,,,,,,,,,,,,,,,,,,,,,,,,,,,,,
Fan Gardens,,South Africa,,,,,,,,,,,,,,,,,,,,,,,,,,,,,,
Redneck,,South Africa,,,,,,,,,,,,,,,,,,,,,,,,,,,,,,
Malong Bay,,Thailand,,,,,,,,,,,,,,,,,,,,,,,,,,,,,,
Palong Bay,,Thailand,,,,,,,,,,,,,,,,,,,,,,,,,,,,,,
Nui Bay / Camel Rock,,Thailand,,,,,,,,,,,,,,,,,,,,,,,,,,,,,,
Ginnie Ballroom,,USA,,,,,,,,,,,,,,,,,,,,,,,,,,,,,,
Santa Fe River,,USA,,,,,,,,,,,,,,,,,,,,,,,,,,,,,,
Batfish Point,Point,Indonesia,,,,,,,,,,,,,,,,,,,,,,,,,,,,,,
Frog Fish Point,Point,Indonesia,,,,,,,,,,,,,,,,,,,,,,,,,,,,,,
Han' Reel,Reef,Indonesia,,,,,,,,,,,,,,,,,,,,,,,,,,,,,,
Air Home Reel,Reef,Indonesia,,,,,,,,,,,,,,,,,,,,,,,,,,,,,,
Reef Harbour Rel,Reef,Indonesia,,,,,,,,,,,,,,,,,,,,,,,,,,,,,,
Simon's Reel,Reef,Indonesia,,,,,,,,,,,,,,,,,,,,,,,,,,,,,,
Mirko's Reef,Reef,Indonesia,,,,,,,,,,,,,,,,,,,,,,,,,,,,,,
Gili Meno,Geographical Site,Indonesia,,,,,,,,,,,,,,,,,,,,,,,,,,,,,,
Meno Corner,Reef,Indonesia,,,,,,,,,,,,,,,,,,,,,,,,,,,,,,
Coral Fan Garden,Reef,Indonesia,,,,,,,,,,,,,,,,,,,,,,,,,,,,,,
Deep Halik,Reef,Indonesia,,,,,,,,,,,,,,,,,,,,,,,,,,,,,,
Jack Point,Point,Indonesia,,,,,,,,,,,,,,,,,,,,,,,,,,,,,,
Trawangan Slope,Slope,Indonesia,,,,,,,,,,,,,,,,,,,,,,,,,,,,,,
Gili Trawangan,Geographical Site,Indonesia,,,,,,,,,,,,,,,,,,,,,,,,,,,,,,
Biorock,Reef,Indonesia,,,,,,,,,,,,,,,,,,,,,,,,,,,,,,
Flower Garden Banks,Reef,United States,,,,,,,,,,,,,,,,,,,,,,,,,,,,,,
Dive Valhalla,Scuba Park,United States,,,,,,,,,,,,,,,,,,,,,,,,,,,,,,
San Solomon Springs,Springs,United States,,,,,,,,,,,,,,,,,,,,,,,,,,,,,,
Lake Amistad,Lake,United States,,,,,,,,,,,,,,,,,,,,,,,,,,,,,,
Gulf Trips - Oil Rigs,Oil Rig,United States,,,,,,,,,,,,,,,,,,,,,,,,,,,,,,
Athens Scuba Park,Scuba Park,United States,,,,,,,,,,,,,,,,,,,,,,,,,,,,,,
Possum Kingdom Lake,Lake,United States,,,,,,,,,,,,,,,,,,,,,,,,,,,,,,
The Blue Lagoon,Springs,United States,,,,,,,,,,,,,,,,,,,,,,,,,,,,,,
Comal River,River,United States,,,,,,,,,,,,,,,,,,,,,,,,,,,,,,
Lake Travis,Lake,United States,,,,,,,,,,,,,,,,,,,,,,,,,,,,,,
Lake Whitney,Lake,United States,,,,,,,,,,,,,,,,,,,,,,,,,,,,,,
Lake Buchanan,Lake,United States,,,,,,,,,,,,,,,,,,,,,,,,,,,,,,
Canyon Lake,Lake,United States,,,,,,,,,,,,,,,,,,,,,,,,,,,,,,
Lake Medina,Lake,United States,,,,,,,,,,,,,,,,,,,,,,,,,,,,,,
Port Aransas Jetties,Jetty,United States,,,,,,,,,,,,,,,,,,,,,,,,,,,,,,
Chalk Bluff,River,United States,,,,,,,,,,,,,,,,,,,,,,,,,,,,,,
Clear Springs Scuba Park,Scuba Park,United States,,,,,,,,,,,,,,,,,,,,,,,,,,,,,,
Reveille Peak Ranch,Scuba Park,United States,,,,,,,,,,,,,,,,,,,,,,,,,,,,,,
Spring Lake (Aquarena Springs),Springs,United States,,,,,,,,,,,,,,,,,,,,,,,,,,,,,,
Longhorn Lake,Lake,United States,,,,,,,,,,,,,,,,,,,,,,,,,,,,,,
Mammoth Lake,Lake,United States,,,,,,,,,,,,,,,,,,,,,,,,,,,,,,
Mossel Bay,Geographical Site,South Africa,,,,,,,,,,,,,,,,,,,,,,,,,,,,,,
Cockroach Area,Geographical Site,Belize,,,,,,,,,,,,,,,,,,,,,,,,,,,,,,
Rendezvous Area,Geographical Site,Belize,,,,,,,,,,,,,,,,,,,,,,,,,,,,,,
Esmeralda,Geographical Site,Belize,,,,,,,,,,,,,,,,,,,,,,,,,,,,,,
Spanish Bay,Geographical Site,Belize,,,,,,,,,,,,,,,,,,,,,,,,,,,,,,
Caye Caulker Marine Reserve,Geographical Site,Belize,,,,,,,,,,,,,,,,,,,,,,,,,,,,,,
Adang Big Rocks,Reef,Thailand,,,,,,,,,,,,,,,,,,,,,,,,,,,,,,
Expressway,Reef,Thailand,,,,,,,,,,,,,,,,,,,,,,,,,,,,,,
Adang N/W Corner,Reef,Thailand,,,,,,,,,,,,,,,,,,,,,,,,,,,,,,
Koh Dong Corner,Reef,Thailand,,,,,,,,,,,,,,,,,,,,,,,,,,,,,,
Koh Pung,Reef,Thailand,,,,,,,,,,,,,,,,,,,,,,,,,,,,,,
Rawi Corner,Reef,Thailand,,,,,,,,,,,,,,,,,,,,,,,,,,,,,,
Koh Lantcha,Reef,Thailand,,,,,,,,,,,,,,,,,,,,,,,,,,,,,,
Koh Bitsi,Reef,Thailand,,,,,,,,,,,,,,,,,,,,,,,,,,,,,,
Koh Lek,Reef,Thailand,,,,,,,,,,,,,,,,,,,,,,,,,,,,,,
Koh Tarue,Reef,Thailand,,,,,,,,,,,,,,,,,,,,,,,,,,,,,,
Rawi Beach,Beach,Thailand,,,,,,,,,,,,,,,,,,,,,,,,,,,,,,
Koh Yang West,Reef,Thailand,,,,,,,,,,,,,,,,,,,,,,,,,,,,,,
Koh Yang East,Reef,Thailand,,,,,,,,,,,,,,,,,,,,,,,,,,,,,,
Koh Sagai,Reef,Thailand,,,,,,,,,,,,,,,,,,,,,,,,,,,,,,
Koh Lugoi,Reef,Thailand,,,,,,,,,,,,,,,,,,,,,,,,,,,,,,
Koh Hin Ngam Noi,Reef,Thailand,,,,,,,,,,,,,,,,,,,,,,,,,,,,,,
Adang West Side,Reef,Thailand,,,,,,,,,,,,,,,,,,,,,,,,,,,,,,
Koh Hin Ngam,Reef,Thailand,,,,,,,,,,,,,,,,,,,,,,,,,,,,,,
Koh Ling Kao,Reef,Thailand,,,,,,,,,,,,,,,,,,,,,,,,,,,,,,
Koh Bulu,Reef,Thailand,,,,,,,,,,,,,,,,,,,,,,,,,,,,,,
Koh Hin Sorn,Reef,Thailand,,,,,,,,,,,,,,,,,,,,,,,,,,,,,,
Koh Kra,Reef,Thailand,,,,,,,,,,,,,,,,,,,,,,,,,,,,,,
7 Rocks,Reef,Thailand,,,,,,,,,,,,,,,,,,,,,,,,,,,,,,
Pakacem,Reef,Thailand,,,,,,,,,,,,,,,,,,,,,,,,,,,,,,
Koh Samuang,Reef,Thailand,,,,,,,,,,,,,,,,,,,,,,,,,,,,,,
Koh Sarang,Reef,Thailand,,,,,,,,,,,,,,,,,,,,,,,,,,,,,,
Yong Hua Wreck,Wreck,Thailand,,,,,,,,,,,,,,,,,,,,,,,,,,,,,,
Talang Step,Reef,Thailand,,,,,,,,,,,,,,,,,,,,,,,,,,,,,,
Talang Wall,Wall,Thailand,,,,,,,,,,,,,,,,,,,,,,,,,,,,,,
Talang South,Reef,Thailand,,,,,,,,,,,,,,,,,,,,,,,,,,,,,,
Sunrise Reef,Reef,Thailand,,,,,,,,,,,,,,,,,,,,,,,,,,,,,,
Pattaya Corner,Reef,Thailand,,,,,,,,,,,,,,,,,,,,,,,,,,,,,,
Koh Usen,Reef,Thailand,,,,,,,,,,,,,,,,,,,,,,,,,,,,,,
5 Mile Rock,Reef,Thailand,,,,,,,,,,,,,,,,,,,,,,,,,,,,,,
Butang Archipelago,Reef,Thailand,,,,,,,,,,,,,,,,,,,,,,,,,,,,,,
Lipe Corner,Reef,Thailand,,,,,,,,,,,,,,,,,,,,,,,,,,,,,,
Wreck Trek Lauderdale,Wreck,United States,,,,,,,,,,,,,,,,,,,,,,,,,,,,,,
SS Copenhagen / Nursery Reef,Reef,United States,,,,,,,,,,,,,,,,,,,,,,,,,,,,,,
Lady Luck Wreck,Wreck,United States,,,,,,,,,,,,,,,,,,,,,,,,,,,,,,
Ancient Mariner,Wreck,United States,,,,,,,,,,,,,,,,,,,,,,,,,,,,,,
Sea Emperor Wreck,Wreck,United States,,,,,,,,,,,,,,,,,,,,,,,,,,,,,,
Hydro Atlantic Wreck,Wreck,United States,,,,,,,,,,,,,,,,,,,,,,,,,,,,,,
MV Castor Wreck,Wreck,United States,,,,,,,,,,,,,,,,,,,,,,,,,,,,,,
Breakers Reef,Reef,United States,,,,,,,,,,,,,,,,,,,,,,,,,,,,,,
Shark Canyon,Reef,United States,,,,,,,,,,,,,,,,,,,,,,,,,,,,,,
Corridor Wreck Trek,Wreck,United States,,,,,,,,,,,,,,,,,,,,,,,,,,,,,,
Blue Heron Bridge,Shore,United States,,,,,,,,,,,,,,,,,,,,,,,,,,,,,,
Lauderdale-By-The-Sea Shore,Shore,United States,,,,,,,,,,,,,,,,,,,,,,,,,,,,,,
Hollywood Beach,Beach,United States,,,,,,,,,,,,,,,,,,,,,,,,,,,,,,
Riviera Beach,Beach,United States,,,,,,,,,,,,,,,,,,,,,,,,,,,,,,
Salt Cay,,Turks and Caicos,,,,,,,,,,,,,,,,,,,,,,,,,,,,,,
Thailand,,Thailand,,,,,,,,,,,,,,,,,,,,,,,,,,,,,,
Philippines,,Philippines,,,,,,,,,,,,,,,,,,,,,,,,,,,,,,
San Salvador,,Bahamas,,,,,,,,,,,,,,,,,,,,,,,,,,,,,,
Sarasota County,,USA,,,,,,,,,,,,,,,,,,,,,,,,,,,,,,
Crater,,USA,,,,,,,,,,,,,,,,,,,,,,,,,,,,,,
Davey Crocker,,USA,,,,,,,,,,,,,,,,,,,,,,,,,,,,,,
Ham,Reef,USA,,,,,,,,,,,,,,,,,,,,,,,,,,,,,,
Captain Grumpy,,USA,,,,,,,,,,,,,,,,,,,,,,,,,,,,,,
Runway,,USA,,,,,,,,,,,,,,,,,,,,,,,,,,,,,,
Stetson Bank,,,,,,,,,,,,,,,,,,,,,,,,,,,,,,,,
The Kraken,Wreck,,,,,,,,,,,,,,,,,,,,,,,,,,,,,,,
Sandbore Channel,,Turks & Caicos,,,,,,,,,,,,,,,,,,,,,,,,,,,,,,
Isla Malpelo,Geographical Site,Colombia,,,,,,,,,,,,,,,,,,,,,,,,,,,,,,
Acuario de Hugo,Reef,Colombia,,,,,,,,,,,,,,,,,,,,,,,,,,,,,,
Bajo del Ancia,Reef,Colombia,,,,,,,,,,,,,,,,,,,,,,,,,,,,,,
La Pared del Náufrago,Reef,Colombia,,,,,,,,,,,,,,,,,,,,,,,,,,,,,,
Freezer,Reef,Colombia,,,,,,,,,,,,,,,,,,,,,,,,,,,,,,
Aquamarina,Reef,Colombia,,,,,,,,,,,,,,,,,,,,,,,,,,,,,,
La Nevera,Reef,Colombia,,,,,,,,,,,,,,,,,,,,,,,,,,,,,,
La Puerta del Cielo,Reef,Colombia,,,,,,,,,,,,,,,,,,,,,,,,,,,,,,
El Sahara,Reef,Colombia,,,,,,,,,,,,,,,,,,,,,,,,,,,,,,
Sahara,Reef,Colombia,,,,,,,,,,,,,,,,,,,,,,,,,,,,,,
Saul,Reef,Colombia,,,,,,,,,,,,,,,,,,,,,,,,,,,,,,
Bajo del Junior,Reef,Colombia,,,,,,,,,,,,,,,,,,,,,,,,,,,,,,
Salomon,Reef,Colombia,,,,,,,,,,,,,,,,,,,,,,,,,,,,,,
David,Reef,Colombia,,,,,,,,,,,,,,,,,,,,,,,,,,,,,,
Bajon,Reef,Colombia,,,,,,,,,,,,,,,,,,,,,,,,,,,,,,
La Gringa,Reef,Colombia,,,,,,,,,,,,,,,,,,,,,,,,,,,,,,
La Ferreteria,Reef,Colombia,,,,,,,,,,,,,,,,,,,,,,,,,,,,,,
Scuba,Reef,Colombia,,,,,,,,,,,,,,,,,,,,,,,,,,,,,,
Aramis,Reef,Colombia,,,,,,,,,,,,,,,,,,,,,,,,,,,,,,
Portos,Reef,Colombia,,,,,,,,,,,,,,,,,,,,,,,,,,,,,,
Athos,Reef,Colombia,,,,,,,,,,,,,,,,,,,,,,,,,,,,,,
Bajo del Monstruo,Reef,Colombia,,,,,,,,,,,,,,,,,,,,,,,,,,,,,,
La Cara del Fantasma,Reef,Colombia,,,,,,,,,,,,,,,,,,,,,,,,,,,,,,
El Arrecife,Reef,Colombia,,,,,,,,,,,,,,,,,,,,,,,,,,,,,,
El Arco del Tropic,Reef,Colombia,,,,,,,,,,,,,,,,,,,,,,,,,,,,,,
Vagamares,Reef,Colombia,,,,,,,,,,,,,,,,,,,,,,,,,,,,,,
Pared del Agulla,Reef,Colombia,,,,,,,,,,,,,,,,,,,,,,,,,,,,,,
La Torta,Reef,Colombia,,,,,,,,,,,,,,,,,,,,,,,,,,,,,,
Honolua Bay,,USA,,,,,,,,,,,,,,,,,,,,,,,,,,,,,,
Maui Coastline,,USA,,,,,,,,,,,,,,,,,,,,,,,,,,,,,,
Pawley’s Island Reef,Reef,United States,,,,,,,,,,,,,,,,,,,,,,,,,,,,,,
Goldfinch Reef,Reef,United States,,,,,,,,,,,,,,,,,,,,,,,,,,,,,,
Bill Perry,Wreck,United States,,,,,,,,,,,,,,,,,,,,,,,,,,,,,,
Captain Chris Chong Reef,Reef,United States,,,,,,,,,,,,,,,,,,,,,,,,,,,,,,
City of Richmond,Wreck,United States,,,,,,,,,,,,,,,,,,,,,,,,,,,,,,
BP-25 and NYC Subway Cars,Wreck,United States,,,,,,,,,,,,,,,,,,,,,,,,,,,,,,
Civil War Wreck,Wreck,United States,,,,,,,,,,,,,,,,,,,,,,,,,,,,,,
Greenville Reef,Reef,United States,,,,,,,,,,,,,,,,,,,,,,,,,,,,,,
St. Cathan,Wreck,United States,,,,,,,,,,,,,,,,,,,,,,,,,,,,,,
The Hebe,Wreck,United States,,,,,,,,,,,,,,,,,,,,,,,,,,,,,,
USS Vermilion,Wreck,United States,,,,,,,,,,,,,,,,,,,,,,,,,,,,,,
Okobe Thila,,Maldives,,,,,,,,,,,,,,,,,,,,,,,,,,,,,,
Eri House Reef,,Maldives,,,,,,,,,,,,,,,,,,,,,,,,,,,,,,
Kuda Rah Thila,,Maldives,,,,,,,,,,,,,,,,,,,,,,,,,,,,,,
Lucky Hell,,Maldives,,,,,,,,,,,,,,,,,,,,,,,,,,,,,,
7th Heaven,,Maldives,,,,,,,,,,,,,,,,,,,,,,,,,,,,,,
Meeru,,Maldives,,,,,,,,,,,,,,,,,,,,,,,,,,,,,,
Far Reef,,Maldives,,,,,,,,,,,,,,,,,,,,,,,,,,,,,,
Helengeli Bodu Thila,,Maldives,,,,,,,,,,,,,,,,,,,,,,,,,,,,,,
Kahambu Beru,,Maldives,,,,,,,,,,,,,,,,,,,,,,,,,,,,,,
Aquarium,,Maldives,,,,,,,,,,,,,,,,,,,,,,,,,,,,,,
Meeru Beru,,Maldives,,,,,,,,,,,,,,,,,,,,,,,,,,,,,,
Bodu Hithi Thila,,Maldives,,,,,,,,,,,,,,,,,,,,,,,,,,,,,,
Cave Corner,,Maldives,,,,,,,,,,,,,,,,,,,,,,,,,,,,,,
Bat Reef,,Maldives,,,,,,,,,,,,,,,,,,,,,,,,,,,,,,
Asdhoo Canyon,,Maldives,,,,,,,,,,,,,,,,,,,,,,,,,,,,,,
Trix Caves,,Maldives,,,,,,,,,,,,,,,,,,,,,,,,,,,,,,
Woshimas Thila,,Maldives,,,,,,,,,,,,,,,,,,,,,,,,,,,,,,
Victory Wreck,,Maldives,,,,,,,,,,,,,,,,,,,,,,,,,,,,,,
West Rock Wreck,,Maldives,,,,,,,,,,,,,,,,,,,,,,,,,,,,,,
Finger Point,,Maldives,,,,,,,,,,,,,,,,,,,,,,,,,,,,,,
The Golden Island,,France,,,,,,,,,,,,,,,,,,,,,,,,,,,,,,
The Sea Lion,,France,,,,,,,,,,,,,,,,,,,,,,,,,,,,,,
The Dramont,,France,,,,,,,,,,,,,,,,,,,,,,,,,,,,,,
Cape Roux,,France,,,,,,,,,,,,,,,,,,,,,,,,,,,,,,
Deep Blue,,Indonesia,,,,,,,,,,,,,,,,,,,,,,,,,,,,,,
Gili Selang,,Indonesia,,,,,,,,,,,,,,,,,,,,,,,,,,,,,,
The Barre pool,,France,,,,,,,,,,,,,,,,,,,,,,,,,,,,,,
The Quai de Saône,,France,,,,,,,,,,,,,,,,,,,,,,,,,,,,,,
The Third dry dock,,France,,,,,,,,,,,,,,,,,,,,,,,,,,,,,,
The Bassin du Commerce,,France,,,,,,,,,,,,,,,,,,,,,,,,,,,,,,
Tanavula Point:,,Solomon Islands,,,,,,,,,,,,,,,,,,,,,,,,,,,,,,
Maravagi Bay,,Solomon Islands,,,,,,,,,,,,,,,,,,,,,,,,,,,,,,
USS Aaron Ward,,Solomon Islands,,,,,,,,,,,,,,,,,,,,,,,,,,,,,,
Azumasan Maru,,Solomon Islands,,,,,,,,,,,,,,,,,,,,,,,,,,,,,,
Sharm's Coast,,Egypt,,,,,,,,,,,,,,,,,,,,,,,,,,,,,,
Torfet Ali,,Egypt,,,,,,,,,,,,,,,,,,,,,,,,,,,,,,
Halg Salmaan,,Egypt,,,,,,,,,,,,,,,,,,,,,,,,,,,,,,
Marsa Shouna,,Egypt,,,,,,,,,,,,,,,,,,,,,,,,,,,,,,
Ras El Torfa,,Egypt,,,,,,,,,,,,,,,,,,,,,,,,,,,,,,
Marsa Shouni Soraya,,Egypt,,,,,,,,,,,,,,,,,,,,,,,,,,,,,,
Marsa Morena,,Egypt,,,,,,,,,,,,,,,,,,,,,,,,,,,,,,
Abu Dabab Offshore Reefs,,Egypt,,,,,,,,,,,,,,,,,,,,,,,,,,,,,,
Shaab Samadai,,Egypt,,,,,,,,,,,,,,,,,,,,,,,,,,,,,,
Wadi Sabarah,,Egypt,,,,,,,,,,,,,,,,,,,,,,,,,,,,,,
Halg el Shouni,,Egypt,,,,,,,,,,,,,,,,,,,,,,,,,,,,,,
Pontoon,,Indonesia,,,,,,,,,,,,,,,,,,,,,,,,,,,,,,
Sakenan,,Indonesia,,,,,,,,,,,,,,,,,,,,,,,,,,,,,,
Basil Jones Canyons,,Belize,,,,,,,,,,,,,,,,,,,,,,,,,,,,,,
Black Beauty,,Belize,,,,,,,,,,,,,,,,,,,,,,,,,,,,,,
Myrtle Turtle,,Belize,,,,,,,,,,,,,,,,,,,,,,,,,,,,,,
Front Porch,,Belize,,,,,,,,,,,,,,,,,,,,,,,,,,,,,,
Calabash,,Belize,,,,,,,,,,,,,,,,,,,,,,,,,,,,,,
Mata Rocks Canyons,,Belize,,,,,,,,,,,,,,,,,,,,,,,,,,,,,,
Hairball Too,Muck,Indonesia,,,,,,,,,,,,,,,,,,,,,,,,,,,,,,
Goby A'Crab,Muck,Indonesia,,,,,,,,,,,,,,,,,,,,,,,,,,,,,,
Pintu Kota,Muck,Indonesia,,,,,,,,,,,,,,,,,,,,,,,,,,,,,,
Lembeh,Geographical Site,Indonesia,,,,,,,,,,,,,,,,,,,,,,,,,,,,,,
Happy Hill,Reef,Grenada,,,,,,,,,,,,,,,,,,,,,,,,,,,,,,
Dragon's Wall,Reef,Grenada,,,,,,,,,,,,,,,,,,,,,,,,,,,,,,
Car Pile,Wreck,Grenada,,,,,,,,,,,,,,,,,,,,,,,,,,,,,,
Molinere Point,Reef,Grenada,,,,,,,,,,,,,,,,,,,,,,,,,,,,,,
Sculpture Park,Geographical Site,Grenada,,,,,,,,,,,,,,,,,,,,,,,,,,,,,,
Grand Mal Wall,Reef,Grenada,,,,,,,,,,,,,,,,,,,,,,,,,,,,,,
Valleys,Reef,Grenada,,,,,,,,,,,,,,,,,,,,,,,,,,,,,,
Red Buoy,Reef,Grenada,,,,,,,,,,,,,,,,,,,,,,,,,,,,,,
Southern Comfort,Reef,Grenada,,,,,,,,,,,,,,,,,,,,,,,,,,,,,,
Windmill,Reef,Grenada,,,,,,,,,,,,,,,,,,,,,,,,,,,,,,
Quarantine Reel,Wreck,Grenada,,,,,,,,,,,,,,,,,,,,,,,,,,,,,,
Moonscape,Reef,Grenada,,,,,,,,,,,,,,,,,,,,,,,,,,,,,,
Spotters Reef,Reef,Grenada,,,,,,,,,,,,,,,,,,,,,,,,,,,,,,
Dr. Grooms Garden,Reef,Grenada,,,,,,,,,,,,,,,,,,,,,,,,,,,,,,
Kansas,Reef,Grenada,,,,,,,,,,,,,,,,,,,,,,,,,,,,,,
Whibbles Reef,Reef,Grenada,,,,,,,,,,,,,,,,,,,,,,,,,,,,,,
Kohanee,Reef,Grenada,,,,,,,,,,,,,,,,,,,,,,,,,,,,,,
Grand Canyon,Reef,Grenada,,,,,,,,,,,,,,,,,,,,,,,,,,,,,,
Glovers Island,Geographical Site,Grenada,,,,,,,,,,,,,,,,,,,,,,,,,,,,,,
Glovers Reef,Reef,Grenada,,,,,,,,,,,,,,,,,,,,,,,,,,,,,,
Southend,Geographical Site,Grenada,,,,,,,,,,,,,,,,,,,,,,,,,,,,,,
Porpoises,Reef,Grenada,,,,,,,,,,,,,,,,,,,,,,,,,,,,,,
Eureka Oil Rigs,,USA,,,,,,,,,,,,,,,,,,,,,,,,,,,,,,
Ellen Oil Rigs,,USA,,,,,,,,,,,,,,,,,,,,,,,,,,,,,,
Elly Oil Rigs,,USA,,,,,,,,,,,,,,,,,,,,,,,,,,,,,,
Koh Tan,,Thailand,,,,,,,,,,,,,,,,,,,,,,,,,,,,,,
Koh Madsum Island,,Thailand,,,,,,,,,,,,,,,,,,,,,,,,,,,,,,
Key Hole Pinnacles,Reef,St.,,,,,,,,,,,,,,,,,,,,,,,,,,,,,,
Trou Diable,Reef,St.,,,,,,,,,,,,,,,,,,,,,,,,,,,,,,
Rosemond Trenches,Reef,St.,,,,,,,,,,,,,,,,,,,,,,,,,,,,,,
North Anse Jabette,Geographical Site,St.,,,,,,,,,,,,,,,,,,,,,,,,,,,,,,
South Anse Jabette,Geographical Site,St.,,,,,,,,,,,,,,,,,,,,,,,,,,,,,,
North Anse Cochon,Geographical Site,St. Lucia,,,,,,,,,,,,,,,,,,,,,,,,,,,,,,
South Anse Cochon,Geographical Site,St. Lucia,,,,,,,,,,,,,,,,,,,,,,,,,,,,,,
Virgin's Cove,Geographical Site,St.,,,,,,,,,,,,,,,,,,,,,,,,,,,,,,
North Saline Point,Geographical Site,St.,,,,,,,,,,,,,,,,,,,,,,,,,,,,,,
South Saline Point,Geographical Site,St.,,,,,,,,,,,,,,,,,,,,,,,,,,,,,,
Smugglers Cove,Geographical Site,St.,,,,,,,,,,,,,,,,,,,,,,,,,,,,,,
Bird's Rock,Reef,St.,,,,,,,,,,,,,,,,,,,,,,,,,,,,,,
North Pigeon Point,Geographical Site,St.,,,,,,,,,,,,,,,,,,,,,,,,,,,,,,
South Pigeon Point,Geographical Site,St.,,,,,,,,,,,,,,,,,,,,,,,,,,,,,,
Berger Rock Barrel-O-Beef,Reef,St.,,,,,,,,,,,,,,,,,,,,,,,,,,,,,,
Bone Yard,Wreck,St.,,,,,,,,,,,,,,,,,,,,,,,,,,,,,,
SK2,Wreck,St.,,,,,,,,,,,,,,,,,,,,,,,,,,,,,,
Vicky B,Wreck,St.,,,,,,,,,,,,,,,,,,,,,,,,,,,,,,
Forty Steps,Geographical Site,United States,,,,,,,,,,,,,,,,,,,,,,,,,,,,,,
Back Beach,Geographical Site,United States,,,,,,,,,,,,,,,,,,,,,,,,,,,,,,
Bass Rocks at Grapevine Road,Reef,United States,,,,,,,,,,,,,,,,,,,,,,,,,,,,,,
Cathedral Rocks,Reef,United States,,,,,,,,,,,,,,,,,,,,,,,,,,,,,,
Canoe Beach,Geographical Site,United States,,,,,,,,,,,,,,,,,,,,,,,,,,,,,,
Corporation Beach,Geographical Site,United States,,,,,,,,,,,,,,,,,,,,,,,,,,,,,,
Folly Cove,Geographical Site,United States,,,,,,,,,,,,,,,,,,,,,,,,,,,,,,
Halibut Point,Geographical Site,United States,,,,,,,,,,,,,,,,,,,,,,,,,,,,,,
Lane’s Cove,Geographical Site,United States,,,,,,,,,,,,,,,,,,,,,,,,,,,,,,
Loblolly Cove,Geographical Site,United States,,,,,,,,,,,,,,,,,,,,,,,,,,,,,,
Magnolia Rocks,Reef,United States,,,,,,,,,,,,,,,,,,,,,,,,,,,,,,
Norman’s Woe at Rafes Chasm,Reef,United States,,,,,,,,,,,,,,,,,,,,,,,,,,,,,,
Old Garden Beach,Geographical Site,United States,,,,,,,,,,,,,,,,,,,,,,,,,,,,,,
Sandwich Town Beach,Geographical Site,United States,,,,,,,,,,,,,,,,,,,,,,,,,,,,,,
Saturday Night Ledge,Reef,United States,,,,,,,,,,,,,,,,,,,,,,,,,,,,,,
Stage Fort Park,Geographical Site,United States,,,,,,,,,,,,,,,,,,,,,,,,,,,,,,
San Jose Del Cabo,Geographical Site,Mexico,,,,,,,,,,,,,,,,,,,,,,,,,,,,,,
Escalera,Reef,Mexico,,,,,,,,,,,,,,,,,,,,,,,,,,,,,,
Zacatitos,Geographical Site,Mexico,,,,,,,,,,,,,,,,,,,,,,,,,,,,,,
Skywalker,Reef,Mexico,,,,,,,,,,,,,,,,,,,,,,,,,,,,,,
Palmilla,Geographical Site,Mexico,,,,,,,,,,,,,,,,,,,,,,,,,,,,,,
El Salinar - Shipwreck,Wreck,Mexico,,,,,,,,,,,,,,,,,,,,,,,,,,,,,,
The Corridor,Geographical Site,Mexico,,,,,,,,,,,,,,,,,,,,,,,,,,,,,,
Gavilanes,Reef,Mexico,,,,,,,,,,,,,,,,,,,,,,,,,,,,,,
Santa Maria Bay,Geographical Site,Mexico,,,,,,,,,,,,,,,,,,,,,,,,,,,,,,
Land's End,Geographical Site,Mexico,,,,,,,,,,,,,,,,,,,,,,,,,,,,,,
Pelican Rock,Reef,Mexico,,,,,,,,,,,,,,,,,,,,,,,,,,,,,,
Middle Wall,Wall,Mexico,,,,,,,,,,,,,,,,,,,,,,,,,,,,,,
North Wall,Wall,Mexico,,,,,,,,,,,,,,,,,,,,,,,,,,,,,,
Le Hellcat,Wreck,France,,,,,,,,,,,,,,,,,,,,,,,,,,,,,,
Fourmigue du Lavandou,Reef,France,,,,,,,,,,,,,,,,,,,,,,,,,,,,,,
Le Spahis,Wreck,France,,,,,,,,,,,,,,,,,,,,,,,,,,,,,,
Le Wildcat,Wreck,France,,,,,,,,,,,,,,,,,,,,,,,,,,,,,,
Le Rubis,Wreck,France,,,,,,,,,,,,,,,,,,,,,,,,,,,,,,
Le Togo,Wreck,France,,,,,,,,,,,,,,,,,,,,,,,,,,,,,,
L'Espingole,Wreck,France,,,,,,,,,,,,,,,,,,,,,,,,,,,,,,
Mustang,Wreck,France,,,,,,,,,,,,,,,,,,,,,,,,,,,,,,
Le Ferrando,Wreck,France,,,,,,,,,,,,,,,,,,,,,,,,,,,,,,
Le Marcel,Wreck,France,,,,,,,,,,,,,,,,,,,,,,,,,,,,,,
llot du Christapu,Reef,France,,,,,,,,,,,,,,,,,,,,,,,,,,,,,,
Escampobariou,Reef,France,,,,,,,,,,,,,,,,,,,,,,,,,,,,,,
Le Michel C,Wreck,France,,,,,,,,,,,,,,,,,,,,,,,,,,,,,,
Ville de Grasse,Wreck,France,,,,,,,,,,,,,,,,,,,,,,,,,,,,,,
Cop des Medes,Reef,France,,,,,,,,,,,,,,,,,,,,,,,,,,,,,,
Gendarme,Reef,France,,,,,,,,,,,,,,,,,,,,,,,,,,,,,,
Montrémian,Reef,France,,,,,,,,,,,,,,,,,,,,,,,,,,,,,,
Les dalles de bagaud,Reef,France,,,,,,,,,,,,,,,,,,,,,,,,,,,,,,
Barge aux congres,Wreck,France,,,,,,,,,,,,,,,,,,,,,,,,,,,,,,
La Galéte,Reef,France,,,,,,,,,,,,,,,,,,,,,,,,,,,,,,
Le Cimentier,Wreck,France,,,,,,,,,,,,,,,,,,,,,,,,,,,,,,
Cop d'armes,Reef,France,,,,,,,,,,,,,,,,,,,,,,,,,,,,,,
Le Donator,Wreck,France,,,,,,,,,,,,,,,,,,,,,,,,,,,,,,
Le Grec,Wreck,France,,,,,,,,,,,,,,,,,,,,,,,,,,,,,,
Pointe du Vaisseau,Reef,France,,,,,,,,,,,,,,,,,,,,,,,,,,,,,,
Pointe de la Croix,Reef,France,,,,,,,,,,,,,,,,,,,,,,,,,,,,,,
La Gabinière,Reef,France,,,,,,,,,,,,,,,,,,,,,,,,,,,,,,
Sec des murènes,Reef,France,,,,,,,,,,,,,,,,,,,,,,,,,,,,,,
La Jeaune garde,Reef,France,,,,,,,,,,,,,,,,,,,,,,,,,,,,,,
Langoustier,Reef,France,,,,,,,,,,,,,,,,,,,,,,,,,,,,,,
Le Miere,Reef,France,,,,,,,,,,,,,,,,,,,,,,,,,,,,,,
Sèche du Sarranier,Reef,France,,,,,,,,,,,,,,,,,,,,,,,,,,,,,,
Ti-Boulen Du Frioul,Reef,France,,,,,,,,,,,,,,,,,,,,,,,,,,,,,,
Le Junker,Wreck,France,,,,,,,,,,,,,,,,,,,,,,,,,,,,,,
Le Lagoubran,Wreck,France,,,,,,,,,,,,,,,,,,,,,,,,,,,,,,
Tunnels et failles du Tiboulen de Maire,Cave,France,,,,,,,,,,,,,,,,,,,,,,,,,,,,,,
Croisette Le Cap,Reef,France,,,,,,,,,,,,,,,,,,,,,,,,,,,,,,
Les fromages,Reef,France,,,,,,,,,,,,,,,,,,,,,,,,,,,,,,
Messerschmitt BF 109,Wreck,France,,,,,,,,,,,,,,,,,,,,,,,,,,,,,,
Le Lotecoere,Wreck,France,,,,,,,,,,,,,,,,,,,,,,,,,,,,,,
Passe de Maire,Wall,France,,,,,,,,,,,,,,,,,,,,,,,,,,,,,,
Le Liban,Wreck,France,,,,,,,,,,,,,,,,,,,,,,,,,,,,,,
Le Dalton,Wreck,France,,,,,,,,,,,,,,,,,,,,,,,,,,,,,,
Le Chaouen,Wreck,France,,,,,,,,,,,,,,,,,,,,,,,,,,,,,,
Le Cap de Jarre,Reef,France,,,,,,,,,,,,,,,,,,,,,,,,,,,,,,
La Pierre de Briançon,Reef,France,,,,,,,,,,,,,,,,,,,,,,,,,,,,,,
La Grotte arc en ciel,Cave,France,,,,,,,,,,,,,,,,,,,,,,,,,,,,,,
La Grotte Mystérieuse,Cave,France,,,,,,,,,,,,,,,,,,,,,,,,,,,,,,
Le sec du Jarron,Reef,France,,,,,,,,,,,,,,,,,,,,,,,,,,,,,,
Le Batavia,Wreck,France,,,,,,,,,,,,,,,,,,,,,,,,,,,,,,
Lo Pierre que Tramole,Reef,France,,,,,,,,,,,,,,,,,,,,,,,,,,,,,,
La calanque du Pouar,Reef,France,,,,,,,,,,,,,,,,,,,,,,,,,,,,,,
Grotte o Perez,Cave,France,,,,,,,,,,,,,,,,,,,,,,,,,,,,,,
Pierre à Joseph,Reef,France,,,,,,,,,,,,,,,,,,,,,,,,,,,,,,
Tunnel de la Moyade,Cave,France,,,,,,,,,,,,,,,,,,,,,,,,,,,,,,
Cafarique des Contrebandiers,Cave,France,,,,,,,,,,,,,,,,,,,,,,,,,,,,,,
Couloir aux gorgones,Wall,France,,,,,,,,,,,,,,,,,,,,,,,,,,,,,,
Jaya de Willis,,Indonesia,,,,,,,,,,,,,,,,,,,,,,,,,,,,,,
Blue Lagoon,,Indonesia,,,,,,,,,,,,,,,,,,,,,,,,,,,,,,
Kawula,Reef,Indonesia,,,,,,,,,,,,,,,,,,,,,,,,,,,,,,
Kalabahi,Reef,Indonesia,,,,,,,,,,,,,,,,,,,,,,,,,,,,,,
Komba volcano,Reef,Indonesia,,,,,,,,,,,,,,,,,,,,,,,,,,,,,,
Gili Lawah Laut,Reef,Indonesia,,,,,,,,,,,,,,,,,,,,,,,,,,,,,,
Gili Lawah Darat,Reef,Indonesia,,,,,,,,,,,,,,,,,,,,,,,,,,,,,,
Komba,Reef,Indonesia,,,,,,,,,,,,,,,,,,,,,,,,,,,,,,
Alor Strait,Reef,Indonesia,,,,,,,,,,,,,,,,,,,,,,,,,,,,,,
Wetar,Reef,Indonesia,,,,,,,,,,,,,,,,,,,,,,,,,,,,,,
Damar,Reef,Indonesia,,,,,,,,,,,,,,,,,,,,,,,,,,,,,,
Serua-Nil-Nila,Reef,Indonesia,,,,,,,,,,,,,,,,,,,,,,,,,,,,,,
Manuk,Reef,Indonesia,,,,,,,,,,,,,,,,,,,,,,,,,,,,,,
Snake Island,Reef,Indonesia,,,,,,,,,,,,,,,,,,,,,,,,,,,,,,
Nusa Laut,Reef,Indonesia,,,,,,,,,,,,,,,,,,,,,,,,,,,,,,
Molana,Reef,Indonesia,,,,,,,,,,,,,,,,,,,,,,,,,,,,,,
Ambon,Reef,Indonesia,,,,,,,,,,,,,,,,,,,,,,,,,,,,,,
Banda Neira,Reef,Indonesia,,,,,,,,,,,,,,,,,,,,,,,,,,,,,,
Suanggi,Reef,Indonesia,,,,,,,,,,,,,,,,,,,,,,,,,,,,,,
Koon,Reef,Indonesia,,,,,,,,,,,,,,,,,,,,,,,,,,,,,,
Momon,Reef,Indonesia,,,,,,,,,,,,,,,,,,,,,,,,,,,,,,
Namatote,Reef,Indonesia,,,,,,,,,,,,,,,,,,,,,,,,,,,,,,
Kaimana,Reef,Indonesia,,,,,,,,,,,,,,,,,,,,,,,,,,,,,,
Fam Islands,Reef,Indonesia,,,,,,,,,,,,,,,,,,,,,,,,,,,,,,
Pulau Pisang,Reef,Indonesia,,,,,,,,,,,,,,,,,,,,,,,,,,,,,,
Strait of Patintie,Reef,Indonesia,,,,,,,,,,,,,,,,,,,,,,,,,,,,,,
Goraici Islands,Reef,Indonesia,,,,,,,,,,,,,,,,,,,,,,,,,,,,,,
Tifore Island,Reef,Indonesia,,,,,,,,,,,,,,,,,,,,,,,,,,,,,,
Daram,Reef,Indonesia,,,,,,,,,,,,,,,,,,,,,,,,,,,,,,
Misool National Park,Reef,Indonesia,,,,,,,,,,,,,,,,,,,,,,,,,,,,,,
Sahangri-la,,Mexico,,,,,,,,,,,,,,,,,,,,,,,,,,,,,,
Punta Tiburon,,Mexico,,,,,,,,,,,,,,,,,,,,,,,,,,,,,,
Inha,,Mexico,,,,,,,,,,,,,,,,,,,,,,,,,,,,,,
Sierra,,Mexico,,,,,,,,,,,,,,,,,,,,,,,,,,,,,,
Paamul,,Mexico,,,,,,,,,,,,,,,,,,,,,,,,,,,,,,
Pedregal,,Mexico,,,,,,,,,,,,,,,,,,,,,,,,,,,,,,
Chan 'Yu Yun,,Mexico,,,,,,,,,,,,,,,,,,,,,,,,,,,,,,
Oasis,,Mexico,,,,,,,,,,,,,,,,,,,,,,,,,,,,,,
Chacal Lal,,Mexico,,,,,,,,,,,,,,,,,,,,,,,,,,,,,,
Cañones,,Mexico,,,,,,,,,,,,,,,,,,,,,,,,,,,,,,
Cuevitas,,Mexico,,,,,,,,,,,,,,,,,,,,,,,,,,,,,,
Ruinas,,Mexico,,,,,,,,,,,,,,,,,,,,,,,,,,,,,,
Puntilla Deep,,Mexico,,,,,,,,,,,,,,,,,,,,,,,,,,,,,,
Puntilla,,Mexico,,,,,,,,,,,,,,,,,,,,,,,,,,,,,,
Love Rocks,,Mexico,,,,,,,,,,,,,,,,,,,,,,,,,,,,,,
Big Buoys,,Mexico,,,,,,,,,,,,,,,,,,,,,,,,,,,,,,
Punta Mita,,Mexico,,,,,,,,,,,,,,,,,,,,,,,,,,,,,,
Couch Potato,,Mexico,,,,,,,,,,,,,,,,,,,,,,,,,,,,,,
Changing Channels,,Mexico,,,,,,,,,,,,,,,,,,,,,,,,,,,,,,
La Señal,,Mexico,,,,,,,,,,,,,,,,,,,,,,,,,,,,,,
Paredon,,Mexico,,,,,,,,,,,,,,,,,,,,,,,,,,,,,,
Electric Avenue,Reef,Jamaica,,,,,,,,,,,,,,,,,,,,,,,,,,,,,,
Devil's Wall,Wall,Jamaica,,,,,,,,,,,,,,,,,,,,,,,,,,,,,,
Little Drop Off,Drop-off,Jamaica,,,,,,,,,,,,,,,,,,,,,,,,,,,,,,
Big Drop Off,Drop-off,Jamaica,,,,,,,,,,,,,,,,,,,,,,,,,,,,,,
Fisherman's Valley,Reef,Jamaica,,,,,,,,,,,,,,,,,,,,,,,,,,,,,,
Rocky Shallow,Reef,Jamaica,,,,,,,,,,,,,,,,,,,,,,,,,,,,,,
Ibero Garden,Reef,Jamaica,,,,,,,,,,,,,,,,,,,,,,,,,,,,,,
Dressel Discovery,Reef,Jamaica,,,,,,,,,,,,,,,,,,,,,,,,,,,,,,
Dream Wall,Wall,Jamaica,,,,,,,,,,,,,,,,,,,,,,,,,,,,,,
Marley's Garden,Reef,Jamaica,,,,,,,,,,,,,,,,,,,,,,,,,,,,,,
Jamaica Reef,Reef,Jamaica,,,,,,,,,,,,,,,,,,,,,,,,,,,,,,
Lost Islands,Reef,Jamaica,,,,,,,,,,,,,,,,,,,,,,,,,,,,,,
Rose Hall Reef,Reef,Jamaica,,,,,,,,,,,,,,,,,,,,,,,,,,,,,,
Windowmakers Cave,Cave,Jamaica,,,,,,,,,,,,,,,,,,,,,,,,,,,,,,
Montego Bay,,Jamaica,,,,,,,,,,,,,,,,,,,,,,,,,,,,,,
Coral Garden,,Dominican Republic,,,,,,,,,,,,,,,,,,,,,,,,,,,,,,
Coral Reef,,Dominican Republic,,,,,,,,,,,,,,,,,,,,,,,,,,,,,,
Coco Loco,,Dominican Republic,,,,,,,,,,,,,,,,,,,,,,,,,,,,,,
Edward's Reef,,Dominican Republic,,,,,,,,,,,,,,,,,,,,,,,,,,,,,,
Cristinos Reef,,Dominican Republic,,,,,,,,,,,,,,,,,,,,,,,,,,,,,,
Paradisus,,Dominican Republic,,,,,,,,,,,,,,,,,,,,,,,,,,,,,,
Catalina Aquarium,,Dominican Republic,,,,,,,,,,,,,,,,,,,,,,,,,,,,,,
Mini Wall,,Dominican Republic,,,,,,,,,,,,,,,,,,,,,,,,,,,,,,
Guasumilla,,Dominican Republic,,,,,,,,,,,,,,,,,,,,,,,,,,,,,,
Dos Cocos,,Dominican Republic,,,,,,,,,,,,,,,,,,,,,,,,,,,,,,
Acuario,,Dominican Republic,,,,,,,,,,,,,,,,,,,,,,,,,,,,,,
Penon Profundo,,Dominican Republic,,,,,,,,,,,,,,,,,,,,,,,,,,,,,,
La Parguera,,Dominican Republic,,,,,,,,,,,,,,,,,,,,,,,,,,,,,,
Sharkpoint,,Dominican Republic,,,,,,,,,,,,,,,,,,,,,,,,,,,,,,
Stingray City,,Dominican Republic,,,,,,,,,,,,,,,,,,,,,,,,,,,,,,
Mallorca,,Spain,,,,,,,,,,,,,,,,,,,,,,,,,,,,,,
Koh Sak West,,Thailand,,,,,,,,,,,,,,,,,,,,,,,,,,,,,,
Koh Sak East,,Thailand,,,,,,,,,,,,,,,,,,,,,,,,,,,,,,
South Point,,Thailand,,,,,,,,,,,,,,,,,,,,,,,,,,,,,,
Koh Krok,,Thailand,,,,,,,,,,,,,,,,,,,,,,,,,,,,,,
North Andaman,,India,,,,,,,,,,,,,,,,,,,,,,,,,,,,,,
Banta Wall,Wall,Indonesia,,,,,,,,,,,,,,,,,,,,,,,,,,,,,,
Torpedo Alley,Reef,Indonesia,,,,,,,,,,,,,,,,,,,,,,,,,,,,,,
Langkoi Rock,Reef,Indonesia,,,,,,,,,,,,,,,,,,,,,,,,,,,,,,
End of the World,Wall,Indonesia,,,,,,,,,,,,,,,,,,,,,,,,,,,,,,
Loh Sera,Reef,Indonesia,,,,,,,,,,,,,,,,,,,,,,,,,,,,,,
Kai's Dream,,Indonesia,,,,,,,,,,,,,,,,,,,,,,,,,,,,,,
North Komodo,,Indonesia,,,,,,,,,,,,,,,,,,,,,,,,,,,,,,
Central Komodo,,Indonesia,,,,,,,,,,,,,,,,,,,,,,,,,,,,,,
South Komodo,,Indonesia,,,,,,,,,,,,,,,,,,,,,,,,,,,,,,
The Rock Jetties,,USA,,,,,,,,,,,,,,,,,,,,,,,,,,,,,,
Turtle Grass,,USA,,,,,,,,,,,,,,,,,,,,,,,,,,,,,,
The Whiskey Wreck,,USA,,,,,,,,,,,,,,,,,,,,,,,,,,,,,,
Perdido Pass Jetties at Alabama Point,,USA,,,,,,,,,,,,,,,,,,,,,,,,,,,,,,
City Of Detroit,Wreck,United States,,,,,,,,,,,,,,,,,,,,,,,,,,,,,,
Gov Smith,Wreck,United States,,,,,,,,,,,,,,,,,,,,,,,,,,,,,,
Fred Lee,Wreck,United States,,,,,,,,,,,,,,,,,,,,,,,,,,,,,,
Glenorchy,Wreck,United States,,,,,,,,,,,,,,,,,,,,,,,,,,,,,,
Goliath,Wreck,United States,,,,,,,,,,,,,,,,,,,,,,,,,,,,,,
Daniel J Morrell,Wreck,United States,,,,,,,,,,,,,,,,,,,,,,,,,,,,,,
Emma L Neilsen,Wreck,United States,,,,,,,,,,,,,,,,,,,,,,,,,,,,,,
E.P. Dorr,Wreck,United States,,,,,,,,,,,,,,,,,,,,,,,,,,,,,,
Philadelphia,Wreck,United States,,,,,,,,,,,,,,,,,,,,,,,,,,,,,,
Arctic,Wreck,United States,,,,,,,,,,,,,,,,,,,,,,,,,,,,,,
Dunderburg,Wreck,United States,,,,,,,,,,,,,,,,,,,,,,,,,,,,,,
Minnedosa,Wreck,United States,,,,,,,,,,,,,,,,,,,,,,,,,,,,,,
Detroit,Wreck,United States,,,,,,,,,,,,,,,,,,,,,,,,,,,,,,
F B Gardner,Wreck,United States,,,,,,,,,,,,,,,,,,,,,,,,,,,,,,
Sport,Wreck,United States,,,,,,,,,,,,,,,,,,,,,,,,,,,,,,
Col A B Williams,Wreck,United States,,,,,,,,,,,,,,,,,,,,,,,,,,,,,,
Checotah,Wreck,United States,,,,,,,,,,,,,,,,,,,,,,,,,,,,,,
Charles S Price,Wreck,United States,,,,,,,,,,,,,,,,,,,,,,,,,,,,,,
Eliza H Strong,Wreck,United States,,,,,,,,,,,,,,,,,,,,,,,,,,,,,,
New York,Wreck,United States,,,,,,,,,,,,,,,,,,,,,,,,,,,,,,
Regina,Wreck,United States,,,,,,,,,,,,,,,,,,,,,,,,,,,,,,
Car Ferry 2,Wreck,United States,,,,,,,,,,,,,,,,,,,,,,,,,,,,,,
Louisville,Wreck,United States,,,,,,,,,,,,,,,,,,,,,,,,,,,,,,
Wisconsin,Wreck,United States,,,,,,,,,,,,,,,,,,,,,,,,,,,,,,
The Thomas Hume,Wreck,United States,,,,,,,,,,,,,,,,,,,,,,,,,,,,,,
Luther Loomis,Wreck,United States,,,,,,,,,,,,,,,,,,,,,,,,,,,,,,
Inland Steel Barge,Wreck,United States,,,,,,,,,,,,,,,,,,,,,,,,,,,,,,
Scuttled Steamer,Wreck,United States,,,,,,,,,,,,,,,,,,,,,,,,,,,,,,
Wings Of The Wind,Wreck,United States,,,,,,,,,,,,,,,,,,,,,,,,,,,,,,
Tacoma,Wreck,United States,,,,,,,,,,,,,,,,,,,,,,,,,,,,,,
Straits Of Mackinac,Wreck,United States,,,,,,,,,,,,,,,,,,,,,,,,,,,,,,
The Buccaneer,Wreck,United States,,,,,,,,,,,,,,,,,,,,,,,,,,,,,,
Material Services Barge,Wreck,United States,,,,,,,,,,,,,,,,,,,,,,,,,,,,,,
Wells Burt,Wreck,United States,,,,,,,,,,,,,,,,,,,,,,,,,,,,,,
Nicole’s Mystery Wreck,Wreck,United States,,,,,,,,,,,,,,,,,,,,,,,,,,,,,,
South Tug,Wreck,United States,,,,,,,,,,,,,,,,,,,,,,,,,,,,,,
David Dows,Wreck,United States,,,,,,,,,,,,,,,,,,,,,,,,,,,,,,
Lady Elgin,Wreck,United States,,,,,,,,,,,,,,,,,,,,,,,,,,,,,,
Albany,Wreck,United States,,,,,,,,,,,,,,,,,,,,,,,,,,,,,,
Illinois And Holly Barge,Wreck,United States,,,,,,,,,,,,,,,,,,,,,,,,,,,,,,
The Rotarian,Wreck,United States,,,,,,,,,,,,,,,,,,,,,,,,,,,,,,
Charles A King,Wreck,United States,,,,,,,,,,,,,,,,,,,,,,,,,,,,,,
John Mcgean,Wreck,United States,,,,,,,,,,,,,,,,,,,,,,,,,,,,,,
Canisteo,Wreck,United States,,,,,,,,,,,,,,,,,,,,,,,,,,,,,,
Mary Alice B,Wreck,United States,,,,,,,,,,,,,,,,,,,,,,,,,,,,,,
La Blanquilla,Reef,Mexico,,,,,,,,,,,,,,,,,,,,,,,,,,,,,,
El Caomex,Reef,Mexico,,,,,,,,,,,,,,,,,,,,,,,,,,,,,,
La Cadena,Reef,Mexico,,,,,,,,,,,,,,,,,,,,,,,,,,,,,,
Ancla del Morgan,Wreck,Mexico,,,,,,,,,,,,,,,,,,,,,,,,,,,,,,
Punta Sureste,Reef,Mexico,,,,,,,,,,,,,,,,,,,,,,,,,,,,,,
La Virgen,Reef,Mexico,,,,,,,,,,,,,,,,,,,,,,,,,,,,,,
Ahogado Chico,Reef,Mexico,,,,,,,,,,,,,,,,,,,,,,,,,,,,,,
Ahogado de Guilligan,Reef,Mexico,,,,,,,,,,,,,,,,,,,,,,,,,,,,,,
Catedrales,Cave,Mexico,,,,,,,,,,,,,,,,,,,,,,,,,,,,,,
El Jardín de Isla Verde,Reef,Mexico,,,,,,,,,,,,,,,,,,,,,,,,,,,,,,
La Lágrima,Reef,Mexico,,,,,,,,,,,,,,,,,,,,,,,,,,,,,,
The Rivapalacio C50,Wreck,Mexico,,,,,,,,,,,,,,,,,,,,,,,,,,,,,,
La Anegada de Afuera,Reef,Mexico,,,,,,,,,,,,,,,,,,,,,,,,,,,,,,
The Comodoro Manuel Azueta D111 training ship,Wreck,Mexico,,,,,,,,,,,,,,,,,,,,,,,,,,,,,,
Casuarina Point,,Cayman Islands,,,,,,,,,,,,,,,,,,,,,,,,,,,,,,
Channel Islands,,USA,,,,,,,,,,,,,,,,,,,,,,,,,,,,,,
Las Lagrimas,Reef,Mexico,,,,,,,,,,,,,,,,,,,,,,,,,,,,,,
Las Tijeretas,Reef,Mexico,,,,,,,,,,,,,,,,,,,,,,,,,,,,,,
Las Lajas,Reef,Mexico,,,,,,,,,,,,,,,,,,,,,,,,,,,,,,
La Lobera,Geographical Site,Mexico,,,,,,,,,,,,,,,,,,,,,,,,,,,,,,
Piedras Blancas,Reef,Mexico,,,,,,,,,,,,,,,,,,,,,,,,,,,,,,
El Repollo,Reef,Mexico,,,,,,,,,,,,,,,,,,,,,,,,,,,,,,
Candelero,Reef,Mexico,,,,,,,,,,,,,,,,,,,,,,,,,,,,,,
Punta Los Patos,Geographical Site,Mexico,,,,,,,,,,,,,,,,,,,,,,,,,,,,,,
El Sombrerito,Reef,Mexico,,,,,,,,,,,,,,,,,,,,,,,,,,,,,,
Islote de la Vaca,Geographical Site,Mexico,,,,,,,,,,,,,,,,,,,,,,,,,,,,,,
Punta Tintorera,Geographical Site,Mexico,,,,,,,,,,,,,,,,,,,,,,,,,,,,,,
La Cholla,Reef,Mexico,,,,,,,,,,,,,,,,,,,,,,,,,,,,,,
Punta Balandra,Geographical Site,Mexico,,,,,,,,,,,,,,,,,,,,,,,,,,,,,,
Los Picachos,Reef,Mexico,,,,,,,,,,,,,,,,,,,,,,,,,,,,,,
El Murcielago,Reef,Mexico,,,,,,,,,,,,,,,,,,,,,,,,,,,,,,
La Pared,Wall,Mexico,,,,,,,,,,,,,,,,,,,,,,,,,,,,,,
Faro Sur,Wall,Mexico,,,,,,,,,,,,,,,,,,,,,,,,,,,,,,
Faro Norte,Wall,Mexico,,,,,,,,,,,,,,,,,,,,,,,,,,,,,,
El Bulldog,Reef,Mexico,,,,,,,,,,,,,,,,,,,,,,,,,,,,,,
Piedra Partida,Reef,Mexico,,,,,,,,,,,,,,,,,,,,,,,,,,,,,,
El Submarino,Reef,Mexico,,,,,,,,,,,,,,,,,,,,,,,,,,,,,,
El Camaron,Reef,Mexico,,,,,,,,,,,,,,,,,,,,,,,,,,,,,,
Los Candeleros,Reef,Mexico,,,,,,,,,,,,,,,,,,,,,,,,,,,,,,
Piedra Bola,Reef,Mexico,,,,,,,,,,,,,,,,,,,,,,,,,,,,,,
C-59,Wreck,Mexico,,,,,,,,,,,,,,,,,,,,,,,,,,,,,,
Punta Coyote,Geographical Site,Mexico,,,,,,,,,,,,,,,,,,,,,,,,,,,,,,
Los Nidos,Reef,Mexico,,,,,,,,,,,,,,,,,,,,,,,,,,,,,,
Punta Colorada,Geographical Site,Mexico,,,,,,,,,,,,,,,,,,,,,,,,,,,,,,
Qualman Tugs Wreck,,USA,,,,,,,,,,,,,,,,,,,,,,,,,,,,,,
United Caribbean Wreck,,USA,,,,,,,,,,,,,,,,,,,,,,,,,,,,,,
RSB-1,,USA,,,,,,,,,,,,,,,,,,,,,,,,,,,,,,
Miracle of Life Wreck,,USA,,,,,,,,,,,,,,,,,,,,,,,,,,,,,,
Rapa Nui Reef,,USA,,,,,,,,,,,,,,,,,,,,,,,,,,,,,,
Angels Reef,,USA,,,,,,,,,,,,,,,,,,,,,,,,,,,,,,
Finks Grouper Hole Reef,,USA,,,,,,,,,,,,,,,,,,,,,,,,,,,,,,
Hillsboro Ledge Reef,,USA,,,,,,,,,,,,,,,,,,,,,,,,,,,,,,
San Remo Reef,,USA,,,,,,,,,,,,,,,,,,,,,,,,,,,,,,
Morey Bend Reef,,USA,,,,,,,,,,,,,,,,,,,,,,,,,,,,,,
Kurira,Reef,Colombia,,,,,,,,,,,,,,,,,,,,,,,,,,,,,,
Bajo San Martín,Reef,Colombia,,,,,,,,,,,,,,,,,,,,,,,,,,,,,,
Pavitos,Reef,Colombia,,,,,,,,,,,,,,,,,,,,,,,,,,,,,,
Alex Place,Reef,Colombia,,,,,,,,,,,,,,,,,,,,,,,,,,,,,,
Bajo Perdido,Reef,Colombia,,,,,,,,,,,,,,,,,,,,,,,,,,,,,,
Cueva de Junior,Cave,Colombia,,,,,,,,,,,,,,,,,,,,,,,,,,,,,,
Plaza de Toros,Reef,Colombia,,,,,,,,,,,,,,,,,,,,,,,,,,,,,,
Caribarú,Reef,Colombia,,,,,,,,,,,,,,,,,,,,,,,,,,,,,,
Latifundio,Reef,Colombia,,,,,,,,,,,,,,,,,,,,,,,,,,,,,,
Fiesta,Reef,Colombia,,,,,,,,,,,,,,,,,,,,,,,,,,,,,,
Botellas,Reef,Colombia,,,,,,,,,,,,,,,,,,,,,,,,,,,,,,
Bajo Mío,Reef,Colombia,,,,,,,,,,,,,,,,,,,,,,,,,,,,,,
Martinsito,Reef,Colombia,,,,,,,,,,,,,,,,,,,,,,,,,,,,,,
Jepun,Indonesia,,,,,,,,,,,,,,,,,,,,,,,,,,,,,,,
Shark Point (Gili Mimpang),Indonesia,,,,,,,,,,,,,,,,,,,,,,,,,,,,,,,
Manta Bay,Indonesia,,,,,,,,,,,,,,,,,,,,,,,,,,,,,,,
SD Point,Indonesia,,,,,,,,,,,,,,,,,,,,,,,,,,,,,,,
Anchor Wreck/Kapal Budak,Indonesia,,,,,,,,,,,,,,,,,,,,,,,,,,,,,,,
Close Encounter,Indonesia,,,,,,,,,,,,,,,,,,,,,,,,,,,,,,,
The Drop Off,Indonesia,,,,,,,,,,,,,,,,,,,,,,,,,,,,,,,
The Boga Wreck,Indonesia,,,,,,,,,,,,,,,,,,,,,,,,,,,,,,,
The Pyramids,Indonesia,,,,,,,,,,,,,,,,,,,,,,,,,,,,,,,
Japanese Shipwreck,Indonesia,,,,,,,,,,,,,,,,,,,,,,,,,,,,,,,
SCOGLIETTO – House of the groupers,Reef,Italy,,,,,,,,,,,,,,,,,,,,,,,,,,,,,,
SCOGLIETTO – Big caves,Cave,Italy,,,,,,,,,,,,,,,,,,,,,,,,,,,,,,
SCOGLIETTO – The Christ,Reef,Italy,,,,,,,,,,,,,,,,,,,,,,,,,,,,,,
SCOGLIETTO – North wall,Wall,Italy,,,,,,,,,,,,,,,,,,,,,,,,,,,,,,
SCOGLIETTO – Deep pinnacle,Pinnacle,Italy,,,,,,,,,,,,,,,,,,,,,,,,,,,,,,
SCOGLIETTO – Wall NE,Wall,Italy,,,,,,,,,,,,,,,,,,,,,,,,,,,,,,
Santa Lucia’s pinnacle,Pinnacle,Italy,,,,,,,,,,,,,,,,,,,,,,,,,,,,,,
Piane Alte,Reef,Italy,,,,,,,,,,,,,,,,,,,,,,,,,,,,,,
Cape Penisola,Geographical Site,Italy,,,,,,,,,,,,,,,,,,,,,,,,,,,,,,
Cape Nasuto,Geographical Site,Italy,,,,,,,,,,,,,,,,,,,,,,,,,,,,,,
Cape Madonna,Geographical Site,Italy,,,,,,,,,,,,,,,,,,,,,,,,,,,,,,
Cape Stella,Geographical Site,Italy,,,,,,,,,,,,,,,,,,,,,,,,,,,,,,
Cape Zanca,Geographical Site,Italy,,,,,,,,,,,,,,,,,,,,,,,,,,,,,,
Il Careno Rock,Rock,Italy,,,,,,,,,,,,,,,,,,,,,,,,,,,,,,
Leccia’s pinnacle,Pinnacle,Italy,,,,,,,,,,,,,,,,,,,,,,,,,,,,,,
La Cala Deep Pinnacle,Pinnacle,Italy,,,,,,,,,,,,,,,,,,,,,,,,,,,,,,
Fetovaia Pinnacle,Pinnacle,Italy,,,,,,,,,,,,,,,,,,,,,,,,,,,,,,
Friar’s rocks,Rock,Italy,,,,,,,,,,,,,,,,,,,,,,,,,,,,,,
Cape Fetovaia,Geographical Site,Italy,,,,,,,,,,,,,,,,,,,,,,,,,,,,,,
Secca Fonza,Reef,Italy,,,,,,,,,,,,,,,,,,,,,,,,,,,,,,
Little rocks of Zanca,Rock,Italy,,,,,,,,,,,,,,,,,,,,,,,,,,,,,,
Mortigliano,Reef,Italy,,,,,,,,,,,,,,,,,,,,,,,,,,,,,,
Omero’s place,Geographical Site,Italy,,,,,,,,,,,,,,,,,,,,,,,,,,,,,,
Pomonte Wreck,Wreck,Italy,,,,,,,,,,,,,,,,,,,,,,,,,,,,,,
Semaforino’s pinnacle,Pinnacle,Italy,,,,,,,,,,,,,,,,,,,,,,,,,,,,,,
Rock La Nave,Rock,Italy,,,,,,,,,,,,,,,,,,,,,,,,,,,,,,
Scoglio Fino,Rock,Italy,,,,,,,,,,,,,,,,,,,,,,,,,,,,,,
Spizzichino’s place,Geographical Site,Italy,,,,,,,,,,,,,,,,,,,,,,,,,,,,,,
Pianosa,Island,Italy,,,,,,,,,,,,,,,,,,,,,,,,,,,,,,
Cape Civitata,Geographical Site,Italy,,,,,,,,,,,,,,,,,,,,,,,,,,,,,,
Cape Zenobito,Geographical Site,Italy,,,,,,,,,,,,,,,,,,,,,,,,,,,,,,
Deep pinnacle of Turco,Pinnacle,Italy,,,,,,,,,,,,,,,,,,,,,,,,,,,,,,
Scoglione Rock,Rock,Italy,,,,,,,,,,,,,,,,,,,,,,,,,,,,,,
Punta Chiappal,,Italy,,,,,,,,,,,,,,,,,,,,,,,,,,,,,,
Isuela,,Italy,,,,,,,,,,,,,,,,,,,,,,,,,,,,,,
Punta Targhetta,,Italy,,,,,,,,,,,,,,,,,,,,,,,,,,,,,,
punta della Torretta,,Italy,,,,,,,,,,,,,,,,,,,,,,,,,,,,,,
Grotta dell'eremita,,Italy,,,,,,,,,,,,,,,,,,,,,,,,,,,,,,
Volpe,,Italy,,,,,,,,,,,,,,,,,,,,,,,,,,,,,,
Cristo degli abissi,,Italy,,,,,,,,,,,,,,,,,,,,,,,,,,,,,,
Colombara,,Italy,,,,,,,,,,,,,,,,,,,,,,,,,,,,,,
Dragones,,Italy,,,,,,,,,,,,,,,,,,,,,,,,,,,,,,
Targa Gonzatti,,Italy,,,,,,,,,,,,,,,,,,,,,,,,,,,,,,
secca Gonzatti,,Italy,,,,,,,,,,,,,,,,,,,,,,,,,,,,,,
Scoglio del diamante,,Italy,,,,,,,,,,,,,,,,,,,,,,,,,,,,,,
Raviolo,,Italy,,,,,,,,,,,,,,,,,,,,,,,,,,,,,,
Mohawk Deer,,Italy,,,,,,,,,,,,,,,,,,,,,,,,,,,,,,
Vessinaro,,Italy,,,,,,,,,,,,,,,,,,,,,,,,,,,,,,
Liscia,,Italy,,,,,,,,,,,,,,,,,,,,,,,,,,,,,,
Bigo,,Italy,,,,,,,,,,,,,,,,,,,,,,,,,,,,,,
testa del Leone,,Italy,,,,,,,,,,,,,,,,,,,,,,,,,,,,,,
Altare,,Italy,,,,,,,,,,,,,,,,,,,,,,,,,,,,,,
Casa del sindaco,,Italy,,,,,,,,,,,,,,,,,,,,,,,,,,,,,,
Faro,,Italy,,,,,,,,,,,,,,,,,,,,,,,,,,,,,,
B-17,Wreck,France,,,,,,,,,,,,,,,,,,,,,,,,,,,,,,
Revellata,,France,,,,,,,,,,,,,,,,,,,,,,,,,,,,,,
Saint Francois,,France,,,,,,,,,,,,,,,,,,,,,,,,,,,,,,
Bibliothèque,,France,,,,,,,,,,,,,,,,,,,,,,,,,,,,,,
Sec des Belges,,France,,,,,,,,,,,,,,,,,,,,,,,,,,,,,,
Punta Bianca,,France,,,,,,,,,,,,,,,,,,,,,,,,,,,,,,
Soraya,,Indonesia,,,,,,,,,,,,,,,,,,,,,,,,,,,,,,
Maldives,,Maldives,,,,,,,,,,,,,,,,,,,,,,,,,,,,,,
Shark Dive,,,,,,,,,,,,,,,,,,,,,,,,,,,,,,,,
Gold Chain Reef,,Honduras,,,,,,,,,,,,,,,,,,,,,,,,,,,,,,
Menagerhea’s Reef,,Honduras,,,,,,,,,,,,,,,,,,,,,,,,,,,,,,
Missing Link,,Honduras,,,,,,,,,,,,,,,,,,,,,,,,,,,,,,
Mr. Bud Wreck,,Honduras,,,,,,,,,,,,,,,,,,,,,,,,,,,,,,
Neverstain Bight,,Honduras,,,,,,,,,,,,,,,,,,,,,,,,,,,,,,
Two Tall Two Smal,,Honduras,,,,,,,,,,,,,,,,,,,,,,,,,,,,,,
Isola Bella,,Italy,,,,,,,,,,,,,,,,,,,,,,,,,,,,,,
Capo Taormina,,Italy,,,,,,,,,,,,,,,,,,,,,,,,,,,,,,
Roman Temple,,Italy,,,,,,,,,,,,,,,,,,,,,,,,,,,,,,
Mermaid Rock,,Italy,,,,,,,,,,,,,,,,,,,,,,,,,,,,,,
Air Cavern,,Italy,,,,,,,,,,,,,,,,,,,,,,,,,,,,,,
Atlantis Bay,,Italy,,,,,,,,,,,,,,,,,,,,,,,,,,,,,,
Devil Tunnel,,Italy,,,,,,,,,,,,,,,,,,,,,,,,,,,,,,
Villagonia,,Italy,,,,,,,,,,,,,,,,,,,,,,,,,,,,,,
Greek Temple,,Italy,,,,,,,,,,,,,,,,,,,,,,,,,,,,,,
Devil Canyon,,Italy,,,,,,,,,,,,,,,,,,,,,,,,,,,,,,
Angelos Canyon,,Italy,,,,,,,,,,,,,,,,,,,,,,,,,,,,,,
Elefant Reef,,Italy,,,,,,,,,,,,,,,,,,,,,,,,,,,,,,
Naxos Wreck,,Italy,,,,,,,,,,,,,,,,,,,,,,,,,,,,,,
Shark River Back Bay,,USA,,,,,,,,,,,,,,,,,,,,,,,,,,,,,,
Brewster Reef,Reef,United States,,,,,,,,,,,,,,,,,,,,,,,,,,,,,,
Biscayne National Park,Geographical Site,United States,,,,,,,,,,,,,,,,,,,,,,,,,,,,,,
Car Frame Reef,Reef,United States,,,,,,,,,,,,,,,,,,,,,,,,,,,,,,
Cuban Freighter Reef,Reef,United States,,,,,,,,,,,,,,,,,,,,,,,,,,,,,,
Darrel's Ledge,Ledge,United States,,,,,,,,,,,,,,,,,,,,,,,,,,,,,,
Deep Trench,Drop-off,United States,,,,,,,,,,,,,,,,,,,,,,,,,,,,,,
Emerald Reef,Reef,United States,,,,,,,,,,,,,,,,,,,,,,,,,,,,,,
Flamingo Reef,Reef,United States,,,,,,,,,,,,,,,,,,,,,,,,,,,,,,
Graceland Reef,Reef,United States,,,,,,,,,,,,,,,,,,,,,,,,,,,,,,
Jakes Jungle (Rumble on the Beach),Reef,United States,,,,,,,,,,,,,,,,,,,,,,,,,,,,,,
Keith's Kanyon,Drop-off,United States,,,,,,,,,,,,,,,,,,,,,,,,,,,,,,
Mike's Terrace,Reef,United States,,,,,,,,,,,,,,,,,,,,,,,,,,,,,,
Patty's Patch,Reef,United States,,,,,,,,,,,,,,,,,,,,,,,,,,,,,,
Petes Reef,Reef,United States,,,,,,,,,,,,,,,,,,,,,,,,,,,,,,
RJ's Groove,Reef,United States,,,,,,,,,,,,,,,,,,,,,,,,,,,,,,
RJ's Ledge,Ledge,United States,,,,,,,,,,,,,,,,,,,,,,,,,,,,,,
South Deep Trench,Drop-off,United States,,,,,,,,,,,,,,,,,,,,,,,,,,,,,,
Suger Bear Reef,Reef,United States,,,,,,,,,,,,,,,,,,,,,,,,,,,,,,
The Aquarium,Reef,United States,,,,,,,,,,,,,,,,,,,,,,,,,,,,,,
The Pillars,Pinnacle,United States,,,,,,,,,,,,,,,,,,,,,,,,,,,,,,
The Fish Hole,Reef,United States,,,,,,,,,,,,,,,,,,,,,,,,,,,,,,
The North Pipe,Wreck,United States,,,,,,,,,,,,,,,,,,,,,,,,,,,,,,
The Cascades,Reef,United States,,,,,,,,,,,,,,,,,,,,,,,,,,,,,,
Army Tanks,Wreck,United States,,,,,,,,,,,,,,,,,,,,,,,,,,,,,,
Belcher Barge,Wreck,United States,,,,,,,,,,,,,,,,,,,,,,,,,,,,,,
BELCHER WRECK TREK,Wreck,United States,,,,,,,,,,,,,,,,,,,,,,,,,,,,,,
Belzona Barge,Wreck,United States,,,,,,,,,,,,,,,,,,,,,,,,,,,,,,
Belzona II,Wreck,United States,,,,,,,,,,,,,,,,,,,,,,,,,,,,,,
Biscayne Wreck,Wreck,United States,,,,,,,,,,,,,,,,,,,,,,,,,,,,,,
Carmen,Wreck,United States,,,,,,,,,,,,,,,,,,,,,,,,,,,,,,
Half Moon Preserve,Reef,United States,,,,,,,,,,,,,,,,,,,,,,,,,,,,,,
Jose Cuervo Bar,Wreck,United States,,,,,,,,,,,,,,,,,,,,,,,,,,,,,,
Lady Frei,Wreck,United States,,,,,,,,,,,,,,,,,,,,,,,,,,,,,,
Matthew Lawrence Memorial Wreck,Wreck,United States,,,,,,,,,,,,,,,,,,,,,,,,,,,,,,
Miss Karline/ Patricia,Wreck,United States,,,,,,,,,,,,,,,,,,,,,,,,,,,,,,
Neptune Memorial Reef,Reef,United States,,,,,,,,,,,,,,,,,,,,,,,,,,,,,,
Radio Antenna,Wreck,United States,,,,,,,,,,,,,,,,,,,,,,,,,,,,,,
Tarpoon,Wreck,United States,,,,,,,,,,,,,,,,,,,,,,,,,,,,,,
The Conception,Wreck,United States,,,,,,,,,,,,,,,,,,,,,,,,,,,,,,
The Mathew Lawrence,Wreck,United States,,,,,,,,,,,,,,,,,,,,,,,,,,,,,,
The Pipes,Wreck,United States,,,,,,,,,,,,,,,,,,,,,,,,,,,,,,
Wreck Treck,Wreck,United States,,,,,,,,,,,,,,,,,,,,,,,,,,,,,,
Andro,Wreck,United States,,,,,,,,,,,,,,,,,,,,,,,,,,,,,,
Arida,Wreck,United States,,,,,,,,,,,,,,,,,,,,,,,,,,,,,,
Barge ZT 202,Wreck,United States,,,,,,,,,,,,,,,,,,,,,,,,,,,,,,
Belzona One,Wreck,United States,,,,,,,,,,,,,,,,,,,,,,,,,,,,,,
BELZONA THREE,Wreck,United States,,,,,,,,,,,,,,,,,,,,,,,,,,,,,,
DEMA Trader,Wreck,United States,,,,,,,,,,,,,,,,,,,,,,,,,,,,,,
Miracles Express,Wreck,United States,,,,,,,,,,,,,,,,,,,,,,,,,,,,,,
Orion,Wreck,United States,,,,,,,,,,,,,,,,,,,,,,,,,,,,,,
Paradiso,Wreck,United States,,,,,,,,,,,,,,,,,,,,,,,,,,,,,,
Proteus,Wreck,United States,,,,,,,,,,,,,,,,,,,,,,,,,,,,,,
Rio Miami,Wreck,United States,,,,,,,,,,,,,,,,,,,,,,,,,,,,,,
Schurgars Barge,Wreck,United States,,,,,,,,,,,,,,,,,,,,,,,,,,,,,,
Sheri-Lyn,Wreck,United States,,,,,,,,,,,,,,,,,,,,,,,,,,,,,,
South Seas,Wreck,United States,,,,,,,,,,,,,,,,,,,,,,,,,,,,,,
Spirit of Miami,Wreck,United States,,,,,,,,,,,,,,,,,,,,,,,,,,,,,,
St. Anne D'Auray,Wreck,United States,,,,,,,,,,,,,,,,,,,,,,,,,,,,,,
The C-One,Wreck,United States,,,,,,,,,,,,,,,,,,,,,,,,,,,,,,
The Princess Britney,Wreck,United States,,,,,,,,,,,,,,,,,,,,,,,,,,,,,,
Almirante,Wreck,United States,,,,,,,,,,,,,,,,,,,,,,,,,,,,,,
Brandy Wine,Wreck,United States,,,,,,,,,,,,,,,,,,,,,,,,,,,,,,
Blue Fire,Wreck,United States,,,,,,,,,,,,,,,,,,,,,,,,,,,,,,
Deep Freeze,Wreck,United States,,,,,,,,,,,,,,,,,,,,,,,,,,,,,,
Doc de Mille,Wreck,United States,,,,,,,,,,,,,,,,,,,,,,,,,,,,,,
Etoile de Mer,Wreck,United States,,,,,,,,,,,,,,,,,,,,,,,,,,,,,,
Jupiter Star,Wreck,United States,,,,,,,,,,,,,,,,,,,,,,,,,,,,,,
Lakeland,Wreck,United States,,,,,,,,,,,,,,,,,,,,,,,,,,,,,,
Miguana,Wreck,United States,,,,,,,,,,,,,,,,,,,,,,,,,,,,,,
Mystick Isle,Wreck,United States,,,,,,,,,,,,,,,,,,,,,,,,,,,,,,
Narwal,Wreck,United States,,,,,,,,,,,,,,,,,,,,,,,,,,,,,,
Ophelia-Brian,Wreck,United States,,,,,,,,,,,,,,,,,,,,,,,,,,,,,,
Ultra Freeze,Wreck,United States,,,,,,,,,,,,,,,,,,,,,,,,,,,,,,
S. Beach Water Tower,Wreck,United States,,,,,,,,,,,,,,,,,,,,,,,,,,,,,,
Tenneco Deep,Wreck,United States,,,,,,,,,,,,,,,,,,,,,,,,,,,,,,
Star Treck,Wreck,United States,,,,,,,,,,,,,,,,,,,,,,,,,,,,,,
The Andro,Wreck,United States,,,,,,,,,,,,,,,,,,,,,,,,,,,,,,
The Tortuga,Wreck,United States,,,,,,,,,,,,,,,,,,,,,,,,,,,,,,
Jico Yance,Muck,Indonesia,,,,,,,,,,,,,,,,,,,,,,,,,,,,,,
Batu Mera,Muck,Indonesia,,,,,,,,,,,,,,,,,,,,,,,,,,,,,,
Hainus,Muck,Indonesia,,,,,,,,,,,,,,,,,,,,,,,,,,,,,,
Lettuce Surpriz U,Muck,Indonesia,,,,,,,,,,,,,,,,,,,,,,,,,,,,,,
Teluk Kembahu,Bay,Indonesia,,,,,,,,,,,,,,,,,,,,,,,,,,,,,,
Pearl Farm,Muck,Indonesia,,,,,,,,,,,,,,,,,,,,,,,,,,,,,,
Retak Becho,Cave,Indonesia,,,,,,,,,,,,,,,,,,,,,,,,,,,,,,
Jarijari,Muck,Indonesia,,,,,,,,,,,,,,,,,,,,,,,,,,,,,,
Delima Point,Reef,Indonesia,,,,,,,,,,,,,,,,,,,,,,,,,,,,,,
"Rojos 1,2",Reef,Indonesia,,,,,,,,,,,,,,,,,,,,,,,,,,,,,,
"Air Bajo 1,2,3",Reef,Indonesia,,,,,,,,,,,,,,,,,,,,,,,,,,,,,,
Pinnacle X,Pinnacle,Indonesia,,,,,,,,,,,,,,,,,,,,,,,,,,,,,,
Kungkungan house reef,Reef,Indonesia,,,,,,,,,,,,,,,,,,,,,,,,,,,,,,
"Police Pier 1,2",Muck,Indonesia,,,,,,,,,,,,,,,,,,,,,,,,,,,,,,
Pante Abo,Reef,Indonesia,,,,,,,,,,,,,,,,,,,,,,,,,,,,,,
Tanduk Rusa,Reef,Indonesia,,,,,,,,,,,,,,,,,,,,,,,,,,,,,,
Naemundung point,Reef,Indonesia,,,,,,,,,,,,,,,,,,,,,,,,,,,,,,
Rotan,Muck,Indonesia,,,,,,,,,,,,,,,,,,,,,,,,,,,,,,
Kapal Indah Wreck,Wreck,Indonesia,,,,,,,,,,,,,,,,,,,,,,,,,,,,,,
Goby the Crab,Muck,Indonesia,,,,,,,,,,,,,,,,,,,,,,,,,,,,,,
Tanjung Paudean,Reef,Indonesia,,,,,,,,,,,,,,,,,,,,,,,,,,,,,,
Goronga,Muck,Indonesia,,,,,,,,,,,,,,,,,,,,,,,,,,,,,,
Serena iland,Island,Indonesia,,,,,,,,,,,,,,,,,,,,,,,,,,,,,,
Critters hunt,Muck,Indonesia,,,,,,,,,,,,,,,,,,,,,,,,,,,,,,
"Madidir 1,2,3",Muck,Indonesia,,,,,,,,,,,,,,,,,,,,,,,,,,,,,,
Pulau,Island,Indonesia,,,,,,,,,,,,,,,,,,,,,,,,,,,,,,
Abadi,Muck,Indonesia,,,,,,,,,,,,,,,,,,,,,,,,,,,,,,
Tanjung Mawali,Reef,Indonesia,,,,,,,,,,,,,,,,,,,,,,,,,,,,,,
Papu Papu,Muck,Indonesia,,,,,,,,,,,,,,,,,,,,,,,,,,,,,,
Sungan,Muck,Indonesia,,,,,,,,,,,,,,,,,,,,,,,,,,,,,,
Sea Grass,Muck,Indonesia,,,,,,,,,,,,,,,,,,,,,,,,,,,,,,
Hemi,Muck,Indonesia,,,,,,,,,,,,,,,,,,,,,,,,,,,,,,
Batu Lubang,Cave,Indonesia,,,,,,,,,,,,,,,,,,,,,,,,,,,,,,
Kecil,Reef,Indonesia,,,,,,,,,,,,,,,,,,,,,,,,,,,,,,
Monument (Trikora),Geographical Site,Indonesia,,,,,,,,,,,,,,,,,,,,,,,,,,,,,,
Batu Lubang Besar,Cave,Indonesia,,,,,,,,,,,,,,,,,,,,,,,,,,,,,,
Coconut garden,Reef,Indonesia,,,,,,,,,,,,,,,,,,,,,,,,,,,,,,
Mandarin Place,Muck,Indonesia,,,,,,,,,,,,,,,,,,,,,,,,,,,,,,
Tanjung Kuning,Reef,Indonesia,,,,,,,,,,,,,,,,,,,,,,,,,,,,,,
"Jiko 1,2,3",Muck,Indonesia,,,,,,,,,,,,,,,,,,,,,,,,,,,,,,
Coral Kobong,Reef,Indonesia,,,,,,,,,,,,,,,,,,,,,,,,,,,,,,
Lake Okoboji,,USA,,,,,,,,,,,,,,,,,,,,,,,,,,,,,,
Hideaway Bay,,Thailand,,,,,,,,,,,,,,,,,,,,,,,,,,,,,,
Donald Duck Bay,,Thailand,,,,,,,,,,,,,,,,,,,,,,,,,,,,,,
Koh Haa Lagoon,,Thailand,,,,,,,,,,,,,,,,,,,,,,,,,,,,,,
Koh Haa Neua,,Thailand,,,,,,,,,,,,,,,,,,,,,,,,,,,,,,
Munising Bay,,USA,,,,,,,,,,,,,,,,,,,,,,,,,,,,,,
Port Sanilac,,USA,,,,,,,,,,,,,,,,,,,,,,,,,,,,,,
Presque Isle,,USA,,,,,,,,,,,,,,,,,,,,,,,,,,,,,,
Ras Bula,,Fiji,,,,,,,,,,,,,,,,,,,,,,,,,,,,,,
The Maze,,Fiji,,,,,,,,,,,,,,,,,,,,,,,,,,,,,,
Bigfoot,,Fiji,,,,,,,,,,,,,,,,,,,,,,,,,,,,,,
Sundance,,Fiji,,,,,,,,,,,,,,,,,,,,,,,,,,,,,,
Bordello,,Fiji,,,,,,,,,,,,,,,,,,,,,,,,,,,,,,
Casbah,,Fiji,,,,,,,,,,,,,,,,,,,,,,,,,,,,,,
Fanny Hill,,Fiji,,,,,,,,,,,,,,,,,,,,,,,,,,,,,,
Gunbarrel,,Fiji,,,,,,,,,,,,,,,,,,,,,,,,,,,,,,
Stingray,,Fiji,,,,,,,,,,,,,,,,,,,,,,,,,,,,,,
The Edge,,Fiji,,,,,,,,,,,,,,,,,,,,,,,,,,,,,,
Periwinkle Reef ,,Bahamas,,,,,,,,,,,,,,,,,,,,,,,,,,,,,,
Playa Corona,,Mexico,,,,,,,,,,,,,,,,,,,,,,,,,,,,,,
Yellow House,,Mexico,,,,,,,,,,,,,,,,,,,,,,,,,,,,,,
North of Palancar,,Mexico,,,,,,,,,,,,,,,,,,,,,,,,,,,,,,
MV Treasure,Wreck,South Africa,,,,,,,,,,,,,,,,,,,,,,,,,,,,,,
SS Hypatia,Wreck,South Africa,,,,,,,,,,,,,,,,,,,,,,,,,,,,,,
Highfields,Reef,South Africa,,,,,,,,,,,,,,,,,,,,,,,,,,,,,,
RMS Athens,Wreck,South Africa,,,,,,,,,,,,,,,,,,,,,,,,,,,,,,
SS SA Seafarer,Wreck,South Africa,,,,,,,,,,,,,,,,,,,,,,,,,,,,,,
Three Anchor Bay,Bay,South Africa,,,,,,,,,,,,,,,,,,,,,,,,,,,,,,
Sea Point Ridge Pinnacles,Pinnacle,South Africa,,,,,,,,,,,,,,,,,,,,,,,,,,,,,,
Bantry Bay,Bay,South Africa,,,,,,,,,,,,,,,,,,,,,,,,,,,,,,
North Lion's Paw,Reef,South Africa,,,,,,,,,,,,,,,,,,,,,,,,,,,,,,
South Lion's Paw,Reef,South Africa,,,,,,,,,,,,,,,,,,,,,,,,,,,,,,
Clifton Rocks,Reef,South Africa,,,,,,,,,,,,,,,,,,,,,,,,,,,,,,
Cleeve's Tunnel,Cave,South Africa,,,,,,,,,,,,,,,,,,,,,,,,,,,,,,
Bakhoven Rock,Reef,South Africa,,,,,,,,,,,,,,,,,,,,,,,,,,,,,,
Geldkis Blinder,Reef,South Africa,,,,,,,,,,,,,,,,,,,,,,,,,,,,,,
Strawberry Rocks,Reef,South Africa,,,,,,,,,,,,,,,,,,,,,,,,,,,,,,
Geldkis,Reef,South Africa,,,,,,,,,,,,,,,,,,,,,,,,,,,,,,
Mushroom Pinnacle,Pinnacle,South Africa,,,,,,,,,,,,,,,,,,,,,,,,,,,,,,
Het Huis te Kraaiestein,Wreck,South Africa,,,,,,,,,,,,,,,,,,,,,,,,,,,,,,
Justin's Caves,Cave,South Africa,,,,,,,,,,,,,,,,,,,,,,,,,,,,,,
MV Antipolis,Wreck,South Africa,,,,,,,,,,,,,,,,,,,,,,,,,,,,,,
Klein Pannekoek,Reef,South Africa,,,,,,,,,,,,,,,,,,,,,,,,,,,,,,
Groot Pannekoek,Reef,South Africa,,,,,,,,,,,,,,,,,,,,,,,,,,,,,,
13th Apostle,Reef,South Africa,,,,,,,,,,,,,,,,,,,,,,,,,,,,,,
Logies Bay,Bay,South Africa,,,,,,,,,,,,,,,,,,,,,,,,,,,,,,
MV Romelia,Wreck,South Africa,,,,,,,,,,,,,,,,,,,,,,,,,,,,,,
Steps,Reef,South Africa,,,,,,,,,,,,,,,,,,,,,,,,,,,,,,
Hakka Reef,Reef,South Africa,,,,,,,,,,,,,,,,,,,,,,,,,,,,,,
SAS Gelderland,Wreck,South Africa,,,,,,,,,,,,,,,,,,,,,,,,,,,,,,
MV Ker Yar Vor,Wreck,South Africa,,,,,,,,,,,,,,,,,,,,,,,,,,,,,,
the Jo May,Wreck,South Africa,,,,,,,,,,,,,,,,,,,,,,,,,,,,,,
SS Maori,Wreck,South Africa,,,,,,,,,,,,,,,,,,,,,,,,,,,,,,
SS Oakburn,Wreck,South Africa,,,,,,,,,,,,,,,,,,,,,,,,,,,,,,
"""Bos 400""",Wreck,South Africa,,,,,,,,,,,,,,,,,,,,,,,,,,,,,,
Die Perd,Reef,South Africa,,,,,,,,,,,,,,,,,,,,,,,,,,,,,,
Kanobi's Wall,Wall,South Africa,,,,,,,,,,,,,,,,,,,,,,,,,,,,,,
Star Walls,Wall,South Africa,,,,,,,,,,,,,,,,,,,,,,,,,,,,,,
Sunfish Pinnacle,Pinnacle,South Africa,,,,,,,,,,,,,,,,,,,,,,,,,,,,,,
Seal Island (Duiker island),Island,South Africa,,,,,,,,,,,,,,,,,,,,,,,,,,,,,,
Di's Cracks,Cave,South Africa,,,,,,,,,,,,,,,,,,,,,,,,,,,,,,
Tafelberg Reef,Reef,South Africa,,,,,,,,,,,,,,,,,,,,,,,,,,,,,,
"Klein Tafelberg Reef (Salad bowl, Yacht wreck)",Reef,South Africa,,,,,,,,,,,,,,,,,,,,,,,,,,,,,,
MV Aster,Wreck,South Africa,,,,,,,,,,,,,,,,,,,,,,,,,,,,,,
MV Katsu Maru,Wreck,South Africa,,,,,,,,,,,,,,,,,,,,,,,,,,,,,,
Die Josie,Wreck,South Africa,,,,,,,,,,,,,,,,,,,,,,,,,,,,,,
SS Clan Monroe,Wreck,South Africa,,,,,,,,,,,,,,,,,,,,,,,,,,,,,,
SS Bia,Wreck,South Africa,,,,,,,,,,,,,,,,,,,,,,,,,,,,,,
SS Umhlali,Wreck,South Africa,,,,,,,,,,,,,,,,,,,,,,,,,,,,,,
Albatross Rock,Reef,South Africa,,,,,,,,,,,,,,,,,,,,,,,,,,,,,,
Dale Brook,Reef,South Africa,,,,,,,,,,,,,,,,,,,,,,,,,,,,,,
Kalk Bay Harbour Wall,Wall,South Africa,,,,,,,,,,,,,,,,,,,,,,,,,,,,,,
Sunny Cove,Bay,South Africa,,,,,,,,,,,,,,,,,,,,,,,,,,,,,,
Quarry,Geographical Site,South Africa,,,,,,,,,,,,,,,,,,,,,,,,,,,,,,
Glencairn Barge,Wreck,South Africa,,,,,,,,,,,,,,,,,,,,,,,,,,,,,,
SS Clan Stuart,Wreck,South Africa,,,,,,,,,,,,,,,,,,,,,,,,,,,,,,
Brunswick,Wreck,South Africa,,,,,,,,,,,,,,,,,,,,,,,,,,,,,,
HNMS,Wreck,South Africa,,,,,,,,,,,,,,,,,,,,,,,,,,,,,,
Long Beach,Bay,South Africa,,,,,,,,,,,,,,,,,,,,,,,,,,,,,,
Target Reef,Reef,South Africa,,,,,,,,,,,,,,,,,,,,,,,,,,,,,,
Livingstone Reef,Reef,South Africa,,,,,,,,,,,,,,,,,,,,,,,,,,,,,,
Castor Rock,Reef,South Africa,,,,,,,,,,,,,,,,,,,,,,,,,,,,,,
Tivoli Pinnacles,Pinnacle,South Africa,,,,,,,,,,,,,,,,,,,,,,,,,,,,,,
Friskies Pinnacle,Pinnacle,South Africa,,,,,,,,,,,,,,,,,,,,,,,,,,,,,,
Rambler Rock,Reef,South Africa,,,,,,,,,,,,,,,,,,,,,,,,,,,,,,
Ammunition Barges,Wreck,South Africa,,,,,,,,,,,,,,,,,,,,,,,,,,,,,,
Phoenix shoal,Shoal,South Africa,,,,,,,,,,,,,,,,,,,,,,,,,,,,,,
Noah’s Ark,Wreck,South Africa,,,,,,,,,,,,,,,,,,,,,,,,,,,,,,
the Ark Rock Wrecks,Wreck,South Africa,,,,,,,,,,,,,,,,,,,,,,,,,,,,,,
Penguin Point,Reef,South Africa,,,,,,,,,,,,,,,,,,,,,,,,,,,,,,
Maidstone Rock Reefs,Reef,South Africa,,,,,,,,,,,,,,,,,,,,,,,,,,,,,,
Photographer’s Reef,Reef,South Africa,,,,,,,,,,,,,,,,,,,,,,,,,,,,,,
Torch Reef,Reef,South Africa,,,,,,,,,,,,,,,,,,,,,,,,,,,,,,
Outer Photographers Reef,Reef,South Africa,,,,,,,,,,,,,,,,,,,,,,,,,,,,,,
Fishermens Beach,Bay,South Africa,,,,,,,,,,,,,,,,,,,,,,,,,,,,,,
D-Frame,Wreck,South Africa,,,,,,,,,,,,,,,,,,,,,,,,,,,,,,
Insanity Reef,Reef,South Africa,,,,,,,,,,,,,,,,,,,,,,,,,,,,,,
Rocklands Blinder,Reef,South Africa,,,,,,,,,,,,,,,,,,,,,,,,,,,,,,
Spaniard Rock,Reef,South Africa,,,,,,,,,,,,,,,,,,,,,,,,,,,,,,
Alpha reef,Reef,South Africa,,,,,,,,,,,,,,,,,,,,,,,,,,,,,,
Stern Reef,Reef,South Africa,,,,,,,,,,,,,,,,,,,,,,,,,,,,,,
SAS Pietermaritzburg,Wreck,South Africa,,,,,,,,,,,,,,,,,,,,,,,,,,,,,,
Caravan Reef,Reef,South Africa,,,,,,,,,,,,,,,,,,,,,,,,,,,,,,
Millers Point,Reef,South Africa,,,,,,,,,,,,,,,,,,,,,,,,,,,,,,
Boat Rock (Bakhoven Rock),Reef,South Africa,,,,,,,,,,,,,,,,,,,,,,,,,,,,,,
Shark Ally,Channel,South Africa,,,,,,,,,,,,,,,,,,,,,,,,,,,,,,
Castle Rocks,Reef,South Africa,,,,,,,,,,,,,,,,,,,,,,,,,,,,,,
Parson's Nose,Reef,South Africa,,,,,,,,,,,,,,,,,,,,,,,,,,,,,,
Pie Rock,Reef,South Africa,,,,,,,,,,,,,,,,,,,,,,,,,,,,,,
Finlay's Point (Jenga Reef),Reef,South Africa,,,,,,,,,,,,,,,,,,,,,,,,,,,,,,
Finlay's Deep,Drop-off,South Africa,,,,,,,,,,,,,,,,,,,,,,,,,,,,,,
Seal Rock,Pinnacle,South Africa,,,,,,,,,,,,,,,,,,,,,,,,,,,,,,
Peter's Pinnacle,Pinnacle,South Africa,,,,,,,,,,,,,,,,,,,,,,,,,,,,,,
SAS Transvaal,Wreck,South Africa,,,,,,,,,,,,,,,,,,,,,,,,,,,,,,
MFV Orotava,Wreck,South Africa,,,,,,,,,,,,,,,,,,,,,,,,,,,,,,
MFV Princess Elizabeth,Wreck,South Africa,,,,,,,,,,,,,,,,,,,,,,,,,,,,,,
SAS Good Hope,Wreck,South Africa,,,,,,,,,,,,,,,,,,,,,,,,,,,,,,
MV Rockeater,Wreck,South Africa,,,,,,,,,,,,,,,,,,,,,,,,,,,,,,
Smits Reef Birthday Reef,Reef,South Africa,,,,,,,,,,,,,,,,,,,,,,,,,,,,,,
Batsata Maze,Reef,South Africa,,,,,,,,,,,,,,,,,,,,,,,,,,,,,,
Seekatbank,Shoal,South Africa,,,,,,,,,,,,,,,,,,,,,,,,,,,,,,
Smits Cliff (Hell's Gate),Wall,South Africa,,,,,,,,,,,,,,,,,,,,,,,,,,,,,,
Bordjiesrif,Reef,South Africa,,,,,,,,,,,,,,,,,,,,,,,,,,,,,,
Buffels Bay,Bay,South Africa,,,,,,,,,,,,,,,,,,,,,,,,,,,,,,
York Shoal,Shoal,South Africa,,,,,,,,,,,,,,,,,,,,,,,,,,,,,,
Rocky Bank,Shoal,South Africa,,,,,,,,,,,,,,,,,,,,,,,,,,,,,,
East Shoal,Shoal,South Africa,,,,,,,,,,,,,,,,,,,,,,,,,,,,,,
SATS General Botha,Wreck,South Africa,,,,,,,,,,,,,,,,,,,,,,,,,,,,,,
SAS Bloemfontein,Wreck,South Africa,,,,,,,,,,,,,,,,,,,,,,,,,,,,,,
SAS Fleur,Wreck,South Africa,,,,,,,,,,,,,,,,,,,,,,,,,,,,,,
SS Lusitania,Wreck,South Africa,,,,,,,,,,,,,,,,,,,,,,,,,,,,,,
Muizenberg Trawlers,Wreck,South Africa,,,,,,,,,,,,,,,,,,,,,,,,,,,,,,
Bikini Beach,Bay,South Africa,,,,,,,,,,,,,,,,,,,,,,,,,,,,,,
Ledges,Drop-off,South Africa,,,,,,,,,,,,,,,,,,,,,,,,,,,,,,
Vogelsteen,Reef,South Africa,,,,,,,,,,,,,,,,,,,,,,,,,,,,,,
Cow and Calf,Reef,South Africa,,,,,,,,,,,,,,,,,,,,,,,,,,,,,,
Tony's Reef,Reef,South Africa,,,,,,,,,,,,,,,,,,,,,,,,,,,,,,
Troglodyte's Cove (Cave Gully),Cave,South Africa,,,,,,,,,,,,,,,,,,,,,,,,,,,,,,
Lorry Bay,Bay,South Africa,,,,,,,,,,,,,,,,,,,,,,,,,,,,,,
Phil's Bay,Bay,South Africa,,,,,,,,,,,,,,,,,,,,,,,,,,,,,,
Blouklip,Reef,South Africa,,,,,,,,,,,,,,,,,,,,,,,,,,,,,,
Blousteen Ridge,Reef,South Africa,,,,,,,,,,,,,,,,,,,,,,,,,,,,,,
Whirlpool Cove,Bay,South Africa,,,,,,,,,,,,,,,,,,,,,,,,,,,,,,
Percy's Hole,Cave,South Africa,,,,,,,,,,,,,,,,,,,,,,,,,,,,,,
Kruis,Reef,South Africa,,,,,,,,,,,,,,,,,,,,,,,,,,,,,,
Rooi-els Point,Reef,South Africa,,,,,,,,,,,,,,,,,,,,,,,,,,,,,,
Coral Gardens Rooi-els,Reef,South Africa,,,,,,,,,,,,,,,,,,,,,,,,,,,,,,
Andre se Gat,Cave,South Africa,,,,,,,,,,,,,,,,,,,,,,,,,,,,,,
Balcony,Reef,South Africa,,,,,,,,,,,,,,,,,,,,,,,,,,,,,,
Container Bay,Bay,South Africa,,,,,,,,,,,,,,,,,,,,,,,,,,,,,,
Blue Rock Quarry,Geographical Site,South Africa,,,,,,,,,,,,,,,,,,,,,,,,,,,,,,
Eagles Ray Pass,Channel,Turks and Caicos,,,,,,,,,,,,,,,,,,,,,,,,,,,,,,
The Annexe,Reef,Turks and Caicos,,,,,,,,,,,,,,,,,,,,,,,,,,,,,,
Football Field,Reef,Turks and Caicos,,,,,,,,,,,,,,,,,,,,,,,,,,,,,,
Black Coral Forest,Reef,Turks and Caicos,,,,,,,,,,,,,,,,,,,,,,,,,,,,,,
Ampitheatre,Wall,Turks and Caicos,,,,,,,,,,,,,,,,,,,,,,,,,,,,,,
Eel Gardena,Reef,Turks and Caicos,,,,,,,,,,,,,,,,,,,,,,,,,,,,,,
Tin Hut Wall,Wall,Turks and Caicos,,,,,,,,,,,,,,,,,,,,,,,,,,,,,,
Stairway,Wall,Turks and Caicos,,,,,,,,,,,,,,,,,,,,,,,,,,,,,,
Awesome,Reef,Turks and Caicos,,,,,,,,,,,,,,,,,,,,,,,,,,,,,,
Sunset Strip,Reef,Turks and Caicos,,,,,,,,,,,,,,,,,,,,,,,,,,,,,,
Fifi's Folly,Reef,Turks and Caicos,,,,,,,,,,,,,,,,,,,,,,,,,,,,,,
Catacombs,Cave,Turks and Caicos,,,,,,,,,,,,,,,,,,,,,,,,,,,,,,
Two Sharks,Reef,Turks and Caicos,,,,,,,,,,,,,,,,,,,,,,,,,,,,,,
Crocodile,Reef,Turks and Caicos,,,,,,,,,,,,,,,,,,,,,,,,,,,,,,
Coral Gables,Reef,Turks and Caicos,,,,,,,,,,,,,,,,,,,,,,,,,,,,,,
Pirana Cove,Bay,Turks and Caicos,,,,,,,,,,,,,,,,,,,,,,,,,,,,,,
Graceland,Reef,Turks and Caicos,,,,,,,,,,,,,,,,,,,,,,,,,,,,,,
Boneyards,Reef,Turks and Caicos,,,,,,,,,,,,,,,,,,,,,,,,,,,,,,
Tons Of Sponges,Reef,Turks and Caicos,,,,,,,,,,,,,,,,,,,,,,,,,,,,,,
Land Of Giant,Reef,Turks and Caicos,,,,,,,,,,,,,,,,,,,,,,,,,,,,,,
Midnight Manta,Reef,Turks and Caicos,,,,,,,,,,,,,,,,,,,,,,,,,,,,,,
Elephant Ear,Reef,Turks and Caicos,,,,,,,,,,,,,,,,,,,,,,,,,,,,,,
The Gully,Channel,Turks and Caicos,,,,,,,,,,,,,,,,,,,,,,,,,,,,,,
Boat Cove,Bay,Turks and Caicos,,,,,,,,,,,,,,,,,,,,,,,,,,,,,,
Yankee Town,Reef,Turks and Caicos,,,,,,,,,,,,,,,,,,,,,,,,,,,,,,
Brandywine,Reef,Turks and Caicos,,,,,,,,,,,,,,,,,,,,,,,,,,,,,,
Sunday Service,Reef,Turks and Caicos,,,,,,,,,,,,,,,,,,,,,,,,,,,,,,
Dax Canyon,Wall,Turks and Caicos,,,,,,,,,,,,,,,,,,,,,,,,,,,,,,
Jules Junction,Channel,Turks and Caicos,,,,,,,,,,,,,,,,,,,,,,,,,,,,,,
Double D,Reef,Turks and Caicos,,,,,,,,,,,,,,,,,,,,,,,,,,,,,,
Rock N Roll,Reef,Turks and Caicos,,,,,,,,,,,,,,,,,,,,,,,,,,,,,,
G Spot,Reef,Turks and Caicos,,,,,,,,,,,,,,,,,,,,,,,,,,,,,,
Half Mile Reef,Reef,Turks and Caicos,,,,,,,,,,,,,,,,,,,,,,,,,,,,,,
Driveway,Reef,Turks and Caicos,,,,,,,,,,,,,,,,,,,,,,,,,,,,,,
Whiteface,Wall,Turks and Caicos,,,,,,,,,,,,,,,,,,,,,,,,,,,,,,
South West Reef,Reef,Turks and Caicos,,,,,,,,,,,,,,,,,,,,,,,,,,,,,,
Highway To Heaven,Wall,Turks and Caicos,,,,,,,,,,,,,,,,,,,,,,,,,,,,,,
Paguro Platform Wreck,,Italy,,,,,,,,,,,,,,,,,,,,,,,,,,,,,,
Tralicci,,Italy,,,,,,,,,,,,,,,,,,,,,,,,,,,,,,
Rose Island,,Italy,,,,,,,,,,,,,,,,,,,,,,,,,,,,,,
Anni Cargo Wreck,,Italy,,,,,,,,,,,,,,,,,,,,,,,,,,,,,,
Boeing B-17 Flying Fortress,,Italy,,,,,,,,,,,,,,,,,,,,,,,,,,,,,,
B-24 Liberator Bomber,,Italy,,,,,,,,,,,,,,,,,,,,,,,,,,,,,,
Motopesca Ambra,Wreck,Italy,,,,,,,,,,,,,,,,,,,,,,,,,,,,,,
M/P Benvenuto,,Italy,,,,,,,,,,,,,,,,,,,,,,,,,,,,,,
HMS Byms 2053 Minesweeper,,Italy,,,,,,,,,,,,,,,,,,,,,,,,,,,,,,
Keehi Pipe,,USA,,,,,,,,,,,,,,,,,,,,,,,,,,,,,,
Palos Verdes Peninsula,,USA,,,,,,,,,,,,,,,,,,,,,,,,,,,,,,
Black Bart,,USA,,,,,,,,,,,,,,,,,,,,,,,,,,,,,,
St. Andrews,,USA,,,,,,,,,,,,,,,,,,,,,,,,,,,,,,
USS Strength,Wrreck,USA,,,,,,,,,,,,,,,,,,,,,,,,,,,,,,
Panama City,,USA,,,,,,,,,,,,,,,,,,,,,,,,,,,,,,
Sabolon Island,,Indonesia,,,,,,,,,,,,,,,,,,,,,,,,,,,,,,
Wae Nilu,,Indonesia,,,,,,,,,,,,,,,,,,,,,,,,,,,,,,
One Tree,,Indonesia,,,,,,,,,,,,,,,,,,,,,,,,,,,,,,
Batu Sabun,,Indonesia,,,,,,,,,,,,,,,,,,,,,,,,,,,,,,
South Golden Passage,,Indonesia,,,,,,,,,,,,,,,,,,,,,,,,,,,,,,
Pillar Steen,,Indonesia,,,,,,,,,,,,,,,,,,,,,,,,,,,,,,
Padar Wreck,,Indonesia,,,,,,,,,,,,,,,,,,,,,,,,,,,,,,
Payung,,Indonesia,,,,,,,,,,,,,,,,,,,,,,,,,,,,,,
Nusa Kode,,Indonesia,,,,,,,,,,,,,,,,,,,,,,,,,,,,,,
Crinoid Corner,,Indonesia,,,,,,,,,,,,,,,,,,,,,,,,,,,,,,
Tala,,Indonesia,,,,,,,,,,,,,,,,,,,,,,,,,,,,,,
TNC Rock,,Indonesia,,,,,,,,,,,,,,,,,,,,,,,,,,,,,,
Pantai Merah (Pink Beach Komodo),,Indonesia,,,,,,,,,,,,,,,,,,,,,,,,,,,,,,
Loh Namu,,Indonesia,,,,,,,,,,,,,,,,,,,,,,,,,,,,,,
Indi Hiang,,Indonesia,,,,,,,,,,,,,,,,,,,,,,,,,,,,,,
Cordona,,Mexico,,,,,,,,,,,,,,,,,,,,,,,,,,,,,,
Cape Hatteras,Geographical Site,United States,,,,,,,,,,,,,,,,,,,,,,,,,,,,,,
Australia,Wreck,United States,,,,,,,,,,,,,,,,,,,,,,,,,,,,,,
British Splendour,Wreck,United States,,,,,,,,,,,,,,,,,,,,,,,,,,,,,,
Dixie Arrow,Wreck,United States,,,,,,,,,,,,,,,,,,,,,,,,,,,,,,
Diamond Shoals Lightship,Wreck,United States,,,,,,,,,,,,,,,,,,,,,,,,,,,,,,
Empire Gem,Wreck,United States,,,,,,,,,,,,,,,,,,,,,,,,,,,,,,
F. W. Abrams,Wreck,United States,,,,,,,,,,,,,,,,,,,,,,,,,,,,,,
Hesperides,Wreck,United States,,,,,,,,,,,,,,,,,,,,,,,,,,,,,,
Kassandra Louloudis,Wreck,United States,,,,,,,,,,,,,,,,,,,,,,,,,,,,,,
Catherine M. Monahan,Wreck,United States,,,,,,,,,,,,,,,,,,,,,,,,,,,,,,
Idaho,Wreck,United States,,,,,,,,,,,,,,,,,,,,,,,,,,,,,,
Keshena,Wreck,United States,,,,,,,,,,,,,,,,,,,,,,,,,,,,,,
Lancing,Wreck,United States,,,,,,,,,,,,,,,,,,,,,,,,,,,,,,
Liberator,Wreck,United States,,,,,,,,,,,,,,,,,,,,,,,,,,,,,,
Manuela,Wreck,United States,,,,,,,,,,,,,,,,,,,,,,,,,,,,,,
Merak,Wreck,United States,,,,,,,,,,,,,,,,,,,,,,,,,,,,,,
Mystery Tower Wreck,Wreck,United States,,,,,,,,,,,,,,,,,,,,,,,,,,,,,,
Nevada,Wreck,United States,,,,,,,,,,,,,,,,,,,,,,,,,,,,,,
Northeastern,Wreck,United States,,,,,,,,,,,,,,,,,,,,,,,,,,,,,,
Tamaulipas,Wreck,United States,,,,,,,,,,,,,,,,,,,,,,,,,,,,,,
Tarpon,Wreck,United States,,,,,,,,,,,,,,,,,,,,,,,,,,,,,,
Trawler,Wreck,United States,,,,,,,,,,,,,,,,,,,,,,,,,,,,,,
Tug Wrecks,Wreck,United States,,,,,,,,,,,,,,,,,,,,,,,,,,,,,,
U-701,Wreck,United States,,,,,,,,,,,,,,,,,,,,,,,,,,,,,,
Veturia,Wreck,United States,,,,,,,,,,,,,,,,,,,,,,,,,,,,,,
Wetherby,Wreck,United States,,,,,,,,,,,,,,,,,,,,,,,,,,,,,,
Great Guana Cay,,Bahamas,,,,,,,,,,,,,,,,,,,,,,,,,,,,,,
Green turtle Cay,,Bahamas,,,,,,,,,,,,,,,,,,,,,,,,,,,,,,
Man O War,,Bahamas,,,,,,,,,,,,,,,,,,,,,,,,,,,,,,
No Name Cay,,Bahamas,,,,,,,,,,,,,,,,,,,,,,,,,,,,,,
Manjack Cay,,Bahamas,,,,,,,,,,,,,,,,,,,,,,,,,,,,,,
Anse Galet,,St. Lucia,,,,,,,,,,,,,,,,,,,,,,,,,,,,,,
Darwin Harbour,,Australia,,,,,,,,,,,,,,,,,,,,,,,,,,,,,,
Cyclone Tracy,,Australia,,,,,,,,,,,,,,,,,,,,,,,,,,,,,,
WWII,,Australia,,,,,,,,,,,,,,,,,,,,,,,,,,,,,,
Berry Springs,,Australia,,,,,,,,,,,,,,,,,,,,,,,,,,,,,,
Fabiace,,Indonesia,,,,,,,,,,,,,,,,,,,,,,,,,,,,,,
Sel Pele Bay,,Indonesia,,,,,,,,,,,,,,,,,,,,,,,,,,,,,,
Dream Wall,,Indonesia,,,,,,,,,,,,,,,,,,,,,,,,,,,,,,
Napoleon Reef,,Indonesia,,,,,,,,,,,,,,,,,,,,,,,,,,,,,,
Mandarin Point,,Indonesia,,,,,,,,,,,,,,,,,,,,,,,,,,,,,,
Macro Jetty,,Indonesia,,,,,,,,,,,,,,,,,,,,,,,,,,,,,,
Pemuteran Coastline,,Indonesia,,,,,,,,,,,,,,,,,,,,,,,,,,,,,,
SD,,Indonesia,,,,,,,,,,,,,,,,,,,,,,,,,,,,,,
Back Faru,,Maldives,,,,,,,,,,,,,,,,,,,,,,,,,,,,,,
Coral Garden,,Maldives,,,,,,,,,,,,,,,,,,,,,,,,,,,,,,
Faru Corner,,Maldives,,,,,,,,,,,,,,,,,,,,,,,,,,,,,,
Feydhoo Wall,,Maldives,,,,,,,,,,,,,,,,,,,,,,,,,,,,,,
Fish Tank,,Maldives,,,,,,,,,,,,,,,,,,,,,,,,,,,,,,
Hudhuveli,,Maldives,,,,,,,,,,,,,,,,,,,,,,,,,,,,,,
Kandoh Giri,,Maldives,,,,,,,,,,,,,,,,,,,,,,,,,,,,,,
Kani Corner,,Maldives,,,,,,,,,,,,,,,,,,,,,,,,,,,,,,
Shark Tank,,Maldives,,,,,,,,,,,,,,,,,,,,,,,,,,,,,,
Gili Air Wall,,Indonesia,,,,,,,,,,,,,,,,,,,,,,,,,,,,,,
Mentigi bay,,Indonesia,,,,,,,,,,,,,,,,,,,,,,,,,,,,,,
Gili Air Harbour,,Indonesia,,,,,,,,,,,,,,,,,,,,,,,,,,,,,,
Teluk Nara,,Indonesia,,,,,,,,,,,,,,,,,,,,,,,,,,,,,,
Small Harbour,,Curaçao,,,,,,,,,,,,,,,,,,,,,,,,,,,,,,
West Point (Full Day),,Curaçao,,,,,,,,,,,,,,,,,,,,,,,,,,,,,,
Barbara Beach,,Curaçao,,,,,,,,,,,,,,,,,,,,,,,,,,,,,,
La Palapa,,Curaçao,,,,,,,,,,,,,,,,,,,,,,,,,,,,,,
Seven Caves,,USA,,,,,,,,,,,,,,,,,,,,,,,,,,,,,,
La Jolla Kelp Forest,,USA,,,,,,,,,,,,,,,,,,,,,,,,,,,,,,
Palmeras,,Dominican Republic,,,,,,,,,,,,,,,,,,,,,,,,,,,,,,
Zingara Wreck,,Dominican Republic,,,,,,,,,,,,,,,,,,,,,,,,,,,,,,
Sosua Bay,,Dominican Republic,,,,,,,,,,,,,,,,,,,,,,,,,,,,,,
Deep Wall,,Dominican Republic,,,,,,,,,,,,,,,,,,,,,,,,,,,,,,
West Wall,,Dominican Republic,,,,,,,,,,,,,,,,,,,,,,,,,,,,,,
Amilla,,Maldives,,,,,,,,,,,,,,,,,,,,,,,,,,,,,,
Bandos House Reef,Reef,Maldives,,,,,,,,,,,,,,,,,,,,,,,,,,,,,,
Bandos Rock,Pinnacle,Maldives,,,,,,,,,,,,,,,,,,,,,,,,,,,,,,
Maagaa North,Reef,Maldives,,,,,,,,,,,,,,,,,,,,,,,,,,,,,,
Thulhaagiri North,Reef,Maldives,,,,,,,,,,,,,,,,,,,,,,,,,,,,,,
Devils Thila,Pinnacle,Maldives,,,,,,,,,,,,,,,,,,,,,,,,,,,,,,
Lobster Station,Reef,Maldives,,,,,,,,,,,,,,,,,,,,,,,,,,,,,,
Faru Out,Reef,Maldives,,,,,,,,,,,,,,,,,,,,,,,,,,,,,,
Furana South,Reef,Maldives,,,,,,,,,,,,,,,,,,,,,,,,,,,,,,
Furana North,Reef,Maldives,,,,,,,,,,,,,,,,,,,,,,,,,,,,,,
Tuna Pass,Channel,Maldives,,,,,,,,,,,,,,,,,,,,,,,,,,,,,,
Maagiri Caves,Cave,Maldives,,,,,,,,,,,,,,,,,,,,,,,,,,,,,,
Maagiri East,Reef,Maldives,,,,,,,,,,,,,,,,,,,,,,,,,,,,,,
Maagiri Rock,Pinnacle,Maldives,,,,,,,,,,,,,,,,,,,,,,,,,,,,,,
Potato Reef,Reef,Maldives,,,,,,,,,,,,,,,,,,,,,,,,,,,,,,
Lankan Reef,Reef,Maldives,,,,,,,,,,,,,,,,,,,,,,,,,,,,,,
Lankan Caves,Cave,Maldives,,,,,,,,,,,,,,,,,,,,,,,,,,,,,,
Hudhuveli Out,Reef,Maldives,,,,,,,,,,,,,,,,,,,,,,,,,,,,,,
Paradise Rock,Pinnacle,Maldives,,,,,,,,,,,,,,,,,,,,,,,,,,,,,,
Barracuda Giri,Pinnacle,Maldives,,,,,,,,,,,,,,,,,,,,,,,,,,,,,,
Gowagathi Thila,Pinnacle,Maldives,,,,,,,,,,,,,,,,,,,,,,,,,,,,,,
Sunlight Thila,Pinnacle,Maldives,,,,,,,,,,,,,,,,,,,,,,,,,,,,,,
Rainbow Giri,Pinnacle,Maldives,,,,,,,,,,,,,,,,,,,,,,,,,,,,,,
Himmafushi Vani,Reef,Maldives,,,,,,,,,,,,,,,,,,,,,,,,,,,,,,
Himmafushi Kandu,Channel,Maldives,,,,,,,,,,,,,,,,,,,,,,,,,,,,,,
Middle Point,Reef,Maldives,,,,,,,,,,,,,,,,,,,,,,,,,,,,,,
Thanburudhoo Kandu,Channel,Maldives,,,,,,,,,,,,,,,,,,,,,,,,,,,,,,
Dhonveli Corner,Channel,Maldives,,,,,,,,,,,,,,,,,,,,,,,,,,,,,,
Back Kani,Reef,Maldives,,,,,,,,,,,,,,,,,,,,,,,,,,,,,,
Kani Kandu,Channel,Maldives,,,,,,,,,,,,,,,,,,,,,,,,,,,,,,
Voshimas Thila,Pinnacle,Maldives,,,,,,,,,,,,,,,,,,,,,,,,,,,,,,
Rasfari Thila,Pinnacle,Maldives,,,,,,,,,,,,,,,,,,,,,,,,,,,,,,
Feydhoo Caves,Cave,Maldives,,,,,,,,,,,,,,,,,,,,,,,,,,,,,,
Kuda Faru,Reef,Maldives,,,,,,,,,,,,,,,,,,,,,,,,,,,,,,
Dhiyaneru,Reef,Maldives,,,,,,,,,,,,,,,,,,,,,,,,,,,,,,
Kuda Haa Thila,Pinnacle,Maldives,,,,,,,,,,,,,,,,,,,,,,,,,,,,,,
Giraavaru Caves,Cave,Maldives,,,,,,,,,,,,,,,,,,,,,,,,,,,,,,
Lions Head,Reef,Maldives,,,,,,,,,,,,,,,,,,,,,,,,,,,,,,
Old Shark Point,Reef,Maldives,,,,,,,,,,,,,,,,,,,,,,,,,,,,,,
Kikki Reef,Reef,Maldives,,,,,,,,,,,,,,,,,,,,,,,,,,,,,,
Vaadhoo Caves,Cave,Maldives,,,,,,,,,,,,,,,,,,,,,,,,,,,,,,
Emboodhoo Canyon,Drop-Off,Maldives,,,,,,,,,,,,,,,,,,,,,,,,,,,,,,
Emboodhoo Express,Channel,Maldives,,,,,,,,,,,,,,,,,,,,,,,,,,,,,,
Smitty's Cove,,USA,,,,,,,,,,,,,,,,,,,,,,,,,,,,,,
Kittiwake Rookery,,USA,,,,,,,,,,,,,,,,,,,,,,,,,,,,,,
Resurrection Bay,,USA,,,,,,,,,,,,,,,,,,,,,,,,,,,,,,
Fox Island Spit,,USA,,,,,,,,,,,,,,,,,,,,,,,,,,,,,,
Shearwater Cove,,USA,,,,,,,,,,,,,,,,,,,,,,,,,,,,,,
Kayaker's Cove,,USA,,,,,,,,,,,,,,,,,,,,,,,,,,,,,,
Alaska Sealife Center,,USA,,,,,,,,,,,,,,,,,,,,,,,,,,,,,,
Matanuska Lake,,USA,,,,,,,,,,,,,,,,,,,,,,,,,,,,,,
Summit Lake,,USA,,,,,,,,,,,,,,,,,,,,,,,,,,,,,,
Sand Lake,,USA,,,,,,,,,,,,,,,,,,,,,,,,,,,,,,
Hidden Lake,,USA,,,,,,,,,,,,,,,,,,,,,,,,,,,,,,
Hout Bay,,South Africa,,,,,,,,,,,,,,,,,,,,,,,,,,,,,,
Granger Bay,,South Africa,,,,,,,,,,,,,,,,,,,,,,,,,,,,,,
USCG Spar,Wreck,United States,,,,,,,,,,,,,,,,,,,,,,,,,,,,,,
USS Schurz,Wreck,United States,,,,,,,,,,,,,,,,,,,,,,,,,,,,,,
USNS Aeolus,Wreck,United States,,,,,,,,,,,,,,,,,,,,,,,,,,,,,,
SS Caribsea,Wreck,United States,,,,,,,,,,,,,,,,,,,,,,,,,,,,,,
SS Suloide,Wreck,United States,,,,,,,,,,,,,,,,,,,,,,,,,,,,,,
SS Papoose,Wreck,United States,,,,,,,,,,,,,,,,,,,,,,,,,,,,,,
SS Atlas,Wreck,United States,,,,,,,,,,,,,,,,,,,,,,,,,,,,,,
SS Naeco,Wreck,United States,,,,,,,,,,,,,,,,,,,,,,,,,,,,,,
SS Cassimir,Wreck,United States,,,,,,,,,,,,,,,,,,,,,,,,,,,,,,
SS Ashkhabad,Wreck,United States,,,,,,,,,,,,,,,,,,,,,,,,,,,,,,
HMS Bedfordshire,Wreck,United States,,,,,,,,,,,,,,,,,,,,,,,,,,,,,,
Lobster Wreck,Wreck,United States,,,,,,,,,,,,,,,,,,,,,,,,,,,,,,
Normania,Wreck,United States,,,,,,,,,,,,,,,,,,,,,,,,,,,,,,
Radio Island Rock Jetty,Geographical Site,United States,,,,,,,,,,,,,,,,,,,,,,,,,,,,,,
Hutton,Wreck,United States,,,,,,,,,,,,,,,,,,,,,,,,,,,,,,
HMS Senateur Duhamel,Wreck,United States,,,,,,,,,,,,,,,,,,,,,,,,,,,,,,
USS Indra,Wreck,United States,,,,,,,,,,,,,,,,,,,,,,,,,,,,,,
EA,Wreck,United States,,,,,,,,,,,,,,,,,,,,,,,,,,,,,,
Fenwick Isle,Island,United States,,,,,,,,,,,,,,,,,,,,,,,,,,,,,,
Portland,Wreck,United States,,,,,,,,,,,,,,,,,,,,,,,,,,,,,,
Verbena,Wreck,United States,,,,,,,,,,,,,,,,,,,,,,,,,,,,,,
USS Tarpon,Wreck,United States,,,,,,,,,,,,,,,,,,,,,,,,,,,,,,
Tamaulipus,Wreck,United States,,,,,,,,,,,,,,,,,,,,,,,,,,,,,,
Amaganzette,Wreck,United States,,,,,,,,,,,,,,,,,,,,,,,,,,,,,,
Novelty,Wreck,United States,,,,,,,,,,,,,,,,,,,,,,,,,,,,,,
Yancey,Wreck,United States,,,,,,,,,,,,,,,,,,,,,,,,,,,,,,
Rascoui,Reef,France,,,,,,,,,,,,,,,,,,,,,,,,,,,,,,
Le Grand Boule,Pinnacle,France,,,,,,,,,,,,,,,,,,,,,,,,,,,,,,
La Lauve,Reef,France,,,,,,,,,,,,,,,,,,,,,,,,,,,,,,
La Seiche St Pierre,Wreck,France,,,,,,,,,,,,,,,,,,,,,,,,,,,,,,
Calafate,Wreck,France,,,,,,,,,,,,,,,,,,,,,,,,,,,,,,
Raventurier,Wreck,France,,,,,,,,,,,,,,,,,,,,,,,,,,,,,,
Arenas,Reef,France,,,,,,,,,,,,,,,,,,,,,,,,,,,,,,
The Village,Reef,France,,,,,,,,,,,,,,,,,,,,,,,,,,,,,,
L’Enfer de Dante,Cave,France,,,,,,,,,,,,,,,,,,,,,,,,,,,,,,
La Grotte de Miro,Cave,France,,,,,,,,,,,,,,,,,,,,,,,,,,,,,,
Le Tombant du Vengeur,Drop-off,France,,,,,,,,,,,,,,,,,,,,,,,,,,,,,,
La Tradelière,Wreck,France,,,,,,,,,,,,,,,,,,,,,,,,,,,,,,
La Petite Françoise,Wreck,France,,,,,,,,,,,,,,,,,,,,,,,,,,,,,,
Le Petit et Grand Batéguier,Island,France,,,,,,,,,,,,,,,,,,,,,,,,,,,,,,
Masbat Bay,,Egypt,,,,,,,,,,,,,,,,,,,,,,,,,,,,,,
The South,,Egypt,,,,,,,,,,,,,,,,,,,,,,,,,,,,,,
Ras Muhammad,,Egypt,,,,,,,,,,,,,,,,,,,,,,,,,,,,,,
Puerto Escondido,,Mexico,,,,,,,,,,,,,,,,,,,,,,,,,,,,,,
Paso del Cedral Wall,Mexico,,,,,,,,,,,,,,,,,,,,,,,,,,,,,,,
MV Deep Andaman Queen,Wreck,Thailand,,,,,,,,,,,,,,,,,,,,,,,,,,,,,,
Pida Nai,,Thailand,,,,,,,,,,,,,,,,,,,,,,,,,,,,,,
Pida Nok,,Thailand,,,,,,,,,,,,,,,,,,,,,,,,,,,,,,
The Mergui archipelago,,Thailand,,,,,,,,,,,,,,,,,,,,,,,,,,,,,,
Black Rock,,Thailand,,,,,,,,,,,,,,,,,,,,,,,,,,,,,,
Rocky Island,,Thailand,,,,,,,,,,,,,,,,,,,,,,,,,,,,,,
Shark Cave,,Thailand,,,,,,,,,,,,,,,,,,,,,,,,,,,,,,
Western Rocky,,Thailand,,,,,,,,,,,,,,,,,,,,,,,,,,,,,,
Carriacou,,Grenada,,,,,,,,,,,,,,,,,,,,,,,,,,,,,,
Gorontalo,,Indonesia,,,,,,,,,,,,,,,,,,,,,,,,,,,,,,
Kalimantan,,Indonesia,,,,,,,,,,,,,,,,,,,,,,,,,,,,,,
Mapia,,Indonesia,,,,,,,,,,,,,,,,,,,,,,,,,,,,,,
Videcoq,Reef,France,,,,,,,,,,,,,,,,,,,,,,,,,,,,,,
Heinrich Hey,Wreck,France,,,,,,,,,,,,,,,,,,,,,,,,,,,,,,
Fiscou,Reef,France,,,,,,,,,,,,,,,,,,,,,,,,,,,,,,
Basse Longue Île,Island,France,,,,,,,,,,,,,,,,,,,,,,,,,,,,,,
Walter,Wreck,France,,,,,,,,,,,,,,,,,,,,,,,,,,,,,,
P-47 Thunderbolt,Wreck,France,,,,,,,,,,,,,,,,,,,,,,,,,,,,,,
The Insuma,Wreck,France,,,,,,,,,,,,,,,,,,,,,,,,,,,,,,
U Scogliu,Reef,France,,,,,,,,,,,,,,,,,,,,,,,,,,,,,,
Louise,Wreck,France,,,,,,,,,,,,,,,,,,,,,,,,,,,,,,
A Strega,Reef,France,,,,,,,,,,,,,,,,,,,,,,,,,,,,,,
Gorgona,Reef,France,,,,,,,,,,,,,,,,,,,,,,,,,,,,,,
The Moonfish,Wreck,France,,,,,,,,,,,,,,,,,,,,,,,,,,,,,,
At Squalliare(The Canyon),Drop-off,France,,,,,,,,,,,,,,,,,,,,,,,,,,,,,,
In Cagnaccia,Reef,France,,,,,,,,,,,,,,,,,,,,,,,,,,,,,,
A Scorpina,Reef,France,,,,,,,,,,,,,,,,,,,,,,,,,,,,,,
Zerib Kebir,Reef,Egypt,,,,,,,,,,,,,,,,,,,,,,,,,,,,,,
Youseff,Reef,Egypt,,,,,,,,,,,,,,,,,,,,,,,,,,,,,,
Umm Elros Habili,Shoal,Egypt,,,,,,,,,,,,,,,,,,,,,,,,,,,,,,
Umm Elros,Reef,Egypt,,,,,,,,,,,,,,,,,,,,,,,,,,,,,,
Trombi,Reef,Egypt,,,,,,,,,,,,,,,,,,,,,,,,,,,,,,
Sharm Trombi,Reef,Egypt,,,,,,,,,,,,,,,,,,,,,,,,,,,,,,
Sharm Salman,Reef,Egypt,,,,,,,,,,,,,,,,,,,,,,,,,,,,,,
Ras Trombi,Reef,Egypt,,,,,,,,,,,,,,,,,,,,,,,,,,,,,,
Rakana,Reef,Egypt,,,,,,,,,,,,,,,,,,,,,,,,,,,,,,
Marsa Masdoda,Bay,Egypt,,,,,,,,,,,,,,,,,,,,,,,,,,,,,,
Marsa Shunne,Bay,Egypt,,,,,,,,,,,,,,,,,,,,,,,,,,,,,,
Koraffi,Reef,Egypt,,,,,,,,,,,,,,,,,,,,,,,,,,,,,,
House Reef Marsa Umm Gerifat,Reef,Egypt,,,,,,,,,,,,,,,,,,,,,,,,,,,,,,
Hamra,Reef,Egypt,,,,,,,,,,,,,,,,,,,,,,,,,,,,,,
Halg El Shunee,Reef,Egypt,,,,,,,,,,,,,,,,,,,,,,,,,,,,,,
Habily Marsa Alam,Shoal,Egypt,,,,,,,,,,,,,,,,,,,,,,,,,,,,,,
Gota Abu Dabab 2+3,Reef,Egypt,,,,,,,,,,,,,,,,,,,,,,,,,,,,,,
Gamila,Reef,Egypt,,,,,,,,,,,,,,,,,,,,,,,,,,,,,,
Erg Trombi,Reef,Egypt,,,,,,,,,,,,,,,,,,,,,,,,,,,,,,
Dolphinhouse,Reef,Egypt,,,,,,,,,,,,,,,,,,,,,,,,,,,,,,
Sharm Coraya,Reef,Egypt,,,,,,,,,,,,,,,,,,,,,,,,,,,,,,
Abu Saile,Reef,Egypt,,,,,,,,,,,,,,,,,,,,,,,,,,,,,,
White Island,,Philippines,,,,,,,,,,,,,,,,,,,,,,,,,,,,,,
Mantigue Island,,Philippines,,,,,,,,,,,,,,,,,,,,,,,,,,,,,,
Sunken Cemetery,,Philippines,,,,,,,,,,,,,,,,,,,,,,,,,,,,,,
Old Volcano,,Philippines,,,,,,,,,,,,,,,,,,,,,,,,,,,,,,
The Whale,Reef,Australia,,,,,,,,,,,,,,,,,,,,,,,,,,,,,,
Hoffs Deep,Drop-off,Australia,,,,,,,,,,,,,,,,,,,,,,,,,,,,,,
Milln,Reef,Australia,,,,,,,,,,,,,,,,,,,,,,,,,,,,,,
Flynn,Reef,Australia,,,,,,,,,,,,,,,,,,,,,,,,,,,,,,
Little Tracy,Reef,Australia,,,,,,,,,,,,,,,,,,,,,,,,,,,,,,
Point Break,Reef,Australia,,,,,,,,,,,,,,,,,,,,,,,,,,,,,,
Split bommie,Pinnacle,Australia,,,,,,,,,,,,,,,,,,,,,,,,,,,,,,
Middle Hastings,Reef,Australia,,,,,,,,,,,,,,,,,,,,,,,,,,,,,,
Michaelmas,Island,Australia,,,,,,,,,,,,,,,,,,,,,,,,,,,,,,
Wild dreams,Reef,Australia,,,,,,,,,,,,,,,,,,,,,,,,,,,,,,
Upolu,Reef,Australia,,,,,,,,,,,,,,,,,,,,,,,,,,,,,,
Extacy,Reef,Australia,,,,,,,,,,,,,,,,,,,,,,,,,,,,,,
Blue Oceanz,Reef,Australia,,,,,,,,,,,,,,,,,,,,,,,,,,,,,,
Dreamtime,Reef,Australia,,,,,,,,,,,,,,,,,,,,,,,,,,,,,,
Moore,Reef,Australia,,,,,,,,,,,,,,,,,,,,,,,,,,,,,,
5 ways,Channel,Australia,,,,,,,,,,,,,,,,,,,,,,,,,,,,,,
West Timor,Reef,Australia,,,,,,,,,,,,,,,,,,,,,,,,,,,,,,
East Timor,Reef,Australia,,,,,,,,,,,,,,,,,,,,,,,,,,,,,,
Wild side,Reef,Australia,,,,,,,,,,,,,,,,,,,,,,,,,,,,,,
Devils,Reef,Australia,,,,,,,,,,,,,,,,,,,,,,,,,,,,,,
Thetford,Reef,Australia,,,,,,,,,,,,,,,,,,,,,,,,,,,,,,
Lagoon 360,Lagoon,Australia,,,,,,,,,,,,,,,,,,,,,,,,,,,,,,
East meets west,Channel,Australia,,,,,,,,,,,,,,,,,,,,,,,,,,,,,,
Long bommie,Pinnacle,Australia,,,,,,,,,,,,,,,,,,,,,,,,,,,,,,
Norman,Reef,Australia,,,,,,,,,,,,,,,,,,,,,,,,,,,,,,
Shark mountain,Pinnacle,Australia,,,,,,,,,,,,,,,,,,,,,,,,,,,,,,
Alan's wall,Wall,Australia,,,,,,,,,,,,,,,,,,,,,,,,,,,,,,
Bajo de la Mina,Pinnacle,Dominican Republic,,,,,,,,,,,,,,,,,,,,,,,,,,,,,,
Dreams Shallow,Reef,Dominican Republic,,,,,,,,,,,,,,,,,,,,,,,,,,,,,,
Atlantic Princess,Wreck,Dominican Republic,,,,,,,,,,,,,,,,,,,,,,,,,,,,,,
Magallanes,Wreck,Dominican Republic,,,,,,,,,,,,,,,,,,,,,,,,,,,,,,
Coca Wreck,Wreck,Dominican Republic,,,,,,,,,,,,,,,,,,,,,,,,,,,,,,
St. George Wreck,Wreck,Dominican Republic,,,,,,,,,,,,,,,,,,,,,,,,,,,,,,
Luca's Reef,Reef,Dominican Republic,,,,,,,,,,,,,,,,,,,,,,,,,,,,,,
Guaraguao 1,Reef,Dominican Republic,,,,,,,,,,,,,,,,,,,,,,,,,,,,,,
Guaraguao II,Reef,Dominican Republic,,,,,,,,,,,,,,,,,,,,,,,,,,,,,,
Peñon,Pinnacle,Dominican Republic,,,,,,,,,,,,,,,,,,,,,,,,,,,,,,
Peñon Profundo,Drop-off,Dominican Republic,,,,,,,,,,,,,,,,,,,,,,,,,,,,,,
Batu Cahaya,Reef,Indonesia,,,,,,,,,,,,,,,,,,,,,,,,,,,,,,
Goa Paniki,Cave,Indonesia,,,,,,,,,,,,,,,,,,,,,,,,,,,,,,
Sawang,Reef,Indonesia,,,,,,,,,,,,,,,,,,,,,,,,,,,,,,
Talisei,Reef,Indonesia,,,,,,,,,,,,,,,,,,,,,,,,,,,,,,
Talisei Pool,Reef,Indonesia,,,,,,,,,,,,,,,,,,,,,,,,,,,,,,
Kinabutan,Muck,Indonesia,,,,,,,,,,,,,,,,,,,,,,,,,,,,,,
Air Banua,Reef,Indonesia,,,,,,,,,,,,,,,,,,,,,,,,,,,,,,
Air Banua Kampung,Reef,Indonesia,,,,,,,,,,,,,,,,,,,,,,,,,,,,,,
The Channel,Channel,Indonesia,,,,,,,,,,,,,,,,,,,,,,,,,,,,,,
Sea Souls,Reef,Indonesia,,,,,,,,,,,,,,,,,,,,,,,,,,,,,,
Napo Sipi,Muck,Indonesia,,,,,,,,,,,,,,,,,,,,,,,,,,,,,,
Sipi Sipi,Muck,Indonesia,,,,,,,,,,,,,,,,,,,,,,,,,,,,,,
Linggua,Muck,Indonesia,,,,,,,,,,,,,,,,,,,,,,,,,,,,,,
Mangrove Forest I,Muck,Indonesia,,,,,,,,,,,,,,,,,,,,,,,,,,,,,,
Mangrove Forest II,Muck,Indonesia,,,,,,,,,,,,,,,,,,,,,,,,,,,,,,
Buluh Kuning,Reef,Indonesia,,,,,,,,,,,,,,,,,,,,,,,,,,,,,,
Tanjung Bode,Reef,Indonesia,,,,,,,,,,,,,,,,,,,,,,,,,,,,,,
Busa Bora Barat,Reef,Indonesia,,,,,,,,,,,,,,,,,,,,,,,,,,,,,,
Busa Bora Kampung,Reef,Indonesia,,,,,,,,,,,,,,,,,,,,,,,,,,,,,,
Busa Bora Timur,Reef,Indonesia,,,,,,,,,,,,,,,,,,,,,,,,,,,,,,
Tanjung Husi I,Reef,Indonesia,,,,,,,,,,,,,,,,,,,,,,,,,,,,,,
Tanjung Husi II,Reef,Indonesia,,,,,,,,,,,,,,,,,,,,,,,,,,,,,,
Sahaung II,Reef,Indonesia,,,,,,,,,,,,,,,,,,,,,,,,,,,,,,
Sahaung I,Reef,Indonesia,,,,,,,,,,,,,,,,,,,,,,,,,,,,,,
Sahaung Bay,Bay,Indonesia,,,,,,,,,,,,,,,,,,,,,,,,,,,,,,
Tanjung Lihunu,Reef,Indonesia,,,,,,,,,,,,,,,,,,,,,,,,,,,,,,
Lihunu's Garden,Reef,Indonesia,,,,,,,,,,,,,,,,,,,,,,,,,,,,,,
Areng Kambing Wall,Wall,Indonesia,,,,,,,,,,,,,,,,,,,,,,,,,,,,,,
Areng Kambing Pasir,Muck,Indonesia,,,,,,,,,,,,,,,,,,,,,,,,,,,,,,
Batu Toto,Reef,Indonesia,,,,,,,,,,,,,,,,,,,,,,,,,,,,,,
Batu Tartaruga,Reef,Indonesia,,,,,,,,,,,,,,,,,,,,,,,,,,,,,,
Batu Gosoh,Reef,Indonesia,,,,,,,,,,,,,,,,,,,,,,,,,,,,,,
Batu Gosoh Towers,Pinnacle,Indonesia,,,,,,,,,,,,,,,,,,,,,,,,,,,,,,
Batu Putih,Reef,Indonesia,,,,,,,,,,,,,,,,,,,,,,,,,,,,,,
Batu Puteng,Reef,Indonesia,,,,,,,,,,,,,,,,,,,,,,,,,,,,,,
Efrata,Reef,Indonesia,,,,,,,,,,,,,,,,,,,,,,,,,,,,,,
Sempini I,Muck,Indonesia,,,,,,,,,,,,,,,,,,,,,,,,,,,,,,
Sempini II,Muck,Indonesia,,,,,,,,,,,,,,,,,,,,,,,,,,,,,,
Yellow Koko II,Muck,Indonesia,,,,,,,,,,,,,,,,,,,,,,,,,,,,,,
Yellow Koko I,Muck,Indonesia,,,,,,,,,,,,,,,,,,,,,,,,,,,,,,
Tanjung Paradise,Reef,Indonesia,,,,,,,,,,,,,,,,,,,,,,,,,,,,,,
Tambah,Reef,Indonesia,,,,,,,,,,,,,,,,,,,,,,,,,,,,,,
Tarabitan I,Muck,Indonesia,,,,,,,,,,,,,,,,,,,,,,,,,,,,,,
Tarabitan II,Muck,Indonesia,,,,,,,,,,,,,,,,,,,,,,,,,,,,,,
Gangga Jetty,Geographical Site,Indonesia,,,,,,,,,,,,,,,,,,,,,,,,,,,,,,
Lihaga Jetty,Geographical Site,Indonesia,,,,,,,,,,,,,,,,,,,,,,,,,,,,,,
Lihaga Corner,Channel,Indonesia,,,,,,,,,,,,,,,,,,,,,,,,,,,,,,
Gangga Village 1,Muck,Indonesia,,,,,,,,,,,,,,,,,,,,,,,,,,,,,,
Tanjung Busa Bora,Reef,Indonesia,,,,,,,,,,,,,,,,,,,,,,,,,,,,,,
Wayne's World,,South Africa,,,,,,,,,,,,,,,,,,,,,,,,,,,,,,
4 Bouy,,South Africa,,,,,,,,,,,,,,,,,,,,,,,,,,,,,,
Arches,,South Africa,,,,,,,,,,,,,,,,,,,,,,,,,,,,,,
Coral Gardens,,South Africa,,,,,,,,,,,,,,,,,,,,,,,,,,,,,,
Caves & Overhangs,,South Africa,,,,,,,,,,,,,,,,,,,,,,,,,,,,,,
Cat's reef,,South Africa,,,,,,,,,,,,,,,,,,,,,,,,,,,,,,
Simon's Cave,,South Africa,,,,,,,,,,,,,,,,,,,,,,,,,,,,,,
Chain,,South Africa,,,,,,,,,,,,,,,,,,,,,,,,,,,,,,
Mellow Yellow,,South Africa,,,,,,,,,,,,,,,,,,,,,,,,,,,,,,
Hopscotch,,South Africa,,,,,,,,,,,,,,,,,,,,,,,,,,,,,,
Roonies,,South Africa,,,,,,,,,,,,,,,,,,,,,,,,,,,,,,
Deep Sponge,,South Africa,,,,,,,,,,,,,,,,,,,,,,,,,,,,,,
Ribbon,,South Africa,,,,,,,,,,,,,,,,,,,,,,,,,,,,,,
Lettuce,,South Africa,,,,,,,,,,,,,,,,,,,,,,,,,,,,,,
Northern Wall,,South Africa,,,,,,,,,,,,,,,,,,,,,,,,,,,,,,
Mushroom Rocks,,South Africa,,,,,,,,,,,,,,,,,,,,,,,,,,,,,,
8 Mile Reef (Ramseys),,South Africa,,,,,,,,,,,,,,,,,,,,,,,,,,,,,,
9 Mile Reef,,South Africa,,,,,,,,,,,,,,,,,,,,,,,,,,,,,,
Dumet Island,,France,,,,,,,,,,,,,,,,,,,,,,,,,,,,,,
The Four Plateau,,France,,,,,,,,,,,,,,,,,,,,,,,,,,,,,,
Houat Island,,France,,,,,,,,,,,,,,,,,,,,,,,,,,,,,,
Hoëdic Island,,France,,,,,,,,,,,,,,,,,,,,,,,,,,,,,,
The Plateau of Piriac,,France,,,,,,,,,,,,,,,,,,,,,,,,,,,,,,
The Sherman,Wreck,United States,,,,,,,,,,,,,,,,,,,,,,,,,,,,,,
Charleston Tug,Wreck,United States,,,,,,,,,,,,,,,,,,,,,,,,,,,,,,
Megalodon Ledge,Drop-off,United States,,,,,,,,,,,,,,,,,,,,,,,,,,,,,,
JELL II,Wreck,United States,,,,,,,,,,,,,,,,,,,,,,,,,,,,,,
Pinnacle Reef,Pinnacle,United States,,,,,,,,,,,,,,,,,,,,,,,,,,,,,,
The Suwanee(The Governor),Wreck,United States,,,,,,,,,,,,,,,,,,,,,,,,,,,,,,
BP-25,Wreck,United States,,,,,,,,,,,,,,,,,,,,,,,,,,,,,,
The Bill Perry,Wreck,United States,,,,,,,,,,,,,,,,,,,,,,,,,,,,,,
Tortuga Reel,Reef,Turks and Caicos,,,,,,,,,,,,,,,,,,,,,,,,,,,,,,
Eel's Garden,Reef,Turks and Caicos,,,,,,,,,,,,,,,,,,,,,,,,,,,,,,
Basket Star Reef,Reef,Turks and Caicos,,,,,,,,,,,,,,,,,,,,,,,,,,,,,,
Diane's Reel,Reef,Turks and Caicos,,,,,,,,,,,,,,,,,,,,,,,,,,,,,,
Wonderful Reel,Reef,Turks and Caicos,,,,,,,,,,,,,,,,,,,,,,,,,,,,,,
Paradise Reel,Reef,Turks and Caicos,,,,,,,,,,,,,,,,,,,,,,,,,,,,,,
Michael's Rock Reef,Reef,Turks and Caicos,,,,,,,,,,,,,,,,,,,,,,,,,,,,,,
Aldenon Outside,Reef,Turks and Caicos,,,,,,,,,,,,,,,,,,,,,,,,,,,,,,
Alderson Inside,Reef,Turks and Caicos,,,,,,,,,,,,,,,,,,,,,,,,,,,,,,
Sandi's Reef,Reef,Turks and Caicos,,,,,,,,,,,,,,,,,,,,,,,,,,,,,,
Tito's Labrynths,Cave,Turks and Caicos,,,,,,,,,,,,,,,,,,,,,,,,,,,,,,
Captain's Crack,Cave,Turks and Caicos,,,,,,,,,,,,,,,,,,,,,,,,,,,,,,
Gorgonian's Wall,Wall,Turks and Caicos,,,,,,,,,,,,,,,,,,,,,,,,,,,,,,
Jim's Silver Lode,Reef,Turks and Caicos,,,,,,,,,,,,,,,,,,,,,,,,,,,,,,
Lee's Pleasure,Reef,Turks and Caicos,,,,,,,,,,,,,,,,,,,,,,,,,,,,,,
Rainbow Reel,Reef,Turks and Caicos,,,,,,,,,,,,,,,,,,,,,,,,,,,,,,
Jado Trader,Wreck,Turks and Caicos,,,,,,,,,,,,,,,,,,,,,,,,,,,,,,
Bridgit's Reef,Reef,Turks and Caicos,,,,,,,,,,,,,,,,,,,,,,,,,,,,,,
Lisa's Reef,Reef,Turks and Caicos,,,,,,,,,,,,,,,,,,,,,,,,,,,,,,
Katron's Cay Reef,Reef,Turks and Caicos,,,,,,,,,,,,,,,,,,,,,,,,,,,,,,
Shot Stop,Reef,Turks and Caicos,,,,,,,,,,,,,,,,,,,,,,,,,,,,,,
Half Moon Cay Reef,Reef,Turks and Caicos,,,,,,,,,,,,,,,,,,,,,,,,,,,,,,
Stephan's Reef,Reef,Turks and Caicos,,,,,,,,,,,,,,,,,,,,,,,,,,,,,,
Mt. Elusive,Pinnacle,Turks and Caicos,,,,,,,,,,,,,,,,,,,,,,,,,,,,,,
Hector's Run,Channel,Turks and Caicos,,,,,,,,,,,,,,,,,,,,,,,,,,,,,,
George's Reef,Reef,Turks and Caicos,,,,,,,,,,,,,,,,,,,,,,,,,,,,,,
Mae Haad,,Thailand,,,,,,,,,,,,,,,,,,,,,,,,,,,,,,
Haad Salat,,Thailand,,,,,,,,,,,,,,,,,,,,,,,,,,,,,,
Haad Yao,,Thailand,,,,,,,,,,,,,,,,,,,,,,,,,,,,,,
Ao Tong Lang,,Thailand,,,,,,,,,,,,,,,,,,,,,,,,,,,,,,
Koh Kong Kliang,,Thailand,,,,,,,,,,,,,,,,,,,,,,,,,,,,,,
Koh Tae Nok,,Thailand,,,,,,,,,,,,,,,,,,,,,,,,,,,,,,
Angthong National Marine Park,,Thailand,,,,,,,,,,,,,,,,,,,,,,,,,,,,,,
Koh Phangan,,Thailand,,,,,,,,,,,,,,,,,,,,,,,,,,,,,,
Dry Of The Two Balconies,Wreck,Italy,,,,,,,,,,,,,,,,,,,,,,,,,,,,,,
SEA,Wreck,Italy,,,,,,,,,,,,,,,,,,,,,,,,,,,,,,
Pelagosa,Wreck,Italy,,,,,,,,,,,,,,,,,,,,,,,,,,,,,,
Vas,Wreck,Italy,,,,,,,,,,,,,,,,,,,,,,,,,,,,,,
The Two Sisters,Reef,Italy,,,,,,,,,,,,,,,,,,,,,,,,,,,,,,
Potho,Wreck,Italy,,,,,,,,,,,,,,,,,,,,,,,,,,,,,,
The Black Stones,Reef,Italy,,,,,,,,,,,,,,,,,,,,,,,,,,,,,,
The Beam,Wreck,Italy,,,,,,,,,,,,,,,,,,,,,,,,,,,,,,
Scoglio Del Trave,Reef,Italy,,,,,,,,,,,,,,,,,,,,,,,,,,,,,,
The Hospital Shore,Reef,Italy,,,,,,,,,,,,,,,,,,,,,,,,,,,,,,
The Quarry Sills,Geographical Site,Italy,,,,,,,,,,,,,,,,,,,,,,,,,,,,,,
The Molo Davanzali,Geographical Site,Italy,,,,,,,,,,,,,,,,,,,,,,,,,,,,,,
The Nicole,Wreck,Italy,,,,,,,,,,,,,,,,,,,,,,,,,,,,,,
Wreck Of The Nudibranchs,Wreck,Italy,,,,,,,,,,,,,,,,,,,,,,,,,,,,,,
Submerged Park of Baia,Geographical Site,Italy,,,,,,,,,,,,,,,,,,,,,,,,,,,,,,
Submerged Nymphaeum,Geographical Site,Italy,,,,,,,,,,,,,,,,,,,,,,,,,,,,,,
Lacus Spa,Geographical Site,Italy,,,,,,,,,,,,,,,,,,,,,,,,,,,,,,
Villa in Protiro,Geographical Site,Italy,,,,,,,,,,,,,,,,,,,,,,,,,,,,,,
Dry Smoky Rocks,Reef,Italy,,,,,,,,,,,,,,,,,,,,,,,,,,,,,,
Portus Julius,Geographical Site,Italy,,,,,,,,,,,,,,,,,,,,,,,,,,,,,,
Villa in front of the Aragonese Castle,Geographical Site,Italy,,,,,,,,,,,,,,,,,,,,,,,,,,,,,,
Maritime Villa of Marina Grande,Geographical Site,Italy,,,,,,,,,,,,,,,,,,,,,,,,,,,,,,
Miseno Lighthouse Tower and Nativity Scene,Geographical Site,Italy,,,,,,,,,,,,,,,,,,,,,,,,,,,,,,
Villa of the Pisoni,Geographical Site,Italy,,,,,,,,,,,,,,,,,,,,,,,,,,,,,,
Chain Reef,Reef,Italy,,,,,,,,,,,,,,,,,,,,,,,,,,,,,,
Ship's Rock,Reef,Italy,,,,,,,,,,,,,,,,,,,,,,,,,,,,,,
Elephant Rock,Reef,Italy,,,,,,,,,,,,,,,,,,,,,,,,,,,,,,
Punta San Pancrazio,Reef,Italy,,,,,,,,,,,,,,,,,,,,,,,,,,,,,,
Ant Shoal II,Shoal,Italy,,,,,,,,,,,,,,,,,,,,,,,,,,,,,,
Cave of the Ants,Cave,Italy,,,,,,,,,,,,,,,,,,,,,,,,,,,,,,
Solchiaro Point,Reef,Italy,,,,,,,,,,,,,,,,,,,,,,,,,,,,,,
Vivara,Island,Italy,,,,,,,,,,,,,,,,,,,,,,,,,,,,,,
Punta Pizzaco,Reef,Italy,,,,,,,,,,,,,,,,,,,,,,,,,,,,,,
Walled Land,Geographical Site,Italy,,,,,,,,,,,,,,,,,,,,,,,,,,,,,,
Gulf of Naples,Geographical Site,Italy,,,,,,,,,,,,,,,,,,,,,,,,,,,,,,
Wreck of the Ashanti Palm,Wreck,Italy,,,,,,,,,,,,,,,,,,,,,,,,,,,,,,
Wreck of the Doris,Wreck,Italy,,,,,,,,,,,,,,,,,,,,,,,,,,,,,,
Cavallara Shoal,Shoal,Italy,,,,,,,,,,,,,,,,,,,,,,,,,,,,,,
Gaiola Park,Geographical Site,Italy,,,,,,,,,,,,,,,,,,,,,,,,,,,,,,
Mamutones Shoal,Shoal,Italy,,,,,,,,,,,,,,,,,,,,,,,,,,,,,,
Nisida Shoal,Shoal,Italy,,,,,,,,,,,,,,,,,,,,,,,,,,,,,,
Porto Paone,Bay,Italy,,,,,,,,,,,,,,,,,,,,,,,,,,,,,,
Pentapalumbo Shoal,Shoal,Italy,,,,,,,,,,,,,,,,,,,,,,,,,,,,,,
Miseno Shoal,Shoal,Italy,,,,,,,,,,,,,,,,,,,,,,,,,,,,,,
Kin Ha,,Mexico,,,,,,,,,,,,,,,,,,,,,,,,,,,,,,
Shallow Cenotes,,Mexico,,,,,,,,,,,,,,,,,,,,,,,,,,,,,,
Great Wall North,,Cayman Islands,,,,,,,,,,,,,,,,,,,,,,,,,,,,,,
Great Wall South,,Cayman Islands,,,,,,,,,,,,,,,,,,,,,,,,,,,,,,
Grand Cayman North Reef,,Cayman Islands,,,,,,,,,,,,,,,,,,,,,,,,,,,,,,
Grand Cayman South Reef,,Cayman Islands,,,,,,,,,,,,,,,,,,,,,,,,,,,,,,
Grand Cayman East Reef,,Cayman Islands,,,,,,,,,,,,,,,,,,,,,,,,,,,,,,
Grand Cayman West Reef,,Cayman Islands,,,,,,,,,,,,,,,,,,,,,,,,,,,,,,
Wes Skiles Peacock Springs,,USA,,,,,,,,,,,,,,,,,,,,,,,,,,,,,,
Little River,,USA,,,,,,,,,,,,,,,,,,,,,,,,,,,,,,
Cow Springs,,USA,,,,,,,,,,,,,,,,,,,,,,,,,,,,,,
Madison,,USA,,,,,,,,,,,,,,,,,,,,,,,,,,,,,,
Manatee,,USA,,,,,,,,,,,,,,,,,,,,,,,,,,,,,,
Leon Sinks,,USA,,,,,,,,,,,,,,,,,,,,,,,,,,,,,,
Hart Springs,,USA,,,,,,,,,,,,,,,,,,,,,,,,,,,,,,
Emerald Sink,,USA,,,,,,,,,,,,,,,,,,,,,,,,,,,,,,
Telford,,USA,,,,,,,,,,,,,,,,,,,,,,,,,,,,,,
Eagles Nest,,USA,,,,,,,,,,,,,,,,,,,,,,,,,,,,,,
Buford,,USA,,,,,,,,,,,,,,,,,,,,,,,,,,,,,,
Royal Spring,,USA,,,,,,,,,,,,,,,,,,,,,,,,,,,,,,
Troy Spring,,USA,,,,,,,,,,,,,,,,,,,,,,,,,,,,,,
Metridium Fields,,USA,,,,,,,,,,,,,,,,,,,,,,,,,,,,,,
Fluoro Luminescent,,USA,,,,,,,,,,,,,,,,,,,,,,,,,,,,,,
El Pretil,Reef,Mexico,,,,,,,,,,,,,,,,,,,,,,,,,,,,,,
El Pango,Reef,Mexico,,,,,,,,,,,,,,,,,,,,,,,,,,,,,,
La Caleta del Chon,Bay,Mexico,,,,,,,,,,,,,,,,,,,,,,,,,,,,,,
La Piedra Solitaria,Pinnacle,Mexico,,,,,,,,,,,,,,,,,,,,,,,,,,,,,,
El Yunque,Pinnacle,Mexico,,,,,,,,,,,,,,,,,,,,,,,,,,,,,,
Manzanillo,Reef,Mexico,,,,,,,,,,,,,,,,,,,,,,,,,,,,,,
Godornia,Reef,Mexico,,,,,,,,,,,,,,,,,,,,,,,,,,,,,,
San Esteban,Reef,Mexico,,,,,,,,,,,,,,,,,,,,,,,,,,,,,,
Sacramento (shallow),Reef,Mexico,,,,,,,,,,,,,,,,,,,,,,,,,,,,,,
Sacramento (deep),Drop-off,Mexico,,,,,,,,,,,,,,,,,,,,,,,,,,,,,,
El Chato,Reef,Mexico,,,,,,,,,,,,,,,,,,,,,,,,,,,,,,
Zacatoso,Reef,Mexico,,,,,,,,,,,,,,,,,,,,,,,,,,,,,,
Torrecillas,Pinnacle,Mexico,,,,,,,,,,,,,,,,,,,,,,,,,,,,,,
Los Morros de Potosí,Reef,Mexico,,,,,,,,,,,,,,,,,,,,,,,,,,,,,,
St. Maarten,,Caribbean Netherlands,,,,,,,,,,,,,,,,,,,,,,,,,,,,,,
St. Kitts,,Caribbean Netherlands,,,,,,,,,,,,,,,,,,,,,,,,,,,,,,
Grand Turk,,Turks and Caicos,,,,,,,,,,,,,,,,,,,,,,,,,,,,,,
Peleliu Express,,Palau,,,,,,,,,,,,,,,,,,,,,,,,,,,,,,
Turtle Cove,,Palau,,,,,,,,,,,,,,,,,,,,,,,,,,,,,,
Dhonfanu Thila,,Maldives,,,,,,,,,,,,,,,,,,,,,,,,,,,,,,
Mulaku Kandu,,Maldives,,,,,,,,,,,,,,,,,,,,,,,,,,,,,,
Grotta delle Spigole,Cave,Italy,,,,,,,,,,,,,,,,,,,,,,,,,,,,,,
Grotta di Falco,Cave,Italy,,,,,,,,,,,,,,,,,,,,,,,,,,,,,,
Grotta delle Stalattiti,Cave,Italy,,,,,,,,,,,,,,,,,,,,,,,,,,,,,,
Grotta dei Fantasmi,Cave,Italy,,,,,,,,,,,,,,,,,,,,,,,,,,,,,,
Grotta dei Cervi,Cave,Italy,,,,,,,,,,,,,,,,,,,,,,,,,,,,,,
Grotta del Pozzo,Cave,Italy,,,,,,,,,,,,,,,,,,,,,,,,,,,,,,
La Bramassa,Reef,Italy,,,,,,,,,,,,,,,,,,,,,,,,,,,,,,
Grotta della Madonnina,Cave,Italy,,,,,,,,,,,,,,,,,,,,,,,,,,,,,,
Le Gorgonie,Reef,Italy,,,,,,,,,,,,,,,,,,,,,,,,,,,,,,
Grotta di Nereo,Cave,Italy,,,,,,,,,,,,,,,,,,,,,,,,,,,,,,
Il Canyon delle Gorgonie,Drop-off,Italy,,,,,,,,,,,,,,,,,,,,,,,,,,,,,,
Il Tunnel,Cave,Italy,,,,,,,,,,,,,,,,,,,,,,,,,,,,,,
Grotta del Cabirol,Cave,Italy,,,,,,,,,,,,,,,,,,,,,,,,,,,,,,
Punta Timone,Reef,Italy,,,,,,,,,,,,,,,,,,,,,,,,,,,,,,
Dolmen,Reef,Italy,,,,,,,,,,,,,,,,,,,,,,,,,,,,,,
Il Porticato,Reef,Italy,,,,,,,,,,,,,,,,,,,,,,,,,,,,,,
Scoglio d’Inferno,Reef,Italy,,,,,,,,,,,,,,,,,,,,,,,,,,,,,,
Belvedere,Reef,Italy,,,,,,,,,,,,,,,,,,,,,,,,,,,,,,
Cala Puntetta,Bay,Italy,,,,,,,,,,,,,,,,,,,,,,,,,,,,,,
Cala Barca,Bay,Italy,,,,,,,,,,,,,,,,,,,,,,,,,,,,,,
Grotta della Luce,Cave,Italy,,,,,,,,,,,,,,,,,,,,,,,,,,,,,,
Anse De Millau,Bay,France,,,,,,,,,,,,,,,,,,,,,,,,,,,,,,
Ar Goredec,Reef,France,,,,,,,,,,,,,,,,,,,,,,,,,,,,,,
Grotte A Tacauds,Cave,France,,,,,,,,,,,,,,,,,,,,,,,,,,,,,,
Cale De Millau,Bay,France,,,,,,,,,,,,,,,,,,,,,,,,,,,,,,
Anse Des Pirates,Bay,France,,,,,,,,,,,,,,,,,,,,,,,,,,,,,,
Roche Aux Serpents,Reef,France,,,,,,,,,,,,,,,,,,,,,,,,,,,,,,
La Grange,Reef,France,,,,,,,,,,,,,,,,,,,,,,,,,,,,,,
Basse Anamer,Shoal,France,,,,,,,,,,,,,,,,,,,,,,,,,,,,,,
Le Pic Nord,Pinnacle,France,,,,,,,,,,,,,,,,,,,,,,,,,,,,,,
Les Peignes,Reef,France,,,,,,,,,,,,,,,,,,,,,,,,,,,,,,
Le Four,Reef,France,,,,,,,,,,,,,,,,,,,,,,,,,,,,,,
Plateau Des Triagoz,Shoal,France,,,,,,,,,,,,,,,,,,,,,,,,,,,,,,
Bar Ar Gall,Reef,France,,,,,,,,,,,,,,,,,,,,,,,,,,,,,,
Ar Veskleg,Reef,France,,,,,,,,,,,,,,,,,,,,,,,,,,,,,,
Molène Quest,Reef,France,,,,,,,,,,,,,,,,,,,,,,,,,,,,,,
Dialette Sud,Reef,France,,,,,,,,,,,,,,,,,,,,,,,,,,,,,,
Dialette Nord,Reef,France,,,,,,,,,,,,,,,,,,,,,,,,,,,,,,
The Pyrenees,Geographical Site,France,,,,,,,,,,,,,,,,,,,,,,,,,,,,,,
the Cerbère-Banyuls marine reserve,Geographical Site,France,,,,,,,,,,,,,,,,,,,,,,,,,,,,,,
the Canadells,Reef,France,,,,,,,,,,,,,,,,,,,,,,,,,,,,,,
Cerbère capes,Geographical Site,France,,,,,,,,,,,,,,,,,,,,,,,,,,,,,,
Cape Falco,Reef,France,,,,,,,,,,,,,,,,,,,,,,,,,,,,,,
Cape l'Ocell,Reef,France,,,,,,,,,,,,,,,,,,,,,,,,,,,,,,
Catalan Mediterranean seabed,Geographical Site,France,,,,,,,,,,,,,,,,,,,,,,,,,,,,,,
St. Croix Wall,,United States (U.S. Virgin Islands),,,,,,,,,,,,,,,,,,,,,,,,,,,,,,
St. Croix,,United States (U.S. Virgin Islands),,,,,,,,,,,,,,,,,,,,,,,,,,,,,,
Chintales,Reef,Mexico,,,,,,,,,,,,,,,,,,,,,,,,,,,,,,
La Boya de los Locos,Reef,Mexico,,,,,,,,,,,,,,,,,,,,,,,,,,,,,,
Cañonero C-58,Wreck,Mexico,,,,,,,,,,,,,,,,,,,,,,,,,,,,,,
El Grampin,Wreck,Mexico,,,,,,,,,,,,,,,,,,,,,,,,,,,,,,
Cueva de los Tiburones Dormidos,Cave,Mexico,,,,,,,,,,,,,,,,,,,,,,,,,,,,,,
Manchones Grande,Reef,Mexico,,,,,,,,,,,,,,,,,,,,,,,,,,,,,,
Bandera,Reef,Mexico,,,,,,,,,,,,,,,,,,,,,,,,,,,,,,
Aristos,Wreck,Mexico,,,,,,,,,,,,,,,,,,,,,,,,,,,,,,
El Meco,Reef,Mexico,,,,,,,,,,,,,,,,,,,,,,,,,,,,,,
Las Cuevas de Afuera,Cave,Mexico,,,,,,,,,,,,,,,,,,,,,,,,,,,,,,
Cuevones,Cave,Mexico,,,,,,,,,,,,,,,,,,,,,,,,,,,,,,
MUSA (Underwater museum),Geographical Site,Mexico,,,,,,,,,,,,,,,,,,,,,,,,,,,,,,
Manchones Chico,Reef,Mexico,,,,,,,,,,,,,,,,,,,,,,,,,,,,,,
San Martín,Wreck,Mexico,,,,,,,,,,,,,,,,,,,,,,,,,,,,,,
Ginas,Reef,Mexico,,,,,,,,,,,,,,,,,,,,,,,,,,,,,,
Ras Zaatar,Reef,Egypt,,,,,,,,,,,,,,,,,,,,,,,,,,,,,,
Yolanda Reef and Wreck,Wreck,Egypt,,,,,,,,,,,,,,,,,,,,,,,,,,,,,,
Laguna Reef,Reef,Egypt,,,,,,,,,,,,,,,,,,,,,,,,,,,,,,
Eagle Ray Bay,Bay,Egypt,,,,,,,,,,,,,,,,,,,,,,,,,,,,,,
Sharks Bay,Bay,Egypt,,,,,,,,,,,,,,,,,,,,,,,,,,,,,,
White Knight,Reef,Egypt,,,,,,,,,,,,,,,,,,,,,,,,,,,,,,
Baie de Seine,,France,,,,,,,,,,,,,,,,,,,,,,,,,,,,,,
El Cantil,,Mexico,,,,,,,,,,,,,,,,,,,,,,,,,,,,,,
Mario's Reef,,Mexico,,,,,,,,,,,,,,,,,,,,,,,,,,,,,,
La Esperaza,,Mexico,,,,,,,,,,,,,,,,,,,,,,,,,,,,,,
El Vencedor Wreck,Wreck,Mexico,,,,,,,,,,,,,,,,,,,,,,,,,,,,,,
Elcantil,Wall,Mexico,,,,,,,,,,,,,,,,,,,,,,,,,,,,,,
La Esperanza,Reef,Mexico,,,,,,,,,,,,,,,,,,,,,,,,,,,,,,
Outer Pulmo Cabo Reef,Reef,Mexico,,,,,,,,,,,,,,,,,,,,,,,,,,,,,,
Lascasitas,Reef,Mexico,,,,,,,,,,,,,,,,,,,,,,,,,,,,,,
Mermaid Beach,Bay,Mexico,,,,,,,,,,,,,,,,,,,,,,,,,,,,,,
Lalobera,Reef,Mexico,,,,,,,,,,,,,,,,,,,,,,,,,,,,,,
Losmorros,Reef,Mexico,,,,,,,,,,,,,,,,,,,,,,,,,,,,,,
Elbajo,Pinnacle,Mexico,,,,,,,,,,,,,,,,,,,,,,,,,,,,,,
3 Wrecks,Wreck,Australia,,,,,,,,,,,,,,,,,,,,,,,,,,,,,,
Roe Reef,Reef,Australia,,,,,,,,,,,,,,,,,,,,,,,,,,,,,,
Crystal Palace,Reef,Australia,,,,,,,,,,,,,,,,,,,,,,,,,,,,,,
Swirl Reef,Reef,Australia,,,,,,,,,,,,,,,,,,,,,,,,,,,,,,
Ammo Jetty,Wreck,Australia,,,,,,,,,,,,,,,,,,,,,,,,,,,,,,
Bulk Jetty,Wreck,Australia,,,,,,,,,,,,,,,,,,,,,,,,,,,,,,
Robbs Jetty,Wreck,Australia,,,,,,,,,,,,,,,,,,,,,,,,,,,,,,
Kwinana Grain Terminal,Wreck,Australia,,,,,,,,,,,,,,,,,,,,,,,,,,,,,,
Hall Bank,Shoal,Australia,,,,,,,,,,,,,,,,,,,,,,,,,,,,,,
Huatulco Bays,,Mexico,,,,,,,,,,,,,,,,,,,,,,,,,,,,,,
Costa Maya,,Mexico,,,,,,,,,,,,,,,,,,,,,,,,,,,,,,
Playa Mahahual,,Mexico,,,,,,,,,,,,,,,,,,,,,,,,,,,,,,
Chinchorro Reefs,,Mexico,,,,,,,,,,,,,,,,,,,,,,,,,,,,,,
The Original Tarpon Dive,Wreck,United States,,,,,,,,,,,,,,,,,,,,,,,,,,,,,,
Coral Caverns,Cave,United States,,,,,,,,,,,,,,,,,,,,,,,,,,,,,,
Coral Condos,Reef,United States,,,,,,,,,,,,,,,,,,,,,,,,,,,,,,
Wreck Of The San Jacinto,Wreck,United States,,,,,,,,,,,,,,,,,,,,,,,,,,,,,,
The Catacombs,Cave,United States,,,,,,,,,,,,,,,,,,,,,,,,,,,,,,
Horse Shoe Reef,Reef,United States,,,,,,,,,,,,,,,,,,,,,,,,,,,,,,
Elkhorn Coral Reef,Reef,United States,,,,,,,,,,,,,,,,,,,,,,,,,,,,,,
Valley Of The Sponges,Reef,United States,,,,,,,,,,,,,,,,,,,,,,,,,,,,,,
Grouper Alley,Reef,United States,,,,,,,,,,,,,,,,,,,,,,,,,,,,,,
The Craters,Drop-off,United States,,,,,,,,,,,,,,,,,,,,,,,,,,,,,,
Coral Canyons,Drop-off,United States,,,,,,,,,,,,,,,,,,,,,,,,,,,,,,
Sea Gypsy Reef,Reef,United States,,,,,,,,,,,,,,,,,,,,,,,,,,,,,,
The Coral Gardens,Reef,United States,,,,,,,,,,,,,,,,,,,,,,,,,,,,,,
The Wreck Violet Mitchell,Wreck,United States,,,,,,,,,,,,,,,,,,,,,,,,,,,,,,
Anchor Wall,Wall,Bahamas,,,,,,,,,,,,,,,,,,,,,,,,,,,,,,
Angel Reef,Reef,Bahamas,,,,,,,,,,,,,,,,,,,,,,,,,,,,,,
Greenhouse Wall,Wall,Bahamas,,,,,,,,,,,,,,,,,,,,,,,,,,,,,,
Middle Chute and West Chute,Drop-off,Bahamas,,,,,,,,,,,,,,,,,,,,,,,,,,,,,,
Sea Feather Wall,Wall,Bahamas,,,,,,,,,,,,,,,,,,,,,,,,,,,,,,
Bluff Wall,Wall,Bahamas,,,,,,,,,,,,,,,,,,,,,,,,,,,,,,
School House Wall,Wall,Bahamas,,,,,,,,,,,,,,,,,,,,,,,,,,,,,,
Manta Canyon,Canyon,Bahamas,,,,,,,,,,,,,,,,,,,,,,,,,,,,,,
East Chute,Drop-off,Bahamas,,,,,,,,,,,,,,,,,,,,,,,,,,,,,,
Nahant,Geographical Site,United States,,,,,,,,,,,,,,,,,,,,,,,,,,,,,,
Tewksbury Rock,Reef,United States,,,,,,,,,,,,,,,,,,,,,,,,,,,,,,
Martin’s Ledge,Reef,United States,,,,,,,,,,,,,,,,,,,,,,,,,,,,,,
Devil’s Back Ledge,Reef,United States,,,,,,,,,,,,,,,,,,,,,,,,,,,,,,
Middle Brewster Island,Island,United States,,,,,,,,,,,,,,,,,,,,,,,,,,,,,,
Boston Ledge,Reef,United States,,,,,,,,,,,,,,,,,,,,,,,,,,,,,,
Lovell’s Island,Island,United States,,,,,,,,,,,,,,,,,,,,,,,,,,,,,,
Shag Rocks,Shoal,United States,,,,,,,,,,,,,,,,,,,,,,,,,,,,,,
Calf Island,Island,United States,,,,,,,,,,,,,,,,,,,,,,,,,,,,,,
Broad Sound,Bay,United States,,,,,,,,,,,,,,,,,,,,,,,,,,,,,,
3 1/2 Fathoms Ledge,Reef,United States,,,,,,,,,,,,,,,,,,,,,,,,,,,,,,
Harding’s Ledge,Reef,United States,,,,,,,,,,,,,,,,,,,,,,,,,,,,,,
Roaring Bulls,Reef,United States,,,,,,,,,,,,,,,,,,,,,,,,,,,,,,
Outer Brewster Island,Island,United States,,,,,,,,,,,,,,,,,,,,,,,,,,,,,,
Halftide Rock,Reef,United States,,,,,,,,,,,,,,,,,,,,,,,,,,,,,,
The City of Salisbury,Wreck,United States,,,,,,,,,,,,,,,,,,,,,,,,,,,,,,
YMS- 14,Wreck,United States,,,,,,,,,,,,,,,,,,,,,,,,,,,,,,
Sweet Sue,Wreck,United States,,,,,,,,,,,,,,,,,,,,,,,,,,,,,,
The Wooden Schooner,Wreck,United States,,,,,,,,,,,,,,,,,,,,,,,,,,,,,,
The beam trawler,Wreck,United States,,,,,,,,,,,,,,,,,,,,,,,,,,,,,,
Approach Landing,Geographical Site,Turks and Caicos,,,,,,,,,,,,,,,,,,,,,,,,,,,,,,
Chief Ministers North,Reef,Turks and Caicos,,,,,,,,,,,,,,,,,,,,,,,,,,,,,,
Chief Ministers South,Reef,Turks and Caicos,,,,,,,,,,,,,,,,,,,,,,,,,,,,,,
Connies Reef,Reef,Turks and Caicos,,,,,,,,,,,,,,,,,,,,,,,,,,,,,,
Coral Lakes,Reef,Turks and Caicos,,,,,,,,,,,,,,,,,,,,,,,,,,,,,,
Finbars Reef,Reef,Turks and Caicos,,,,,,,,,,,,,,,,,,,,,,,,,,,,,,
Lamar's Reef,Reef,Turks and Caicos,,,,,,,,,,,,,,,,,,,,,,,,,,,,,,
Pillories,Pinnacle,Turks and Caicos,,,,,,,,,,,,,,,,,,,,,,,,,,,,,,
Pirate's Beach,Bay,Turks and Caicos,,,,,,,,,,,,,,,,,,,,,,,,,,,,,,
The Chair,Reef,Turks and Caicos,,,,,,,,,,,,,,,,,,,,,,,,,,,,,,
Smitty's Reef,Reef,Turks and Caicos,,,,,,,,,,,,,,,,,,,,,,,,,,,,,,
The Pits,Drop-off,Turks and Caicos,,,,,,,,,,,,,,,,,,,,,,,,,,,,,,
Tunnels/Sand River Canyon,Cave,Turks and Caicos,,,,,,,,,,,,,,,,,,,,,,,,,,,,,,
Twin Ledges,Pinnacle,Turks and Caicos,,,,,,,,,,,,,,,,,,,,,,,,,,,,,,
Blue Water Divers,Geographical Site,Turks and Caicos,,,,,,,,,,,,,,,,,,,,,,,,,,,,,,
Alpine Meadows (The Annex),Reef,Turks and Caicos,,,,,,,,,,,,,,,,,,,,,,,,,,,,,,
Coral City,,Thailand,,,,,,,,,,,,,,,,,,,,,,,,,,,,,,
Pileh Wall,,Thailand,,,,,,,,,,,,,,,,,,,,,,,,,,,,,,
White Horse,Reef,United States (U.S. Virgin Islands),,,,,,,,,,,,,,,,,,,,,,,,,,,,,,
Blue Chute/Chez Barge,Wreck,United States (U.S. Virgin Islands),,,,,,,,,,,,,,,,,,,,,,,,,,,,,,
Stingraysted,Reef,United States (U.S. Virgin Islands),,,,,,,,,,,,,,,,,,,,,,,,,,,,,,
Nusa Ceningan,,Indonesia,,,,,,,,,,,,,,,,,,,,,,,,,,,,,,
Sandy Lane,,Belize,,,,,,,,,,,,,,,,,,,,,,,,,,,,,,
Tackle Box,,Belize,,,,,,,,,,,,,,,,,,,,,,,,,,,,,,
Esmeralda Wall,,Belize,,,,,,,,,,,,,,,,,,,,,,,,,,,,,,
Spanish Bay,,Belize,,,,,,,,,,,,,,,,,,,,,,,,,,,,,,
Ski Slope,,Belize,,,,,,,,,,,,,,,,,,,,,,,,,,,,,,
Middway Canyon,,Belize,,,,,,,,,,,,,,,,,,,,,,,,,,,,,,
Gallows Point,,Belize,,,,,,,,,,,,,,,,,,,,,,,,,,,,,,
Caye Chapel Reef,,Belize,,,,,,,,,,,,,,,,,,,,,,,,,,,,,,
Cathedral Canyons,,Belize,,,,,,,,,,,,,,,,,,,,,,,,,,,,,,